{
  "topology_id": 400,
  "load_conditions": {
    "low": {
      "utilization_fraction": 0.2,
      "edge_latencies_ms": {
        "0": 3.061272,
        "1": 3.444903,
        "2": 11.938002,
        "3": 2.002871,
        "4": 1.594008,
        "5": 11.817289,
        "6": 1.229523,
        "7": 3.086055,
        "8": 4.091299,
        "9": 12.862931,
        "10": 5.941221,
        "11": 4.784956,
        "12": 4.990228,
        "13": 3.877236,
        "14": 4.171367,
        "15": 2.217338,
        "16": 3.646765,
        "17": 5.303938,
        "18": 2.981706,
        "19": 16.192848,
        "20": 1.657782
      }
    },
    "medium": {
      "utilization_fraction": 0.5,
      "edge_latencies_ms": {
        "0": 3.062201,
        "1": 3.445732,
        "2": 11.949789,
        "3": 2.004165,
        "4": 1.615538,
        "5": 11.82859,
        "6": 1.268615,
        "7": 3.087109,
        "8": 4.09229,
        "9": 12.884553,
        "10": 5.943343,
        "11": 4.807811,
        "12": 5.005992,
        "13": 3.88167,
        "14": 4.172658,
        "15": 2.218929,
        "16": 3.649734,
        "17": 5.304906,
        "18": 2.982636,
        "19": 16.208138,
        "20": 1.658694
      }
    },
    "high": {
      "utilization_fraction": 0.8,
      "edge_latencies_ms": {
        "0": 3.065915,
        "1": 3.449048,
        "2": 11.996933,
        "3": 2.00934,
        "4": 1.701658,
        "5": 11.873793,
        "6": 1.424986,
        "7": 3.091324,
        "8": 4.096254,
        "9": 12.971039,
        "10": 5.951831,
        "11": 4.899234,
        "12": 5.069046,
        "13": 3.899408,
        "14": 4.177821,
        "15": 2.225291,
        "16": 3.661609,
        "17": 5.308777,
        "18": 2.986357,
        "19": 16.269297,
        "20": 1.66234
      }
    },
    "flash": {
      "utilization_fraction": 0.95,
      "edge_latencies_ms": {
        "0": 3.084487,
        "1": 3.465626,
        "2": 12.232653,
        "3": 2.035219,
        "4": 2.132261,
        "5": 12.099812,
        "6": 2.206837,
        "7": 3.112398,
        "8": 4.116072,
        "9": 13.403472,
        "10": 5.994267,
        "11": 5.356349,
        "12": 5.384319,
        "13": 3.988096,
        "14": 4.203636,
        "15": 2.257103,
        "16": 3.720982,
        "17": 5.328135,
        "18": 3.004962,
        "19": 16.575092,
        "20": 1.680569
      }
    }
  }
}