{
  "topology_id": 427,
  "load_conditions": {
    "low": {
      "utilization_fraction": 0.2,
      "edge_latencies_ms": {
        "0": 3.57051,
        "1": 1.867431,
        "2": 4.75545,
        "3": 7.684824,
        "4": 3.191204,
        "5": 4.058882,
        "6": 8.777258,
        "7": 3.241117,
        "8": 3.669298,
        "9": 1.7499,
        "10": 2.754681,
        "11": 10.424704,
        "12": 11.805488,
        "13": 4.889868,
        "14": 5.924327,
        "15": 9.154855,
        "16": 7.475181,
        "17": 6.043343,
        "18": 2.39737,
        "19": 3.053381,
        "20": 6.330404,
        "21": 8.379366,
        "22": 11.723372,
        "23": 4.701314,
        "24": 3.3547,
        "25": 5.580371,
        "26": 4.704942,
        "27": 2.158111,
        "28": 4.182792,
        "29": 6.438973,
        "30": 5.835849,
        "31": 0.275194,
        "32": 2.50384,
        "33": 3.418324,
        "34": 5.114248,
        "35": 11.575648,
        "36": 2.756157,
        "37": 4.266227,
        "38": 3.547729,
        "39": 5.562179,
        "40": 2.408576,
        "41": 2.124509,
        "42": 7.716692,
        "43": 4.587433,
        "44": 3.126572,
        "45": 2.283168,
        "46": 6.693146,
        "47": 4.346483,
        "48": 4.839454,
        "49": 13.721761,
        "50": 2.012402,
        "51": 1.895522,
        "52": 5.239195,
        "53": 3.788685,
        "54": 3.914134,
        "55": 4.070606,
        "56": 3.679626,
        "57": 10.525527,
        "58": 3.60162,
        "59": 8.27811,
        "60": 3.220195,
        "61": 7.09578,
        "62": 4.563974,
        "63": 4.445775,
        "64": 5.912097,
        "65": 5.040077,
        "66": 3.520927,
        "67": 6.760453,
        "68": 6.445939,
        "69": 4.170179,
        "70": 4.148704
      }
    },
    "medium": {
      "utilization_fraction": 0.5,
      "edge_latencies_ms": {
        "0": 3.576061,
        "1": 1.87083,
        "2": 4.756487,
        "3": 7.719775,
        "4": 3.193918,
        "5": 4.060346,
        "6": 8.81784,
        "7": 3.245082,
        "8": 3.672987,
        "9": 1.750825,
        "10": 2.756534,
        "11": 10.438961,
        "12": 11.815079,
        "13": 4.892019,
        "14": 5.926137,
        "15": 9.167615,
        "16": 7.476695,
        "17": 6.044231,
        "18": 2.398535,
        "19": 3.054595,
        "20": 6.341398,
        "21": 8.394205,
        "22": 11.766833,
        "23": 4.702142,
        "24": 3.359159,
        "25": 5.586183,
        "26": 4.706811,
        "27": 2.162623,
        "28": 4.18383,
        "29": 6.459382,
        "30": 5.8376,
        "31": 0.276486,
        "32": 2.507308,
        "33": 3.419611,
        "34": 5.119527,
        "35": 11.604553,
        "36": 2.758708,
        "37": 4.267721,
        "38": 3.549252,
        "39": 5.563129,
        "40": 2.411299,
        "41": 2.125747,
        "42": 7.742102,
        "43": 4.588778,
        "44": 3.12768,
        "45": 2.286911,
        "46": 6.693923,
        "47": 4.347389,
        "48": 4.842117,
        "49": 13.72945,
        "50": 2.013424,
        "51": 1.896651,
        "52": 5.241317,
        "53": 3.78982,
        "54": 3.917088,
        "55": 4.075582,
        "56": 3.68139,
        "57": 10.535805,
        "58": 3.608296,
        "59": 8.282151,
        "60": 3.22132,
        "61": 7.097755,
        "62": 4.567349,
        "63": 4.449207,
        "64": 5.916878,
        "65": 5.041814,
        "66": 3.522188,
        "67": 6.761987,
        "68": 6.447077,
        "69": 4.171953,
        "70": 4.15561
      }
    },
    "high": {
      "utilization_fraction": 0.8,
      "edge_latencies_ms": {
        "0": 3.598262,
        "1": 1.884427,
        "2": 4.760634,
        "3": 7.859578,
        "4": 3.204775,
        "5": 4.066203,
        "6": 8.980166,
        "7": 3.260943,
        "8": 3.687742,
        "9": 1.754528,
        "10": 2.763948,
        "11": 10.495989,
        "12": 11.853442,
        "13": 4.900626,
        "14": 5.933378,
        "15": 9.218652,
        "16": 7.482753,
        "17": 6.047785,
        "18": 2.403197,
        "19": 3.059448,
        "20": 6.385375,
        "21": 8.453561,
        "22": 11.940673,
        "23": 4.705457,
        "24": 3.376997,
        "25": 5.609434,
        "26": 4.714286,
        "27": 2.180672,
        "28": 4.187979,
        "29": 6.541018,
        "30": 5.844604,
        "31": 0.281651,
        "32": 2.52118,
        "33": 3.42476,
        "34": 5.14064,
        "35": 11.720175,
        "36": 2.768911,
        "37": 4.273699,
        "38": 3.555345,
        "39": 5.56693,
        "40": 2.422192,
        "41": 2.130698,
        "42": 7.843745,
        "43": 4.594158,
        "44": 3.132109,
        "45": 2.301881,
        "46": 6.697029,
        "47": 4.351013,
        "48": 4.852767,
        "49": 13.760204,
        "50": 2.017511,
        "51": 1.901165,
        "52": 5.249805,
        "53": 3.794363,
        "54": 3.928905,
        "55": 4.095489,
        "56": 3.688446,
        "57": 10.576916,
        "58": 3.634999,
        "59": 8.298318,
        "60": 3.225818,
        "61": 7.105653,
        "62": 4.580851,
        "63": 4.462934,
        "64": 5.936001,
        "65": 5.048761,
        "66": 3.527234,
        "67": 6.768123,
        "68": 6.451631,
        "69": 4.179048,
        "70": 4.183235
      }
    },
    "flash": {
      "utilization_fraction": 0.95,
      "edge_latencies_ms": {
        "0": 3.709267,
        "1": 1.952411,
        "2": 4.781371,
        "3": 8.558593,
        "4": 3.259056,
        "5": 4.095488,
        "6": 9.791795,
        "7": 3.340247,
        "8": 3.761515,
        "9": 1.773042,
        "10": 2.801016,
        "11": 10.781127,
        "12": 12.045258,
        "13": 4.943657,
        "14": 5.969583,
        "15": 9.473839,
        "16": 7.51304,
        "17": 6.065552,
        "18": 2.426506,
        "19": 3.083714,
        "20": 6.605258,
        "21": 8.75034,
        "22": 12.809878,
        "23": 4.72203,
        "24": 3.466185,
        "25": 5.72569,
        "26": 4.751662,
        "27": 2.270915,
        "28": 4.208726,
        "29": 6.949196,
        "30": 5.879626,
        "31": 0.307476,
        "32": 2.59054,
        "33": 3.450502,
        "34": 5.246205,
        "35": 12.298286,
        "36": 2.81993,
        "37": 4.303587,
        "38": 3.585811,
        "39": 5.585933,
        "40": 2.476657,
        "41": 2.155456,
        "42": 8.351958,
        "43": 4.621057,
        "44": 3.154256,
        "45": 2.376729,
        "46": 6.71256,
        "47": 4.369132,
        "48": 4.906022,
        "49": 13.913975,
        "50": 2.037948,
        "51": 1.923737,
        "52": 5.292246,
        "53": 3.817078,
        "54": 3.98799,
        "55": 4.195021,
        "56": 3.723723,
        "57": 10.782471,
        "58": 3.768517,
        "59": 8.379149,
        "60": 3.248313,
        "61": 7.145146,
        "62": 4.64836,
        "63": 4.531569,
        "64": 6.031617,
        "65": 5.083493,
        "66": 3.552461,
        "67": 6.798803,
        "68": 6.474398,
        "69": 4.214526,
        "70": 4.32136
      }
    }
  }
}