{
  "topology_id": 91,
  "load_conditions": {
    "low": {
      "utilization_fraction": 0.2,
      "edge_latencies_ms": {
        "0": 6.669645,
        "1": 5.881645,
        "2": 5.300893,
        "3": 4.049012,
        "4": 7.137349,
        "5": 3.05385,
        "6": 3.288641,
        "7": 3.10933,
        "8": 0.946798,
        "9": 5.694148,
        "10": 4.289251,
        "11": 2.807136,
        "12": 6.489642,
        "13": 7.380696,
        "14": 4.044933,
        "15": 4.425545,
        "16": 4.170145,
        "17": 6.600802,
        "18": 1.912889,
        "19": 3.795642,
        "20": 3.919269,
        "21": 5.340676,
        "22": 2.113094,
        "23": 3.056973,
        "24": 5.033527,
        "25": 0.879597,
        "26": 14.385728,
        "27": 3.83353,
        "28": 6.950857,
        "29": 2.215755,
        "30": 5.020839,
        "31": 1.850087,
        "32": 5.860836,
        "33": 9.722975,
        "34": 5.333417,
        "35": 4.911565,
        "36": 6.185398,
        "37": 4.345359,
        "38": 5.888801,
        "39": 1.615419,
        "40": 8.964043,
        "41": 3.117276,
        "42": 2.72233,
        "43": 4.676356,
        "44": 1.92149,
        "45": 3.920719,
        "46": 2.662774,
        "47": 2.34913,
        "48": 3.37746,
        "49": 5.1498,
        "50": 3.105505,
        "51": 5.889374,
        "52": 2.873273,
        "53": 2.847645,
        "54": 4.116706,
        "55": 4.254121,
        "56": 1.312143,
        "57": 4.786731,
        "58": 1.195213,
        "59": 1.195553,
        "60": 4.43092,
        "61": 2.322612,
        "62": 5.631024,
        "63": 3.008368,
        "64": 11.962956,
        "65": 1.753342,
        "66": 3.777797,
        "67": 2.343239,
        "68": 3.283428,
        "69": 6.218461,
        "70": 2.84617,
        "71": 4.092786,
        "72": 2.725236,
        "73": 1.666,
        "74": 5.425149,
        "75": 7.180177,
        "76": 5.210721,
        "77": 2.434459,
        "78": 1.441766,
        "79": 3.867517,
        "80": 4.132852,
        "81": 2.60507,
        "82": 2.056947,
        "83": 4.06619,
        "84": 3.194375,
        "85": 2.057518,
        "86": 2.697703,
        "87": 3.569937,
        "88": 2.986142,
        "89": 4.969464,
        "90": 3.334599,
        "91": 3.565113,
        "92": 4.480842,
        "93": 4.047387,
        "94": 3.044251,
        "95": 5.137392,
        "96": 2.519222,
        "97": 5.120173,
        "98": 3.888694,
        "99": 7.073794,
        "100": 5.000049,
        "101": 7.966841,
        "102": 2.939105,
        "103": 2.353522,
        "104": 4.875731,
        "105": 14.077408,
        "106": 15.611669,
        "107": 4.203901,
        "108": 2.903861,
        "109": 7.714036,
        "110": 5.123837,
        "111": 3.866176,
        "112": 1.969929,
        "113": 4.670554,
        "114": 5.748301,
        "115": 3.388481,
        "116": 6.459489,
        "117": 3.503815,
        "118": 3.610707,
        "119": 2.767054,
        "120": 4.215111,
        "121": 5.59884,
        "122": 6.436011,
        "123": 6.637023,
        "124": 7.62594,
        "125": 5.144112,
        "126": 1.031003,
        "127": 5.142364,
        "128": 3.720899,
        "129": 1.726095,
        "130": 3.383416,
        "131": 4.531375,
        "132": 1.384952,
        "133": 1.23995,
        "134": 3.992241,
        "135": 6.079661,
        "136": 4.404795,
        "137": 3.832017,
        "138": 3.328363,
        "139": 3.888281,
        "140": 5.859255,
        "141": 4.106601,
        "142": 3.738119,
        "143": 3.858092,
        "144": 4.381562,
        "145": 2.986411,
        "146": 5.183918,
        "147": 3.611154,
        "148": 6.085783,
        "149": 4.285856,
        "150": 17.229822,
        "151": 4.36045,
        "152": 6.908103,
        "153": 3.310755,
        "154": 5.060812,
        "155": 6.882754,
        "156": 3.79018,
        "157": 1.422252,
        "158": 4.944234,
        "159": 4.436283,
        "160": 5.680517,
        "161": 4.970968,
        "162": 3.179987,
        "163": 0.998789,
        "164": 5.2097,
        "165": 1.279655,
        "166": 2.965083,
        "167": 2.670935,
        "168": 2.36715,
        "169": 2.332022,
        "170": 4.27644,
        "171": 2.844979,
        "172": 2.825499
      }
    },
    "medium": {
      "utilization_fraction": 0.5,
      "edge_latencies_ms": {
        "0": 6.672168,
        "1": 5.885851,
        "2": 5.302601,
        "3": 4.049871,
        "4": 7.140354,
        "5": 3.056211,
        "6": 3.289728,
        "7": 3.110258,
        "8": 0.94787,
        "9": 5.696973,
        "10": 4.290057,
        "11": 2.813408,
        "12": 6.490982,
        "13": 7.382512,
        "14": 4.049526,
        "15": 4.427085,
        "16": 4.17119,
        "17": 6.601661,
        "18": 1.918525,
        "19": 3.796458,
        "20": 3.920413,
        "21": 5.3416,
        "22": 2.114708,
        "23": 3.062298,
        "24": 5.035277,
        "25": 0.880783,
        "26": 14.411949,
        "27": 3.835281,
        "28": 6.964292,
        "29": 2.216532,
        "30": 5.022005,
        "31": 1.852313,
        "32": 5.86167,
        "33": 9.730846,
        "34": 5.334291,
        "35": 4.912337,
        "36": 6.188107,
        "37": 4.346224,
        "38": 5.901808,
        "39": 1.616504,
        "40": 8.971998,
        "41": 3.118626,
        "42": 2.725601,
        "43": 4.678962,
        "44": 1.922643,
        "45": 3.922038,
        "46": 2.666083,
        "47": 2.351288,
        "48": 3.380103,
        "49": 5.152534,
        "50": 3.106812,
        "51": 5.893749,
        "52": 2.875945,
        "53": 2.848573,
        "54": 4.117744,
        "55": 4.254991,
        "56": 1.315165,
        "57": 4.789724,
        "58": 1.196819,
        "59": 1.200393,
        "60": 4.434951,
        "61": 2.329707,
        "62": 5.63221,
        "63": 3.009707,
        "64": 11.97372,
        "65": 1.754333,
        "66": 3.778857,
        "67": 2.344138,
        "68": 3.284608,
        "69": 6.219582,
        "70": 2.846966,
        "71": 4.096423,
        "72": 2.731904,
        "73": 1.667257,
        "74": 5.426032,
        "75": 7.183942,
        "76": 5.214821,
        "77": 2.435654,
        "78": 1.442609,
        "79": 3.869308,
        "80": 4.134239,
        "81": 2.606817,
        "82": 2.058476,
        "83": 4.067872,
        "84": 3.195852,
        "85": 2.058822,
        "86": 2.698832,
        "87": 3.570918,
        "88": 2.992137,
        "89": 4.973018,
        "90": 3.338816,
        "91": 3.566936,
        "92": 4.482172,
        "93": 4.049293,
        "94": 3.046824,
        "95": 5.138709,
        "96": 2.522648,
        "97": 5.121166,
        "98": 3.889877,
        "99": 7.081747,
        "100": 5.002828,
        "101": 7.967946,
        "102": 2.940039,
        "103": 2.35801,
        "104": 4.876552,
        "105": 14.09212,
        "106": 15.624973,
        "107": 4.205625,
        "108": 2.911064,
        "109": 7.718684,
        "110": 5.124912,
        "111": 3.867355,
        "112": 1.970849,
        "113": 4.671746,
        "114": 5.749494,
        "115": 3.390198,
        "116": 6.460855,
        "117": 3.505398,
        "118": 3.61417,
        "119": 2.769043,
        "120": 4.218981,
        "121": 5.601601,
        "122": 6.437032,
        "123": 6.63927,
        "124": 7.626943,
        "125": 5.145726,
        "126": 1.032003,
        "127": 5.143646,
        "128": 3.72168,
        "129": 1.729168,
        "130": 3.384561,
        "131": 4.534572,
        "132": 1.386186,
        "133": 1.242565,
        "134": 3.993307,
        "135": 6.081314,
        "136": 4.40581,
        "137": 3.833474,
        "138": 3.330318,
        "139": 3.889945,
        "140": 5.860124,
        "141": 4.110225,
        "142": 3.739843,
        "143": 3.860024,
        "144": 4.383751,
        "145": 2.987995,
        "146": 5.184837,
        "147": 3.611925,