{
  "topology_id": 342,
  "load_conditions": {
    "low": {
      "utilization_fraction": 0.2,
      "edge_latencies_ms": {
        "0": 6.578953,
        "1": 3.775107,
        "2": 2.13921,
        "3": 3.548651,
        "4": 4.875682,
        "5": 4.188186,
        "6": 5.863198,
        "7": 2.434838,
        "8": 4.474483,
        "9": 7.727842,
        "10": 10.937438,
        "11": 5.217371,
        "12": 3.827827,
        "13": 6.391329,
        "14": 3.060923,
        "15": 3.24331,
        "16": 3.165,
        "17": 5.571317,
        "18": 5.026539,
        "19": 2.133972,
        "20": 9.601655,
        "21": 5.333401,
        "22": 3.546204,
        "23": 2.460051,
        "24": 2.846464,
        "25": 4.1341,
        "26": 6.618611,
        "27": 4.27702,
        "28": 4.802754,
        "29": 4.356896,
        "30": 7.864984,
        "31": 8.449429,
        "32": 8.020892,
        "33": 5.784656,
        "34": 2.061406,
        "35": 3.971833,
        "36": 2.939385,
        "37": 6.653078,
        "38": 3.242487,
        "39": 5.689661,
        "40": 1.105667,
        "41": 3.053676,
        "42": 4.287663,
        "43": 3.400125,
        "44": 2.345137,
        "45": 4.052054,
        "46": 3.244049,
        "47": 2.846671,
        "48": 3.540501
      }
    },
    "medium": {
      "utilization_fraction": 0.5,
      "edge_latencies_ms": {
        "0": 6.579761,
        "1": 3.776709,
        "2": 2.143389,
        "3": 3.549909,
        "4": 4.87675,
        "5": 4.18909,
        "6": 5.864311,
        "7": 2.437886,
        "8": 4.476993,
        "9": 7.750032,
        "10": 10.945118,
        "11": 5.218982,
        "12": 3.833779,
        "13": 6.393676,
        "14": 3.062725,
        "15": 3.244305,
        "16": 3.18292,
        "17": 5.602782,
        "18": 5.039922,
        "19": 2.135079,
        "20": 9.610156,
        "21": 5.334203,
        "22": 3.547784,
        "23": 2.473405,
        "24": 2.847317,
        "25": 4.137411,
        "26": 6.630079,
        "27": 4.278004,
        "28": 4.803855,
        "29": 4.357906,
        "30": 7.890744,
        "31": 8.475253,
        "32": 8.048421,
        "33": 5.785472,
        "34": 2.062157,
        "35": 3.973191,
        "36": 2.941406,
        "37": 6.653863,
        "38": 3.252043,
        "39": 5.711697,
        "40": 1.106425,
        "41": 3.05479,
        "42": 4.28917,
        "43": 3.401092,
        "44": 2.348275,
        "45": 4.052836,
        "46": 3.246108,
        "47": 2.848266,
        "48": 3.544329
      }
    },
    "high": {
      "utilization_fraction": 0.8,
      "edge_latencies_ms": {
        "0": 6.582994,
        "1": 3.783118,
        "2": 2.160103,
        "3": 3.554941,
        "4": 4.881023,
        "5": 4.192705,
        "6": 5.868764,
        "7": 2.450076,
        "8": 4.48703,
        "9": 7.838794,
        "10": 10.975838,
        "11": 5.225427,
        "12": 3.857586,
        "13": 6.403064,
        "14": 3.069934,
        "15": 3.248284,
        "16": 3.2546,
        "17": 5.728639,
        "18": 5.093456,
        "19": 2.139505,
        "20": 9.644161,
        "21": 5.337411,
        "22": 3.554101,
        "23": 2.526824,
        "24": 2.850728,
        "25": 4.150655,
        "26": 6.675953,
        "27": 4.281941,
        "28": 4.808262,
        "29": 4.361946,
        "30": 7.993785,
        "31": 8.57855,
        "32": 8.158536,
        "33": 5.788738,
        "34": 2.065161,
        "35": 3.978623,
        "36": 2.949491,
        "37": 6.657006,
        "38": 3.290266,
        "39": 5.799842,
        "40": 1.109458,
        "41": 3.059246,
        "42": 4.295198,
        "43": 3.40496,
        "44": 2.360825,
        "45": 4.055962,
        "46": 3.254344,
        "47": 2.854646,
        "48": 3.559637
      }
    },
    "flash": {
      "utilization_fraction": 0.95,
      "edge_latencies_ms": {
        "0": 6.599155,
        "1": 3.815163,
        "2": 2.243677,
        "3": 3.580102,
        "4": 4.902385,
        "5": 4.210782,
        "6": 5.891031,
        "7": 2.511028,
        "8": 4.537215,
        "9": 8.282603,
        "10": 11.129437,
        "11": 5.257652,
        "12": 3.976621,
        "13": 6.450006,
        "14": 3.105977,
        "15": 3.268177,
        "16": 3.612998,
        "17": 6.357926,
        "18": 5.361122,
        "19": 2.161637,
        "20": 9.814188,
        "21": 5.35345,
        "22": 3.58569,
        "23": 2.793917,
        "24": 2.867784,
        "25": 4.216875,
        "26": 6.90532,
        "27": 4.301624,
        "28": 4.830295,
        "29": 4.382148,
        "30": 8.508988,
        "31": 9.095034,
        "32": 8.709116,
        "33": 5.805068,
        "34": 2.080184,
        "35": 4.005782,
        "36": 2.989916,
        "37": 6.672721,
        "38": 3.481384,
        "39": 6.240565,
        "40": 1.124619,
        "41": 3.081528,
        "42": 4.325338,
        "43": 3.424303,
        "44": 2.423574,
        "45": 4.071596,
        "46": 3.295524,
        "47": 2.886542,
        "48": 3.636178
      }
    }
  }
}