{
  "topology_id": 389,
  "load_conditions": {
    "low": {
      "utilization_fraction": 0.2,
      "edge_latencies_ms": {
        "0": 2.611151,
        "1": 2.631357,
        "2": 3.125629,
        "3": 10.757629,
        "4": 3.75114,
        "5": 0.59374,
        "6": 8.89336,
        "7": 13.028555,
        "8": 2.934648,
        "9": 6.219429,
        "10": 2.380602,
        "11": 3.348762,
        "12": 5.454481,
        "13": 2.728671,
        "14": 1.472491,
        "15": 6.35531,
        "16": 4.777147,
        "17": 5.079136,
        "18": 6.135994,
        "19": 5.538387,
        "20": 4.028549,
        "21": 2.787804,
        "22": 5.108296
      }
    },
    "medium": {
      "utilization_fraction": 0.5,
      "edge_latencies_ms": {
        "0": 2.613242,
        "1": 2.63256,
        "2": 3.127473,
        "3": 10.822513,
        "4": 3.75859,
        "5": 0.595092,
        "6": 8.902754,
        "7": 13.061984,
        "8": 2.94043,
        "9": 6.232122,
        "10": 2.381395,
        "11": 3.34958,
        "12": 5.45869,
        "13": 2.730514,
        "14": 1.473896,
        "15": 6.362681,
        "16": 4.779565,
        "17": 5.080162,
        "18": 6.138238,
        "19": 5.539669,
        "20": 4.031198,
        "21": 2.788749,
        "22": 5.111581
      }
    },
    "high": {
      "utilization_fraction": 0.8,
      "edge_latencies_ms": {
        "0": 2.621607,
        "1": 2.637373,
        "2": 3.134851,
        "3": 11.082049,
        "4": 3.788388,
        "5": 0.600501,
        "6": 8.940334,
        "7": 13.195701,
        "8": 2.963556,
        "9": 6.282891,
        "10": 2.384563,
        "11": 3.352851,
        "12": 5.47553,
        "13": 2.737885,
        "14": 1.479516,
        "15": 6.392164,
        "16": 4.789241,
        "17": 5.084267,
        "18": 6.147212,
        "19": 5.544798,
        "20": 4.041797,
        "21": 2.792528,
        "22": 5.124719
      }
    },
    "flash": {
      "utilization_fraction": 0.95,
      "edge_latencies_ms": {
        "0": 2.66343,
        "1": 2.661436,
        "2": 3.171739,
        "3": 12.379729,
        "4": 3.93738,
        "5": 0.627546,
        "6": 9.128231,
        "7": 13.864286,
        "8": 3.079186,
        "9": 6.536737,
        "10": 2.400407,
        "11": 3.369208,
        "12": 5.559727,
        "13": 2.77474,
        "14": 1.507616,
        "15": 6.539578,
        "16": 4.837618,
        "17": 5.104793,
        "18": 6.192085,
        "19": 5.570442,
        "20": 4.094793,
        "21": 2.811427,
        "22": 5.190413
      }
    }
  }
}