{
  "topology_id": 214,
  "load_conditions": {
    "low": {
      "utilization_fraction": 0.2,
      "edge_latencies_ms": {
        "0": 2.900407,
        "1": 2.474332,
        "2": 3.856675,
        "3": 6.158796,
        "4": 14.57129,
        "5": 15.853405,
        "6": 2.511452,
        "7": 9.734015,
        "8": 4.161016,
        "9": 3.269926,
        "10": 2.898055,
        "11": 6.854531,
        "12": 2.673105,
        "13": 7.880032,
        "14": 5.098203,
        "15": 6.399969,
        "16": 17.429725,
        "17": 18.104425,
        "18": 3.997894,
        "19": 14.230391,
        "20": 2.912579,
        "21": 3.611849,
        "22": 3.238724,
        "23": 5.184698
      }
    },
    "medium": {
      "utilization_fraction": 0.5,
      "edge_latencies_ms": {
        "0": 2.901397,
        "1": 2.487254,
        "2": 3.857658,
        "3": 6.16729,
        "4": 14.582838,
        "5": 15.864692,
        "6": 2.513971,
        "7": 9.755933,
        "8": 4.163001,
        "9": 3.271495,
        "10": 2.899046,
        "11": 6.856107,
        "12": 2.674011,
        "13": 7.898094,
        "14": 5.099877,
        "15": 6.402104,
        "16": 17.45235,
        "17": 18.117121,
        "18": 4.000061,
        "19": 14.238209,
        "20": 2.916119,
        "21": 3.613288,
        "22": 3.240356,
        "23": 5.187697
      }
    },
    "high": {
      "utilization_fraction": 0.8,
      "edge_latencies_ms": {
        "0": 2.905353,
        "1": 2.538942,
        "2": 3.861593,
        "3": 6.201264,
        "4": 14.629029,
        "5": 15.909836,
        "6": 2.524048,
        "7": 9.843606,
        "8": 4.170939,
        "9": 3.277773,
        "10": 2.903011,
        "11": 6.862408,
        "12": 2.677636,
        "13": 7.970342,
        "14": 5.106572,
        "15": 6.410644,
        "16": 17.542848,
        "17": 18.167905,
        "18": 4.008729,
        "19": 14.269482,
        "20": 2.930278,
        "21": 3.619041,
        "22": 3.246882,
        "23": 5.199691
      }
    },
    "flash": {
      "utilization_fraction": 0.95,
      "edge_latencies_ms": {
        "0": 2.925137,
        "1": 2.797381,
        "2": 3.881266,
        "3": 6.371136,
        "4": 14.859986,
        "5": 16.135561,
        "6": 2.574435,
        "7": 10.281968,
        "8": 4.210631,
        "9": 3.30916,
        "10": 2.922837,
        "11": 6.893916,
        "12": 2.69576,
        "13": 8.331583,
        "14": 5.14005,
        "15": 6.453346,
        "16": 17.99534,
        "17": 18.421828,
        "18": 4.052071,
        "19": 14.425844,
        "20": 3.001073,
        "21": 3.647809,
        "22": 3.279514,
        "23": 5.259663
      }
    }
  }
}