{
  "topology_id": 271,
  "load_conditions": {
    "low": {
      "utilization_fraction": 0.2,
      "edge_latencies_ms": {
        "0": 2.904028,
        "1": 3.01069,
        "2": 2.584931,
        "3": 2.895158,
        "4": 2.871149,
        "5": 17.544227,
        "6": 5.188811,
        "7": 1.273266,
        "8": 3.711552,
        "9": 4.360177,
        "10": 1.1831,
        "11": 8.149017,
        "12": 17.380936,
        "13": 18.877816,
        "14": 5.228465,
        "15": 17.399732,
        "16": 3.929511,
        "17": 4.463766,
        "18": 2.722463,
        "19": 4.902483,
        "20": 14.893744,
        "21": 2.494061,
        "22": 3.291621,
        "23": 2.460099,
        "24": 4.588598,
        "25": 1.745993,
        "26": 2.469389,
        "27": 2.184298,
        "28": 14.076183,
        "29": 2.921894,
        "30": 3.138555,
        "31": 18.569103,
        "32": 4.072547,
        "33": 2.606197,
        "34": 4.836319,
        "35": 5.191627,
        "36": 4.789496,
        "37": 5.010541,
        "38": 4.013091,
        "39": 3.653866,
        "40": 2.839539,
        "41": 1.488148,
        "42": 4.692371,
        "43": 5.804296,
        "44": 5.785329,
        "45": 2.324785,
        "46": 3.863863,
        "47": 3.127536,
        "48": 2.156739,
        "49": 2.626553,
        "50": 4.849187
      }
    },
    "medium": {
      "utilization_fraction": 0.5,
      "edge_latencies_ms": {
        "0": 2.904841,
        "1": 3.013061,
        "2": 2.589034,
        "3": 2.896561,
        "4": 2.872153,
        "5": 17.551871,
        "6": 5.193646,
        "7": 1.27436,
        "8": 3.712701,
        "9": 4.36122,
        "10": 1.183915,
        "11": 8.151504,
        "12": 17.392163,
        "13": 18.899326,
        "14": 5.229336,
        "15": 17.415507,
        "16": 3.933173,
        "17": 4.46469,
        "18": 2.723449,
        "19": 4.903712,
        "20": 14.91717,
        "21": 2.495529,
        "22": 3.293076,
        "23": 2.461111,
        "24": 4.589448,
        "25": 1.746942,
        "26": 2.472083,
        "27": 2.185146,
        "28": 14.08614,
        "29": 2.922656,
        "30": 3.139915,
        "31": 18.587331,
        "32": 4.073778,
        "33": 2.607384,
        "34": 4.83753,
        "35": 5.192536,
        "36": 4.791266,
        "37": 5.014006,
        "38": 4.015398,
        "39": 3.660727,
        "40": 2.84326,
        "41": 1.489112,
        "42": 4.693514,
        "43": 5.808514,
        "44": 5.786237,
        "45": 2.327282,
        "46": 3.866151,
        "47": 3.128372,
        "48": 2.15788,
        "49": 2.62799,
        "50": 4.851017
      }
    },
    "high": {
      "utilization_fraction": 0.8,
      "edge_latencies_ms": {
        "0": 2.908092,
        "1": 3.022545,
        "2": 2.605446,
        "3": 2.90217,
        "4": 2.876166,
        "5": 17.582446,
        "6": 5.212982,
        "7": 1.278734,
        "8": 3.717294,
        "9": 4.365392,
        "10": 1.187174,
        "11": 8.161452,
        "12": 17.437073,
        "13": 18.985366,
        "14": 5.232816,
        "15": 17.478604,
        "16": 3.947824,
        "17": 4.468383,
        "18": 2.727393,
        "19": 4.908632,
        "20": 15.010873,
        "21": 2.5014,
        "22": 3.298894,
        "23": 2.46516,
        "24": 4.592847,
        "25": 1.750739,
        "26": 2.482859,
        "27": 2.188539,
        "28": 14.125964,
        "29": 2.925703,
        "30": 3.145356,
        "31": 18.660241,
        "32": 4.0787,
        "33": 2.612134,
        "34": 4.842377,
        "35": 5.19617,
        "36": 4.798342,
        "37": 5.027863,
        "38": 4.024624,
        "39": 3.688169,
        "40": 2.858143,
        "41": 1.492969,
        "42": 4.698085,
        "43": 5.825386,
        "44": 5.789866,
        "45": 2.337268,
        "46": 3.875305,
        "47": 3.131715,
        "48": 2.162442,
        "49": 2.633735,
        "50": 4.858337
      }
    },
    "flash": {
      "utilization_fraction": 0.95,
      "edge_latencies_ms": {
        "0": 2.924348,
        "1": 3.069966,
        "2": 2.687508,
        "3": 2.930218,
        "4": 2.896234,
        "5": 17.73532,
        "6": 5.309666,
        "7": 1.300605,
        "8": 3.74026,
        "9": 4.38625,
        "10": 1.203472,
        "11": 8.211191,
        "12": 17.661621,
        "13": 19.415568,
        "14": 5.250221,
        "15": 17.794093,
        "16": 4.021077,
        "17": 4.486848,
        "18": 2.747113,
        "19": 4.933229,
        "20": 15.479388,
        "21": 2.530756,
        "22": 3.327985,
        "23": 2.485405,
        "24": 4.609843,
        "25": 1.769721,
        "26": 2.536743,
        "27": 2.205506,
        "28": 14.325089,
        "29": 2.940935,
        "30": 3.172561,
        "31": 19.024794,
        "32": 4.103308,
        "33": 2.635882,
        "34": 4.866608,
        "35": 5.214339,
        "36": 4.833727,
        "37": 5.097147,
        "38": 4.070753,
        "39": 3.825378,
        "40": 2.932562,
        "41": 1.512255,
        "42": 4.720943,
        "43": 5.909743,
        "44": 5.808014,
        "45": 2.387199,
        "46": 3.921075,
        "47": 3.148431,
        "48": 2.185254,
        "49": 2.662463,
        "50": 4.894939
      }
    }
  }
}