{
  "topology_id": 239,
  "load_conditions": {
    "low": {
      "utilization_fraction": 0.2,
      "edge_latencies_ms": {
        "0": 2.367199,
        "1": 3.335744,
        "2": 3.3674,
        "3": 4.205141,
        "4": 1.754401,
        "5": 3.248922,
        "6": 3.815773,
        "7": 11.181759,
        "8": 1.834288,
        "9": 2.383316,
        "10": 2.886192,
        "11": 1.757066,
        "12": 2.380838,
        "13": 6.038501,
        "14": 6.778211,
        "15": 3.411372,
        "16": 11.692841,
        "17": 2.478151,
        "18": 14.930068,
        "19": 2.275129,
        "20": 2.361363,
        "21": 5.156609,
        "22": 4.439625,
        "23": 6.885385,
        "24": 2.711694,
        "25": 2.117291,
        "26": 3.512963,
        "27": 5.129585,
        "28": 4.865953,
        "29": 6.081792,
        "30": 7.096309,
        "31": 6.307474,
        "32": 5.577327,
        "33": 3.193666,
        "34": 5.138045,
        "35": 16.460183,
        "36": 4.732084,
        "37": 6.192937,
        "38": 4.005095,
        "39": 3.427156,
        "40": 5.082238,
        "41": 4.55149,
        "42": 1.8539,
        "43": 4.771267,
        "44": 6.403659,
        "45": 5.713389,
        "46": 5.026801,
        "47": 3.983128,
        "48": 2.699907,
        "49": 3.549981,
        "50": 4.144995,
        "51": 6.093963,
        "52": 2.376183,
        "53": 2.82224,
        "54": 4.126907,
        "55": 6.969457,
        "56": 3.058706,
        "57": 3.857843,
        "58": 13.956595,
        "59": 1.113283,
        "60": 3.220779,
        "61": 2.110255,
        "62": 2.476558,
        "63": 3.021802,
        "64": 2.929288,
        "65": 1.551217,
        "66": 2.193425,
        "67": 4.397323,
        "68": 5.894462,
        "69": 5.050571,
        "70": 2.300247,
        "71": 2.2278,
        "72": 4.052719,
        "73": 3.168396,
        "74": 2.85684,
        "75": 4.990687,
        "76": 2.803271
      }
    },
    "medium": {
      "utilization_fraction": 0.5,
      "edge_latencies_ms": {
        "0": 2.368135,
        "1": 3.336689,
        "2": 3.369049,
        "3": 4.21133,
        "4": 1.756659,
        "5": 3.251466,
        "6": 3.818009,
        "7": 11.19109,
        "8": 1.835979,
        "9": 2.38408,
        "10": 2.88853,
        "11": 1.758702,
        "12": 2.384792,
        "13": 6.039652,
        "14": 6.779629,
        "15": 3.41232,
        "16": 11.700389,
        "17": 2.483226,
        "18": 14.944909,
        "19": 2.276975,
        "20": 2.362533,
        "21": 5.159275,
        "22": 4.441076,
        "23": 6.886482,
        "24": 2.715252,
        "25": 2.118681,
        "26": 3.516082,
        "27": 5.130574,
        "28": 4.870949,
        "29": 6.082996,
        "30": 7.098686,
        "31": 6.308818,
        "32": 5.581542,
        "33": 3.194845,
        "34": 5.14102,
        "35": 16.470224,
        "36": 4.779474,
        "37": 6.203027,
        "38": 4.008675,
        "39": 3.428273,
        "40": 5.083806,
        "41": 4.553849,
        "42": 1.854809,
        "43": 4.77226,
        "44": 6.411233,
        "45": 5.722359,
        "46": 5.028027,
        "47": 3.985054,
        "48": 2.70073,
        "49": 3.551108,
        "50": 4.147628,
        "51": 6.094972,
        "52": 2.377539,
        "53": 2.826358,
        "54": 4.127763,
        "55": 6.970377,
        "56": 3.060608,
        "57": 3.860863,
        "58": 13.972624,
        "59": 1.11713,
        "60": 3.221696,
        "61": 2.114138,
        "62": 2.477794,
        "63": 3.023392,
        "64": 2.932073,
        "65": 1.555819,
        "66": 2.194578,
        "67": 4.399175,
        "68": 5.896564,
        "69": 5.051501,
        "70": 2.301093,
        "71": 2.228594,
        "72": 4.058008,
        "73": 3.169306,
        "74": 2.85832,
        "75": 4.991772,
        "76": 2.804286
      }
    },
    "high": {
      "utilization_fraction": 0.8,
      "edge_latencies_ms": {
        "0": 2.371882,
        "1": 3.340468,
        "2": 3.375642,
        "3": 4.236088,
        "4": 1.765693,
        "5": 3.261642,
        "6": 3.826954,
        "7": 11.228416,
        "8": 1.84274,
        "9": 2.387136,
        "10": 2.897878,
        "11": 1.765245,
        "12": 2.400606,
        "13": 6.044255,
        "14": 6.785303,
        "15": 3.416111,
        "16": 11.73058,
        "17": 2.503527,
        "18": 15.004271,
        "19": 2.284357,
        "20": 2.367214,
        "21": 5.169939,
        "22": 4.446883,
        "23": 6.890868,
        "24": 2.729482,
        "25": 2.12424,
        "26": 3.52856,
        "27": 5.13453,
        "28": 4.89093,
        "29": 6.08781,
        "30": 7.108192,
        "31": 6.314192,
        "32": 5.598401,
        "33": 3.199562,
        "34": 5.152918,
        "35": 16.51039,
        "36": 4.969035,
        "37": 6.243389,
        "38": 4.022995,
        "39": 3.432738,
        "40": 5.090078,
        "41": 4.563285,
        "42": 1.858445,
        "43": 4.776233,
        "44": 6.441528,
        "45": 5.758238,
        "46": 5.032933,
        "47": 3.992757,
        "48": 2.704024,
        "49": 3.555616,
        "50": 4.158158,
        "51": 6.099007,
        "52": 2.382964,
        "53": 2.84283,
        "54": 4.131186,
        "55": 6.974055,
        "56": 3.068215,
        "57": 3.872946,
        "58": 14.03674,
        "59": 1.132518,
        "60": 3.225366,
        "61": 2.129669,
        "62": 2.482741,
        "63": 3.029749,
        "64": 2.943212,
        "65": 1.574226,
        "66": 2.19919,
        "67": 4.406583,
        "68": 5.90497,
        "69": 5.055219,
        "70": 2.30448,
        "71": 2.23177,
        "72": 4.079161,
        "73": 3.172943,
        "74": 2.864237,
        "75": 4.996113,
        "76": 2.808348
      }
    },
    "flash": {
      "utilization_fraction": 0.95,
      "edge_latencies_ms": {
        "0": 2.390617,
        "1": 3.359365,
        "2": 3.408612,
        "3": 4.359876,
        "4": 1.810863,
        "5": 3.312521,
        "6": 3.871678,
        "7": 11.415046,
        "8": 1.876547,
        "9": 2.402419,
        "10": 2.944621,
        "11": 1.79796,
        "12": 2.479677,
        "13": 6.067269,
        "14": 6.813669,
        "15": 3.435068,
        "16": 11.881536,
        "17": 2.605028,
        "18": 15.301085,
        "19": 2.321271,
        "20": 2.390621,
        "21": 5.223258,
        "22": 4.475915,
        "23": 6.9128,
        "24": 2.80063,
        "25": 2.152037,
        "26": 3.590946,
        "27": 5.154309,
        "28": 4.990835,
        "29": 6.111883,
        "30": 7.155723,
        "31": 6.341062,
        "32": 5.682696,
        "33": 3.223146,
        "34": 5.212409,
        "35": 16.711217,
        "36": 5.91684,
        "37": 6.445195,
        "38": 4.094595,
        "39": 3.455067,
        "40": 5.121436,
        "41": 4.610464,
        "42": 1.876624,
        "43": 4.796095,
        "44": 6.593004,
        "45": 5.937636,
        "46": 5.05746,
        "47": 4.031272,
        "48": 2.720491,
        "49": 3.578156,
        "50": 4.210809,
        "51": 6.119179,
        "52": 2.41009,
        "53": 2.925192,
        "54": 4.148299,
        "55": 6.992447,
        "56": 3.10625,
        "57": 3.933359,
        "58": 14.357321,
        "59": 1.209458,
        "60": 3.243713,
        "61": 2.207327,
        "62": 2.507475,
        "63": 3.061536,
        "64": 2.998908,
        "65": 1.666262,
        "66": 2.222249,
        "67": 4.443624,
        "68": 5.947,
        "69": 5.073811,
        "70": 2.321413,
        "71": 2.24765,
        "72": 4.184929,
        "73": 3.191128,
        "74": 2.893827,
        "75": 5.017815,
        "76": 2.828657
      }
    }
  }
}