{
  "topology_id": 87,
  "load_conditions": {
    "low": {
      "utilization_fraction": 0.2,
      "edge_latencies_ms": {
        "0": 2.196216,
        "1": 3.087454,
        "2": 5.90551,
        "3": 2.728216,
        "4": 1.644146,
        "5": 3.108381,
        "6": 7.658385,
        "7": 3.096189,
        "8": 16.829592,
        "9": 8.847756,
        "10": 7.317316,
        "11": 15.903909,
        "12": 1.945371,
        "13": 1.842001,
        "14": 3.756053,
        "15": 5.251185,
        "16": 4.85237,
        "17": 2.342689,
        "18": 14.349471,
        "19": 13.96644,
        "20": 3.299445,
        "21": 3.822693,
        "22": 7.56717,
        "23": 2.879744,
        "24": 5.068419,
        "25": 5.334691,
        "26": 5.770396,
        "27": 5.176215,
        "28": 0.811364,
        "29": 4.36566,
        "30": 3.246938,
        "31": 4.311337,
        "32": 3.027174,
        "33": 3.961204,
        "34": 6.426248,
        "35": 5.187572,
        "36": 4.498466,
        "37": 3.789031,
        "38": 7.995318,
        "39": 4.86447,
        "40": 4.790851,
        "41": 5.220637,
        "42": 6.486482,
        "43": 4.583661,
        "44": 4.639963,
        "45": 2.553183,
        "46": 3.858183,
        "47": 4.790736,
        "48": 6.733984,
        "49": 2.791398,
        "50": 4.015643,
        "51": 2.480538
      }
    },
    "medium": {
      "utilization_fraction": 0.5,
      "edge_latencies_ms": {
        "0": 2.197272,
        "1": 3.088846,
        "2": 5.906775,
        "3": 2.729126,
        "4": 1.647158,
        "5": 3.10934,
        "6": 7.659426,
        "7": 3.097128,
        "8": 16.861641,
        "9": 8.849523,
        "10": 7.318304,
        "11": 15.932045,
        "12": 1.946654,
        "13": 1.843465,
        "14": 3.757259,
        "15": 5.254824,
        "16": 4.854208,
        "17": 2.344511,
        "18": 14.36892,
        "19": 13.982862,
        "20": 3.300694,
        "21": 3.824068,
        "22": 7.568074,
        "23": 2.881297,
        "24": 5.069486,
        "25": 5.335646,
        "26": 5.77272,
        "27": 5.177831,
        "28": 0.813692,
        "29": 4.366424,
        "30": 3.247899,
        "31": 4.313592,
        "32": 3.028019,
        "33": 3.962936,
        "34": 6.429521,
        "35": 5.19014,
        "36": 4.501051,
        "37": 3.790317,
        "38": 7.996507,
        "39": 4.865277,
        "40": 4.792053,
        "41": 5.223654,
        "42": 6.487273,
        "43": 4.58445,
        "44": 4.643067,
        "45": 2.558419,
        "46": 3.858994,
        "47": 4.792329,
        "48": 6.734879,
        "49": 2.792641,
        "50": 4.016654,
        "51": 2.481509
      }
    },
    "high": {
      "utilization_fraction": 0.8,
      "edge_latencies_ms": {
        "0": 2.201499,
        "1": 3.094412,
        "2": 5.911832,
        "3": 2.732763,
        "4": 1.659209,
        "5": 3.113174,
        "6": 7.663589,
        "7": 3.100881,
        "8": 16.989836,
        "9": 8.856588,
        "10": 7.322252,
        "11": 16.044588,
        "12": 1.951788,
        "13": 1.849323,
        "14": 3.762086,
        "15": 5.269382,
        "16": 4.861562,
        "17": 2.351797,
        "18": 14.446714,
        "19": 14.048549,
        "20": 3.305691,
        "21": 3.829572,
        "22": 7.571692,
        "23": 2.887507,
        "24": 5.073754,
        "25": 5.339468,
        "26": 5.782012,
        "27": 5.184295,
        "28": 0.823006,
        "29": 4.369483,
        "30": 3.251742,
        "31": 4.322611,
        "32": 3.031401,
        "33": 3.969867,
        "34": 6.442613,
        "35": 5.200414,
        "36": 4.511395,
        "37": 3.79546,
        "38": 8.001266,
        "39": 4.868504,
        "40": 4.796862,
        "41": 5.235722,
        "42": 6.490439,
        "43": 4.587607,
        "44": 4.65548,
        "45": 2.579364,
        "46": 3.862237,
        "47": 4.798701,
        "48": 6.738459,
        "49": 2.79761,
        "50": 4.020701,
        "51": 2.485395
      }
    },
    "flash": {
      "utilization_fraction": 0.95,
      "edge_latencies_ms": {
        "0": 2.222631,
        "1": 3.122246,
        "2": 5.93712,
        "3": 2.750952,
        "4": 1.719462,
        "5": 3.132345,
        "6": 7.684405,
        "7": 3.119649,
        "8": 17.630812,
        "9": 8.891915,
        "10": 7.341995,
        "11": 16.607301,
        "12": 1.977456,
        "13": 1.878615,
        "14": 3.786219,
        "15": 5.342171,
        "16": 4.898331,
        "17": 2.388228,
        "18": 14.835685,
        "19": 14.376986,
        "20": 3.330673,
        "21": 3.857089,
        "22": 7.589779,
        "23": 2.918559,
        "24": 5.095096,
        "25": 5.358575,
        "26": 5.828474,
        "27": 5.216611,
        "28": 0.869573,
        "29": 4.384776,
        "30": 3.270958,
        "31": 4.367705,
        "32": 3.04831,
        "33": 4.004523,
        "34": 6.508074,
        "35": 5.251782,
        "36": 4.563113,
        "37": 3.821174,
        "38": 8.025058,
        "39": 4.884639,
        "40": 4.820903,
        "41": 5.296061,
        "42": 6.506265,
        "43": 4.603391,
        "44": 4.717545,
        "45": 2.68409,
        "46": 3.87845,
        "47": 4.830562,
        "48": 6.756361,
        "49": 2.822456,
        "50": 4.040936,
        "51": 2.504825
      }
    }
  }
}