{
  "topology_id": 92,
  "load_conditions": {
    "low": {
      "utilization_fraction": 0.2,
      "edge_latencies_ms": {
        "0": 4.792469,
        "1": 2.208818,
        "2": 3.492506,
        "3": 10.961996,
        "4": 3.812041,
        "5": 4.485844,
        "6": 3.02137,
        "7": 4.944111,
        "8": 1.618427,
        "9": 4.350444,
        "10": 3.932823,
        "11": 11.817893,
        "12": 4.376939,
        "13": 6.913714,
        "14": 3.831132,
        "15": 2.786599,
        "16": 3.01651,
        "17": 1.667708,
        "18": 3.798143,
        "19": 12.804854,
        "20": 2.994466,
        "21": 1.164648,
        "22": 3.278733,
        "23": 4.077948,
        "24": 3.943801,
        "25": 2.5128,
        "26": 4.295418,
        "27": 5.0575,
        "28": 3.3711,
        "29": 2.318017,
        "30": 4.691801,
        "31": 4.252627,
        "32": 4.714281
      }
    },
    "medium": {
      "utilization_fraction": 0.5,
      "edge_latencies_ms": {
        "0": 4.794468,
        "1": 2.209821,
        "2": 3.493526,
        "3": 10.991378,
        "4": 3.813489,
        "5": 4.486605,
        "6": 3.027812,
        "7": 4.946186,
        "8": 1.619333,
        "9": 4.353077,
        "10": 3.934165,
        "11": 11.826154,
        "12": 4.378329,
        "13": 6.914657,
        "14": 3.831977,
        "15": 2.787549,
        "16": 3.020172,
        "17": 1.668794,
        "18": 3.798913,
        "19": 12.81251,
        "20": 2.995378,
        "21": 1.170855,
        "22": 3.281372,
        "23": 4.079516,
        "24": 3.944641,
        "25": 2.513978,
        "26": 4.297577,
        "27": 5.05891,
        "28": 3.372355,
        "29": 2.321921,
        "30": 4.69287,
        "31": 4.253799,
        "32": 4.71738
      }
    },
    "high": {
      "utilization_fraction": 0.8,
      "edge_latencies_ms": {
        "0": 4.802461,
        "1": 2.213832,
        "2": 3.497606,
        "3": 11.108907,
        "4": 3.819281,
        "5": 4.489651,
        "6": 3.053583,
        "7": 4.954488,
        "8": 1.622954,
        "9": 4.363611,
        "10": 3.939533,
        "11": 11.859198,
        "12": 4.383888,
        "13": 6.918432,
        "14": 3.835357,
        "15": 2.791349,
        "16": 3.034821,
        "17": 1.673137,
        "18": 3.801993,
        "19": 12.843135,
        "20": 2.999028,
        "21": 1.195685,
        "22": 3.29193,
        "23": 4.085788,
        "24": 3.948004,
        "25": 2.518691,
        "26": 4.306212,
        "27": 5.064552,
        "28": 3.377375,
        "29": 2.33754,
        "30": 4.697148,
        "31": 4.25849,
        "32": 4.729775
      }
    },
    "flash": {
      "utilization_fraction": 0.95,
      "edge_latencies_ms": {
        "0": 4.842427,
        "1": 2.233886,
        "2": 3.518004,
        "3": 11.696549,
        "4": 3.848241,
        "5": 4.504882,
        "6": 3.182435,
        "7": 4.995996,
        "8": 1.641064,
        "9": 4.416281,
        "10": 3.96637,
        "11": 12.024416,
        "12": 4.411683,
        "13": 6.937308,
        "14": 3.852258,
        "15": 2.810351,
        "16": 3.108066,
        "17": 1.694855,
        "18": 3.817391,
        "19": 12.99626,
        "20": 3.017279,
        "21": 1.319831,
        "22": 3.344718,
        "23": 4.117146,
        "24": 3.964818,
        "25": 2.542257,
        "26": 4.349385,
        "27": 5.092763,
        "28": 3.402473,
        "29": 2.415634,
        "30": 4.71854,
        "31": 4.281943,
        "32": 4.79175
      }
    }
  }
}