{
  "topology_id": 390,
  "load_conditions": {
    "low": {
      "utilization_fraction": 0.2,
      "edge_latencies_ms": {
        "0": 2.905093,
        "1": 5.028086,
        "2": 3.597955,
        "3": 2.425488,
        "4": 1.592429,
        "5": 9.443908,
        "6": 13.269654,
        "7": 3.31594,
        "8": 2.957818,
        "9": 4.407322,
        "10": 3.281735,
        "11": 7.50871,
        "12": 1.100654,
        "13": 12.158856,
        "14": 3.135466,
        "15": 12.287797,
        "16": 3.980327,
        "17": 2.137493,
        "18": 7.533956,
        "19": 6.349244,
        "20": 5.329987,
        "21": 6.505813,
        "22": 7.492069,
        "23": 6.33724,
        "24": 5.174782
      }
    },
    "medium": {
      "utilization_fraction": 0.5,
      "edge_latencies_ms": {
        "0": 2.9085,
        "1": 5.02892,
        "2": 3.60082,
        "3": 2.426801,
        "4": 1.593752,
        "5": 9.452076,
        "6": 13.27751,
        "7": 3.317694,
        "8": 2.960935,
        "9": 4.411285,
        "10": 3.282917,
        "11": 7.519535,
        "12": 1.101774,
        "13": 12.209612,
        "14": 3.136906,
        "15": 12.296282,
        "16": 3.981555,
        "17": 2.138855,
        "18": 7.544564,
        "19": 6.350291,
        "20": 5.331035,
        "21": 6.508135,
        "22": 7.495333,
        "23": 6.339402,
        "24": 5.17559
      }
    },
    "high": {
      "utilization_fraction": 0.8,
      "edge_latencies_ms": {
        "0": 2.922127,
        "1": 5.032259,
        "2": 3.612282,
        "3": 2.432051,
        "4": 1.599045,
        "5": 9.484749,
        "6": 13.308933,
        "7": 3.324711,
        "8": 2.973402,
        "9": 4.427136,
        "10": 3.287644,
        "11": 7.562833,
        "12": 1.106253,
        "13": 12.412638,
        "14": 3.142664,
        "15": 12.33022,
        "16": 3.986467,
        "17": 2.144306,
        "18": 7.586996,
        "19": 6.354475,
        "20": 5.335228,
        "21": 6.517424,
        "22": 7.508391,
        "23": 6.34805,
        "24": 5.178819
      }
    },
    "flash": {
      "utilization_fraction": 0.95,
      "edge_latencies_ms": {
        "0": 2.990261,
        "1": 5.048955,
        "2": 3.669591,
        "3": 2.4583,
        "4": 1.625511,
        "5": 9.648113,
        "6": 13.46605,
        "7": 3.359794,
        "8": 3.035736,
        "9": 4.506391,
        "10": 3.31128,
        "11": 7.779326,
        "12": 1.128646,
        "13": 13.427765,
        "14": 3.171453,
        "15": 12.49991,
        "16": 4.011027,
        "17": 2.171561,
        "18": 7.799159,
        "19": 6.375399,
        "20": 5.356194,
        "21": 6.563864,
        "22": 7.573681,
        "23": 6.39129,
        "24": 5.194967
      }
    }
  }
}