{
  "topology_id": 100,
  "load_conditions": {
    "low": {
      "utilization_fraction": 0.2,
      "edge_latencies_ms": {
        "0": 3.448084,
        "1": 3.096538,
        "2": 2.723501,
        "3": 5.008339,
        "4": 2.582343,
        "5": 6.35285,
        "6": 2.63931,
        "7": 3.216819,
        "8": 3.030678,
        "9": 3.18614,
        "10": 1.2635,
        "11": 4.425281,
        "12": 1.374055,
        "13": 3.278854,
        "14": 3.552988,
        "15": 13.455877,
        "16": 3.489683,
        "17": 7.354997,
        "18": 3.424657,
        "19": 2.765456,
        "20": 4.469667,
        "21": 6.824633,
        "22": 5.214529,
        "23": 4.57517,
        "24": 4.528515,
        "25": 2.173412,
        "26": 6.858698,
        "27": 6.723418,
        "28": 2.924837,
        "29": 3.202179,
        "30": 3.986331,
        "31": 5.050439,
        "32": 12.782226,
        "33": 2.341664,
        "34": 2.273507,
        "35": 2.723531,
        "36": 3.031021,
        "37": 3.618545,
        "38": 5.277016,
        "39": 3.901669,
        "40": 3.896294,
        "41": 3.573487,
        "42": 8.275687,
        "43": 4.543275,
        "44": 3.819615,
        "45": 4.429379,
        "46": 2.951565,
        "47": 13.99247,
        "48": 9.20391,
        "49": 5.067705,
        "50": 4.010236,
        "51": 1.718997,
        "52": 3.255008,
        "53": 4.099717,
        "54": 3.571407,
        "55": 3.702208,
        "56": 2.300754,
        "57": 3.920719,
        "58": 3.874648,
        "59": 3.631587,
        "60": 2.584881,
        "61": 3.920479,
        "62": 6.904648,
        "63": 4.591838,
        "64": 5.940262,
        "65": 3.200652,
        "66": 4.209709,
        "67": 3.364423,
        "68": 15.621841,
        "69": 1.980433,
        "70": 4.652996,
        "71": 3.506029,
        "72": 3.185614,
        "73": 3.105373,
        "74": 11.356214,
        "75": 2.193606,
        "76": 5.454469,
        "77": 2.009027,
        "78": 6.085028,
        "79": 16.190714,
        "80": 3.090597,
        "81": 2.582974,
        "82": 4.326395,
        "83": 3.775787,
        "84": 5.05076,
        "85": 3.182186,
        "86": 4.280338,
        "87": 6.823198,
        "88": 6.249386,
        "89": 5.976022,
        "90": 3.971428,
        "91": 4.925362,
        "92": 5.438516,
        "93": 8.183107,
        "94": 8.005466,
        "95": 7.380733,
        "96": 4.27755,
        "97": 6.052201,
        "98": 5.479072,
        "99": 6.640887,
        "100": 5.967296,
        "101": 4.149615,
        "102": 2.745239,
        "103": 3.55757,
        "104": 5.324952,
        "105": 5.454952,
        "106": 6.3388,
        "107": 2.722428,
        "108": 4.051762,
        "109": 6.694947,
        "110": 2.312664,
        "111": 13.563139,
        "112": 5.425665,
        "113": 5.745756,
        "114": 5.078504,
        "115": 3.173578,
        "116": 5.708245,
        "117": 3.704937,
        "118": 5.766158,
        "119": 0.844965,
        "120": 3.197691,
        "121": 2.580143,
        "122": 2.03767,
        "123": 1.912216,
        "124": 2.565754,
        "125": 4.092797,
        "126": 2.686404,
        "127": 3.640304,
        "128": 3.822225,
        "129": 6.005218,
        "130": 5.077312,
        "131": 2.091998,
        "132": 4.374653,
        "133": 2.336255,
        "134": 1.786588,
        "135": 2.709338,
        "136": 3.010945,
        "137": 2.255541,
        "138": 5.516968,
        "139": 4.495355,
        "140": 4.90219,
        "141": 2.785361,
        "142": 3.065285,
        "143": 5.437822,
        "144": 4.500106,
        "145": 2.142747,
        "146": 3.841082,
        "147": 2.327658,
        "148": 3.45291,
        "149": 2.760645,
        "150": 2.368032,
        "151": 4.540288,
        "152": 5.356914,
        "153": 3.730431,
        "154": 1.160368,
        "155": 3.128954,
        "156": 3.345702,
        "157": 5.617687,
        "158": 3.197174,
        "159": 3.46158,
        "160": 2.650208,
        "161": 3.852867,
        "162": 2.254569,
        "163": 2.734249,
        "164": 4.396247,
        "165": 3.989083,
        "166": 3.678111,
        "167": 2.04331,
        "168": 4.69257,
        "169": 3.409998,
        "170": 4.910162,
        "171": 3.990578,
        "172": 5.003632,
        "173": 4.310362,
        "174": 6.384671,
        "175": 1.665116,
        "176": 5.086647,
        "177": 1.118938,
        "178": 4.341912,
        "179": 5.049642,
        "180": 4.310956,
        "181": 4.889227,
        "182": 2.297318,
        "183": 6.09746,
        "184": 3.743631,
        "185": 2.378455,
        "186": 4.860412,
        "187": 4.530896,
        "188": 2.708656,
        "189": 1.89037,
        "190": 2.9336,
        "191": 7.04281,
        "192": 6.08899,
        "193": 3.152555,
        "194": 3.004542,
        "195": 3.149723
      }
    },
    "medium": {
      "utilization_fraction": 0.5,
      "edge_latencies_ms": {
        "0": 3.448867,
        "1": 3.097793,
        "2": 2.726233,
        "3": 5.015273,
        "4": 2.585302,
        "5": 6.353923,
        "6": 2.640074,
        "7": 3.217628,
        "8": 3.032397,
        "9": 3.187877,
        "10": 1.266049,
        "11": 4.426419,
        "12": 1.374962,
        "13": 3.279752,
        "14": 3.555444,
        "15": 13.495776,
        "16": 3.493337,
        "17": 7.356249,
        "18": 3.425508,
        "19": 2.771237,
        "20": 4.470577,
        "21": 6.827589,
        "22": 5.215295,
        "23": 4.57595,
        "24": 4.530471,
        "25": 2.174239,
        "26": 6.860142,
        "27": 6.724183,
        "28": 2.929324,
        "29": 3.203037,
        "30": 3.987405,
        "31": 5.051575,
        "32": 12.796168,
        "33": 2.342476,
        "34": 2.277068,
        "35": 2.724346,
        "36": 3.031819,
        "37": 3.620016,
        "38": 5.279004,
        "39": 3.902536,
        "40": 3.898684,
        "41": 3.574464,
        "42": 8.277578,
        "43": 4.544099,
        "44": 3.824721,
        "45": 4.434227,
        "46": 2.953137,
        "47": 14.004444,
        "48": 9.23438,
        "49": 5.073636,
        "50": 4.011856,
        "51": 1.720063,
        "52": 3.256837,
        "53": 4.103385,
        "54": 3.572991,
        "55": 3.70594,
        "56": 2.304289,
        "57": 3.922259,
        "58": 3.876014,
        "59": 3.634923,
        "60": 2.586084,
        "61": 3.922586,
        "62": 6.907002,
        "63": 4.594474,
        "64": 5.94442,
        "65": 3.202854,
        "66": 4.211304,
        "67": 3.365598,
        "68": 15.633955,
        "69": 1.983173,
        "70": 4.657396,
        "71": 3.507041,
        "72": 3.190353,
        "73": 3.111916,
        "74": 11.430242,
        "75": 2.19644,
        "76": 5.458831,
        "77": 2.012235,
        "78": 6.086721,
        "79": 16.198319,
        "80": 3.091922,
        "81": 2.584378,
        "82": 4.331846,
        "83": 3.777468,
        "84": 5.051631,
        "85": 3.186483,
        "86": 4.281286,
        "87": 6.824531,
        "88": 6.250522,
        "89": 5.977296,
        "90": 3.97221,
        "91": 4.926366,
        "92": 5.439736,
        "93": 8.185694,
        "94": 8.008776,
        "95": 7.382009,
        "96": 4.278374,
        "97": 6.054727,
        "98": 5.480019,
        "99": 6.641799,
        "100": 5.968437,
        "101": 4.150531,
        "102": 2.746246,
        "103": 3.559035,
        "104": 5.326338,
        "105": 5.459262,
        "106": 6.343212,
        "107": 2.723201,
        "108": 4.053983,
        "109": 6.697749,
        "110": 2.313589,
        "111": 13.58449,
        "112": 5.426736,
        "113": 5.75285,
        "114": 5.079561,
        "115": 3.175762,
        "116": 5.709101,
        "117": 3.70574,
        "118": 5.767705,
        "119": 0.846551,
        "120": 3.198954,
        "121": 2.583027,
        "122": 2.0398,
        "123": 1.913366,
        "124": 2.566955,