{
  "topology_id": 403,
  "load_conditions": {
    "low": {
      "utilization_fraction": 0.2,
      "edge_latencies_ms": {
        "0": 4.240094,
        "1": 3.296098,
        "2": 7.043815,
        "3": 4.323613,
        "4": 2.209458,
        "5": 3.743798,
        "6": 2.297004,
        "7": 5.363857,
        "8": 1.950985,
        "9": 3.811143,
        "10": 3.009374,
        "11": 5.55959,
        "12": 5.147091,
        "13": 4.918357,
        "14": 7.868895,
        "15": 6.900349,
        "16": 3.992893,
        "17": 1.275613,
        "18": 7.585757,
        "19": 5.272031,
        "20": 2.944545,
        "21": 2.764695,
        "22": 4.864736,
        "23": 2.923467,
        "24": 7.586573,
        "25": 2.172444,
        "26": 11.55685,
        "27": 3.254603,
        "28": 3.436964,
        "29": 4.024904,
        "30": 6.427034,
        "31": 4.425403,
        "32": 3.244883,
        "33": 2.114456,
        "34": 3.145549,
        "35": 9.942447,
        "36": 3.179622,
        "37": 4.170078,
        "38": 2.711946,
        "39": 5.028023,
        "40": 2.873776,
        "41": 2.84691,
        "42": 4.137819,
        "43": 2.396193,
        "44": 3.205733,
        "45": 7.275823,
        "46": 2.896183,
        "47": 7.50298,
        "48": 6.590598,
        "49": 3.461231,
        "50": 2.628722,
        "51": 3.688863,
        "52": 4.058708,
        "53": 3.534922,
        "54": 1.425481,
        "55": 4.285423,
        "56": 3.835165,
        "57": 3.546506,
        "58": 6.119247
      }
    },
    "medium": {
      "utilization_fraction": 0.5,
      "edge_latencies_ms": {
        "0": 4.240988,
        "1": 3.29744,
        "2": 7.055304,
        "3": 4.326623,
        "4": 2.210854,
        "5": 3.77446,
        "6": 2.298124,
        "7": 5.384611,
        "8": 1.951772,
        "9": 3.811924,
        "10": 3.01353,
        "11": 5.560491,
        "12": 5.149916,
        "13": 4.920368,
        "14": 7.869808,
        "15": 6.906692,
        "16": 3.994018,
        "17": 1.27972,
        "18": 7.587288,
        "19": 5.272996,
        "20": 2.945487,
        "21": 2.765723,
        "22": 4.866927,
        "23": 2.925875,
        "24": 7.598338,
        "25": 2.173847,
        "26": 11.570312,
        "27": 3.259883,
        "28": 3.43959,
        "29": 4.025853,
        "30": 6.42987,
        "31": 4.426337,
        "32": 3.248306,
        "33": 2.115435,
        "34": 3.146491,
        "35": 9.966308,
        "36": 3.181143,
        "37": 4.171378,
        "38": 2.712968,
        "39": 5.029239,
        "40": 2.874786,
        "41": 2.84785,
        "42": 4.139025,
        "43": 2.398698,
        "44": 3.207456,
        "45": 7.276678,
        "46": 2.902931,
        "47": 7.56377,
        "48": 6.593332,
        "49": 3.465196,
        "50": 2.629647,
        "51": 3.690119,
        "52": 4.059812,
        "53": 3.535747,
        "54": 1.426423,
        "55": 4.287455,
        "56": 3.835938,
        "57": 3.54729,
        "58": 6.122805
      }
    },
    "high": {
      "utilization_fraction": 0.8,
      "edge_latencies_ms": {
        "0": 4.244565,
        "1": 3.302807,
        "2": 7.101259,
        "3": 4.338663,
        "4": 2.216441,
        "5": 3.897108,
        "6": 2.302603,
        "7": 5.467631,
        "8": 1.954919,
        "9": 3.815048,
        "10": 3.030157,
        "11": 5.564096,
        "12": 5.161219,
        "13": 4.928412,
        "14": 7.873457,
        "15": 6.932062,
        "16": 3.99852,
        "17": 1.296148,
        "18": 7.593413,
        "19": 5.276855,
        "20": 2.949255,
        "21": 2.769833,
        "22": 4.875692,
        "23": 2.935503,
        "24": 7.645397,
        "25": 2.179457,
        "26": 11.624161,
        "27": 3.281004,
        "28": 3.450095,
        "29": 4.02965,
        "30": 6.441214,
        "31": 4.43007,
        "32": 3.262,
        "33": 2.119352,
        "34": 3.150261,
        "35": 10.061754,
        "36": 3.187227,
        "37": 4.176577,
        "38": 2.717059,
        "39": 5.034104,
        "40": 2.878827,
        "41": 2.851612,
        "42": 4.143846,
        "43": 2.408718,
        "44": 3.214351,
        "45": 7.2801,
        "46": 2.929924,
        "47": 7.80693,
        "48": 6.604267,
        "49": 3.481057,
        "50": 2.633348,
        "51": 3.695141,
        "52": 4.064227,
        "53": 3.539045,
        "54": 1.430189,
        "55": 4.295582,
        "56": 3.839032,
        "57": 3.550428,
        "58": 6.137036
      }
    },
    "flash": {
      "utilization_fraction": 0.95,
      "edge_latencies_ms": {
        "0": 4.262449,
        "1": 3.329644,
        "2": 7.331034,
        "3": 4.398862,
        "4": 2.244371,
        "5": 4.510349,
        "6": 2.325001,
        "7": 5.882727,
        "8": 1.970655,
        "9": 3.830665,
        "10": 3.113287,
        "11": 5.582119,
        "12": 5.217733,
        "13": 4.968632,
        "14": 7.891701,
        "15": 7.058912,
        "16": 4.021031,
        "17": 1.37829,
        "18": 7.624035,
        "19": 5.296153,
        "20": 2.968095,
        "21": 2.790385,
        "22": 4.919512,
        "23": 2.983645,
        "24": 7.880694,
        "25": 2.207507,
        "26": 11.893404,
        "27": 3.38661,
        "28": 3.502616,
        "29": 4.048634,
        "30": 6.497932,
        "31": 4.44874,
        "32": 3.330469,
        "33": 2.138936,
        "34": 3.169108,
        "35": 10.538981,
        "36": 3.217645,
        "37": 4.202572,
        "38": 2.737513,
        "39": 5.058425,
        "40": 2.89903,
        "41": 2.870418,
        "42": 4.167952,
        "43": 2.458817,
        "44": 3.248824,
        "45": 7.297211,
        "46": 3.064889,
        "47": 9.022731,
        "48": 6.658943,
        "49": 3.56036,
        "50": 2.651852,
        "51": 3.720255,
        "52": 4.086305,
        "53": 3.555538,
        "54": 1.44902,
        "55": 4.33622,
        "56": 3.8545,
        "57": 3.566116,
        "58": 6.208194
      }
    }
  }
}