{
  "topology_id": 277,
  "load_conditions": {
    "low": {
      "utilization_fraction": 0.2,
      "edge_latencies_ms": {
        "0": 1.519091,
        "1": 3.932596,
        "2": 9.641962,
        "3": 9.173808,
        "4": 13.056271,
        "5": 6.875459,
        "6": 4.021646,
        "7": 3.16249,
        "8": 10.854898,
        "9": 4.150695,
        "10": 3.1717,
        "11": 11.197611,
        "12": 4.797757,
        "13": 3.58507,
        "14": 3.51257,
        "15": 5.409798,
        "16": 5.954017,
        "17": 4.577608,
        "18": 10.585704,
        "19": 2.500296,
        "20": 13.088455,
        "21": 5.395778,
        "22": 4.09134,
        "23": 2.725349,
        "24": 1.112979,
        "25": 2.834389,
        "26": 3.20625,
        "27": 4.644982,
        "28": 3.418319
      }
    },
    "medium": {
      "utilization_fraction": 0.5,
      "edge_latencies_ms": {
        "0": 1.526493,
        "1": 3.933367,
        "2": 9.691275,
        "3": 9.185709,
        "4": 13.067979,
        "5": 6.885946,
        "6": 4.023152,
        "7": 3.164072,
        "8": 10.874654,
        "9": 4.151569,
        "10": 3.174204,
        "11": 11.220575,
        "12": 4.800778,
        "13": 3.586317,
        "14": 3.518744,
        "15": 5.410619,
        "16": 5.95521,
        "17": 4.579724,
        "18": 10.594094,
        "19": 2.501297,
        "20": 13.098748,
        "21": 5.397078,
        "22": 4.093407,
        "23": 2.727642,
        "24": 1.113755,
        "25": 2.836132,
        "26": 3.207004,
        "27": 4.645846,
        "28": 3.422683
      }
    },
    "high": {
      "utilization_fraction": 0.8,
      "edge_latencies_ms": {
        "0": 1.556104,
        "1": 3.936454,
        "2": 9.888528,
        "3": 9.233315,
        "4": 13.11481,
        "5": 6.927897,
        "6": 4.029173,
        "7": 3.170398,
        "8": 10.953679,
        "9": 4.155065,
        "10": 3.184217,
        "11": 11.31243,
        "12": 4.812862,
        "13": 3.591303,
        "14": 3.54344,
        "15": 5.413903,
        "16": 5.959982,
        "17": 4.588191,
        "18": 10.627652,
        "19": 2.505301,
        "20": 13.139923,
        "21": 5.402279,
        "22": 4.101674,
        "23": 2.736813,
        "24": 1.116859,
        "25": 2.843105,
        "26": 3.21002,
        "27": 4.649302,
        "28": 3.440135
      }
    },
    "flash": {
      "utilization_fraction": 0.95,
      "edge_latencies_ms": {
        "0": 1.704156,
        "1": 3.951889,
        "2": 10.874793,
        "3": 9.47134,
        "4": 13.348967,
        "5": 7.13765,
        "6": 4.05928,
        "7": 3.202026,
        "8": 11.348803,
        "9": 4.172542,
        "10": 3.234285,
        "11": 11.771707,
        "12": 4.873283,
        "13": 3.616234,
        "14": 3.66692,
        "15": 5.430324,
        "16": 5.983841,
        "17": 4.630523,
        "18": 10.795443,
        "19": 2.525321,
        "20": 13.345797,
        "21": 5.428282,
        "22": 4.143008,
        "23": 2.782668,
        "24": 1.13238,
        "25": 2.877971,
        "26": 3.225103,
        "27": 4.66658,
        "28": 3.5274
      }
    }
  }
}