{
  "topology_id": 159,
  "load_conditions": {
    "low": {
      "utilization_fraction": 0.2,
      "edge_latencies_ms": {
        "0": 3.721235,
        "1": 1.55472,
        "2": 2.742811,
        "3": 1.938598,
        "4": 3.867441,
        "5": 5.030388,
        "6": 2.994047,
        "7": 4.889126,
        "8": 3.470221,
        "9": 2.108538,
        "10": 2.676071,
        "11": 4.115054,
        "12": 10.671622,
        "13": 15.584754,
        "14": 3.700298,
        "15": 10.953571,
        "16": 10.449525,
        "17": 3.205965,
        "18": 14.282418,
        "19": 4.05742,
        "20": 3.063133,
        "21": 2.148901,
        "22": 3.043956,
        "23": 6.954475,
        "24": 3.393475,
        "25": 3.804164,
        "26": 5.277814,
        "27": 4.0695,
        "28": 2.172052,
        "29": 3.238407,
        "30": 4.312038,
        "31": 2.77142,
        "32": 3.8308,
        "33": 4.092433,
        "34": 2.257753,
        "35": 4.362943,
        "36": 2.018668,
        "37": 10.464744,
        "38": 2.679034,
        "39": 3.479255,
        "40": 11.592228,
        "41": 7.051482,
        "42": 7.308085,
        "43": 6.335736,
        "44": 2.554636,
        "45": 4.719368
      }
    },
    "medium": {
      "utilization_fraction": 0.5,
      "edge_latencies_ms": {
        "0": 3.722116,
        "1": 1.556554,
        "2": 2.743761,
        "3": 1.939785,
        "4": 3.86852,
        "5": 5.032191,
        "6": 2.995108,
        "7": 4.889897,
        "8": 3.472748,
        "9": 2.111903,
        "10": 2.67686,
        "11": 4.116688,
        "12": 10.684201,
        "13": 15.600896,
        "14": 3.701651,
        "15": 10.971022,
        "16": 10.522463,
        "17": 3.207057,
        "18": 14.356762,
        "19": 4.060493,
        "20": 3.063936,
        "21": 2.149781,
        "22": 3.049066,
        "23": 6.969855,
        "24": 3.39464,
        "25": 3.804934,
        "26": 5.278706,
        "27": 4.074703,
        "28": 2.173161,
        "29": 3.239312,
        "30": 4.313668,
        "31": 2.773102,
        "32": 3.832006,
        "33": 4.093519,
        "34": 2.259705,
        "35": 4.367166,
        "36": 2.02209,
        "37": 10.527032,
        "38": 2.681334,
        "39": 3.481634,
        "40": 11.620045,
        "41": 7.053097,
        "42": 7.309059,
        "43": 6.336531,
        "44": 2.555816,
        "45": 4.720583
      }
    },
    "high": {
      "utilization_fraction": 0.8,
      "edge_latencies_ms": {
        "0": 3.725639,
        "1": 1.563892,
        "2": 2.747562,
        "3": 1.944533,
        "4": 3.872835,
        "5": 5.039404,
        "6": 2.999354,
        "7": 4.89298,
        "8": 3.482859,
        "9": 2.125363,
        "10": 2.680015,
        "11": 4.123221,
        "12": 10.73452,
        "13": 15.665462,
        "14": 3.707065,
        "15": 11.040824,
        "16": 10.814214,
        "17": 3.211423,
        "18": 14.654136,
        "19": 4.072786,
        "20": 3.067148,
        "21": 2.153301,
        "22": 3.069506,
        "23": 7.031375,
        "24": 3.399301,
        "25": 3.808013,
        "26": 5.282273,
        "27": 4.095514,
        "28": 2.177595,
        "29": 3.242929,
        "30": 4.320191,
        "31": 2.779833,
        "32": 3.836829,
        "33": 4.097862,
        "34": 2.267513,
        "35": 4.384058,
        "36": 2.035775,
        "37": 10.776183,
        "38": 2.690537,
        "39": 3.491149,
        "40": 11.731309,
        "41": 7.059558,
        "42": 7.312958,
        "43": 6.339711,
        "44": 2.560536,
        "45": 4.725441
      }
    },
    "flash": {
      "utilization_fraction": 0.95,
      "edge_latencies_ms": {
        "0": 3.743254,
        "1": 1.60058,
        "2": 2.766563,
        "3": 1.96827,
        "4": 3.894414,
        "5": 5.075469,
        "6": 3.020585,
        "7": 4.908396,
        "8": 3.533414,
        "9": 2.192666,
        "10": 2.695791,
        "11": 4.155888,
        "12": 10.986112,
        "13": 15.988295,
        "14": 3.734135,
        "15": 11.389838,
        "16": 12.272971,
        "17": 3.233254,
        "18": 16.141007,
        "19": 4.134249,
        "20": 3.083209,
        "21": 2.1709,
        "22": 3.171704,
        "23": 7.338978,
        "24": 3.422604,
        "25": 3.82341,
        "26": 5.300107,
        "27": 4.199566,
        "28": 2.199768,
        "29": 3.261014,
        "30": 4.352803,
        "31": 2.813487,
        "32": 3.860943,
        "33": 4.119579,
        "34": 2.306553,
        "35": 4.468518,
        "36": 2.104204,
        "37": 12.02194,
        "38": 2.736551,
        "39": 3.538724,
        "40": 12.287633,
        "41": 7.091863,
        "42": 7.332454,
        "43": 6.35561,
        "44": 2.584135,
        "45": 4.749734
      }
    }
  }
}