{
  "topology_id": 432,
  "load_conditions": {
    "low": {
      "utilization_fraction": 0.2,
      "edge_latencies_ms": {
        "0": 1.997596,
        "1": 4.859711,
        "2": 3.589515,
        "3": 2.549391,
        "4": 3.983999,
        "5": 2.505191,
        "6": 2.933415,
        "7": 1.5483,
        "8": 1.325879,
        "9": 3.511448,
        "10": 2.095936,
        "11": 6.033533,
        "12": 3.540638,
        "13": 4.908424,
        "14": 5.491202,
        "15": 1.781382,
        "16": 5.674543,
        "17": 5.391562,
        "18": 15.119407,
        "19": 1.956525,
        "20": 3.527828,
        "21": 6.300422,
        "22": 4.832513,
        "23": 3.017322,
        "24": 4.40813,
        "25": 3.014037,
        "26": 4.309065,
        "27": 3.591772,
        "28": 4.521808,
        "29": 2.883018,
        "30": 12.39651,
        "31": 5.009519,
        "32": 3.003849,
        "33": 5.875468,
        "34": 4.856024,
        "35": 3.488874,
        "36": 3.115697,
        "37": 4.387207,
        "38": 4.91227,
        "39": 4.115003,
        "40": 4.179237,
        "41": 3.26064,
        "42": 4.485879,
        "43": 4.350304,
        "44": 3.311913,
        "45": 2.807353,
        "46": 3.822951,
        "47": 3.877791,
        "48": 4.874952,
        "49": 4.992269,
        "50": 4.780777,
        "51": 4.116523,
        "52": 2.356454,
        "53": 3.418708,
        "54": 3.523871,
        "55": 3.997209,
        "56": 2.211352,
        "57": 1.364283,
        "58": 4.69689,
        "59": 2.26479,
        "60": 5.122328,
        "61": 2.587685,
        "62": 3.1972,
        "63": 3.803704,
        "64": 5.416532,
        "65": 4.455979,
        "66": 1.407058,
        "67": 3.75808,
        "68": 3.575771,
        "69": 5.866608,
        "70": 4.523941,
        "71": 2.74786,
        "72": 6.612187,
        "73": 5.862337,
        "74": 11.646157,
        "75": 4.460432,
        "76": 2.522925,
        "77": 6.965582,
        "78": 3.609966,
        "79": 5.880017,
        "80": 6.817019,
        "81": 6.682314,
        "82": 4.824047,
        "83": 2.256872,
        "84": 4.643611,
        "85": 4.639659,
        "86": 4.05787,
        "87": 1.320046,
        "88": 2.469059,
        "89": 2.039189,
        "90": 5.069963,
        "91": 6.618749,
        "92": 2.979417,
        "93": 7.979416,
        "94": 5.942535,
        "95": 6.36402,
        "96": 2.077246,
        "97": 7.344687,
        "98": 1.812249,
        "99": 2.85574,
        "100": 3.738908,
        "101": 5.163033,
        "102": 3.349917,
        "103": 2.692013,
        "104": 4.294038,
        "105": 3.76536,
        "106": 5.072185,
        "107": 8.720292,
        "108": 4.923737,
        "109": 6.456068,
        "110": 4.995753,
        "111": 4.687903,
        "112": 2.806697,
        "113": 2.824481,
        "114": 5.747459,
        "115": 4.254536,
        "116": 4.253353,
        "117": 1.836977,
        "118": 3.926126,
        "119": 2.696107,
        "120": 4.202834,
        "121": 3.231106,
        "122": 3.34208,
        "123": 0.841011,
        "124": 5.667845,
        "125": 3.13675,
        "126": 3.085217,
        "127": 4.054591,
        "128": 3.032137,
        "129": 1.773662,
        "130": 2.538148,
        "131": 4.553727,
        "132": 5.419428
      }
    },
    "medium": {
      "utilization_fraction": 0.5,
      "edge_latencies_ms": {
        "0": 1.998746,
        "1": 4.860939,
        "2": 3.591019,
        "3": 2.552219,
        "4": 3.986036,
        "5": 2.506714,
        "6": 2.935704,
        "7": 1.549462,
        "8": 1.327058,
        "9": 3.512795,
        "10": 2.09674,
        "11": 6.034453,
        "12": 3.545467,
        "13": 4.909603,
        "14": 5.49389,
        "15": 1.783161,
        "16": 5.675303,
        "17": 5.392505,
        "18": 15.132308,
        "19": 1.958287,
        "20": 3.529133,
        "21": 6.301186,
        "22": 4.833944,
        "23": 3.023071,
        "24": 4.409167,
        "25": 3.015865,
        "26": 4.311609,
        "27": 3.592542,
        "28": 4.5227,
        "29": 2.884104,
        "30": 12.437594,
        "31": 5.010342,
        "32": 3.004633,
        "33": 5.87672,
        "34": 4.856815,
        "35": 3.490848,
        "36": 3.117099,
        "37": 4.393445,
        "38": 4.91308,
        "39": 4.116201,
        "40": 4.184632,
        "41": 3.261407,
        "42": 4.488097,
        "43": 4.356973,
        "44": 3.317778,
        "45": 2.808227,
        "46": 3.823809,
        "47": 3.878752,
        "48": 4.875746,
        "49": 4.995443,
        "50": 4.781601,
        "51": 4.118778,
        "52": 2.357624,
        "53": 3.419644,
        "54": 3.527095,
        "55": 3.997987,
        "56": 2.212699,
        "57": 1.366666,
        "58": 4.697703,
        "59": 2.266335,
        "60": 5.123524,
        "61": 2.588482,
        "62": 3.198072,
        "63": 3.80452,
        "64": 5.417495,
        "65": 4.457805,
        "66": 1.408464,
        "67": 3.764953,
        "68": 3.577069,
        "69": 5.867456,
        "70": 4.527273,
        "71": 2.749392,
        "72": 6.613526,
        "73": 5.865335,
        "74": 11.655258,
        "75": 4.462338,
        "76": 2.523884,
        "77": 6.967521,
        "78": 3.614306,
        "79": 5.881311,
        "80": 6.818311,
        "81": 6.68589,
        "82": 4.825338,
        "83": 2.25809,
        "84": 4.650306,
        "85": 4.640475,
        "86": 4.061013,
        "87": 1.322001,
        "88": 2.474302,
        "89": 2.040155,
        "90": 5.07235,
        "91": 6.625642,
        "92": 2.981098,
        "93": 7.980514,
        "94": 5.943848,
        "95": 6.364967,
        "96": 2.081156,
        "97": 7.346076,
        "98": 1.813325,
        "99": 2.856674,
        "100": 3.74178,
        "101": 5.163789,
        "102": 3.351436,
        "103": 2.69347,
        "104": 4.295069,
        "105": 3.766782,
        "106": 5.073182,
        "107": 8.721317,
        "108": 4.926216,
        "109": 6.459999,
        "110": 4.997912,
        "111": 4.688785,
        "112": 2.80795,
        "113": 2.827596,
        "114": 5.748294,
        "115": 4.256539,
        "116": 4.254563,
        "117": 1.838864,
        "118": 3.930966,
        "119": 2.697125,
        "120": 4.204154,
        "121": 3.232999,
        "122": 3.343214,
        "123": 0.841784,
        "124": 5.669322,
        "125": 3.13765,
        "126": 3.086448,
        "127": 4.056561,
        "128": 3.033087,
        "129": 1.774679,
        "130": 2.543048,
        "131": 4.55615,
        "132": 5.421512
      }
    },
    "high": {
      "utilization_fraction": 0.8,
      "edge_latencies_ms": {
        "0": 2.003344,
        "1": 4.865847,
        "2": 3.597035,
        "3": 2.563528,
        "4": 3.994185,
        "5": 2.512807,
        "6": 2.944864,
        "7": 1.554109,
        "8": 1.331774,
        "9": 3.518181,
        "10": 2.099955,
        "11": 6.038136,
        "12": 3.564783,
        "13": 4.914318,
        "14": 5.504646,
        "15": 1.790278,
        "16": 5.67834,
        "17": 5.396277,
        "18": 15.18391,
        "19": 1.965335,
        "20": 3.534354,
        "21": 6.304242,
        "22": 4.839667,
        "23": 3.046069,
        "24": 4.413312,
        "25": 3.023178,
        "26": 4.321786,
        "27": 3.595621,
        "28": 4.526267,
        "29": 2.888449,
        "30": 12.601932,
        "31": 5.013632,
        "32": 3.007771,
        "33": 5.881728,
        "34": 4.859983,
        "35": 3.498745,
        "36": 3.122709,
        "37": 4.4184,
        "38": 4.916319,
        "39": 4.120994,
        "40": 4.206208,
        "41": 3.264474,
        "42": 4.496966,
        "43": 4.383648,
        "44": 3.341236,
        "45": 2.811723,
        "46": 3.827243,
        "47": 3.882594,
        "48": 4.878921,
        "49": 5.008136,
        "50": 4.784898,
        "51": 4.127799,
        "52": 2.362306,
        "53": 3.42339,