{
  "topology_id": 441,
  "load_conditions": {
    "low": {
      "utilization_fraction": 0.2,
      "edge_latencies_ms": {
        "0": 5.207178,
        "1": 6.334177,
        "2": 5.0078,
        "3": 1.781759,
        "4": 5.30104,
        "5": 3.586695,
        "6": 7.799606,
        "7": 3.564836,
        "8": 2.310611,
        "9": 5.459716,
        "10": 2.876787,
        "11": 4.873351,
        "12": 4.872535,
        "13": 4.658078,
        "14": 3.897914,
        "15": 2.767712,
        "16": 3.607858,
        "17": 2.142408,
        "18": 3.315027,
        "19": 3.489442,
        "20": 0.827116,
        "21": 1.764367,
        "22": 2.738452,
        "23": 3.256107,
        "24": 5.869039,
        "25": 3.60814,
        "26": 3.270595,
        "27": 6.059584,
        "28": 4.345408,
        "29": 4.739803,
        "30": 4.089408,
        "31": 2.359954,
        "32": 4.701211,
        "33": 2.928662,
        "34": 3.592876,
        "35": 2.393776,
        "36": 3.38005,
        "37": 1.971337,
        "38": 4.974109,
        "39": 4.919415,
        "40": 7.683073,
        "41": 4.974409,
        "42": 3.93558,
        "43": 3.612604,
        "44": 6.728232,
        "45": 10.203506,
        "46": 3.376436,
        "47": 3.894705,
        "48": 4.746348,
        "49": 3.387788,
        "50": 5.556752,
        "51": 5.18896,
        "52": 4.798524,
        "53": 3.866253,
        "54": 5.73518,
        "55": 3.06549,
        "56": 1.799015
      }
    },
    "medium": {
      "utilization_fraction": 0.5,
      "edge_latencies_ms": {
        "0": 5.207999,
        "1": 6.336222,
        "2": 5.009017,
        "3": 1.782686,
        "4": 5.305676,
        "5": 3.588662,
        "6": 7.82578,
        "7": 3.572267,
        "8": 2.312773,
        "9": 5.467259,
        "10": 2.87771,
        "11": 4.875117,
        "12": 4.873703,
        "13": 4.660918,
        "14": 3.89868,
        "15": 2.768545,
        "16": 3.609136,
        "17": 2.143417,
        "18": 3.31843,
        "19": 3.49141,
        "20": 0.83021,
        "21": 1.765128,
        "22": 2.740715,
        "23": 3.257019,
        "24": 5.871028,
        "25": 3.608936,
        "26": 3.278964,
        "27": 6.060969,
        "28": 4.346416,
        "29": 4.744305,
        "30": 4.101278,
        "31": 2.361198,
        "32": 4.702304,
        "33": 2.93177,
        "34": 3.593867,
        "35": 2.395258,
        "36": 3.381158,
        "37": 1.972478,
        "38": 4.982374,
        "39": 4.920772,
        "40": 7.68493,
        "41": 4.981078,
        "42": 3.936349,
        "43": 3.613677,
        "44": 6.7292,
        "45": 10.222292,
        "46": 3.377263,
        "47": 3.896654,
        "48": 4.747496,
        "49": 3.391407,
        "50": 5.557667,
        "51": 5.192904,
        "52": 4.79979,
        "53": 3.86703,
        "54": 5.736922,
        "55": 3.066838,
        "56": 1.800049
      }
    },
    "high": {
      "utilization_fraction": 0.8,
      "edge_latencies_ms": {
        "0": 5.211283,
        "1": 6.344403,
        "2": 5.013887,
        "3": 1.786392,
        "4": 5.324219,
        "5": 3.596528,
        "6": 7.930474,
        "7": 3.601992,
        "8": 2.321424,
        "9": 5.497431,
        "10": 2.881401,
        "11": 4.882184,
        "12": 4.878371,
        "13": 4.672278,
        "14": 3.901744,
        "15": 2.771877,
        "16": 3.614247,
        "17": 2.147453,
        "18": 3.332046,
        "19": 3.499284,
        "20": 0.842585,
        "21": 1.768168,
        "22": 2.749768,
        "23": 3.260667,
        "24": 5.878984,
        "25": 3.612119,
        "26": 3.312441,
        "27": 6.066509,
        "28": 4.350446,
        "29": 4.762313,
        "30": 4.148759,
        "31": 2.366171,
        "32": 4.706675,
        "33": 2.944201,
        "34": 3.597832,
        "35": 2.401188,
        "36": 3.385593,
        "37": 1.977043,
        "38": 5.015435,
        "39": 4.926199,
        "40": 7.692356,
        "41": 5.007756,
        "42": 3.939425,
        "43": 3.61797,
        "44": 6.733071,
        "45": 10.297437,
        "46": 3.38057,
        "47": 3.90445,
        "48": 4.752084,
        "49": 3.405886,
        "50": 5.561329,
        "51": 5.20868,
        "52": 4.804852,
        "53": 3.870135,
        "54": 5.743888,
        "55": 3.072229,
        "56": 1.804182
      }
    },
    "flash": {
      "utilization_fraction": 0.95,
      "edge_latencies_ms": {
        "0": 5.227702,
        "1": 6.385306,
        "2": 5.038233,
        "3": 1.804923,
        "4": 5.416933,
        "5": 3.635861,
        "6": 8.453947,
        "7": 3.750615,
        "8": 2.364677,
        "9": 5.648293,
        "10": 2.899857,
        "11": 4.917516,
        "12": 4.901712,
        "13": 4.729079,
        "14": 3.917063,
        "15": 2.788537,
        "16": 3.639801,
        "17": 2.167631,
        "18": 3.400123,
        "19": 3.538656,
        "20": 0.904463,
        "21": 1.783371,
        "22": 2.795032,
        "23": 3.278904,
        "24": 5.918766,
        "25": 3.628035,
        "26": 3.479827,
        "27": 6.094212,
        "28": 4.370598,
        "29": 4.852353,
        "30": 4.386164,
        "31": 2.391038,
        "32": 4.728528,
        "33": 3.006359,
        "34": 3.617657,
        "35": 2.430836,
        "36": 3.407764,
        "37": 1.99987,
        "38": 5.180737,
        "39": 4.953336,
        "40": 7.729486,
        "41": 5.141143,
        "42": 3.954804,
        "43": 3.639436,
        "44": 6.752427,
        "45": 10.673161,
        "46": 3.397109,
        "47": 3.943434,
        "48": 4.775028,
        "49": 3.478281,
        "50": 5.57964,
        "51": 5.287563,
        "52": 4.830163,
        "53": 3.885662,
        "54": 5.778721,
        "55": 3.099187,
        "56": 1.824851
      }
    }
  }
}