{
  "topology_id": 36,
  "load_conditions": {
    "low": {
      "utilization_fraction": 0.2,
      "edge_latencies_ms": {
        "0": 3.373535,
        "1": 3.743285,
        "2": 13.136113,
        "3": 7.144015,
        "4": 3.502614,
        "5": 0.626327,
        "6": 6.394419,
        "7": 2.867819,
        "8": 3.297028,
        "9": 2.289481,
        "10": 2.192807,
        "11": 6.365801,
        "12": 6.130268,
        "13": 5.183006,
        "14": 7.246413,
        "15": 3.093111,
        "16": 7.246184,
        "17": 5.210672,
        "18": 5.578021,
        "19": 4.142887,
        "20": 4.170513,
        "21": 16.346538,
        "22": 2.134434,
        "23": 3.339956,
        "24": 2.961198,
        "25": 4.815088,
        "26": 3.473378,
        "27": 1.939617,
        "28": 1.795781,
        "29": 4.437962,
        "30": 10.957641,
        "31": 1.256328,
        "32": 3.626471,
        "33": 13.31735,
        "34": 4.460266,
        "35": 11.141893,
        "36": 1.697461,
        "37": 4.313962,
        "38": 4.729809,
        "39": 3.685846,
        "40": 3.599216,
        "41": 5.520243,
        "42": 2.514804,
        "43": 2.383718,
        "44": 4.259115,
        "45": 2.613415,
        "46": 2.990324,
        "47": 5.686141,
        "48": 3.82352,
        "49": 3.555634,
        "50": 6.990884,
        "51": 5.406937,
        "52": 3.937216,
        "53": 4.337418,
        "54": 4.191283,
        "55": 4.233007,
        "56": 2.837987,
        "57": 2.357453,
        "58": 3.37296,
        "59": 11.253995,
        "60": 5.912175,
        "61": 4.039545,
        "62": 3.056179,
        "63": 6.696188,
        "64": 4.12207,
        "65": 6.341732,
        "66": 5.2516,
        "67": 5.096222,
        "68": 5.750601,
        "69": 7.221117,
        "70": 4.864758,
        "71": 4.84557,
        "72": 5.296548,
        "73": 7.323065,
        "74": 2.138149,
        "75": 3.94957
      }
    },
    "medium": {
      "utilization_fraction": 0.5,
      "edge_latencies_ms": {
        "0": 3.374502,
        "1": 3.744577,
        "2": 13.145806,
        "3": 7.199534,
        "4": 3.507177,
        "5": 0.628359,
        "6": 6.395411,
        "7": 2.868809,
        "8": 3.299124,
        "9": 2.290639,
        "10": 2.193837,
        "11": 6.36691,
        "12": 6.132569,
        "13": 5.185923,
        "14": 7.25832,
        "15": 3.097257,
        "16": 7.297082,
        "17": 5.211871,
        "18": 5.584384,
        "19": 4.144137,
        "20": 4.171876,
        "21": 16.355924,
        "22": 2.138557,
        "23": 3.341858,
        "24": 2.962241,
        "25": 4.817166,
        "26": 3.475178,
        "27": 1.94118,
        "28": 1.797465,
        "29": 4.439229,
        "30": 11.015689,
        "31": 1.257514,
        "32": 3.627416,
        "33": 13.325738,
        "34": 4.461145,
        "35": 11.152642,
        "36": 1.698329,
        "37": 4.319792,
        "38": 4.731158,
        "39": 3.687587,
        "40": 3.601095,
        "41": 5.527947,
        "42": 2.520601,
        "43": 2.384597,
        "44": 4.259912,
        "45": 2.614253,
        "46": 2.99251,
        "47": 5.687514,
        "48": 3.824682,
        "49": 3.557653,
        "50": 6.991676,
        "51": 5.407736,
        "52": 3.938528,
        "53": 4.338586,
        "54": 4.192036,
        "55": 4.236156,
        "56": 2.839197,
        "57": 2.359363,
        "58": 3.375559,
        "59": 11.261712,
        "60": 5.91408,
        "61": 4.043041,
        "62": 3.058216,
        "63": 6.698958,
        "64": 4.122979,
        "65": 6.343006,
        "66": 5.253104,
        "67": 5.098752,
        "68": 5.75238,
        "69": 7.224276,
        "70": 4.866067,
        "71": 4.847014,
        "72": 5.297793,
        "73": 7.324152,
        "74": 2.139486,
        "75": 3.951623
      }
    },
    "high": {
      "utilization_fraction": 0.8,
      "edge_latencies_ms": {
        "0": 3.378369,
        "1": 3.749747,
        "2": 13.184578,
        "3": 7.421608,
        "4": 3.525428,
        "5": 0.636486,
        "6": 6.399379,
        "7": 2.872768,
        "8": 3.307511,
        "9": 2.295268,
        "10": 2.197958,
        "11": 6.371347,
        "12": 6.141771,
        "13": 5.197592,
        "14": 7.305946,
        "15": 3.113841,
        "16": 7.500676,
        "17": 5.216669,
        "18": 5.609837,
        "19": 4.149139,
        "20": 4.177329,
        "21": 16.393467,
        "22": 2.155047,
        "23": 3.349467,
        "24": 2.966412,
        "25": 4.825476,
        "26": 3.482376,
        "27": 1.94743,
        "28": 1.804203,
        "29": 4.444297,
        "30": 11.247882,
        "31": 1.262259,
        "32": 3.631193,
        "33": 13.359288,
        "34": 4.46466,
        "35": 11.195639,
        "36": 1.701803,
        "37": 4.343113,
        "38": 4.736553,
        "39": 3.694549,
        "40": 3.608612,
        "41": 5.558763,
        "42": 2.54379,
        "43": 2.388111,
        "44": 4.263101,
        "45": 2.617604,
        "46": 3.001256,
        "47": 5.693007,
        "48": 3.829327,
        "49": 3.565731,
        "50": 6.994847,
        "51": 5.41093,
        "52": 3.943774,
        "53": 4.343254,
        "54": 4.195048,
        "55": 4.248752,
        "56": 2.844036,
        "57": 2.367004,
        "58": 3.385951,
        "59": 11.292583,
        "60": 5.921698,
        "61": 4.057026,
        "62": 3.066367,
        "63": 6.710041,
        "64": 4.126615,
        "65": 6.348099,
        "66": 5.259119,
        "67": 5.108873,
        "68": 5.759497,
        "69": 7.236913,
        "70": 4.871302,
        "71": 4.852788,
        "72": 5.302776,
        "73": 7.328501,
        "74": 2.144833,
        "75": 3.959833
      }
    },
    "flash": {
      "utilization_fraction": 0.95,
      "edge_latencies_ms": {
        "0": 3.397703,
        "1": 3.775596,
        "2": 13.378441,
        "3": 8.531983,
        "4": 3.616682,
        "5": 0.677122,
        "6": 6.419218,
        "7": 2.892563,
        "8": 3.349444,
        "9": 2.318414,
        "10": 2.218564,
        "11": 6.39353,
        "12": 6.187783,
        "13": 5.255934,
        "14": 7.544079,
        "15": 3.196757,
        "16": 8.518646,
        "17": 5.240661,
        "18": 5.737101,
        "19": 4.174148,
        "20": 4.204594,
        "21": 16.581181,
        "22": 2.237498,
        "23": 3.387513,
        "24": 2.987271,
        "25": 4.867026,
        "26": 3.518368,
        "27": 1.978683,
        "28": 1.837891,
        "29": 4.469639,
        "30": 12.408842,
        "31": 1.285984,
        "32": 3.650077,
        "33": 13.527042,
        "34": 4.482239,
        "35": 11.410622,
        "36": 1.719173,
        "37": 4.459718,
        "38": 4.763527,
        "39": 3.729358,
        "40": 3.646197,
        "41": 5.712844,
        "42": 2.659734,
        "43": 2.405684,
        "44": 4.279045,
        "45": 2.634359,
        "46": 3.044988,
        "47": 5.720468,
        "48": 3.852551,
        "49": 3.606117,
        "50": 7.010702,
        "51": 5.426904,
        "52": 3.970006,
        "53": 4.366598,
        "54": 4.210111,
        "55": 4.311735,
        "56": 2.868231,
        "57": 2.405209,
        "58": 3.437913,
        "59": 11.446936,
        "60": 5.959788,
        "61": 4.126951,
        "62": 3.107122,
        "63": 6.765455,
        "64": 4.144797,
        "65": 6.373565,
        "66": 5.289198,
        "67": 5.159477,
        "68": 5.795082,
        "69": 7.300098,
        "70": 4.897476,
        "71": 4.881661,
        "72": 5.327688,
        "73": 7.350241,
        "74": 2.171569,
        "75": 4.000887
      }
    }
  }
}