{
  "topology_id": 472,
  "load_conditions": {
    "low": {
      "utilization_fraction": 0.2,
      "edge_latencies_ms": {
        "0": 5.292391,
        "1": 2.859584,
        "2": 1.471949,
        "3": 1.942398,
        "4": 12.995034,
        "5": 6.668802,
        "6": 4.188876,
        "7": 6.276943,
        "8": 3.845324,
        "9": 5.698719,
        "10": 3.511994,
        "11": 1.088114,
        "12": 3.599152,
        "13": 3.11723,
        "14": 3.78914,
        "15": 2.445016,
        "16": 4.198541,
        "17": 3.91377,
        "18": 5.76687,
        "19": 1.779399,
        "20": 2.847463,
        "21": 2.285675,
        "22": 1.966968,
        "23": 12.427146,
        "24": 2.999288,
        "25": 10.006434,
        "26": 2.706182,
        "27": 1.423925,
        "28": 5.810373,
        "29": 5.926812,
        "30": 4.300451,
        "31": 3.401045,
        "32": 3.72156,
        "33": 5.55255,
        "34": 3.484215,
        "35": 1.600825,
        "36": 2.855516,
        "37": 7.984184,
        "38": 1.87025,
        "39": 11.504727,
        "40": 8.467919,
        "41": 5.654656,
        "42": 4.381417,
        "43": 3.032416,
        "44": 13.231469,
        "45": 6.419827,
        "46": 5.5649,
        "47": 6.714133,
        "48": 5.630645,
        "49": 5.982936,
        "50": 6.035446,
        "51": 6.692765,
        "52": 4.477302,
        "53": 9.247812,
        "54": 6.724536,
        "55": 4.54568,
        "56": 4.919865,
        "57": 3.915725,
        "58": 4.250873,
        "59": 2.520677,
        "60": 2.8939,
        "61": 5.02347,
        "62": 4.545254,
        "63": 2.226997,
        "64": 2.744844,
        "65": 4.742214,
        "66": 3.675025,
        "67": 3.496309,
        "68": 3.270204,
        "69": 4.618075,
        "70": 4.346513,
        "71": 4.186949,
        "72": 2.32874,
        "73": 3.381499,
        "74": 3.900367,
        "75": 3.999011,
        "76": 1.83517,
        "77": 4.977398,
        "78": 5.701013,
        "79": 3.653616,
        "80": 2.872742,
        "81": 3.087511,
        "82": 1.311024,
        "83": 4.242033,
        "84": 2.949518,
        "85": 3.358995,
        "86": 4.331638,
        "87": 2.327929,
        "88": 3.252232,
        "89": 5.4283,
        "90": 2.344706,
        "91": 2.344044,
        "92": 4.300629,
        "93": 3.03588,
        "94": 6.132282,
        "95": 4.771588,
        "96": 5.025255,
        "97": 1.65534,
        "98": 5.209006,
        "99": 3.903728,
        "100": 3.529119,
        "101": 4.642249,
        "102": 3.607124,
        "103": 3.101489,
        "104": 3.748765,
        "105": 3.739612,
        "106": 3.003783,
        "107": 3.676806,
        "108": 1.693847,
        "109": 2.222883,
        "110": 4.908928,
        "111": 2.83393,
        "112": 3.142613,
        "113": 4.412431,
        "114": 3.938224,
        "115": 4.591443,
        "116": 2.610861,
        "117": 4.002719,
        "118": 3.297639,
        "119": 6.014432,
        "120": 7.382412,
        "121": 4.595946,
        "122": 4.530945,
        "123": 4.682004,
        "124": 3.364326,
        "125": 5.772888,
        "126": 2.601816,
        "127": 2.814039,
        "128": 3.775023,
        "129": 3.107013,
        "130": 4.94976,
        "131": 5.987789,
        "132": 3.066788,
        "133": 2.111854,
        "134": 3.155604,
        "135": 3.865151,
        "136": 2.227653,
        "137": 6.206584,
        "138": 3.192555,
        "139": 3.820099,
        "140": 5.645573,
        "141": 5.940585,
        "142": 4.137299,
        "143": 3.704319,
        "144": 4.15088,
        "145": 5.13384,
        "146": 3.86452,
        "147": 5.98411,
        "148": 5.95798,
        "149": 2.545938,
        "150": 5.569791,
        "151": 4.983002,
        "152": 3.71493,
        "153": 2.555561,
        "154": 3.945695,
        "155": 3.717895,
        "156": 3.42446,
        "157": 4.289024,
        "158": 3.590872,
        "159": 6.287268,
        "160": 3.428157,
        "161": 4.612399,
        "162": 4.823095,
        "163": 6.865519,
        "164": 5.815147,
        "165": 3.892038,
        "166": 2.252445,
        "167": 2.418147,
        "168": 3.297943,
        "169": 4.017945,
        "170": 2.483427,
        "171": 2.528342,
        "172": 5.77447,
        "173": 4.706085,
        "174": 6.587363,
        "175": 2.338122,
        "176": 6.61896,
        "177": 4.603451,
        "178": 5.363576
      }
    },
    "medium": {
      "utilization_fraction": 0.5,
      "edge_latencies_ms": {
        "0": 5.295077,
        "1": 2.860511,
        "2": 1.47811,
        "3": 1.943602,
        "4": 13.005223,
        "5": 6.669745,
        "6": 4.189662,
        "7": 6.277698,
        "8": 3.846317,
        "9": 5.700946,
        "10": 3.513146,
        "11": 1.08935,
        "12": 3.600142,
        "13": 3.119411,
        "14": 3.791056,
        "15": 2.4459,
        "16": 4.200124,
        "17": 3.916559,
        "18": 5.767628,
        "19": 1.78568,
        "20": 2.848584,
        "21": 2.287245,
        "22": 1.968655,
        "23": 12.446935,
        "24": 3.000453,
        "25": 10.018323,
        "26": 2.707222,
        "27": 1.424791,
        "28": 5.812454,
        "29": 5.927693,
        "30": 4.301723,
        "31": 3.406455,
        "32": 3.723061,
        "33": 5.554271,
        "34": 3.485353,
        "35": 1.602106,
        "36": 2.856338,
        "37": 7.989223,
        "38": 1.871758,
        "39": 11.515096,
        "40": 8.468842,
        "41": 5.657517,
        "42": 4.382398,
        "43": 3.033375,
        "44": 13.254143,
        "45": 6.420854,
        "46": 5.566474,
        "47": 6.715884,
        "48": 5.635729,
        "49": 5.985067,
        "50": 6.036456,
        "51": 6.69826,
        "52": 4.481921,
        "53": 9.25389,
        "54": 6.725345,
        "55": 4.546708,
        "56": 4.923055,
        "57": 3.939092,
        "58": 4.251637,
        "59": 2.52264,
        "60": 2.901836,
        "61": 5.025497,
        "62": 4.547151,
        "63": 2.228204,
        "64": 2.745759,
        "65": 4.74309,
        "66": 3.676384,
        "67": 3.497185,
        "68": 3.271369,
        "69": 4.619506,
        "70": 4.350108,
        "71": 4.188498,
        "72": 2.329509,
        "73": 3.38277,
        "74": 3.901217,
        "75": 4.000789,
        "76": 1.837286,
        "77": 4.979555,
        "78": 5.703058,
        "79": 3.657283,
        "80": 2.873674,
        "81": 3.094411,
        "82": 1.311866,
        "83": 4.244555,
        "84": 2.955668,
        "85": 3.360048,
        "86": 4.332879,
        "87": 2.329212,
        "88": 3.253443,
        "89": 5.429177,
        "90": 2.345836,
        "91": 2.345741,
        "92": 4.301684,
        "93": 3.036721,
        "94": 6.133128,
        "95": 4.773311,
        "96": 5.027715,
        "97": 1.656479,
        "98": 5.211489,
        "99": 3.907047,
        "100": 3.530017,
        "101": 4.643948,
        "102": 3.608668,
        "103": 3.102517,
        "104": 3.749689,
        "105": 3.740998,
        "106": 3.005424,
        "107": 3.677751,
        "108": 1.694911,
        "109": 2.223692,
        "110": 4.910551,
        "111": 2.836382,
        "112": 3.147361,
        "113": 4.413938,
        "114": 3.940408,
        "115": 4.592464,
        "116": 2.61171,
        "117": 4.004472,
        "118": 3.298821,
        "119": 6.015735,
        "120": 7.389934,
        "121": 4.596721,
        "122": 4.53276,
        "123": 4.68282,
        "124": 3.37153,
        "125": 5.778894,
        "126": 2.602783,
        "127": 2.814917,
        "128": 3.780672,
        "129": 3.108083,
        "130": 4.950525,
        "131": 5.98988,
        "132": 3.073021,
        "133": 2.114112,
        "134": 3.156748,
        "135": 3.866282,
        "136": 2.290327,
        "137": 6.208439,
        "138": 3.19522,
        "139": 3.822498,
        "140": 5.647336,
        "141": 5.941573,