{
  "topology_id": 356,
  "load_conditions": {
    "low": {
      "utilization_fraction": 0.2,
      "edge_latencies_ms": {
        "0": 2.815939,
        "1": 1.870884,
        "2": 3.917801,
        "3": 17.399947,
        "4": 8.389697,
        "5": 4.513297,
        "6": 4.787093,
        "7": 4.686927,
        "8": 7.647751,
        "9": 3.491645,
        "10": 4.105375,
        "11": 7.683637,
        "12": 4.555331,
        "13": 4.886332,
        "14": 5.499569,
        "15": 8.438868,
        "16": 6.32421,
        "17": 11.574804,
        "18": 2.26987,
        "19": 7.298108,
        "20": 4.862459,
        "21": 9.604197,
        "22": 4.383775,
        "23": 4.246726,
        "24": 2.311155,
        "25": 5.04737,
        "26": 4.349775,
        "27": 3.469648,
        "28": 1.687033,
        "29": 0.781523,
        "30": 2.987864,
        "31": 3.076082,
        "32": 4.196506,
        "33": 6.809879,
        "34": 5.012528,
        "35": 5.10857,
        "36": 3.232389,
        "37": 3.741545,
        "38": 5.528995,
        "39": 3.834267,
        "40": 8.795443,
        "41": 2.707637,
        "42": 1.29363,
        "43": 7.849173,
        "44": 3.739565,
        "45": 4.861007,
        "46": 1.767302,
        "47": 4.202937,
        "48": 4.727456,
        "49": 1.242132,
        "50": 4.383191,
        "51": 4.29618
      }
    },
    "medium": {
      "utilization_fraction": 0.5,
      "edge_latencies_ms": {
        "0": 2.817594,
        "1": 1.871842,
        "2": 3.921569,
        "3": 17.43202,
        "4": 8.408554,
        "5": 4.515113,
        "6": 4.795283,
        "7": 4.689379,
        "8": 7.662857,
        "9": 3.492593,
        "10": 4.107072,
        "11": 7.688658,
        "12": 4.556341,
        "13": 4.887115,
        "14": 5.511746,
        "15": 8.441227,
        "16": 6.32503,
        "17": 11.59529,
        "18": 2.270798,
        "19": 7.301892,
        "20": 4.877884,
        "21": 9.63552,
        "22": 4.386126,
        "23": 4.247688,
        "24": 2.312053,
        "25": 5.052393,
        "26": 4.35087,
        "27": 3.47139,
        "28": 1.689263,
        "29": 0.783244,
        "30": 2.990987,
        "31": 3.076928,
        "32": 4.198391,
        "33": 6.820629,
        "34": 5.017711,
        "35": 5.110009,
        "36": 3.240634,
        "37": 3.770967,
        "38": 5.533525,
        "39": 3.83516,
        "40": 8.815555,
        "41": 2.710778,
        "42": 1.294931,
        "43": 7.856878,
        "44": 3.74036,
        "45": 4.863443,
        "46": 1.76847,
        "47": 4.203846,
        "48": 4.728428,
        "49": 1.246255,
        "50": 4.384824,
        "51": 4.297098
      }
    },
    "high": {
      "utilization_fraction": 0.8,
      "edge_latencies_ms": {
        "0": 2.824212,
        "1": 1.875671,
        "2": 3.936641,
        "3": 17.560314,
        "4": 8.483983,
        "5": 4.522381,
        "6": 4.828039,
        "7": 4.699188,
        "8": 7.723283,
        "9": 3.496386,
        "10": 4.113861,
        "11": 7.708745,
        "12": 4.560382,
        "13": 4.890245,
        "14": 5.560455,
        "15": 8.450664,
        "16": 6.328311,
        "17": 11.677234,
        "18": 2.274508,
        "19": 7.317025,
        "20": 4.939585,
        "21": 9.760809,
        "22": 4.395534,
        "23": 4.251536,
        "24": 2.315646,
        "25": 5.072482,
        "26": 4.355252,
        "27": 3.478355,
        "28": 1.698186,
        "29": 0.790127,
        "30": 3.00348,
        "31": 3.080312,
        "32": 4.205929,
        "33": 6.863627,
        "34": 5.038443,
        "35": 5.115766,
        "36": 3.273613,
        "37": 3.888651,
        "38": 5.551647,
        "39": 3.838735,
        "40": 8.896,
        "41": 2.723341,
        "42": 1.300137,
        "43": 7.887699,
        "44": 3.743538,
        "45": 4.873187,
        "46": 1.773142,
        "47": 4.207484,
        "48": 4.732317,
        "49": 1.262745,
        "50": 4.391356,
        "51": 4.300769
      }
    },
    "flash": {
      "utilization_fraction": 0.95,
      "edge_latencies_ms": {
        "0": 2.857302,
        "1": 1.894821,
        "2": 4.012002,
        "3": 18.201785,
        "4": 8.861129,
        "5": 4.558718,
        "6": 4.991824,
        "7": 4.748231,
        "8": 8.025411,
        "9": 3.51535,
        "10": 4.147807,
        "11": 7.80918,
        "12": 4.580587,
        "13": 4.905896,
        "14": 5.803999,
        "15": 8.49785,
        "16": 6.344713,
        "17": 12.086951,
        "18": 2.293062,
        "19": 7.392692,
        "20": 5.24809,
        "21": 10.387256,
        "22": 4.44257,
        "23": 4.27078,
        "24": 2.333607,
        "25": 5.17293,
        "26": 4.377162,
        "27": 3.513182,
        "28": 1.742798,
        "29": 0.824541,
        "30": 3.065946,
        "31": 3.097232,
        "32": 4.243623,
        "33": 7.078619,
        "34": 5.142103,
        "35": 5.144553,
        "36": 3.43851,
        "37": 4.477075,
        "38": 5.642256,
        "39": 3.85661,
        "40": 9.298228,
        "41": 2.78616,
        "42": 1.326166,
        "43": 8.041801,
        "44": 3.759431,
        "45": 4.921907,
        "46": 1.796501,
        "47": 4.225671,
        "48": 4.751763,
        "49": 1.3452,
        "50": 4.424015,
        "51": 4.319125
      }
    }
  }
}