{
  "topology_id": 153,
  "load_conditions": {
    "low": {
      "utilization_fraction": 0.2,
      "edge_latencies_ms": {
        "0": 3.82937,
        "1": 3.19271,
        "2": 2.929358,
        "3": 3.187922,
        "4": 2.515356,
        "5": 3.527554,
        "6": 5.726428,
        "7": 2.276698,
        "8": 2.000454,
        "9": 6.788914,
        "10": 3.859015,
        "11": 1.689048,
        "12": 5.076874,
        "13": 4.682613,
        "14": 4.293808,
        "15": 3.612958,
        "16": 5.121877,
        "17": 2.7665,
        "18": 1.040988,
        "19": 3.541244,
        "20": 4.177146,
        "21": 7.266643,
        "22": 3.615379,
        "23": 2.934078,
        "24": 2.153891,
        "25": 2.739555,
        "26": 7.977566,
        "27": 4.512765,
        "28": 3.534677,
        "29": 4.797183,
        "30": 5.131815,
        "31": 3.076168,
        "32": 2.321697,
        "33": 1.988874,
        "34": 1.486395,
        "35": 2.135049,
        "36": 2.760483,
        "37": 2.843227,
        "38": 2.465757,
        "39": 3.333635,
        "40": 2.08734,
        "41": 4.642772,
        "42": 3.013964,
        "43": 3.326998,
        "44": 1.275424,
        "45": 1.378489,
        "46": 1.637515,
        "47": 2.795359,
        "48": 6.174317,
        "49": 5.718037,
        "50": 1.727774,
        "51": 3.550084,
        "52": 5.114732,
        "53": 3.731896,
        "54": 3.656421,
        "55": 1.922949,
        "56": 3.696378,
        "57": 2.29413,
        "58": 3.765036,
        "59": 4.02922,
        "60": 4.218908,
        "61": 4.551544,
        "62": 2.312742,
        "63": 4.02434,
        "64": 5.464866,
        "65": 7.100096,
        "66": 6.303796,
        "67": 2.990219,
        "68": 3.771782,
        "69": 4.04536,
        "70": 2.723869,
        "71": 4.578742,
        "72": 5.296799,
        "73": 6.204942,
        "74": 5.604614,
        "75": 4.882407,
        "76": 4.459131,
        "77": 5.378162,
        "78": 5.242547,
        "79": 3.420958,
        "80": 2.517568,
        "81": 2.261057,
        "82": 4.125918,
        "83": 3.598244,
        "84": 2.811729,
        "85": 2.372734,
        "86": 3.532203,
        "87": 3.354537,
        "88": 2.677259,
        "89": 6.394822,
        "90": 12.231478,
        "91": 12.65969,
        "92": 3.259092,
        "93": 12.382509,
        "94": 2.691728,
        "95": 4.247452,
        "96": 3.944273,
        "97": 7.734844,
        "98": 6.692401,
        "99": 5.244905,
        "100": 4.315351,
        "101": 4.987517,
        "102": 3.095083,
        "103": 6.521088,
        "104": 6.408067,
        "105": 3.728212,
        "106": 3.662135,
        "107": 0.944528,
        "108": 7.119651,
        "109": 4.670716,
        "110": 4.335902,
        "111": 7.620532,
        "112": 4.763992,
        "113": 3.075857,
        "114": 2.199328,
        "115": 4.807821,
        "116": 6.380412,
        "117": 2.190726,
        "118": 4.201093,
        "119": 1.794275,
        "120": 4.587653,
        "121": 3.573529,
        "122": 4.192709,
        "123": 2.050137,
        "124": 4.319553,
        "125": 4.360037,
        "126": 5.127561,
        "127": 3.929958,
        "128": 5.008224,
        "129": 6.822953,
        "130": 4.098528,
        "131": 5.182993,
        "132": 4.406965,
        "133": 5.379439,
        "134": 4.323274,
        "135": 3.816697,
        "136": 2.85831,
        "137": 4.904995,
        "138": 3.181995,
        "139": 5.16812,
        "140": 2.13808,
        "141": 3.161538,
        "142": 4.6331,
        "143": 3.604713,
        "144": 1.99954,
        "145": 4.2101,
        "146": 3.77053,
        "147": 5.922404,
        "148": 2.858056,
        "149": 2.949863,
        "150": 6.098889,
        "151": 1.434861,
        "152": 2.982639,
        "153": 5.203184,
        "154": 5.276854,
        "155": 5.201535,
        "156": 9.100741,
        "157": 4.870499,
        "158": 3.365944,
        "159": 5.983265,
        "160": 4.9085,
        "161": 3.139811,
        "162": 4.344608,
        "163": 4.732437,
        "164": 4.548184,
        "165": 5.589967,
        "166": 5.404364,
        "167": 7.255895,
        "168": 5.988471,
        "169": 9.870399,
        "170": 6.993521,
        "171": 4.371651,
        "172": 3.829487,
        "173": 3.711589,
        "174": 0.749712,
        "175": 6.576573,
        "176": 4.61585,
        "177": 3.518856,
        "178": 4.910429,
        "179": 1.126855,
        "180": 3.843613,
        "181": 3.824524,
        "182": 4.109922,
        "183": 4.063607,
        "184": 3.772372,
        "185": 1.977719,
        "186": 1.76738,
        "187": 2.84491,
        "188": 4.680881,
        "189": 3.748143,
        "190": 4.158512,
        "191": 2.278823,
        "192": 4.011832,
        "193": 7.141812,
        "194": 2.427579,
        "195": 4.30342,
        "196": 3.936991,
        "197": 3.066867
      }
    },
    "medium": {
      "utilization_fraction": 0.5,
      "edge_latencies_ms": {
        "0": 3.833943,
        "1": 3.193498,
        "2": 2.930612,
        "3": 3.192608,
        "4": 2.516634,
        "5": 3.529285,
        "6": 5.727817,
        "7": 2.278003,
        "8": 2.001653,
        "9": 6.793901,
        "10": 3.860638,
        "11": 1.690447,
        "12": 5.077711,
        "13": 4.684241,
        "14": 4.296614,
        "15": 3.614917,
        "16": 5.122709,
        "17": 2.767547,
        "18": 1.041816,
        "19": 3.542962,
        "20": 4.178286,
        "21": 7.267725,
        "22": 3.617136,
        "23": 2.935063,
        "24": 2.154711,
        "25": 2.744567,
        "26": 7.97931,
        "27": 4.515843,
        "28": 3.535506,
        "29": 4.798967,
        "30": 5.13297,
        "31": 3.082796,
        "32": 2.322726,
        "33": 1.989899,
        "34": 1.487764,
        "35": 2.136556,
        "36": 2.76196,
        "37": 2.845035,
        "38": 2.467079,
        "39": 3.334707,
        "40": 2.08961,
        "41": 4.643767,
        "42": 3.014738,
        "43": 3.328117,
        "44": 1.276639,
        "45": 1.379711,
        "46": 1.639986,
        "47": 2.796478,
        "48": 6.176825,
        "49": 5.719472,
        "50": 1.728951,
        "51": 3.551117,
        "52": 5.115866,
        "53": 3.738749,
        "54": 3.657251,
        "55": 1.924419,
        "56": 3.69713,
        "57": 2.295216,
        "58": 3.767561,
        "59": 4.035631,
        "60": 4.220679,
        "61": 4.553266,
        "62": 2.315102,
        "63": 4.025823,
        "64": 5.466505,
        "65": 7.102402,
        "66": 6.306701,
        "67": 2.991377,
        "68": 3.772654,
        "69": 4.046307,
        "70": 2.725309,
        "71": 4.58254,
        "72": 5.301011,
        "73": 6.206793,
        "74": 5.60606,
        "75": 4.885518,
        "76": 4.45993,
        "77": 5.381143,
        "78": 5.243832,
        "79": 3.422098,
        "80": 2.519384,
        "81": 2.266284,
        "82": 4.127561,
        "83": 3.599644,
        "84": 2.816795,
        "85": 2.373922,
        "86": 3.533076,
        "87": 3.355967,
        "88": 2.678171,
        "89": 6.395752,
        "90": 12.241301,
        "91": 12.68781,
        "92": 3.259851,
        "93": 12.395377,
        "94": 2.692555,
        "95": 4.253749,
        "96": 3.945352,
        "97": 7.736192,
        "98": 6.693193,
        "99": 5.246042,
        "100": 4.317398,
        "101": 4.988733,
        "102": 3.096216,
        "103": 6.52491,
        "104": 6.410577,
        "105": 3.729883,
        "106": 3.662895,
        "107": 0.946,
        "108": 7.122818,
        "109": 4.671673,
        "110": 4.337326,
        "111": 7.621306,
        "112": 4.764764,
        "113": 3.077269,
        "114": 2.20068,
        "115": 4.809165,
        "116": 6.382375,
        "117": 2.191677,
        "118": 4.201898,
        "119": 1.795126,
        "120": 4.592067,
        "121": 3.574548,
        "122": 4.193741,