{
  "topology_id": 493,
  "load_conditions": {
    "low": {
      "utilization_fraction": 0.2,
      "edge_latencies_ms": {
        "0": 5.679326,
        "1": 5.423812,
        "2": 4.592936,
        "3": 5.921822,
        "4": 2.186459,
        "5": 1.815071,
        "6": 3.979206,
        "7": 1.848225,
        "8": 4.760542,
        "9": 2.733858,
        "10": 2.704019,
        "11": 4.290656,
        "12": 6.047297,
        "13": 5.128388,
        "14": 6.255989,
        "15": 3.357989,
        "16": 2.392207,
        "17": 5.658856,
        "18": 4.580713,
        "19": 3.876098,
        "20": 6.395374,
        "21": 3.365252,
        "22": 4.078473,
        "23": 2.494814,
        "24": 5.89326,
        "25": 5.031827,
        "26": 4.80455,
        "27": 5.208971,
        "28": 4.168764,
        "29": 8.732102,
        "30": 5.152153,
        "31": 6.070464,
        "32": 5.137265,
        "33": 4.930655,
        "34": 5.788299,
        "35": 5.431352,
        "36": 6.14145,
        "37": 2.145525,
        "38": 4.182477,
        "39": 4.367041,
        "40": 2.904534,
        "41": 5.97838,
        "42": 5.869461,
        "43": 2.966615,
        "44": 2.767917,
        "45": 5.228516,
        "46": 5.029892,
        "47": 3.471997,
        "48": 2.195398,
        "49": 2.354716,
        "50": 5.925006,
        "51": 2.386895,
        "52": 2.351546,
        "53": 2.653706,
        "54": 1.501577,
        "55": 1.644225,
        "56": 4.124938,
        "57": 2.324418,
        "58": 1.626754,
        "59": 4.332329,
        "60": 3.51603,
        "61": 3.410273,
        "62": 6.305566,
        "63": 2.668003,
        "64": 2.456733,
        "65": 2.66838,
        "66": 2.977544,
        "67": 5.839824,
        "68": 5.334519,
        "69": 2.051731,
        "70": 6.014408,
        "71": 6.298935,
        "72": 4.836483,
        "73": 4.247222,
        "74": 1.565,
        "75": 3.763851,
        "76": 6.31546,
        "77": 3.349473,
        "78": 3.561043,
        "79": 2.958391,
        "80": 6.239722,
        "81": 6.576846,
        "82": 8.716371,
        "83": 1.987108,
        "84": 5.180022,
        "85": 5.140895,
        "86": 4.730724,
        "87": 3.15682,
        "88": 4.976282,
        "89": 6.072684,
        "90": 5.244659,
        "91": 5.436608,
        "92": 6.383353,
        "93": 2.925405,
        "94": 3.644616,
        "95": 3.474968,
        "96": 4.62619,
        "97": 5.348667,
        "98": 1.127885,
        "99": 2.65552,
        "100": 5.385044,
        "101": 4.805328,
        "102": 2.021647,
        "103": 4.365273,
        "104": 5.67582,
        "105": 5.246428,
        "106": 1.869475,
        "107": 3.385363,
        "108": 2.288181,
        "109": 4.181831,
        "110": 4.044437,
        "111": 4.155599,
        "112": 3.62643
      }
    },
    "medium": {
      "utilization_fraction": 0.5,
      "edge_latencies_ms": {
        "0": 5.681853,
        "1": 5.424957,
        "2": 4.594549,
        "3": 5.931326,
        "4": 2.188624,
        "5": 1.815828,
        "6": 3.982796,
        "7": 1.849039,
        "8": 4.761983,
        "9": 2.738672,
        "10": 2.71013,
        "11": 4.294359,
        "12": 6.048069,
        "13": 5.1297,
        "14": 6.258886,
        "15": 3.358841,
        "16": 2.394136,
        "17": 5.659666,
        "18": 4.581669,
        "19": 3.880207,
        "20": 6.402019,
        "21": 3.367217,
        "22": 4.079234,
        "23": 2.499485,
        "24": 5.894583,
        "25": 5.032845,
        "26": 4.805531,
        "27": 5.21012,
        "28": 4.181446,
        "29": 8.734753,
        "30": 5.152934,
        "31": 6.072602,
        "32": 5.13886,
        "33": 4.931446,
        "34": 5.794306,
        "35": 5.437241,
        "36": 6.156886,
        "37": 2.148647,
        "38": 4.18326,
        "39": 4.369451,
        "40": 2.907282,
        "41": 5.980854,
        "42": 5.871918,
        "43": 2.971987,
        "44": 2.770503,
        "45": 5.229951,
        "46": 5.031061,
        "47": 3.472875,
        "48": 2.197456,
        "49": 2.357015,
        "50": 5.926672,
        "51": 2.390249,
        "52": 2.352655,
        "53": 2.654755,
        "54": 1.504394,
        "55": 1.645061,
        "56": 4.129267,
        "57": 2.3272,
        "58": 1.633393,
        "59": 4.334929,
        "60": 3.518673,
        "61": 3.411266,
        "62": 6.326249,
        "63": 2.670989,
        "64": 2.458213,
        "65": 2.670586,
        "66": 2.978366,
        "67": 5.8434,
        "68": 5.336044,
        "69": 2.052677,
        "70": 6.01896,
        "71": 6.299707,
        "72": 4.852904,
        "73": 4.248698,
        "74": 1.565978,
        "75": 3.765363,
        "76": 6.33385,
        "77": 3.351754,
        "78": 3.563212,
        "79": 2.960022,
        "80": 6.240495,
        "81": 6.586944,
        "82": 8.71822,
        "83": 1.991783,
        "84": 5.185713,
        "85": 5.186776,
        "86": 4.731957,
        "87": 3.157656,
        "88": 4.978258,
        "89": 6.073639,
        "90": 5.257922,
        "91": 5.437881,
        "92": 6.3853,
        "93": 2.927778,
        "94": 3.646465,
        "95": 3.475816,
        "96": 4.627167,
        "97": 5.359206,
        "98": 1.128713,
        "99": 2.65661,
        "100": 5.391022,
        "101": 4.80625,
        "102": 2.023561,
        "103": 4.368023,
        "104": 5.677366,
        "105": 5.247351,
        "106": 1.871302,
        "107": 3.386144,
        "108": 2.289186,
        "109": 4.182635,
        "110": 4.045651,
        "111": 4.156726,
        "112": 3.627588
      }
    },
    "high": {
      "utilization_fraction": 0.8,
      "edge_latencies_ms": {
        "0": 5.691963,
        "1": 5.429536,
        "2": 4.601003,
        "3": 5.969342,
        "4": 2.197287,
        "5": 1.818859,
        "6": 3.997159,
        "7": 1.852294,
        "8": 4.767748,
        "9": 2.757928,
        "10": 2.734575,
        "11": 4.309169,
        "12": 6.051157,
        "13": 5.134945,
        "14": 6.270475,
        "15": 3.362251,
        "16": 2.401854,
        "17": 5.662908,
        "18": 4.585495,
        "19": 3.896642,
        "20": 6.428598,
        "21": 3.37508,
        "22": 4.082276,
        "23": 2.518172,
        "24": 5.899873,
        "25": 5.036913,
        "26": 4.809452,
        "27": 5.214714,
        "28": 4.232177,
        "29": 8.745359,
        "30": 5.156056,
        "31": 6.081157,
        "32": 5.145239,
        "33": 4.934609,
        "34": 5.818335,
        "35": 5.460797,
        "36": 6.218632,
        "37": 2.161135,
        "38": 4.186392,
        "39": 4.379092,
        "40": 2.918273,
        "41": 5.990751,
        "42": 5.881745,
        "43": 2.993474,
        "44": 2.780849,
        "45": 5.235692,
        "46": 5.035738,
        "47": 3.476388,
        "48": 2.205691,
        "49": 2.366209,
        "50": 5.933336,
        "51": 2.403664,
        "52": 2.357091,
        "53": 2.658949,
        "54": 1.51566,
        "55": 1.648406,
        "56": 4.146585,
        "57": 2.338329,
        "58": 1.659952,
        "59": 4.345326,
        "60": 3.529242,
        "61": 3.415241,
        "62": 6.408978,
        "63": 2.682935,
        "64": 2.464133,
        "65": 2.67941,
        "66": 2.981656,
        "67": 5.857706,
        "68": 5.342147,
        "69": 2.056458,
        "70": 6.037167,
        "71": 6.302796,
        "72": 4.918588,
        "73": 4.254603,
        "74": 1.569891,
        "75": 3.77141,
        "76": 6.407411,
        "77": 3.360878,
        "78": 3.571889,
        "79": 2.966548,
        "80": 6.243585,
        "81": 6.627337,
        "82": 8.725618,
        "83": 2.010482,
        "84": 5.208475,
        "85": 5.370303,
        "86": 4.736889,
        "87": 3.161003,
        "88": 4.986162,
        "89": 6.077462,
        "90": 5.310971,
        "91": 5.44297,
        "92": 6.393087,
        "93": 2.937271,
        "94": 3.653862,
        "95": 3.47921,