{
  "topology_id": 358,
  "load_conditions": {
    "low": {
      "utilization_fraction": 0.2,
      "edge_latencies_ms": {
        "0": 5.608025,
        "1": 4.41281,
        "2": 5.354255,
        "3": 5.910905,
        "4": 3.18136,
        "5": 14.869285,
        "6": 10.612619,
        "7": 3.164949,
        "8": 3.813356,
        "9": 2.949441,
        "10": 3.321924,
        "11": 4.666767,
        "12": 10.703853,
        "13": 2.39098,
        "14": 4.601698,
        "15": 5.939058,
        "16": 3.31282,
        "17": 5.196127,
        "18": 3.504063,
        "19": 2.868833,
        "20": 3.301877,
        "21": 4.981574,
        "22": 13.690711,
        "23": 1.844016,
        "24": 4.766053,
        "25": 1.910703,
        "26": 3.015965,
        "27": 2.382098,
        "28": 2.788263,
        "29": 4.57844,
        "30": 2.070291,
        "31": 2.896125,
        "32": 4.328737,
        "33": 10.253784,
        "34": 1.847396,
        "35": 1.781684,
        "36": 3.153086,
        "37": 11.058311,
        "38": 3.889961,
        "39": 4.835323,
        "40": 3.214109,
        "41": 4.388852,
        "42": 2.17622,
        "43": 2.391308,
        "44": 3.84713,
        "45": 5.240001,
        "46": 1.805984,
        "47": 5.255944,
        "48": 1.819481,
        "49": 2.607421,
        "50": 4.129301,
        "51": 4.556771,
        "52": 5.253203,
        "53": 4.46705,
        "54": 3.68532,
        "55": 3.634401,
        "56": 3.964967,
        "57": 1.792457
      }
    },
    "medium": {
      "utilization_fraction": 0.5,
      "edge_latencies_ms": {
        "0": 5.609162,
        "1": 4.417461,
        "2": 5.355356,
        "3": 5.912745,
        "4": 3.182284,
        "5": 14.887817,
        "6": 10.621231,
        "7": 3.166236,
        "8": 3.81418,
        "9": 2.951781,
        "10": 3.325026,
        "11": 4.668337,
        "12": 10.711897,
        "13": 2.392196,
        "14": 4.602722,
        "15": 5.943248,
        "16": 3.313623,
        "17": 5.197032,
        "18": 3.506928,
        "19": 2.869861,
        "20": 3.303502,
        "21": 4.982586,
        "22": 13.699854,
        "23": 1.845727,
        "24": 4.767101,
        "25": 1.912395,
        "26": 3.016821,
        "27": 2.383358,
        "28": 2.789023,
        "29": 4.580234,
        "30": 2.071194,
        "31": 2.896993,
        "32": 4.329673,
        "33": 10.267889,
        "34": 1.848798,
        "35": 1.784628,
        "36": 3.154236,
        "37": 11.071981,
        "38": 3.894506,
        "39": 4.837411,
        "40": 3.216727,
        "41": 4.391236,
        "42": 2.179507,
        "43": 2.393662,
        "44": 3.848766,
        "45": 5.241552,
        "46": 1.807787,
        "47": 5.258815,
        "48": 1.823171,
        "49": 2.609542,
        "50": 4.132094,
        "51": 4.560026,
        "52": 5.254476,
        "53": 4.467805,
        "54": 3.687002,
        "55": 3.635966,
        "56": 3.965976,
        "57": 1.79514
      }
    },
    "high": {
      "utilization_fraction": 0.8,
      "edge_latencies_ms": {
        "0": 5.613708,
        "1": 4.436062,
        "2": 5.359761,
        "3": 5.920106,
        "4": 3.185979,
        "5": 14.961946,
        "6": 10.655683,
        "7": 3.171386,
        "8": 3.817476,
        "9": 2.961138,
        "10": 3.337431,
        "11": 4.674619,
        "12": 10.744072,
        "13": 2.397062,
        "14": 4.606818,
        "15": 5.960008,
        "16": 3.316839,
        "17": 5.20065,
        "18": 3.518385,
        "19": 2.873971,
        "20": 3.310005,
        "21": 4.986637,
        "22": 13.736424,
        "23": 1.852571,
        "24": 4.771294,
        "25": 1.919161,
        "26": 3.020244,
        "27": 2.388399,
        "28": 2.792062,
        "29": 4.587411,
        "30": 2.074805,
        "31": 2.900465,
        "32": 4.333418,
        "33": 10.32431,
        "34": 1.854406,
        "35": 1.796407,
        "36": 3.158836,
        "37": 11.126662,
        "38": 3.912686,
        "39": 4.84576,
        "40": 3.227199,
        "41": 4.400772,
        "42": 2.192656,
        "43": 2.403081,
        "44": 3.855309,
        "45": 5.247757,
        "46": 1.814997,
        "47": 5.270299,
        "48": 1.837928,
        "49": 2.618025,
        "50": 4.143268,
        "51": 4.573049,
        "52": 5.259565,
        "53": 4.470824,
        "54": 3.69373,
        "55": 3.642228,
        "56": 3.970012,
        "57": 1.805871
      }
    },
    "flash": {
      "utilization_fraction": 0.95,
      "edge_latencies_ms": {
        "0": 5.63644,
        "1": 4.529067,
        "2": 5.381786,
        "3": 5.956912,
        "4": 3.204454,
        "5": 15.332588,
        "6": 10.827942,
        "7": 3.197136,
        "8": 3.833957,
        "9": 3.007925,
        "10": 3.39946,
        "11": 4.706029,
        "12": 10.904946,
        "13": 2.42139,
        "14": 4.6273,
        "15": 6.04381,
        "16": 3.332917,
        "17": 5.218744,
        "18": 3.575674,
        "19": 2.894524,
        "20": 3.342516,
        "21": 5.006892,
        "22": 13.919273,
        "23": 1.886792,
        "24": 4.792257,
        "25": 1.952991,
        "26": 3.037357,
        "27": 2.413602,
        "28": 2.807256,
        "29": 4.623296,
        "30": 2.092859,
        "31": 2.917821,
        "32": 4.352143,
        "33": 10.606412,
        "34": 1.882445,
        "35": 1.855303,
        "36": 3.181839,
        "37": 11.400065,
        "38": 4.003588,
        "39": 4.887504,
        "40": 3.279557,
        "41": 4.448452,
        "42": 2.258398,
        "43": 2.450174,
        "44": 3.888029,
        "45": 5.278782,
        "46": 1.85105,
        "47": 5.32772,
        "48": 1.911718,
        "49": 2.660444,
        "50": 4.199137,
        "51": 4.638162,
        "52": 5.285013,
        "53": 4.485921,
        "54": 3.727371,
        "55": 3.673536,
        "56": 3.990195,
        "57": 1.859525
      }
    }
  }
}