{
  "topology_id": 351,
  "load_conditions": {
    "low": {
      "utilization_fraction": 0.2,
      "edge_latencies_ms": {
        "0": 3.357781,
        "1": 2.088054,
        "2": 8.065253,
        "3": 7.670309,
        "4": 4.750006,
        "5": 10.078261,
        "6": 3.23004,
        "7": 2.560585,
        "8": 3.505468,
        "9": 1.707624,
        "10": 2.596062,
        "11": 6.539742,
        "12": 3.910484,
        "13": 2.123856,
        "14": 6.103331,
        "15": 5.496301,
        "16": 2.769543,
        "17": 4.201535,
        "18": 9.721241,
        "19": 9.039782,
        "20": 4.100921,
        "21": 3.405003,
        "22": 6.608456,
        "23": 1.067093,
        "24": 4.102884,
        "25": 4.02293,
        "26": 2.119609,
        "27": 4.226697,
        "28": 4.735904,
        "29": 6.239972,
        "30": 5.772494
      }
    },
    "medium": {
      "utilization_fraction": 0.5,
      "edge_latencies_ms": {
        "0": 3.359412,
        "1": 2.088982,
        "2": 8.136731,
        "3": 7.700124,
        "4": 4.751422,
        "5": 10.098109,
        "6": 3.243414,
        "7": 2.56359,
        "8": 3.506481,
        "9": 1.709077,
        "10": 2.598051,
        "11": 6.554213,
        "12": 3.91174,
        "13": 2.124724,
        "14": 6.104481,
        "15": 5.498622,
        "16": 2.770503,
        "17": 4.204122,
        "18": 9.754677,
        "19": 9.048177,
        "20": 4.101726,
        "21": 3.405806,
        "22": 6.618163,
        "23": 1.071049,
        "24": 4.104435,
        "25": 4.024823,
        "26": 2.120387,
        "27": 4.227681,
        "28": 4.738976,
        "29": 6.240917,
        "30": 5.774156
      }
    },
    "high": {
      "utilization_fraction": 0.8,
      "edge_latencies_ms": {
        "0": 3.365937,
        "1": 2.092695,
        "2": 8.422641,
        "3": 7.819385,
        "4": 4.757086,
        "5": 10.177503,
        "6": 3.296909,
        "7": 2.575611,
        "8": 3.51053,
        "9": 1.714889,
        "10": 2.606008,
        "11": 6.612096,
        "12": 3.916765,
        "13": 2.128193,
        "14": 6.109079,
        "15": 5.507905,
        "16": 2.774342,
        "17": 4.214467,
        "18": 9.888422,
        "19": 9.081758,
        "20": 4.104946,
        "21": 3.409019,
        "22": 6.656994,
        "23": 1.086873,
        "24": 4.110638,
        "25": 4.032393,
        "26": 2.123499,
        "27": 4.231618,
        "28": 4.751264,
        "29": 6.244695,
        "30": 5.780807
      }
    },
    "flash": {
      "utilization_fraction": 0.95,
      "edge_latencies_ms": {
        "0": 3.398563,
        "1": 2.111258,
        "2": 9.852193,
        "3": 8.415689,
        "4": 4.785406,
        "5": 10.574473,
        "6": 3.564385,
        "7": 2.635716,
        "8": 3.530779,
        "9": 1.74395,
        "10": 2.645791,
        "11": 6.901513,
        "12": 3.941886,
        "13": 2.145538,
        "14": 6.13207,
        "15": 5.554319,
        "16": 2.79354,
        "17": 4.266196,
        "18": 10.557143,
        "19": 9.249659,
        "20": 4.121048,
        "21": 3.425083,
        "22": 6.851146,
        "23": 1.16599,
        "24": 4.14165,
        "25": 4.070245,
        "26": 2.13906,
        "27": 4.251303,
        "28": 4.812703,
        "29": 6.263585,
        "30": 5.814058
      }
    }
  }
}