{
  "topology_id": 269,
  "load_conditions": {
    "low": {
      "utilization_fraction": 0.2,
      "edge_latencies_ms": {
        "0": 4.374665,
        "1": 4.041288,
        "2": 5.084353,
        "3": 6.527378,
        "4": 8.052905,
        "5": 8.056345,
        "6": 8.899982,
        "7": 3.765438,
        "8": 8.030483,
        "9": 2.710775,
        "10": 4.835706,
        "11": 4.040306,
        "12": 4.566601,
        "13": 5.082207,
        "14": 4.336919,
        "15": 5.249015,
        "16": 15.433331,
        "17": 3.425988,
        "18": 4.293386,
        "19": 4.858491,
        "20": 2.522922,
        "21": 3.800478,
        "22": 1.581678,
        "23": 10.049691,
        "24": 2.582052,
        "25": 2.544355,
        "26": 4.041723,
        "27": 9.270395,
        "28": 4.04951,
        "29": 2.4371,
        "30": 2.338268,
        "31": 5.390668,
        "32": 17.805311,
        "33": 5.187653,
        "34": 7.571642,
        "35": 2.382974,
        "36": 6.21772,
        "37": 12.902085,
        "38": 8.631293,
        "39": 2.339941
      }
    },
    "medium": {
      "utilization_fraction": 0.5,
      "edge_latencies_ms": {
        "0": 4.375824,
        "1": 4.042348,
        "2": 5.085329,
        "3": 6.528214,
        "4": 8.054892,
        "5": 8.058242,
        "6": 8.937484,
        "7": 3.766963,
        "8": 8.039326,
        "9": 2.712422,
        "10": 4.836778,
        "11": 4.041099,
        "12": 4.567617,
        "13": 5.082992,
        "14": 4.337824,
        "15": 5.24986,
        "16": 15.44569,
        "17": 3.427582,
        "18": 4.294151,
        "19": 4.859679,
        "20": 2.524676,
        "21": 3.804395,
        "22": 1.582499,
        "23": 10.057573,
        "24": 2.584291,
        "25": 2.545487,
        "26": 4.042779,
        "27": 9.335748,
        "28": 4.050656,
        "29": 2.441024,
        "30": 2.340534,
        "31": 5.392237,
        "32": 17.813224,
        "33": 5.188467,
        "34": 7.601693,
        "35": 2.385374,
        "36": 6.220419,
        "37": 12.916415,
        "38": 8.680317,
        "39": 2.341691
      }
    },
    "high": {
      "utilization_fraction": 0.8,
      "edge_latencies_ms": {
        "0": 4.38046,
        "1": 4.046586,
        "2": 5.089232,
        "3": 6.531557,
        "4": 8.06284,
        "5": 8.065829,
        "6": 9.087492,
        "7": 3.773063,
        "8": 8.074696,
        "9": 2.719007,
        "10": 4.841067,
        "11": 4.04427,
        "12": 4.571683,
        "13": 5.086132,
        "14": 4.341445,
        "15": 5.253237,
        "16": 15.495123,
        "17": 3.433955,
        "18": 4.29721,
        "19": 4.864429,
        "20": 2.531689,
        "21": 3.820064,
        "22": 1.585782,
        "23": 10.0891,
        "24": 2.593248,
        "25": 2.550013,
        "26": 4.047004,
        "27": 9.597157,
        "28": 4.055241,
        "29": 2.456718,
        "30": 2.349595,
        "31": 5.398515,
        "32": 17.844876,
        "33": 5.191721,
        "34": 7.721895,
        "35": 2.394973,
        "36": 6.231217,
        "37": 12.973734,
        "38": 8.876411,
        "39": 2.348693
      }
    },
    "flash": {
      "utilization_fraction": 0.95,
      "edge_latencies_ms": {
        "0": 4.403636,
        "1": 4.06778,
        "2": 5.108748,
        "3": 6.548273,
        "4": 8.10258,
        "5": 8.103761,
        "6": 9.83753,
        "7": 3.803563,
        "8": 8.251544,
        "9": 2.751933,
        "10": 4.86251,
        "11": 4.060125,
        "12": 4.592014,
        "13": 5.101831,
        "14": 4.359549,
        "15": 5.270121,
        "16": 15.742287,
        "17": 3.465821,
        "18": 4.312509,
        "19": 4.888181,
        "20": 2.566757,
        "21": 3.89841,
        "22": 1.602201,
        "23": 10.246734,
        "24": 2.638033,
        "25": 2.572643,
        "26": 4.068131,
        "27": 10.904206,
        "28": 4.078163,
        "29": 2.535186,
        "30": 2.3949,
        "31": 5.429902,
        "32": 18.003136,
        "33": 5.207992,
        "34": 8.322909,
        "35": 2.442967,
        "36": 6.285207,
        "37": 13.26033,
        "38": 9.856879,
        "39": 2.383702
      }
    }
  }
}