{
  "topology_id": 237,
  "load_conditions": {
    "low": {
      "utilization_fraction": 0.2,
      "edge_latencies_ms": {
        "0": 3.868067,
        "1": 3.218535,
        "2": 5.028273,
        "3": 1.514791,
        "4": 3.001545,
        "5": 3.11981,
        "6": 1.363097,
        "7": 3.992839,
        "8": 4.906677,
        "9": 1.98207,
        "10": 4.070651,
        "11": 4.641454,
        "12": 5.982287,
        "13": 2.81619,
        "14": 3.522967,
        "15": 5.597642,
        "16": 2.27549,
        "17": 3.185324,
        "18": 2.823097,
        "19": 2.900339,
        "20": 2.258523,
        "21": 2.571658,
        "22": 3.443226,
        "23": 4.543944,
        "24": 3.495404,
        "25": 3.323921,
        "26": 5.376084,
        "27": 3.07458,
        "28": 3.025094,
        "29": 5.211311,
        "30": 4.50726,
        "31": 4.131428,
        "32": 3.072636,
        "33": 16.620793,
        "34": 8.824212,
        "35": 5.74406,
        "36": 5.127845,
        "37": 2.302609,
        "38": 3.447784,
        "39": 3.776255,
        "40": 5.215773,
        "41": 2.404901,
        "42": 2.112621,
        "43": 4.740343,
        "44": 4.248352,
        "45": 2.003143,
        "46": 3.826098,
        "47": 4.815373,
        "48": 4.995467,
        "49": 2.069909,
        "50": 2.839288,
        "51": 1.469008,
        "52": 1.15069,
        "53": 2.339571,
        "54": 3.370089,
        "55": 4.83111,
        "56": 1.892078,
        "57": 5.706806,
        "58": 5.671644,
        "59": 3.814332,
        "60": 3.561422,
        "61": 14.818702,
        "62": 1.7384,
        "63": 2.564935,
        "64": 4.048019,
        "65": 3.640645,
        "66": 1.723432,
        "67": 3.323052,
        "68": 4.179384,
        "69": 2.192108,
        "70": 2.075773,
        "71": 3.117831,
        "72": 5.245882,
        "73": 4.879208,
        "74": 2.354999,
        "75": 2.327202,
        "76": 3.37717,
        "77": 1.626228,
        "78": 6.166911,
        "79": 4.128195,
        "80": 2.019163,
        "81": 6.759685,
        "82": 3.355589,
        "83": 13.965748,
        "84": 11.541621,
        "85": 5.366738,
        "86": 3.356809,
        "87": 3.740505,
        "88": 15.730149,
        "89": 4.746408,
        "90": 13.918718,
        "91": 2.259292,
        "92": 4.201749,
        "93": 4.819722,
        "94": 7.115636,
        "95": 5.943704,
        "96": 2.695879,
        "97": 2.091211,
        "98": 6.92391,
        "99": 5.951474,
        "100": 3.605739,
        "101": 3.761045,
        "102": 7.354619,
        "103": 5.351884,
        "104": 4.553357,
        "105": 4.297406,
        "106": 4.111537,
        "107": 3.635245,
        "108": 7.899773,
        "109": 4.646221,
        "110": 2.048333,
        "111": 5.031064,
        "112": 2.979584,
        "113": 1.196949,
        "114": 3.92486,
        "115": 2.39776,
        "116": 7.686527,
        "117": 3.232616,
        "118": 4.084997,
        "119": 7.29542,
        "120": 2.38087,
        "121": 4.024702,
        "122": 3.769515,
        "123": 3.498697,
        "124": 2.904849,
        "125": 3.69726,
        "126": 2.930596,
        "127": 2.758695,
        "128": 4.453205,
        "129": 1.087235,
        "130": 0.478927,
        "131": 3.079123,
        "132": 6.320208,
        "133": 5.147543,
        "134": 3.953844,
        "135": 7.214159,
        "136": 1.758268,
        "137": 3.6441,
        "138": 5.711236,
        "139": 3.531788,
        "140": 4.420638,
        "141": 1.577872,
        "142": 1.173039,
        "143": 3.674181,
        "144": 5.021612,
        "145": 3.996513,
        "146": 3.323267,
        "147": 4.593086,
        "148": 4.553202,
        "149": 2.822746,
        "150": 6.821062,
        "151": 4.421019,
        "152": 3.225668,
        "153": 9.209109,
        "154": 3.839052,
        "155": 4.549886,
        "156": 2.949798,
        "157": 4.489061,
        "158": 5.754126,
        "159": 6.765602
      }
    },
    "medium": {
      "utilization_fraction": 0.5,
      "edge_latencies_ms": {
        "0": 3.872559,
        "1": 3.219959,
        "2": 5.03433,
        "3": 1.516235,
        "4": 3.005674,
        "5": 3.120814,
        "6": 1.36395,
        "7": 3.993645,
        "8": 4.912363,
        "9": 1.984218,
        "10": 4.071658,
        "11": 4.643405,
        "12": 5.984893,
        "13": 2.8205,
        "14": 3.523827,
        "15": 5.600221,
        "16": 2.276276,
        "17": 3.186248,
        "18": 2.829891,
        "19": 2.901346,
        "20": 2.259401,
        "21": 2.572988,
        "22": 3.445155,
        "23": 4.545047,
        "24": 3.496788,
        "25": 3.330747,
        "26": 5.378046,
        "27": 3.075985,
        "28": 3.026786,
        "29": 5.214141,
        "30": 4.508681,
        "31": 4.132703,
        "32": 3.075183,
        "33": 16.634689,
        "34": 8.831718,
        "35": 5.746055,
        "36": 5.129027,
        "37": 2.305743,
        "38": 3.448677,
        "39": 3.77724,
        "40": 5.217045,
        "41": 2.405679,
        "42": 2.116619,
        "43": 4.741303,
        "44": 4.251782,
        "45": 2.004091,
        "46": 3.82745,
        "47": 4.819162,
        "48": 4.996887,
        "49": 2.072554,
        "50": 2.840715,
        "51": 1.470415,
        "52": 1.152504,
        "53": 2.340658,
        "54": 3.371989,
        "55": 4.831927,
        "56": 1.892875,
        "57": 5.707699,
        "58": 5.67325,
        "59": 3.815278,
        "60": 3.562396,
        "61": 14.826872,
        "62": 1.739978,
        "63": 2.566906,
        "64": 4.049148,
        "65": 3.641574,
        "66": 1.724425,
        "67": 3.324091,
        "68": 4.180761,
        "69": 2.193004,
        "70": 2.078195,
        "71": 3.118713,
        "72": 5.247186,
        "73": 4.880277,
        "74": 2.356464,
        "75": 2.328152,
        "76": 3.379259,
        "77": 1.628894,
        "78": 6.168949,
        "79": 4.129248,
        "80": 2.021429,
        "81": 6.76063,
        "82": 3.356422,
        "83": 13.977258,
        "84": 11.578488,
        "85": 5.367766,
        "86": 3.358936,
        "87": 3.742344,
        "88": 15.775804,
        "89": 4.747174,
        "90": 13.931132,
        "91": 2.263055,
        "92": 4.203147,
        "93": 4.821426,
        "94": 7.116743,
        "95": 5.944536,
        "96": 2.697158,
        "97": 2.094352,
        "98": 6.924907,
        "99": 5.954045,
        "100": 3.608159,
        "101": 3.764634,
        "102": 7.355759,
        "103": 5.35279,
        "104": 4.554256,
        "105": 4.29867,
        "106": 4.115686,
        "107": 3.636128,
        "108": 7.900535,
        "109": 4.647774,
        "110": 2.049711,
        "111": 5.033062,
        "112": 2.98603,
        "113": 1.198186,
        "114": 3.926,
        "115": 2.399343,
        "116": 7.687981,
        "117": 3.233395,
        "118": 4.085875,
        "119": 7.297732,
        "120": 2.381987,
        "121": 4.025496,
        "122": 3.770662,
        "123": 3.501753,
        "124": 2.905934,
        "125": 3.698912,
        "126": 2.931507,
        "127": 2.760296,
        "128": 4.460637,
        "129": 1.088076,
        "130": 0.481368,
        "131": 3.080327,
        "132": 6.326876,
        "133": 5.148633,
        "134": 3.955124,
        "135": 7.217373,
        "136": 1.759161,
        "137": 3.646344,
        "138": 5.713281,
        "139": 3.538908,
        "140": 4.422983,
        "141": 1.582049,
        "142": 1.173953,
        "143": 3.675008,
        "144": 5.023183,
        "145": 3.997385,
        "146": 3.324111,
        "147": 4.594239,
        "148": 4.554292,
        "149": 2.827696,
        "150": 6.822466,
        "151": 4.423331,
        "152": 3.227173,
        "153": 9.211972,
        "154": 3.839985,
        "155": 4.550987,
        "156": 2.951193,
        "157": 4.491401,
        "158": 5.758572,
        "159": 6.766478
      }
    },