{
  "topology_id": 317,
  "load_conditions": {
    "low": {
      "utilization_fraction": 0.2,
      "edge_latencies_ms": {
        "0": 3.268391,
        "1": 5.004712,
        "2": 11.914428,
        "3": 4.382749,
        "4": 7.586504,
        "5": 1.425417,
        "6": 9.13033,
        "7": 2.578352,
        "8": 4.833198,
        "9": 3.797328,
        "10": 6.701674,
        "11": 3.168094,
        "12": 3.092155,
        "13": 1.728872
      }
    },
    "medium": {
      "utilization_fraction": 0.5,
      "edge_latencies_ms": {
        "0": 3.27043,
        "1": 5.005468,
        "2": 11.952531,
        "3": 4.383657,
        "4": 7.589418,
        "5": 1.428138,
        "6": 9.156865,
        "7": 2.579335,
        "8": 4.834847,
        "9": 3.79838,
        "10": 6.702797,
        "11": 3.169364,
        "12": 3.093196,
        "13": 1.729623
      }
    },
    "high": {
      "utilization_fraction": 0.8,
      "edge_latencies_ms": {
        "0": 3.278585,
        "1": 5.008493,
        "2": 12.104939,
        "3": 4.38729,
        "4": 7.601078,
        "5": 1.439024,
        "6": 9.263004,
        "7": 2.583268,
        "8": 4.841444,
        "9": 3.802589,
        "10": 6.70729,
        "11": 3.174441,
        "12": 3.097364,
        "13": 1.732624
      }
    },
    "flash": {
      "utilization_fraction": 0.95,
      "edge_latencies_ms": {
        "0": 3.319364,
        "1": 5.023617,
        "2": 12.866981,
        "3": 4.405456,
        "4": 7.659374,
        "5": 1.493452,
        "6": 9.793699,
        "7": 2.602933,
        "8": 4.874431,
        "9": 3.823635,
        "10": 6.729752,
        "11": 3.199826,
        "12": 3.118199,
        "13": 1.747628
      }
    }
  }
}