{
  "topology_id": 499,
  "load_conditions": {
    "low": {
      "utilization_fraction": 0.2,
      "edge_latencies_ms": {
        "0": 5.00362,
        "1": 3.151657,
        "2": 2.518247,
        "3": 4.025133,
        "4": 4.823548,
        "5": 4.042318,
        "6": 4.548209,
        "7": 1.579457,
        "8": 2.493357,
        "9": 2.718241,
        "10": 2.793165,
        "11": 4.801553,
        "12": 2.082791,
        "13": 3.584943,
        "14": 2.491031,
        "15": 3.913894,
        "16": 1.826418,
        "17": 15.467179,
        "18": 3.690337,
        "19": 2.115462,
        "20": 3.591132,
        "21": 3.306869,
        "22": 3.770123,
        "23": 2.680173,
        "24": 3.142045,
        "25": 1.5412,
        "26": 4.985258,
        "27": 15.126071,
        "28": 2.909041,
        "29": 3.802625,
        "30": 2.548775,
        "31": 2.203178,
        "32": 3.595243,
        "33": 2.510896,
        "34": 3.240713,
        "35": 2.346924,
        "36": 17.242744,
        "37": 2.365756,
        "38": 3.82528,
        "39": 1.619037,
        "40": 3.94565,
        "41": 2.160361,
        "42": 3.943291,
        "43": 2.553326,
        "44": 3.266423,
        "45": 3.334232,
        "46": 4.430986,
        "47": 6.551386,
        "48": 2.949988,
        "49": 3.677476,
        "50": 3.908658,
        "51": 4.728375,
        "52": 4.490824,
        "53": 5.048527,
        "54": 2.29905,
        "55": 5.357296,
        "56": 5.132802,
        "57": 6.694913,
        "58": 4.402752,
        "59": 6.994038,
        "60": 2.95246,
        "61": 13.301612,
        "62": 3.987027,
        "63": 4.579487,
        "64": 7.102779,
        "65": 3.092371,
        "66": 2.417314,
        "67": 3.228905,
        "68": 3.113218,
        "69": 4.179039,
        "70": 1.558962,
        "71": 5.364202,
        "72": 5.296232,
        "73": 7.252772,
        "74": 4.394864,
        "75": 5.65434,
        "76": 3.800202,
        "77": 2.595294,
        "78": 3.067862,
        "79": 2.881464,
        "80": 3.618755,
        "81": 2.801362,
        "82": 3.551455,
        "83": 3.635384,
        "84": 2.367209,
        "85": 4.244861,
        "86": 3.838622,
        "87": 6.361459,
        "88": 4.196315,
        "89": 4.243323,
        "90": 2.822628,
        "91": 4.821568,
        "92": 0.793199,
        "93": 3.921833,
        "94": 3.251361,
        "95": 4.20758,
        "96": 5.552958,
        "97": 3.785424,
        "98": 3.881928,
        "99": 5.152803,
        "100": 8.898024,
        "101": 3.778543,
        "102": 2.772218,
        "103": 3.810863,
        "104": 5.51877,
        "105": 7.886843,
        "106": 2.339319,
        "107": 6.307659,
        "108": 3.791437,
        "109": 5.520819,
        "110": 5.416791,
        "111": 1.008518,
        "112": 5.430945,
        "113": 1.448324,
        "114": 7.149473,
        "115": 3.788834,
        "116": 2.484921,
        "117": 3.685619,
        "118": 5.177419,
        "119": 5.850101,
        "120": 2.631791,
        "121": 2.929365,
        "122": 1.941193,
        "123": 3.369392,
        "124": 3.182233,
        "125": 5.540548,
        "126": 4.633374,
        "127": 2.973049,
        "128": 5.988546,
        "129": 3.034757,
        "130": 2.733856,
        "131": 4.500065,
        "132": 6.912448,
        "133": 5.388164,
        "134": 3.664961,
        "135": 3.09568,
        "136": 4.149902,
        "137": 2.080563,
        "138": 4.726491,
        "139": 5.507683,
        "140": 4.588057,
        "141": 5.124109,
        "142": 1.013045,
        "143": 2.467765,
        "144": 6.518467,
        "145": 7.114466,
        "146": 5.421268,
        "147": 5.859016,
        "148": 6.605774,
        "149": 7.034302,
        "150": 7.47884,
        "151": 2.623973,
        "152": 4.740583,
        "153": 0.615779,
        "154": 3.308939,
        "155": 1.844007,
        "156": 3.349079,
        "157": 2.326229,
        "158": 4.927008,
        "159": 3.29318,
        "160": 4.135676,
        "161": 1.655542,
        "162": 2.037095,
        "163": 3.640914,
        "164": 2.114114,
        "165": 3.280594,
        "166": 1.604756,
        "167": 2.016095,
        "168": 2.746684,
        "169": 5.045294,
        "170": 1.559177,
        "171": 6.194216,
        "172": 5.017171,
        "173": 5.2378,
        "174": 4.583875,
        "175": 5.167777
      }
    },
    "medium": {
      "utilization_fraction": 0.5,
      "edge_latencies_ms": {
        "0": 5.005416,
        "1": 3.152579,
        "2": 2.519664,
        "3": 4.026144,
        "4": 4.826,
        "5": 4.044291,
        "6": 4.549556,
        "7": 1.582154,
        "8": 2.499653,
        "9": 2.722754,
        "10": 2.79396,
        "11": 4.802677,
        "12": 2.084049,
        "13": 3.591168,
        "14": 2.492548,
        "15": 3.91475,
        "16": 1.827515,
        "17": 15.505648,
        "18": 3.691326,
        "19": 2.117274,
        "20": 3.591892,
        "21": 3.307734,
        "22": 3.771364,
        "23": 2.681413,
        "24": 3.145232,
        "25": 1.546384,
        "26": 4.986747,
        "27": 15.140406,
        "28": 2.909837,
        "29": 3.805146,
        "30": 2.549926,
        "31": 2.204037,
        "32": 3.597258,
        "33": 2.512056,
        "34": 3.242229,
        "35": 2.348898,
        "36": 17.256198,
        "37": 2.367105,
        "38": 3.82689,
        "39": 1.61984,
        "40": 3.946499,
        "41": 2.16212,
        "42": 3.944095,
        "43": 2.554331,
        "44": 3.267262,
        "45": 3.336866,
        "46": 4.432877,
        "47": 6.552864,
        "48": 2.951647,
        "49": 3.679943,
        "50": 3.910088,
        "51": 4.729214,
        "52": 4.493586,
        "53": 5.051777,
        "54": 2.300265,
        "55": 5.360598,
        "56": 5.133581,
        "57": 6.697047,
        "58": 4.403666,
        "59": 6.995724,
        "60": 2.954583,
        "61": 13.319348,
        "62": 3.99126,
        "63": 4.581976,
        "64": 7.105654,
        "65": 3.094128,
        "66": 2.418761,
        "67": 3.230545,
        "68": 3.117275,
        "69": 4.185781,
        "70": 1.559921,
        "71": 5.368463,
        "72": 5.297364,
        "73": 7.253914,
        "74": 4.395868,
        "75": 5.655864,
        "76": 3.801245,
        "77": 2.597373,
        "78": 3.068615,
        "79": 2.882443,
        "80": 3.621055,
        "81": 2.807905,
        "82": 3.553024,
        "83": 3.638938,
        "84": 2.368294,
        "85": 4.245681,
        "86": 3.839565,
        "87": 6.362993,
        "88": 4.19728,
        "89": 4.245165,
        "90": 2.823762,
        "91": 4.822903,
        "92": 0.795319,
        "93": 3.925509,
        "94": 3.25292,
        "95": 4.213753,
        "96": 5.554421,
        "97": 3.786196,
        "98": 3.883051,
        "99": 5.154166,
        "100": 8.899774,
        "101": 3.785933,
        "102": 2.774812,
        "103": 3.811698,
        "104": 5.519983,
        "105": 7.887786,
        "106": 2.341037,
        "107": 6.309079,
        "108": 3.792382,
        "109": 5.52183,
        "110": 5.41783,
        "111": 1.010004,
        "112": 5.432349,
        "113": 1.449425,
        "114": 7.154071,
        "115": 3.790374,
        "116": 2.48596,
        "117": 3.686539,
        "118": 5.17821,
        "119": 5.851059,
        "120": 2.635479,
        "121": 2.930138,
        "122": 1.942198,
        "123": 3.372256,
        "124": 3.187479,
        "125": 5.542189,
        "126": 4.634557,
        "127": 2.973863,
        "128": 5.992176,
        "129": 3.035644,
        "130": 2.740114,
        "131": 4.501504,
        "132": 6.913855,
        "133": 5.389855,
        "134": 3.665757,
        "135": 3.096463,
        "136": 4.152787,
        "137": 2.083175,
        "138": 4.727328,
        "139": 5.510069,
        "140": 4.58907,
        "141": 5.130558,
        "142": 1.013825,
        "143": 2.468672,
        "144": 6.519851,