{
  "topology_id": 187,
  "load_conditions": {
    "low": {
      "utilization_fraction": 0.2,
      "edge_latencies_ms": {
        "0": 4.272441,
        "1": 4.407742,
        "2": 4.703108,
        "3": 2.808685,
        "4": 7.538876,
        "5": 3.402861,
        "6": 9.425972,
        "7": 4.357231,
        "8": 4.135041,
        "9": 4.911133,
        "10": 5.333249,
        "11": 3.786714,
        "12": 6.099508,
        "13": 6.115192,
        "14": 3.137095,
        "15": 4.198917,
        "16": 2.810748,
        "17": 3.733155,
        "18": 1.101508,
        "19": 4.10932,
        "20": 3.989265,
        "21": 3.048718,
        "22": 3.882249,
        "23": 5.411235,
        "24": 5.557778,
        "25": 4.228343,
        "26": 2.569931,
        "27": 2.029413,
        "28": 3.497814,
        "29": 1.620368,
        "30": 2.075943,
        "31": 2.193279,
        "32": 3.52422,
        "33": 2.923457,
        "34": 2.362367,
        "35": 3.312509,
        "36": 1.278213,
        "37": 3.983084,
        "38": 5.161628,
        "39": 7.926566,
        "40": 5.726973,
        "41": 2.966903,
        "42": 4.993162,
        "43": 2.406057,
        "44": 2.420862,
        "45": 0.971655,
        "46": 5.484094,
        "47": 2.807736,
        "48": 5.102883,
        "49": 3.856039,
        "50": 4.259193,
        "51": 4.522129,
        "52": 4.666554,
        "53": 2.443964,
        "54": 3.957183,
        "55": 5.058494,
        "56": 2.746056,
        "57": 5.179065,
        "58": 1.652084,
        "59": 4.505964,
        "60": 4.256329,
        "61": 3.984315,
        "62": 5.122301,
        "63": 5.999028,
        "64": 3.150939,
        "65": 3.972798,
        "66": 3.055502,
        "67": 4.155109,
        "68": 5.391643,
        "69": 2.936276,
        "70": 2.591029,
        "71": 8.940854,
        "72": 3.105301,
        "73": 6.617425,
        "74": 3.953482,
        "75": 4.448712,
        "76": 1.892637,
        "77": 3.853971,
        "78": 3.997179,
        "79": 3.133264,
        "80": 4.523742,
        "81": 4.284432,
        "82": 4.697981,
        "83": 4.623291,
        "84": 6.156163,
        "85": 3.129164,
        "86": 8.40172,
        "87": 4.48969,
        "88": 2.862632,
        "89": 2.096151,
        "90": 1.43082,
        "91": 4.277507,
        "92": 5.117043,
        "93": 4.440144,
        "94": 3.048548,
        "95": 4.927519,
        "96": 6.219369,
        "97": 4.899586,
        "98": 5.080184,
        "99": 2.263874,
        "100": 6.850939,
        "101": 1.154867,
        "102": 2.047973,
        "103": 1.923864,
        "104": 3.96199,
        "105": 6.464736,
        "106": 6.247868,
        "107": 3.36936,
        "108": 4.238269,
        "109": 3.545855,
        "110": 5.116484,
        "111": 3.089522,
        "112": 3.679473,
        "113": 5.116915,
        "114": 2.666037,
        "115": 2.708521,
        "116": 1.501083,
        "117": 5.011052,
        "118": 3.843584,
        "119": 5.739486,
        "120": 3.301939,
        "121": 4.138959,
        "122": 4.146945,
        "123": 3.575912,
        "124": 2.715695,
        "125": 4.6076,
        "126": 3.647058,
        "127": 4.673162,
        "128": 5.029248,
        "129": 9.329045,
        "130": 6.394075,
        "131": 5.249327,
        "132": 7.242271,
        "133": 6.982157,
        "134": 3.052418,
        "135": 5.619038,
        "136": 4.440366,
        "137": 6.28536,
        "138": 3.459499,
        "139": 4.583357,
        "140": 2.216093,
        "141": 1.288138,
        "142": 1.958749,
        "143": 5.044451,
        "144": 7.344589,
        "145": 3.427026,
        "146": 1.458792
      }
    },
    "medium": {
      "utilization_fraction": 0.5,
      "edge_latencies_ms": {
        "0": 4.273405,
        "1": 4.409245,
        "2": 4.703911,
        "3": 2.809536,
        "4": 7.539988,
        "5": 3.406373,
        "6": 9.435677,
        "7": 4.358616,
        "8": 4.136254,
        "9": 4.911975,
        "10": 5.338149,
        "11": 3.787611,
        "12": 6.100606,
        "13": 6.115957,
        "14": 3.139604,
        "15": 4.200138,
        "16": 2.811818,
        "17": 3.734181,
        "18": 1.102566,
        "19": 4.113341,
        "20": 3.990063,
        "21": 3.049969,
        "22": 3.885859,
        "23": 5.412036,
        "24": 5.559251,
        "25": 4.232831,
        "26": 2.571026,
        "27": 2.030197,
        "28": 3.499608,
        "29": 1.621593,
        "30": 2.077082,
        "31": 2.194429,
        "32": 3.525014,
        "33": 2.925146,
        "34": 2.369202,
        "35": 3.313504,
        "36": 1.279352,
        "37": 3.983926,
        "38": 5.166677,
        "39": 7.927788,
        "40": 5.727841,
        "41": 2.967698,
        "42": 4.99393,
        "43": 2.408772,
        "44": 2.422551,
        "45": 0.98625,
        "46": 5.485246,
        "47": 2.821272,
        "48": 5.103868,
        "49": 3.8569,
        "50": 4.260237,
        "51": 4.524837,
        "52": 4.669259,
        "53": 2.44491,
        "54": 3.958376,
        "55": 5.06007,
        "56": 2.7471,
        "57": 5.180073,
        "58": 1.657118,
        "59": 4.507178,
        "60": 4.260523,
        "61": 3.985413,
        "62": 5.124389,
        "63": 6.039616,
        "64": 3.152171,
        "65": 3.973921,
        "66": 3.059306,
        "67": 4.156041,
        "68": 5.392935,
        "69": 2.937786,
        "70": 2.595581,
        "71": 8.958534,
        "72": 3.106841,
        "73": 6.620407,
        "74": 3.95425,
        "75": 4.450477,
        "76": 1.893445,
        "77": 3.855376,
        "78": 3.999035,
        "79": 3.135956,
        "80": 4.524573,
        "81": 4.285922,
        "82": 4.699159,
        "83": 4.624498,
        "84": 6.157041,
        "85": 3.133171,
        "86": 8.411064,
        "87": 4.490676,
        "88": 2.863493,
        "89": 2.098334,
        "90": 1.431942,
        "91": 4.278572,
        "92": 5.117923,
        "93": 4.443193,
        "94": 3.049452,
        "95": 4.93046,
        "96": 6.220584,
        "97": 4.902985,
        "98": 5.082298,
        "99": 2.266565,
        "100": 6.851882,
        "101": 1.15573,
        "102": 2.05268,
        "103": 1.926177,
        "104": 3.962807,
        "105": 6.471039,
        "106": 6.248988,
        "107": 3.370264,
        "108": 4.240005,
        "109": 3.547483,
        "110": 5.118406,
        "111": 3.090623,
        "112": 3.681581,
        "113": 5.118708,
        "114": 2.667329,
        "115": 2.70977,
        "116": 1.50192,
        "117": 5.013572,
        "118": 3.844367,
        "119": 5.740406,
        "120": 3.303058,
        "121": 4.142954,
        "122": 4.148074,
        "123": 3.578002,
        "124": 2.720698,
        "125": 4.608423,
        "126": 3.64859,
        "127": 4.673924,
        "128": 5.030439,
        "129": 9.329905,
        "130": 6.394832,
        "131": 5.250507,
        "132": 7.243553,
        "133": 6.986303,
        "134": 3.053499,
        "135": 5.621574,
        "136": 4.441279,
        "137": 6.291752,
        "138": 3.461406,
        "139": 4.588945,
        "140": 2.216953,
        "141": 1.292295,
        "142": 1.962028,
        "143": 5.046576,
        "144": 7.347586,
        "145": 3.427781,
        "146": 1.460052
      }
    },
    "high": {
      "utilization_fraction": 0.8,
      "edge_latencies_ms": {
        "0": 4.277263,
        "1": 4.415257,
        "2": 4.707124,
        "3": 2.812938,
        "4": 7.544436,
        "5": 3.42042,
        "6": 9.474496,
        "7": 4.364158,
        "8": 4.141108,
        "9": 4.915342,
        "10": 5.357747,
        "11": 3.791201,
        "12": 6.104996,
        "13": 6.119013,
        "14": 3.149638,
        "15": 4.205019,
        "16": 2.816096,
        "17": 3.738286,
        "18": 1.106796,
        "19": 4.129428,
        "20": 3.993255,
        "21": 3.054975,
        "22": 3.900299,
        "23": 5.41524,