{
  "topology_id": 322,
  "load_conditions": {
    "low": {
      "utilization_fraction": 0.2,
      "edge_latencies_ms": {
        "0": 3.620442,
        "1": 5.332518,
        "2": 10.122654,
        "3": 2.199951,
        "4": 2.825522,
        "5": 9.113593,
        "6": 9.088734,
        "7": 3.158851,
        "8": 3.969447,
        "9": 2.39346,
        "10": 5.651806,
        "11": 5.185795,
        "12": 2.092107,
        "13": 3.909734,
        "14": 3.61613,
        "15": 6.881006,
        "16": 5.544541,
        "17": 3.305285,
        "18": 5.072376,
        "19": 4.025569,
        "20": 2.326139,
        "21": 5.368576,
        "22": 14.698001,
        "23": 4.739142,
        "24": 5.632268,
        "25": 12.71353,
        "26": 2.825451,
        "27": 12.531855,
        "28": 2.755754,
        "29": 3.6147,
        "30": 4.644729,
        "31": 2.747664,
        "32": 5.803135,
        "33": 2.080205,
        "34": 4.070173,
        "35": 3.041937,
        "36": 3.076836,
        "37": 6.11153,
        "38": 6.7156,
        "39": 2.789352,
        "40": 5.329993,
        "41": 3.87898,
        "42": 2.592441
      }
    },
    "medium": {
      "utilization_fraction": 0.5,
      "edge_latencies_ms": {
        "0": 3.621263,
        "1": 5.334908,
        "2": 10.140566,
        "3": 2.200714,
        "4": 2.826532,
        "5": 9.128952,
        "6": 9.107749,
        "7": 3.159982,
        "8": 3.970395,
        "9": 2.395205,
        "10": 5.681876,
        "11": 5.186684,
        "12": 2.098429,
        "13": 3.911681,
        "14": 3.617372,
        "15": 6.881973,
        "16": 5.545374,
        "17": 3.306748,
        "18": 5.074416,
        "19": 4.058425,
        "20": 2.327713,
        "21": 5.369584,
        "22": 14.71046,
        "23": 4.740017,
        "24": 5.633555,
        "25": 12.732099,
        "26": 2.831098,
        "27": 12.540401,
        "28": 2.756779,
        "29": 3.615668,
        "30": 4.646119,
        "31": 2.748569,
        "32": 5.804191,
        "33": 2.081222,
        "34": 4.071013,
        "35": 3.043576,
        "36": 3.080915,
        "37": 6.113609,
        "38": 6.716758,
        "39": 2.79083,
        "40": 5.332595,
        "41": 3.879842,
        "42": 2.594902
      }
    },
    "high": {
      "utilization_fraction": 0.8,
      "edge_latencies_ms": {
        "0": 3.624546,
        "1": 5.344467,
        "2": 10.212216,
        "3": 2.203769,
        "4": 2.830572,
        "5": 9.190387,
        "6": 9.183807,
        "7": 3.164508,
        "8": 3.974186,
        "9": 2.402185,
        "10": 5.802154,
        "11": 5.19024,
        "12": 2.123718,
        "13": 3.919469,
        "14": 3.622338,
        "15": 6.885843,
        "16": 5.548706,
        "17": 3.312598,
        "18": 5.082574,
        "19": 4.189849,
        "20": 2.334009,
        "21": 5.373615,
        "22": 14.760294,
        "23": 4.743518,
        "24": 5.638701,
        "25": 12.806374,
        "26": 2.853685,
        "27": 12.574582,
        "28": 2.760881,
        "29": 3.61954,
        "30": 4.651675,
        "31": 2.752189,
        "32": 5.808412,
        "33": 2.085293,
        "34": 4.074375,
        "35": 3.050133,
        "36": 3.097228,
        "37": 6.121927,
        "38": 6.721388,
        "39": 2.796744,
        "40": 5.343003,
        "41": 3.883291,
        "42": 2.604743
      }
    },
    "flash": {
      "utilization_fraction": 0.95,
      "edge_latencies_ms": {
        "0": 3.640961,
        "1": 5.392265,
        "2": 10.570465,
        "3": 2.219042,
        "4": 2.850771,
        "5": 9.497564,
        "6": 9.564098,
        "7": 3.187135,
        "8": 3.99314,
        "9": 2.437084,
        "10": 6.403547,
        "11": 5.20802,
        "12": 2.250163,
        "13": 3.958409,
        "14": 3.647168,
        "15": 6.905191,
        "16": 5.565367,
        "17": 3.34185,
        "18": 5.123366,
        "19": 4.846972,
        "20": 2.365486,
        "21": 5.393773,
        "22": 15.009463,
        "23": 4.761021,
        "24": 5.664432,
        "25": 13.177753,
        "26": 2.966621,
        "27": 12.745491,
        "28": 2.78139,
        "29": 3.638902,
        "30": 4.679458,
        "31": 2.770289,
        "32": 5.829519,
        "33": 2.105643,
        "34": 4.091184,
        "35": 3.082918,
        "36": 3.178795,
        "37": 6.163514,
        "38": 6.744537,
        "39": 2.82631,
        "40": 5.395042,
        "41": 3.900534,
        "42": 2.653951
      }
    }
  }
}