{
  "topology_id": 252,
  "load_conditions": {
    "low": {
      "utilization_fraction": 0.2,
      "edge_latencies_ms": {
        "0": 4.727179,
        "1": 3.713386,
        "2": 5.856042,
        "3": 5.803222,
        "4": 18.045221,
        "5": 7.53601,
        "6": 4.082835,
        "7": 3.492697,
        "8": 3.009448,
        "9": 2.840248,
        "10": 5.175547,
        "11": 1.25788,
        "12": 3.846052,
        "13": 6.748616,
        "14": 5.259072,
        "15": 4.59917,
        "16": 3.196926,
        "17": 2.616202,
        "18": 5.319861,
        "19": 3.187859,
        "20": 2.492649,
        "21": 3.358037,
        "22": 2.773541,
        "23": 1.461102,
        "24": 2.395722,
        "25": 4.659664,
        "26": 3.136955,
        "27": 5.466129,
        "28": 4.160052,
        "29": 3.450258,
        "30": 4.221489,
        "31": 4.462484,
        "32": 4.113134,
        "33": 4.105338,
        "34": 5.952612,
        "35": 2.352807,
        "36": 2.342991,
        "37": 2.873306,
        "38": 5.782962,
        "39": 3.751222,
        "40": 6.608051,
        "41": 3.488683,
        "42": 1.742548,
        "43": 13.912385,
        "44": 2.911729,
        "45": 13.422365,
        "46": 2.345182,
        "47": 2.673299,
        "48": 4.124075,
        "49": 1.329462,
        "50": 3.010154,
        "51": 16.486608,
        "52": 7.465801,
        "53": 2.07115,
        "54": 17.960147,
        "55": 4.154347,
        "56": 2.601527,
        "57": 3.43462,
        "58": 4.263457,
        "59": 3.533212,
        "60": 3.853474,
        "61": 3.227278,
        "62": 6.181626,
        "63": 3.590599,
        "64": 3.349779,
        "65": 3.246339,
        "66": 4.585088,
        "67": 3.7093,
        "68": 4.998076,
        "69": 4.501846,
        "70": 4.845826,
        "71": 4.391084,
        "72": 2.956034,
        "73": 0.566229,
        "74": 3.360528,
        "75": 3.687273,
        "76": 5.553219,
        "77": 3.974532,
        "78": 2.287477,
        "79": 3.324528
      }
    },
    "medium": {
      "utilization_fraction": 0.5,
      "edge_latencies_ms": {
        "0": 4.727975,
        "1": 3.715587,
        "2": 5.857169,
        "3": 5.808164,
        "4": 18.05578,
        "5": 7.53979,
        "6": 4.083969,
        "7": 3.493995,
        "8": 3.011829,
        "9": 2.841254,
        "10": 5.176473,
        "11": 1.260554,
        "12": 3.847864,
        "13": 6.751028,
        "14": 5.2599,
        "15": 4.602387,
        "16": 3.198627,
        "17": 2.617042,
        "18": 5.323518,
        "19": 3.18928,
        "20": 2.494072,
        "21": 3.359026,
        "22": 2.775531,
        "23": 1.462128,
        "24": 2.396538,
        "25": 4.661059,
        "26": 3.140418,
        "27": 5.46695,
        "28": 4.161741,
        "29": 3.452082,
        "30": 4.222612,
        "31": 4.464599,
        "32": 4.114089,
        "33": 4.109267,
        "34": 5.959794,
        "35": 2.354771,
        "36": 2.346296,
        "37": 2.874125,
        "38": 5.783936,
        "39": 3.752058,
        "40": 6.61205,
        "41": 3.489515,
        "42": 1.743644,
        "43": 13.935639,
        "44": 2.916667,
        "45": 13.431081,
        "46": 2.346012,
        "47": 2.680058,
        "48": 4.12558,
        "49": 1.33065,
        "50": 3.011474,
        "51": 16.514641,
        "52": 7.466985,
        "53": 2.072728,
        "54": 17.972333,
        "55": 4.156019,
        "56": 2.602437,
        "57": 3.43621,
        "58": 4.266169,
        "59": 3.534307,
        "60": 3.854272,
        "61": 3.228194,
        "62": 6.182458,
        "63": 3.591939,
        "64": 3.35103,
        "65": 3.248866,
        "66": 4.586104,
        "67": 3.710675,
        "68": 5.001654,
        "69": 4.50279,
        "70": 4.846809,
        "71": 4.393007,
        "72": 2.957797,
        "73": 0.568113,
        "74": 3.363019,
        "75": 3.688116,
        "76": 5.554184,
        "77": 3.975567,
        "78": 2.289561,
        "79": 3.325452
      }
    },
    "high": {
      "utilization_fraction": 0.8,
      "edge_latencies_ms": {
        "0": 4.731157,
        "1": 3.724392,
        "2": 5.861676,
        "3": 5.827936,
        "4": 18.098018,
        "5": 7.554909,
        "6": 4.088507,
        "7": 3.499184,
        "8": 3.021353,
        "9": 2.845276,
        "10": 5.180178,
        "11": 1.271247,
        "12": 3.855112,
        "13": 6.760673,
        "14": 5.263211,
        "15": 4.615255,
        "16": 3.205428,
        "17": 2.620399,
        "18": 5.338145,
        "19": 3.194967,
        "20": 2.499767,
        "21": 3.362983,
        "22": 2.783489,
        "23": 1.466228,
        "24": 2.399801,
        "25": 4.666642,
        "26": 3.15427,
        "27": 5.470233,
        "28": 4.168499,
        "29": 3.45938,
        "30": 4.227103,
        "31": 4.47306,
        "32": 4.117909,
        "33": 4.124983,
        "34": 5.988524,
        "35": 2.36263,
        "36": 2.359517,
        "37": 2.877402,
        "38": 5.787834,
        "39": 3.755404,
        "40": 6.628049,
        "41": 3.492843,
        "42": 1.748027,
        "43": 14.028656,
        "44": 2.936421,
        "45": 13.465945,
        "46": 2.349332,
        "47": 2.707095,
        "48": 4.1316,
        "49": 1.335401,
        "50": 3.016756,
        "51": 16.626771,
        "52": 7.47172,
        "53": 2.079043,
        "54": 18.021078,
        "55": 4.162707,
        "56": 2.606081,
        "57": 3.442569,
        "58": 4.277018,
        "59": 3.538687,
        "60": 3.857462,
        "61": 3.231855,
        "62": 6.185787,
        "63": 3.597299,
        "64": 3.356031,
        "65": 3.258976,
        "66": 4.590168,
        "67": 3.716174,
        "68": 5.01597,
        "69": 4.506564,
        "70": 4.850741,
        "71": 4.400701,
        "72": 2.96485,
        "73": 0.57565,
        "74": 3.372983,
        "75": 3.69149,
        "76": 5.558045,
        "77": 3.979705,
        "78": 2.297899,
        "79": 3.329146
      }
    },
    "flash": {
      "utilization_fraction": 0.95,
      "edge_latencies_ms": {
        "0": 4.747068,
        "1": 3.768415,
        "2": 5.884213,
        "3": 5.926791,
        "4": 18.309209,
        "5": 7.630504,
        "6": 4.111195,
        "7": 3.525133,
        "8": 3.068973,
        "9": 2.865386,
        "10": 5.198704,
        "11": 1.324713,
        "12": 3.891355,
        "13": 6.808901,
        "14": 5.279767,
        "15": 4.679595,
        "16": 3.239438,
        "17": 2.637185,
        "18": 5.411283,
        "19": 3.223401,
        "20": 2.528241,
        "21": 3.382769,
        "22": 2.823282,
        "23": 1.48673,
        "24": 2.416116,
        "25": 4.694556,
        "26": 3.22353,
        "27": 5.486653,
        "28": 4.202286,
        "29": 3.49587,
        "30": 4.249558,
        "31": 4.515366,
        "32": 4.137007,
        "33": 4.203562,
        "34": 6.132171,
        "35": 2.401926,
        "36": 2.425621,
        "37": 2.893784,
        "38": 5.807319,
        "39": 3.772132,
        "40": 6.70804,
        "41": 3.509485,
        "42": 1.769942,
        "43": 14.493741,
        "44": 3.035192,
        "45": 13.640267,
        "46": 2.365932,
        "47": 2.842277,
        "48": 4.161699,
        "49": 1.359158,
        "50": 3.043166,
        "51": 17.187425,
        "52": 7.495392,
        "53": 2.110613,
        "54": 18.264804,
        "55": 4.196146,
        "56": 2.624296,
        "57": 3.474366,
        "58": 4.331261,
        "59": 3.560586,
        "60": 3.873416,
        "61": 3.250164,
        "62": 6.202429,
        "63": 3.624099,
        "64": 3.381038,
        "65": 3.309527,
        "66": 4.610487,
        "67": 3.74367,
        "68": 5.087549,
        "69": 4.525433,
        "70": 4.870401,
        "71": 4.439171,
        "72": 3.000113,
        "73": 0.613336,
        "74": 3.422799,
        "75": 3.708355,
        "76": 5.57735,
        "77": 4.000396,