{
  "topology_id": 343,
  "load_conditions": {
    "low": {
      "utilization_fraction": 0.2,
      "edge_latencies_ms": {
        "0": 2.277505,
        "1": 2.70997,
        "2": 1.694358,
        "3": 3.934411,
        "4": 14.382601,
        "5": 2.008598,
        "6": 4.875197,
        "7": 2.744779,
        "8": 9.825853,
        "9": 4.855199,
        "10": 3.014766,
        "11": 3.347126,
        "12": 1.739098,
        "13": 3.398669,
        "14": 2.588669,
        "15": 1.981604,
        "16": 4.334745,
        "17": 4.730806,
        "18": 2.635682,
        "19": 2.452447,
        "20": 8.450768,
        "21": 2.623835,
        "22": 1.603091,
        "23": 6.19311,
        "24": 5.210942,
        "25": 3.3829,
        "26": 4.530401,
        "27": 1.350336,
        "28": 7.445351,
        "29": 6.21707,
        "30": 4.14318,
        "31": 4.142402,
        "32": 5.4283,
        "33": 3.994586,
        "34": 4.750913,
        "35": 2.027694,
        "36": 11.473111,
        "37": 3.161562,
        "38": 4.201107,
        "39": 6.340653,
        "40": 13.420397,
        "41": 4.543566,
        "42": 6.21741,
        "43": 3.816444,
        "44": 2.979567,
        "45": 14.57874,
        "46": 4.509503,
        "47": 3.49063,
        "48": 2.596198,
        "49": 1.945968,
        "50": 3.608204,
        "51": 2.745887,
        "52": 4.749303,
        "53": 2.093867,
        "54": 2.436736,
        "55": 4.075088,
        "56": 5.37762,
        "57": 4.38542,
        "58": 3.44617
      }
    },
    "medium": {
      "utilization_fraction": 0.5,
      "edge_latencies_ms": {
        "0": 2.278806,
        "1": 2.710803,
        "2": 1.695864,
        "3": 3.935248,
        "4": 14.390949,
        "5": 2.009978,
        "6": 4.879052,
        "7": 2.746377,
        "8": 9.844745,
        "9": 4.857736,
        "10": 3.016179,
        "11": 3.351755,
        "12": 1.740263,
        "13": 3.399449,
        "14": 2.589717,
        "15": 1.987277,
        "16": 4.337055,
        "17": 4.732412,
        "18": 2.636819,
        "19": 2.453895,
        "20": 8.460615,
        "21": 2.625055,
        "22": 1.604005,
        "23": 6.194351,
        "24": 5.212095,
        "25": 3.385245,
        "26": 4.531406,
        "27": 1.351146,
        "28": 7.446307,
        "29": 6.21783,
        "30": 4.144088,
        "31": 4.14369,
        "32": 5.429417,
        "33": 3.995476,
        "34": 4.751734,
        "35": 2.029007,
        "36": 11.498665,
        "37": 3.162394,
        "38": 4.2021,
        "39": 6.342866,
        "40": 13.428652,
        "41": 4.545183,
        "42": 6.220431,
        "43": 3.817224,
        "44": 2.980881,
        "45": 14.594059,
        "46": 4.51242,
        "47": 3.49546,
        "48": 2.597042,
        "49": 1.946931,
        "50": 3.609487,
        "51": 2.747269,
        "52": 4.750349,
        "53": 2.094899,
        "54": 2.438071,
        "55": 4.07585,
        "56": 5.378513,
        "57": 4.386643,
        "58": 3.446974
      }
    },
    "high": {
      "utilization_fraction": 0.8,
      "edge_latencies_ms": {
        "0": 2.284009,
        "1": 2.714135,
        "2": 1.701891,
        "3": 3.938599,
        "4": 14.424341,
        "5": 2.015499,
        "6": 4.894469,
        "7": 2.752767,
        "8": 9.920315,
        "9": 4.867883,
        "10": 3.021831,
        "11": 3.370269,
        "12": 1.744927,
        "13": 3.402568,
        "14": 2.593906,
        "15": 2.009971,
        "16": 4.346296,
        "17": 4.738836,
        "18": 2.641366,
        "19": 2.459683,
        "20": 8.500005,
        "21": 2.629935,
        "22": 1.607657,
        "23": 6.199314,
        "24": 5.216709,
        "25": 3.394626,
        "26": 4.535427,
        "27": 1.354385,
        "28": 7.45013,
        "29": 6.220872,
        "30": 4.147718,
        "31": 4.148841,
        "32": 5.433885,
        "33": 3.999035,
        "34": 4.755019,
        "35": 2.034258,
        "36": 11.600882,
        "37": 3.16572,
        "38": 4.206074,
        "39": 6.351718,
        "40": 13.461674,
        "41": 4.551653,
        "42": 6.232514,
        "43": 3.820342,
        "44": 2.986134,
        "45": 14.655337,
        "46": 4.524089,
        "47": 3.514783,
        "48": 2.600419,
        "49": 1.950784,
        "50": 3.614618,
        "51": 2.752794,
        "52": 4.754535,
        "53": 2.099027,
        "54": 2.443414,
        "55": 4.078897,
        "56": 5.382088,
        "57": 4.391538,
        "58": 3.450187
      }
    },
    "flash": {
      "utilization_fraction": 0.95,
      "edge_latencies_ms": {
        "0": 2.310025,
        "1": 2.730796,
        "2": 1.732026,
        "3": 3.95535,
        "4": 14.591302,
        "5": 2.043099,
        "6": 4.971553,
        "7": 2.78472,
        "8": 10.298162,
        "9": 4.918618,
        "10": 3.050091,
        "11": 3.462839,
        "12": 1.768243,
        "13": 3.418167,
        "14": 2.614855,
        "15": 2.123439,
        "16": 4.392501,
        "17": 4.770954,
        "18": 2.664102,
        "19": 2.488626,
        "20": 8.696954,
        "21": 2.654338,
        "22": 1.625922,
        "23": 6.224128,
        "24": 5.239775,
        "25": 3.441529,
        "26": 4.555528,
        "27": 1.370581,
        "28": 7.469245,
        "29": 6.23608,
        "30": 4.16587,
        "31": 4.174596,
        "32": 5.456226,
        "33": 4.016829,
        "34": 4.771445,
        "35": 2.060517,
        "36": 12.111966,
        "37": 3.182351,
        "38": 4.225942,
        "39": 6.39598,
        "40": 13.626782,
        "41": 4.584,
        "42": 6.292931,
        "43": 3.835931,
        "44": 3.012401,
        "45": 14.961727,
        "46": 4.582432,
        "47": 3.611397,
        "48": 2.617304,
        "49": 1.970045,
        "50": 3.640276,
        "51": 2.780421,
        "52": 4.775465,
        "53": 2.119667,
        "54": 2.470125,
        "55": 4.09413,
        "56": 5.399963,
        "57": 4.416012,
        "58": 3.466256
      }
    }
  }
}