{
  "topology_id": 84,
  "load_conditions": {
    "low": {
      "utilization_fraction": 0.2,
      "edge_latencies_ms": {
        "0": 2.849301,
        "1": 1.970671,
        "2": 1.993275,
        "3": 2.024851,
        "4": 1.350898,
        "5": 12.943035,
        "6": 2.579187,
        "7": 3.05175,
        "8": 5.144407,
        "9": 2.974222,
        "10": 4.649024,
        "11": 3.085822,
        "12": 15.84304,
        "13": 3.342678,
        "14": 2.216134,
        "15": 4.424267,
        "16": 2.669084,
        "17": 1.878689,
        "18": 4.231994,
        "19": 5.412111,
        "20": 5.209344,
        "21": 2.443697,
        "22": 2.964749,
        "23": 2.989199,
        "24": 4.931971,
        "25": 2.493427,
        "26": 3.602735,
        "27": 1.806009,
        "28": 4.676929,
        "29": 3.201271,
        "30": 2.433577,
        "31": 3.178362,
        "32": 2.667384,
        "33": 2.527018,
        "34": 1.260193,
        "35": 6.878584,
        "36": 13.465095,
        "37": 8.992906,
        "38": 2.997051,
        "39": 5.816713,
        "40": 4.184566,
        "41": 4.151098,
        "42": 0.587196,
        "43": 2.632321,
        "44": 4.132085,
        "45": 3.660975,
        "46": 3.43503,
        "47": 3.399131,
        "48": 4.42921,
        "49": 18.695214,
        "50": 3.348724,
        "51": 3.275996,
        "52": 4.233011,
        "53": 3.319496,
        "54": 14.75503,
        "55": 3.559462,
        "56": 3.426433,
        "57": 13.095695,
        "58": 2.313368,
        "59": 1.354261,
        "60": 10.079743,
        "61": 3.880288,
        "62": 2.996348,
        "63": 2.10157,
        "64": 3.82764,
        "65": 3.84594,
        "66": 7.029806,
        "67": 2.372862,
        "68": 5.356719,
        "69": 3.717424,
        "70": 6.546062,
        "71": 3.785689,
        "72": 5.232781,
        "73": 6.661122,
        "74": 15.170525,
        "75": 2.00971,
        "76": 2.87499,
        "77": 3.653116
      }
    },
    "medium": {
      "utilization_fraction": 0.5,
      "edge_latencies_ms": {
        "0": 2.85047,
        "1": 1.972462,
        "2": 1.999698,
        "3": 2.026144,
        "4": 1.35259,
        "5": 12.951298,
        "6": 2.580275,
        "7": 3.054018,
        "8": 5.150837,
        "9": 2.975009,
        "10": 4.651902,
        "11": 3.091959,
        "12": 15.872093,
        "13": 3.346214,
        "14": 2.218672,
        "15": 4.438191,
        "16": 2.66994,
        "17": 1.879579,
        "18": 4.23435,
        "19": 5.413442,
        "20": 5.223389,
        "21": 2.446596,
        "22": 2.966489,
        "23": 2.991087,
        "24": 4.933847,
        "25": 2.494548,
        "26": 3.605312,
        "27": 1.80682,
        "28": 4.678177,
        "29": 3.203047,
        "30": 2.434885,
        "31": 3.179624,
        "32": 2.668992,
        "33": 2.528034,
        "34": 1.261995,
        "35": 6.88929,
        "36": 13.49604,
        "37": 9.028881,
        "38": 2.998652,
        "39": 5.818172,
        "40": 4.185468,
        "41": 4.153197,
        "42": 0.588378,
        "43": 2.636044,
        "44": 4.135526,
        "45": 3.664062,
        "46": 3.436505,
        "47": 3.401004,
        "48": 4.430385,
        "49": 18.7049,
        "50": 3.350015,
        "51": 3.279632,
        "52": 4.233843,
        "53": 3.3213,
        "54": 14.762998,
        "55": 3.561998,
        "56": 3.432713,
        "57": 13.105871,
        "58": 2.314135,
        "59": 1.355075,
        "60": 10.124788,
        "61": 3.881751,
        "62": 3.002758,
        "63": 2.10518,
        "64": 3.828454,
        "65": 3.847159,
        "66": 7.035267,
        "67": 2.374084,
        "68": 5.35759,
        "69": 3.722957,
        "70": 6.552873,
        "71": 3.786968,
        "72": 5.234548,
        "73": 6.665651,
        "74": 15.189493,
        "75": 2.010917,
        "76": 2.878413,
        "77": 3.655563
      }
    },
    "high": {
      "utilization_fraction": 0.8,
      "edge_latencies_ms": {
        "0": 2.855145,
        "1": 1.979626,
        "2": 2.025391,
        "3": 2.031315,
        "4": 1.359355,
        "5": 12.98435,
        "6": 2.584628,
        "7": 3.063091,
        "8": 5.176555,
        "9": 2.978161,
        "10": 4.663415,
        "11": 3.116509,
        "12": 15.988308,
        "13": 3.360358,
        "14": 2.228823,
        "15": 4.493888,
        "16": 2.673367,
        "17": 1.883136,
        "18": 4.243774,
        "19": 5.41877,
        "20": 5.279566,
        "21": 2.458191,
        "22": 2.973449,
        "23": 2.998636,
        "24": 4.94135,
        "25": 2.499031,
        "26": 3.61562,
        "27": 1.810063,
        "28": 4.683171,
        "29": 3.210154,
        "30": 2.440117,
        "31": 3.184672,
        "32": 2.675421,
        "33": 2.532097,
        "34": 1.269202,
        "35": 6.932114,
        "36": 13.619822,
        "37": 9.172779,
        "38": 3.005056,
        "39": 5.824011,
        "40": 4.189076,
        "41": 4.161593,
        "42": 0.593109,
        "43": 2.650937,
        "44": 4.149293,
        "45": 3.676412,
        "46": 3.442405,
        "47": 3.408497,
        "48": 4.435085,
        "49": 18.743643,
        "50": 3.355181,
        "51": 3.294175,
        "52": 4.237173,
        "53": 3.328515,
        "54": 14.794867,
        "55": 3.572142,
        "56": 3.457829,
        "57": 13.146571,
        "58": 2.317201,
        "59": 1.358332,
        "60": 10.304968,
        "61": 3.887602,
        "62": 3.028396,
        "63": 2.119624,
        "64": 3.831708,
        "65": 3.852036,
        "66": 7.057111,
        "67": 2.378973,
        "68": 5.361072,
        "69": 3.745089,
        "70": 6.580117,
        "71": 3.792085,
        "72": 5.241616,
        "73": 6.683765,
        "74": 15.265364,
        "75": 2.015748,
        "76": 2.892104,
        "77": 3.665351
      }
    },
    "flash": {
      "utilization_fraction": 0.95,
      "edge_latencies_ms": {
        "0": 2.878522,
        "1": 2.015445,
        "2": 2.153856,
        "3": 2.057171,
        "4": 1.393185,
        "5": 13.149611,
        "6": 2.606393,
        "7": 3.108453,
        "8": 5.305147,
        "9": 2.993921,
        "10": 4.72098,
        "11": 3.239257,
        "12": 16.569378,
        "13": 3.431078,
        "14": 2.279579,
        "15": 4.772374,
        "16": 2.690503,
        "17": 1.90092,
        "18": 4.290895,
        "19": 5.445409,
        "20": 5.560452,
        "21": 2.516165,
        "22": 3.008247,
        "23": 3.03638,
        "24": 4.978868,
        "25": 2.521446,
        "26": 3.667159,
        "27": 1.826278,
        "28": 4.708143,
        "29": 3.245684,
        "30": 2.466277,
        "31": 3.209913,
        "32": 2.707568,
        "33": 2.552413,
        "34": 1.305236,
        "35": 7.146237,
        "36": 14.238729,
        "37": 9.89227,
        "38": 3.037074,
        "39": 5.853206,
        "40": 4.207115,
        "41": 4.203573,
        "42": 0.616762,
        "43": 2.7254,
        "44": 4.218126,
        "45": 3.738164,
        "46": 3.471905,
        "47": 3.445961,
        "48": 4.458586,
        "49": 18.937357,
        "50": 3.38101,
        "51": 3.366892,
        "52": 4.253825,
        "53": 3.364591,
        "54": 14.954214,
        "55": 3.622859,
        "56": 3.58341,
        "57": 13.350074,
        "58": 2.332533,
        "59": 1.374612,
        "60": 11.205867,
        "61": 3.916859,
        "62": 3.156589,
        "63": 2.19184,
        "64": 3.847977,
        "65": 3.876419,
        "66": 7.166331,
        "67": 2.403415,
        "68": 5.378483,
        "69": 3.855749,
        "70": 6.716334,
        "71": 3.817671,
        "72": 5.276958,
        "73": 6.774336,
        "74": 15.64472,
        "75": 2.039904,
        "76": 2.960561,
        "77": 3.714293
      }
    }
  }
}