{
  "topology_id": 347,
  "load_conditions": {
    "low": {
      "utilization_fraction": 0.2,
      "edge_latencies_ms": {
        "0": 3.055239,
        "1": 1.980397,
        "2": 9.253862,
        "3": 4.479303,
        "4": 6.364353,
        "5": 5.871359,
        "6": 4.398151,
        "7": 5.178215,
        "8": 7.91254,
        "9": 2.772641,
        "10": 4.058403,
        "11": 3.358556,
        "12": 3.945971,
        "13": 3.308096,
        "14": 3.116622,
        "15": 8.256404,
        "16": 8.125492,
        "17": 3.674488,
        "18": 1.651522,
        "19": 3.343691,
        "20": 1.756857,
        "21": 5.461847,
        "22": 4.120441,
        "23": 2.893739,
        "24": 0.814386,
        "25": 4.583629,
        "26": 0.822338,
        "27": 3.586224,
        "28": 2.804189,
        "29": 3.590049,
        "30": 3.97235,
        "31": 5.468419,
        "32": 9.861102,
        "33": 5.106601,
        "34": 5.834697,
        "35": 6.094812,
        "36": 4.754012,
        "37": 6.06203,
        "38": 3.82131,
        "39": 3.834749,
        "40": 5.169849,
        "41": 5.472955,
        "42": 6.059243,
        "43": 1.180348,
        "44": 1.624579,
        "45": 3.379726,
        "46": 1.713252,
        "47": 2.75981,
        "48": 4.864686,
        "49": 7.328616,
        "50": 3.88057,
        "51": 4.421649,
        "52": 2.697834,
        "53": 4.691102,
        "54": 3.512973,
        "55": 7.01884,
        "56": 6.47936,
        "57": 1.402693,
        "58": 2.294141,
        "59": 11.772871,
        "60": 3.231436,
        "61": 3.007733,
        "62": 4.615516,
        "63": 12.986229,
        "64": 3.713167,
        "65": 5.559852,
        "66": 6.143811,
        "67": 2.828171,
        "68": 2.381967,
        "69": 3.433513
      }
    },
    "medium": {
      "utilization_fraction": 0.5,
      "edge_latencies_ms": {
        "0": 3.05676,
        "1": 1.981203,
        "2": 9.262747,
        "3": 4.480082,
        "4": 6.365149,
        "5": 5.872609,
        "6": 4.399489,
        "7": 5.179032,
        "8": 7.925303,
        "9": 2.774135,
        "10": 4.059249,
        "11": 3.359653,
        "12": 3.946806,
        "13": 3.308867,
        "14": 3.119516,
        "15": 8.269002,
        "16": 8.126559,
        "17": 3.676561,
        "18": 1.654618,
        "19": 3.344684,
        "20": 1.758003,
        "21": 5.464318,
        "22": 4.121935,
        "23": 2.894596,
        "24": 0.816956,
        "25": 4.584417,
        "26": 0.823101,
        "27": 3.58703,
        "28": 2.807137,
        "29": 3.591169,
        "30": 3.973134,
        "31": 5.470797,
        "32": 9.874041,
        "33": 5.109423,
        "34": 5.840204,
        "35": 6.096143,
        "36": 4.755839,
        "37": 6.063881,
        "38": 3.823317,
        "39": 3.836577,
        "40": 5.183688,
        "41": 5.517175,
        "42": 6.062156,
        "43": 1.182139,
        "44": 1.625575,
        "45": 3.380554,
        "46": 1.714952,
        "47": 2.761133,
        "48": 4.865648,
        "49": 7.329926,
        "50": 3.882008,
        "51": 4.422407,
        "52": 2.699017,
        "53": 4.69633,
        "54": 3.514588,
        "55": 7.019985,
        "56": 6.48096,
        "57": 1.406314,
        "58": 2.296286,
        "59": 11.79682,
        "60": 3.234479,
        "61": 3.008601,
        "62": 4.616583,
        "63": 12.999197,
        "64": 3.71667,
        "65": 5.561242,
        "66": 6.14501,
        "67": 2.834246,
        "68": 2.384009,
        "69": 3.43495
      }
    },
    "high": {
      "utilization_fraction": 0.8,
      "edge_latencies_ms": {
        "0": 3.062845,
        "1": 1.984427,
        "2": 9.298287,
        "3": 4.483199,
        "4": 6.368332,
        "5": 5.877609,
        "6": 4.40484,
        "7": 5.1823,
        "8": 7.976354,
        "9": 2.780113,
        "10": 4.062633,
        "11": 3.36404,
        "12": 3.950148,
        "13": 3.311952,
        "14": 3.131089,
        "15": 8.319396,
        "16": 8.130827,
        "17": 3.68485,
        "18": 1.667001,
        "19": 3.348657,
        "20": 1.762588,
        "21": 5.474203,
        "22": 4.127909,
        "23": 2.898024,
        "24": 0.827238,
        "25": 4.587569,
        "26": 0.826152,
        "27": 3.590254,
        "28": 2.818929,
        "29": 3.59565,
        "30": 3.976274,
        "31": 5.48031,
        "32": 9.925797,
        "33": 5.120712,
        "34": 5.862232,
        "35": 6.101469,
        "36": 4.763146,
        "37": 6.071287,
        "38": 3.831346,
        "39": 3.843891,
        "40": 5.239044,
        "41": 5.694054,
        "42": 6.073811,
        "43": 1.189304,
        "44": 1.629555,
        "45": 3.383869,
        "46": 1.721751,
        "47": 2.766428,
        "48": 4.869497,
        "49": 7.335167,
        "50": 3.887759,
        "51": 4.425439,
        "52": 2.703748,
        "53": 4.717245,
        "54": 3.52105,
        "55": 7.024561,
        "56": 6.487359,
        "57": 1.420797,
        "58": 2.304863,
        "59": 11.892612,
        "60": 3.246653,
        "61": 3.012072,
        "62": 4.620853,
        "63": 13.051069,
        "64": 3.730683,
        "65": 5.566803,
        "66": 6.149807,
        "67": 2.858547,
        "68": 2.392179,
        "69": 3.440696
      }
    },
    "flash": {
      "utilization_fraction": 0.95,
      "edge_latencies_ms": {
        "0": 3.093267,
        "1": 2.000545,
        "2": 9.475988,
        "3": 4.498784,
        "4": 6.384246,
        "5": 5.902612,
        "6": 4.431597,
        "7": 5.198638,
        "8": 8.231612,
        "9": 2.810002,
        "10": 4.079553,
        "11": 3.385974,
        "12": 3.966859,
        "13": 3.327374,
        "14": 3.188956,
        "15": 8.571364,
        "16": 8.152168,
        "17": 3.726296,
        "18": 1.728913,
        "19": 3.368522,
        "20": 1.785511,
        "21": 5.523631,
        "22": 4.157781,
        "23": 2.915163,
        "24": 0.878644,
        "25": 4.603327,
        "26": 0.841408,
        "27": 3.606374,
        "28": 2.87789,
        "29": 3.618055,
        "30": 3.99197,
        "31": 5.527876,
        "32": 10.18458,
        "33": 5.177155,
        "34": 5.972371,
        "35": 6.128097,
        "36": 4.79968,
        "37": 6.108319,
        "38": 3.871491,
        "39": 3.88046,
        "40": 5.515823,
        "41": 6.578451,
        "42": 6.132085,
        "43": 1.225128,
        "44": 1.649457,
        "45": 3.400443,
        "46": 1.75575,
        "47": 2.7929,
        "48": 4.88874,
        "49": 7.361372,
        "50": 3.916516,
        "51": 4.440599,
        "52": 2.727404,
        "53": 4.821817,
        "54": 3.553359,
        "55": 7.047443,
        "56": 6.519358,
        "57": 1.493214,
        "58": 2.347749,
        "59": 12.371576,
        "60": 3.307525,
        "61": 3.029425,
        "62": 4.6422,
        "63": 13.310429,
        "64": 3.800748,
        "65": 5.594609,
        "66": 6.173791,
        "67": 2.98005,
        "68": 2.433025,
        "69": 3.469425
      }
    }
  }
}