{
  "topology_id": 416,
  "load_conditions": {
    "low": {
      "utilization_fraction": 0.2,
      "edge_latencies_ms": {
        "0": 4.429232,
        "1": 4.091334,
        "2": 5.941019,
        "3": 6.015575,
        "4": 1.992469,
        "5": 4.603207,
        "6": 3.223154,
        "7": 6.600711,
        "8": 12.473556,
        "9": 12.703663,
        "10": 2.439402,
        "11": 4.504119,
        "12": 9.287959,
        "13": 3.715333,
        "14": 6.961905,
        "15": 3.171958,
        "16": 6.339422,
        "17": 4.727753,
        "18": 2.845917,
        "19": 5.054542,
        "20": 1.580805,
        "21": 3.251799,
        "22": 2.937013,
        "23": 5.400602,
        "24": 4.378535,
        "25": 5.738905,
        "26": 3.310968,
        "27": 4.398409,
        "28": 5.107202,
        "29": 7.827163,
        "30": 1.731536,
        "31": 5.244906,
        "32": 3.098404,
        "33": 3.980908,
        "34": 5.666215,
        "35": 3.429378,
        "36": 6.566727,
        "37": 3.734635,
        "38": 2.396097,
        "39": 6.662567,
        "40": 2.034018,
        "41": 2.892127,
        "42": 5.363476,
        "43": 4.843539,
        "44": 3.792624,
        "45": 3.493419,
        "46": 2.481975,
        "47": 3.010742,
        "48": 2.210178,
        "49": 3.103731,
        "50": 2.024053,
        "51": 1.616819,
        "52": 4.157248,
        "53": 4.440673,
        "54": 5.676709,
        "55": 1.870105,
        "56": 5.887518,
        "57": 4.066385,
        "58": 3.76816
      }
    },
    "medium": {
      "utilization_fraction": 0.5,
      "edge_latencies_ms": {
        "0": 4.430062,
        "1": 4.093435,
        "2": 5.942295,
        "3": 6.016793,
        "4": 1.993333,
        "5": 4.606998,
        "6": 3.225687,
        "7": 6.601989,
        "8": 12.487103,
        "9": 12.731642,
        "10": 2.441294,
        "11": 4.505882,
        "12": 9.326329,
        "13": 3.716476,
        "14": 6.978884,
        "15": 3.175861,
        "16": 6.340651,
        "17": 4.729084,
        "18": 2.848311,
        "19": 5.059842,
        "20": 1.582854,
        "21": 3.253285,
        "22": 2.938002,
        "23": 5.401674,
        "24": 4.380343,
        "25": 5.740295,
        "26": 3.313618,
        "27": 4.399691,
        "28": 5.108553,
        "29": 7.83884,
        "30": 1.733101,
        "31": 5.24676,
        "32": 3.099689,
        "33": 3.981803,
        "34": 5.667218,
        "35": 3.430152,
        "36": 6.567486,
        "37": 3.740629,
        "38": 2.397054,
        "39": 6.685606,
        "40": 2.035044,
        "41": 2.893754,
        "42": 5.364936,
        "43": 4.844708,
        "44": 3.793491,
        "45": 3.497697,
        "46": 2.483869,
        "47": 3.011586,
        "48": 2.212467,
        "49": 3.104553,
        "50": 2.025024,
        "51": 1.617988,
        "52": 4.158992,
        "53": 4.44158,
        "54": 5.678777,
        "55": 1.870899,
        "56": 5.889058,
        "57": 4.068385,
        "58": 3.768945
      }
    },
    "high": {
      "utilization_fraction": 0.8,
      "edge_latencies_ms": {
        "0": 4.433383,
        "1": 4.101838,
        "2": 5.947399,
        "3": 6.021663,
        "4": 1.99679,
        "5": 4.62216,
        "6": 3.235822,
        "7": 6.607103,
        "8": 12.54129,
        "9": 12.843558,
        "10": 2.448863,
        "11": 4.512932,
        "12": 9.479806,
        "13": 3.721049,
        "14": 7.046798,
        "15": 3.191472,
        "16": 6.345568,
        "17": 4.734405,
        "18": 2.857885,
        "19": 5.081041,
        "20": 1.591051,
        "21": 3.259231,
        "22": 2.941959,
        "23": 5.405962,
        "24": 4.387572,
        "25": 5.745855,
        "26": 3.324219,
        "27": 4.404818,
        "28": 5.113954,
        "29": 7.885548,
        "30": 1.739362,
        "31": 5.254177,
        "32": 3.104829,
        "33": 3.985386,
        "34": 5.671228,
        "35": 3.433246,
        "36": 6.570521,
        "37": 3.764606,
        "38": 2.400881,
        "39": 6.777766,
        "40": 2.039149,
        "41": 2.900261,
        "42": 5.370776,
        "43": 4.849385,
        "44": 3.796956,
        "45": 3.514809,
        "46": 2.491441,
        "47": 3.014964,
        "48": 2.221623,
        "49": 3.107838,
        "50": 2.028907,
        "51": 1.622661,
        "52": 4.165968,
        "53": 4.445205,
        "54": 5.68705,
        "55": 1.874077,
        "56": 5.895217,
        "57": 4.076386,
        "58": 3.772089
      }
    },
    "flash": {
      "utilization_fraction": 0.95,
      "edge_latencies_ms": {
        "0": 4.449989,
        "1": 4.143853,
        "2": 5.972921,
        "3": 6.046015,
        "4": 2.014075,
        "5": 4.697969,
        "6": 3.286494,
        "7": 6.632671,
        "8": 12.812223,
        "9": 13.403135,
        "10": 2.486706,
        "11": 4.548186,
        "12": 10.247194,
        "13": 3.743917,
        "14": 7.386367,
        "15": 3.269531,
        "16": 6.370155,
        "17": 4.761012,
        "18": 2.905755,
        "19": 5.187034,
        "20": 1.632033,
        "21": 3.288958,
        "22": 2.961745,
        "23": 5.427403,
        "24": 4.423719,
        "25": 5.773655,
        "26": 3.377223,
        "27": 4.430453,
        "28": 5.140963,
        "29": 8.119088,
        "30": 1.770669,
        "31": 5.291259,
        "32": 3.130526,
        "33": 4.003299,
        "34": 5.691279,
        "35": 3.448718,
        "36": 6.585696,
        "37": 3.88449,
        "38": 2.420016,
        "39": 7.238563,
        "40": 2.059669,
        "41": 2.9328,
        "42": 5.399978,
        "43": 4.872768,
        "44": 3.814281,
        "45": 3.600369,
        "46": 2.529303,
        "47": 3.031853,
        "48": 2.267399,
        "49": 3.124263,
        "50": 2.048319,
        "51": 1.64603,
        "52": 4.200846,
        "53": 4.46333,
        "54": 5.728411,
        "55": 1.889967,
        "56": 5.926013,
        "57": 4.116389,
        "58": 3.787806
      }
    }
  }
}