{
  "topology_id": 335,
  "load_conditions": {
    "low": {
      "utilization_fraction": 0.2,
      "edge_latencies_ms": {
        "0": 3.282857,
        "1": 3.420791,
        "2": 2.117311,
        "3": 3.575853,
        "4": 2.755647,
        "5": 3.054128,
        "6": 2.813572,
        "7": 4.247281,
        "8": 4.611243,
        "9": 2.788408,
        "10": 4.797272,
        "11": 4.883281,
        "12": 2.329738,
        "13": 3.436396,
        "14": 6.410291,
        "15": 6.043743,
        "16": 2.897119,
        "17": 3.751551,
        "18": 5.198128,
        "19": 3.373105,
        "20": 2.448963,
        "21": 2.512759,
        "22": 2.748539,
        "23": 1.768493,
        "24": 6.259703,
        "25": 2.940942,
        "26": 3.959152,
        "27": 3.633299,
        "28": 2.063686,
        "29": 4.43895,
        "30": 2.159562,
        "31": 2.000628,
        "32": 3.165004,
        "33": 3.697325,
        "34": 3.103984,
        "35": 7.468187,
        "36": 0.801028,
        "37": 2.214111,
        "38": 3.118381,
        "39": 2.156402,
        "40": 3.329034,
        "41": 3.225429,
        "42": 4.967795,
        "43": 3.603889,
        "44": 3.706384
      }
    },
    "medium": {
      "utilization_fraction": 0.5,
      "edge_latencies_ms": {
        "0": 3.283732,
        "1": 3.421835,
        "2": 2.124491,
        "3": 3.577917,
        "4": 2.813228,
        "5": 3.054891,
        "6": 2.814481,
        "7": 4.266532,
        "8": 4.614415,
        "9": 2.789175,
        "10": 4.798755,
        "11": 4.884157,
        "12": 2.332562,
        "13": 3.438133,
        "14": 6.411586,
        "15": 6.044555,
        "16": 2.899799,
        "17": 3.758118,
        "18": 5.200508,
        "19": 3.37496,
        "20": 2.452137,
        "21": 2.51574,
        "22": 2.749423,
        "23": 1.769788,
        "24": 6.260465,
        "25": 2.942143,
        "26": 3.96925,
        "27": 3.634332,
        "28": 2.064911,
        "29": 4.439804,
        "30": 2.160349,
        "31": 2.004325,
        "32": 3.166481,
        "33": 3.699871,
        "34": 3.10597,
        "35": 7.469938,
        "36": 0.805876,
        "37": 2.215123,
        "38": 3.119152,
        "39": 2.157476,
        "40": 3.330827,
        "41": 3.226202,
        "42": 4.969426,
        "43": 3.608355,
        "44": 3.707863
      }
    },
    "high": {
      "utilization_fraction": 0.8,
      "edge_latencies_ms": {
        "0": 3.28723,
        "1": 3.426007,
        "2": 2.153209,
        "3": 3.586175,
        "4": 3.043552,
        "5": 3.057941,
        "6": 2.818116,
        "7": 4.343538,
        "8": 4.627104,
        "9": 2.792241,
        "10": 4.804688,
        "11": 4.887659,
        "12": 2.343858,
        "13": 3.445082,
        "14": 6.416765,
        "15": 6.047804,
        "16": 2.910518,
        "17": 3.784388,
        "18": 5.210031,
        "19": 3.382378,
        "20": 2.464829,
        "21": 2.527663,
        "22": 2.75296,
        "23": 1.774967,
        "24": 6.263514,
        "25": 2.946946,
        "26": 4.009641,
        "27": 3.63846,
        "28": 2.069809,
        "29": 4.443216,
        "30": 2.163497,
        "31": 2.019111,
        "32": 3.172389,
        "33": 3.710056,
        "34": 3.113914,
        "35": 7.476944,
        "36": 0.825265,
        "37": 2.219171,
        "38": 3.122238,
        "39": 2.161774,
        "40": 3.337999,
        "41": 3.229291,
        "42": 4.975951,
        "43": 3.62622,
        "44": 3.713777
      }
    },
    "flash": {
      "utilization_fraction": 0.95,
      "edge_latencies_ms": {
        "0": 3.30472,
        "1": 3.44687,
        "2": 2.296799,
        "3": 3.627464,
        "4": 4.195171,
        "5": 3.073193,
        "6": 2.836293,
        "7": 4.728565,
        "8": 4.690548,
        "9": 2.807572,
        "10": 4.834354,
        "11": 4.905169,
        "12": 2.400339,
        "13": 3.479827,
        "14": 6.44266,
        "15": 6.064046,
        "16": 2.964115,
        "17": 3.915734,
        "18": 5.257647,
        "19": 3.419472,
        "20": 2.528293,
        "21": 2.587276,
        "22": 2.770644,
        "23": 1.800863,
        "24": 6.278756,
        "25": 2.970962,
        "26": 4.211598,
        "27": 3.659102,
        "28": 2.094302,
        "29": 4.460278,
        "30": 2.179233,
        "31": 2.09304,
        "32": 3.201929,
        "33": 3.76098,
        "34": 3.153636,
        "35": 7.511973,
        "36": 0.922215,
        "37": 2.239413,
        "38": 3.137669,
        "39": 2.183262,
        "40": 3.373857,
        "41": 3.244737,
        "42": 5.008579,
        "43": 3.715543,
        "44": 3.743348
      }
    }
  }
}