{
  "topology_id": 139,
  "load_conditions": {
    "low": {
      "utilization_fraction": 0.2,
      "edge_latencies_ms": {
        "0": 5.576914,
        "1": 6.888336,
        "2": 8.977869,
        "3": 1.813628,
        "4": 2.060963,
        "5": 2.512979,
        "6": 4.322444,
        "7": 5.518685,
        "8": 5.60551,
        "9": 5.301749,
        "10": 2.753617,
        "11": 16.958042,
        "12": 2.563603,
        "13": 5.038414,
        "14": 2.585782,
        "15": 3.657593,
        "16": 4.087924,
        "17": 5.802359,
        "18": 10.846585,
        "19": 5.445564,
        "20": 3.62301,
        "21": 2.140067,
        "22": 1.431391,
        "23": 1.781713,
        "24": 2.99225,
        "25": 12.22154,
        "26": 10.071636,
        "27": 13.134687,
        "28": 3.535727,
        "29": 3.050472,
        "30": 5.616114,
        "31": 2.515944,
        "32": 3.638101,
        "33": 5.816547,
        "34": 17.918396,
        "35": 4.107046,
        "36": 2.495379,
        "37": 2.878486,
        "38": 5.396859,
        "39": 1.826626,
        "40": 2.794079,
        "41": 2.271745,
        "42": 4.082903,
        "43": 4.947575,
        "44": 2.019503,
        "45": 3.606499,
        "46": 2.809612,
        "47": 3.66687,
        "48": 4.106537,
        "49": 3.876861,
        "50": 3.223949,
        "51": 5.798295,
        "52": 4.170394,
        "53": 1.747488,
        "54": 2.536286,
        "55": 4.877357,
        "56": 3.492,
        "57": 2.954522,
        "58": 5.364943,
        "59": 1.198775,
        "60": 7.506311,
        "61": 5.84361,
        "62": 2.798673,
        "63": 2.289803,
        "64": 3.539879,
        "65": 3.65709,
        "66": 5.139632,
        "67": 5.783383,
        "68": 2.967912,
        "69": 3.288968,
        "70": 5.582922,
        "71": 5.812292,
        "72": 1.526563,
        "73": 3.009485,
        "74": 4.664676,
        "75": 4.598975,
        "76": 4.91808,
        "77": 5.100449,
        "78": 7.606791,
        "79": 4.404856,
        "80": 7.777691,
        "81": 5.369258,
        "82": 3.246081,
        "83": 4.728624,
        "84": 6.440505,
        "85": 4.179353,
        "86": 3.13742,
        "87": 2.042606,
        "88": 6.422068,
        "89": 18.747249,
        "90": 3.331924,
        "91": 2.754085,
        "92": 3.359068,
        "93": 4.599436,
        "94": 3.562434,
        "95": 2.604793,
        "96": 4.442566,
        "97": 0.831824,
        "98": 4.211692,
        "99": 1.706689,
        "100": 6.075831,
        "101": 4.920528,
        "102": 5.792993,
        "103": 5.394288,
        "104": 3.902867,
        "105": 7.313343,
        "106": 4.583203,
        "107": 5.263443,
        "108": 2.677185,
        "109": 4.013653,
        "110": 3.140201,
        "111": 3.945406,
        "112": 2.831399,
        "113": 2.331748,
        "114": 2.758605,
        "115": 4.47962,
        "116": 4.665151,
        "117": 2.282097,
        "118": 3.392319,
        "119": 2.815511,
        "120": 2.487161,
        "121": 3.628277,
        "122": 2.992959,
        "123": 5.24192,
        "124": 3.71295,
        "125": 2.432906,
        "126": 2.717836,
        "127": 5.880198,
        "128": 4.068941,
        "129": 4.720235,
        "130": 2.317585,
        "131": 4.721361,
        "132": 5.131555,
        "133": 3.994034,
        "134": 6.020859,
        "135": 3.200669,
        "136": 2.686432,
        "137": 1.933579,
        "138": 5.36341,
        "139": 2.933701,
        "140": 4.578036,
        "141": 4.168003,
        "142": 4.575533,
        "143": 1.544658,
        "144": 3.130361,
        "145": 4.588032,
        "146": 4.15362,
        "147": 4.245699,
        "148": 1.280814,
        "149": 6.060928,
        "150": 2.964043,
        "151": 4.745024,
        "152": 3.988839,
        "153": 6.313179
      }
    },
    "medium": {
      "utilization_fraction": 0.5,
      "edge_latencies_ms": {
        "0": 5.577701,
        "1": 6.889384,
        "2": 9.006987,
        "3": 1.81451,
        "4": 2.064789,
        "5": 2.513937,
        "6": 4.323262,
        "7": 5.520371,
        "8": 5.607376,
        "9": 5.303757,
        "10": 2.755235,
        "11": 16.965734,
        "12": 2.570187,
        "13": 5.039176,
        "14": 2.58689,
        "15": 3.658457,
        "16": 4.088725,
        "17": 5.803459,
        "18": 10.866463,
        "19": 5.446423,
        "20": 3.623885,
        "21": 2.140941,
        "22": 1.432913,
        "23": 1.784843,
        "24": 2.995266,
        "25": 12.2508,
        "26": 10.081595,
        "27": 13.166125,
        "28": 3.536571,
        "29": 3.052397,
        "30": 5.617825,
        "31": 2.517392,
        "32": 3.640677,
        "33": 5.817581,
        "34": 17.928773,
        "35": 4.10873,
        "36": 2.49827,
        "37": 2.87973,
        "38": 5.39789,
        "39": 1.827997,
        "40": 2.79507,
        "41": 2.272818,
        "42": 4.085042,
        "43": 4.949821,
        "44": 2.020332,
        "45": 3.607297,
        "46": 2.811401,
        "47": 3.668428,
        "48": 4.10777,
        "49": 3.878295,
        "50": 3.225151,
        "51": 5.799156,
        "52": 4.172406,
        "53": 1.750809,
        "54": 2.53709,
        "55": 4.878924,
        "56": 3.497392,
        "57": 2.95662,
        "58": 5.366102,
        "59": 1.199589,
        "60": 7.507341,
        "61": 5.845686,
        "62": 2.799461,
        "63": 2.290719,
        "64": 3.541527,
        "65": 3.659683,
        "66": 5.14055,
        "67": 5.784642,
        "68": 2.969043,
        "69": 3.291324,
        "70": 5.588986,
        "71": 5.813506,
        "72": 1.527731,
        "73": 3.010236,
        "74": 4.665612,
        "75": 4.600174,
        "76": 4.922175,
        "77": 5.101327,
        "78": 7.607787,
        "79": 4.409203,
        "80": 7.783934,
        "81": 5.381229,
        "82": 3.246929,
        "83": 4.730058,
        "84": 6.444619,
        "85": 4.183395,
        "86": 3.138205,
        "87": 2.043516,
        "88": 6.422871,
        "89": 18.759612,
        "90": 3.333182,
        "91": 2.757462,
        "92": 3.359873,
        "93": 4.602697,
        "94": 3.564475,
        "95": 2.607133,
        "96": 4.446497,
        "97": 0.837215,
        "98": 4.212507,
        "99": 1.707967,
        "100": 6.08025,
        "101": 4.922141,
        "102": 5.794182,
        "103": 5.399002,
        "104": 3.904519,
        "105": 7.314466,
        "106": 4.585467,
        "107": 5.264801,
        "108": 2.678092,
        "109": 4.014767,
        "110": 3.14099,
        "111": 3.948676,
        "112": 2.836837,
        "113": 2.333891,
        "114": 2.759381,
        "115": 4.480413,
        "116": 4.66711,
        "117": 2.28362,
        "118": 3.396409,
        "119": 2.816338,
        "120": 2.488841,
        "121": 3.632448,
        "122": 2.995809,
        "123": 5.242972,
        "124": 3.719252,
        "125": 2.434021,
        "126": 2.71897,
        "127": 5.881694,
        "128": 4.070911,
        "129": 4.721219,
        "130": 2.323837,
        "131": 4.725035,
        "132": 5.132334,
        "133": 3.995896,
        "134": 6.023966,
        "135": 3.20172,
        "136": 2.688513,
        "137": 1.939187,
        "138": 5.365002,
        "139": 2.934989,
        "140": 4.579809,
        "141": 4.168856,
        "142": 4.576452,
        "143": 1.545587,
        "144": 3.133482,
        "145": 4.590623,
        "146": 4.154505,
        "147": 4.252559,
        "148": 1.282356,
        "149": 6.063861,
        "150": 2.965649,
        "151": 4.745983,
        "152": 3.990919,
        "153": 6.314203
      }
    },
    "high": {
      "utilization_fraction": 0.8,
      "edge_latencies_ms": {
        "0": 5.580852,
        "1": 6.893579,
        "2": 9.123455,
        "3": 1.818036,
        "4": 2.080095,
        "5": 2.517768,
        "6": 4.326533,
        "7": 5.527115,
        "8": 5.61484,
        "9": 5.311791,