{
  "topology_id": 420,
  "load_conditions": {
    "low": {
      "utilization_fraction": 0.2,
      "edge_latencies_ms": {
        "0": 7.093655,
        "1": 2.22214,
        "2": 13.6853,
        "3": 15.960407,
        "4": 5.382988,
        "5": 9.434996,
        "6": 12.731542,
        "7": 13.953446,
        "8": 3.454134,
        "9": 3.668658,
        "10": 3.115426,
        "11": 5.135674,
        "12": 6.299053,
        "13": 4.544678,
        "14": 3.483962,
        "15": 8.55306,
        "16": 2.974364,
        "17": 5.136603,
        "18": 4.289429,
        "19": 5.891157,
        "20": 6.163033,
        "21": 7.276209,
        "22": 2.869134,
        "23": 9.159818,
        "24": 6.439011,
        "25": 6.0364,
        "26": 2.612961,
        "27": 5.943151,
        "28": 2.0124,
        "29": 3.698092,
        "30": 11.850658,
        "31": 2.93678,
        "32": 3.041503,
        "33": 3.425891,
        "34": 4.478328
      }
    },
    "medium": {
      "utilization_fraction": 0.5,
      "edge_latencies_ms": {
        "0": 7.098482,
        "1": 2.223479,
        "2": 13.707707,
        "3": 15.969688,
        "4": 5.384184,
        "5": 9.447973,
        "6": 12.749062,
        "7": 14.026722,
        "8": 3.454913,
        "9": 3.669668,
        "10": 3.116418,
        "11": 5.136533,
        "12": 6.30143,
        "13": 4.553334,
        "14": 3.484756,
        "15": 8.56382,
        "16": 2.977344,
        "17": 5.140814,
        "18": 4.290475,
        "19": 5.892602,
        "20": 6.169866,
        "21": 7.277263,
        "22": 2.869933,
        "23": 9.17287,
        "24": 6.460216,
        "25": 6.037329,
        "26": 2.615077,
        "27": 5.950278,
        "28": 2.014571,
        "29": 3.700071,
        "30": 11.862736,
        "31": 2.938186,
        "32": 3.04318,
        "33": 3.42821,
        "34": 4.48001
      }
    },
    "high": {
      "utilization_fraction": 0.8,
      "edge_latencies_ms": {
        "0": 7.117791,
        "1": 2.228832,
        "2": 13.797338,
        "3": 16.006812,
        "4": 5.388965,
        "5": 9.499881,
        "6": 12.819141,
        "7": 14.319825,
        "8": 3.458029,
        "9": 3.673708,
        "10": 3.120387,
        "11": 5.139968,
        "12": 6.310941,
        "13": 4.587961,
        "14": 3.48793,
        "15": 8.606861,
        "16": 2.989266,
        "17": 5.157661,
        "18": 4.294658,
        "19": 5.898384,
        "20": 6.197198,
        "21": 7.281478,
        "22": 2.873132,
        "23": 9.225075,
        "24": 6.545033,
        "25": 6.041045,
        "26": 2.623542,
        "27": 5.978784,
        "28": 2.023255,
        "29": 3.707985,
        "30": 11.911045,
        "31": 2.943812,
        "32": 3.049886,
        "33": 3.437488,
        "34": 4.486736
      }
    },
    "flash": {
      "utilization_fraction": 0.95,
      "edge_latencies_ms": {
        "0": 7.214336,
        "1": 2.255601,
        "2": 14.245492,
        "3": 16.192432,
        "4": 5.412872,
        "5": 9.759419,
        "6": 13.169533,
        "7": 15.785339,
        "8": 3.473607,
        "9": 3.693907,
        "10": 3.140231,
        "11": 5.157145,
        "12": 6.358493,
        "13": 4.761094,
        "14": 3.503802,
        "15": 8.822065,
        "16": 3.048872,
        "17": 5.241894,
        "18": 4.315577,
        "19": 5.927295,
        "20": 6.333859,
        "21": 7.302554,
        "22": 2.889124,
        "23": 9.486103,
        "24": 6.969122,
        "25": 6.059624,
        "26": 2.665864,
        "27": 6.121314,
        "28": 2.066674,
        "29": 3.747557,
        "30": 12.152591,
        "31": 2.971942,
        "32": 3.083415,
        "33": 3.483879,
        "34": 4.520368
      }
    }
  }
}