{
  "topology_id": 12,
  "load_conditions": {
    "low": {
      "utilization_fraction": 0.2,
      "edge_latencies_ms": {
        "0": 3.610849,
        "1": 4.123571,
        "2": 3.637314,
        "3": 4.147015,
        "4": 7.045927,
        "5": 2.100498,
        "6": 2.991029,
        "7": 5.933844,
        "8": 5.599051,
        "9": 5.198792,
        "10": 1.365975,
        "11": 4.278506,
        "12": 1.118833,
        "13": 3.218844,
        "14": 2.241555,
        "15": 4.290715,
        "16": 6.804511,
        "17": 4.21649,
        "18": 4.374118,
        "19": 5.073868,
        "20": 1.457137,
        "21": 3.761764,
        "22": 2.162514,
        "23": 3.258491,
        "24": 1.48226,
        "25": 5.575886,
        "26": 4.942323,
        "27": 3.832102,
        "28": 4.72378,
        "29": 4.390427,
        "30": 4.43311,
        "31": 8.87081,
        "32": 4.177351,
        "33": 3.815746,
        "34": 6.856379,
        "35": 12.208069,
        "36": 3.422919,
        "37": 5.236332,
        "38": 5.014535,
        "39": 4.62331,
        "40": 3.290592,
        "41": 11.089242,
        "42": 6.420019,
        "43": 5.034246,
        "44": 4.731467,
        "45": 3.623979,
        "46": 18.389489,
        "47": 3.665642,
        "48": 1.739694,
        "49": 3.51253,
        "50": 3.383685,
        "51": 4.205415,
        "52": 1.585153,
        "53": 6.005205,
        "54": 2.873008,
        "55": 1.87653,
        "56": 2.931401,
        "57": 3.38245,
        "58": 4.237448,
        "59": 4.603415,
        "60": 2.613048,
        "61": 2.344437,
        "62": 2.858969,
        "63": 2.025236,
        "64": 4.293901,
        "65": 2.951955,
        "66": 4.499091,
        "67": 6.384213,
        "68": 3.203083,
        "69": 3.844797,
        "70": 5.134738,
        "71": 3.767713,
        "72": 9.756582,
        "73": 14.683757,
        "74": 2.689067,
        "75": 5.261858,
        "76": 3.418266,
        "77": 1.586002,
        "78": 12.95355,
        "79": 13.163428,
        "80": 4.270287,
        "81": 3.774621,
        "82": 3.033355,
        "83": 3.562913,
        "84": 3.317393,
        "85": 3.209529,
        "86": 0.983269,
        "87": 1.213028,
        "88": 1.876542,
        "89": 3.186491,
        "90": 2.259475,
        "91": 3.1528,
        "92": 4.55844,
        "93": 3.423372,
        "94": 7.847924,
        "95": 3.57004,
        "96": 4.13979,
        "97": 6.787488,
        "98": 2.707145,
        "99": 3.836875,
        "100": 6.624296,
        "101": 2.288036,
        "102": 3.31078,
        "103": 4.855048,
        "104": 3.481536,
        "105": 2.26695,
        "106": 2.475927,
        "107": 2.482431,
        "108": 6.801274,
        "109": 2.957287,
        "110": 3.842817,
        "111": 1.525237,
        "112": 3.998438,
        "113": 3.85642,
        "114": 5.477043,
        "115": 5.066345,
        "116": 0.49498,
        "117": 2.002864,
        "118": 4.330781,
        "119": 3.926301,
        "120": 2.400576,
        "121": 5.798888,
        "122": 2.61981,
        "123": 6.613966,
        "124": 3.494588,
        "125": 2.505796,
        "126": 4.657374,
        "127": 5.969778,
        "128": 3.855881,
        "129": 1.263669,
        "130": 3.912998,
        "131": 2.377202
      }
    },
    "medium": {
      "utilization_fraction": 0.5,
      "edge_latencies_ms": {
        "0": 3.615231,
        "1": 4.126045,
        "2": 3.638447,
        "3": 4.147777,
        "4": 7.046988,
        "5": 2.10208,
        "6": 2.992756,
        "7": 5.935437,
        "8": 5.601686,
        "9": 5.200121,
        "10": 1.368926,
        "11": 4.282059,
        "12": 1.120947,
        "13": 3.219794,
        "14": 2.244266,
        "15": 4.291467,
        "16": 6.806229,
        "17": 4.218407,
        "18": 4.377452,
        "19": 5.08103,
        "20": 1.46051,
        "21": 3.764884,
        "22": 2.164522,
        "23": 3.259697,
        "24": 1.485422,
        "25": 5.577127,
        "26": 4.944196,
        "27": 3.832918,
        "28": 4.725389,
        "29": 4.393993,
        "30": 4.446868,
        "31": 8.871799,
        "32": 4.178184,
        "33": 3.819473,
        "34": 6.858419,
        "35": 12.251483,
        "36": 3.428533,
        "37": 5.238353,
        "38": 5.017485,
        "39": 4.625804,
        "40": 3.291586,
        "41": 11.10186,
        "42": 6.422251,
        "43": 5.043272,
        "44": 4.734568,
        "45": 3.625216,
        "46": 18.397436,
        "47": 3.666769,
        "48": 1.740507,
        "49": 3.514134,
        "50": 3.38517,
        "51": 4.206229,
        "52": 1.586212,
        "53": 6.006565,
        "54": 2.877561,
        "55": 1.87839,
        "56": 2.93236,
        "57": 3.388367,
        "58": 4.239033,
        "59": 4.605575,
        "60": 2.61385,
        "61": 2.346893,
        "62": 2.861566,
        "63": 2.027479,
        "64": 4.294795,
        "65": 2.956519,
        "66": 4.49994,
        "67": 6.385764,
        "68": 3.20415,
        "69": 3.848028,
        "70": 5.138008,
        "71": 3.770496,
        "72": 9.765217,
        "73": 14.70693,
        "74": 2.690171,
        "75": 5.262718,
        "76": 3.419224,
        "77": 1.587228,
        "78": 12.985053,
        "79": 13.17816,
        "80": 4.27133,
        "81": 3.777108,
        "82": 3.037064,
        "83": 3.564634,
        "84": 3.322492,
        "85": 3.216913,
        "86": 0.984276,
        "87": 1.214306,
        "88": 1.877457,
        "89": 3.187739,
        "90": 2.260373,
        "91": 3.153694,
        "92": 4.559704,
        "93": 3.42438,
        "94": 7.858285,
        "95": 3.571498,
        "96": 4.14085,
        "97": 6.788755,
        "98": 2.709858,
        "99": 3.837862,
        "100": 6.625894,
        "101": 2.28962,
        "102": 3.314288,
        "103": 4.858564,
        "104": 3.482866,
        "105": 2.26863,
        "106": 2.480624,
        "107": 2.483655,
        "108": 6.80204,
        "109": 2.958074,
        "110": 3.843712,
        "111": 1.527095,
        "112": 3.999263,
        "113": 3.857598,
        "114": 5.478565,
        "115": 5.068107,
        "116": 0.495833,
        "117": 2.003689,
        "118": 4.331792,
        "119": 3.927354,
        "120": 2.401797,
        "121": 5.800429,
        "122": 2.62124,
        "123": 6.614961,
        "124": 3.495996,
        "125": 2.507698,
        "126": 4.658975,
        "127": 5.973033,
        "128": 3.856712,
        "129": 1.270421,
        "130": 3.91574,
        "131": 2.380709
      }
    },
    "high": {
      "utilization_fraction": 0.8,
      "edge_latencies_ms": {
        "0": 3.63276,
        "1": 4.135941,
        "2": 3.64298,
        "3": 4.150827,
        "4": 7.051235,
        "5": 2.108408,
        "6": 2.999667,
        "7": 5.941807,
        "8": 5.612225,
        "9": 5.205438,
        "10": 1.380729,
        "11": 4.29627,
        "12": 1.129402,
        "13": 3.223591,
        "14": 2.255111,
        "15": 4.294478,
        "16": 6.813099,
        "17": 4.226078,
        "18": 4.390788,
        "19": 5.109678,
        "20": 1.474002,
        "21": 3.777365,
        "22": 2.172555,
        "23": 3.264522,
        "24": 1.498069,
        "25": 5.582088,
        "26": 4.951689,
        "27": 3.836182,
        "28": 4.731828,
        "29": 4.40826,
        "30": 4.501896,
        "31": 8.875754,
        "32": 4.181514,
        "33": 3.834379,
        "34": 6.866576,
        "35": 12.425139,
        "36": 3.450989,
        "37": 5.246437,
        "38": 5.029283,
        "39": 4.63578,
        "40": 3.295566,
        "41": 11.152332,
        "42": 6.431178,
        "43": 5.079376,
        "44": 4.746973,
        "45": 3.630167,
        "46": 18.429223,
        "47": 3.671279,
        "48": 1.743759,
        "49": 3.520547,
        "50": 3.391111,
        "51": 4.209485,
        "52": 1.590452,
        "53": 6.012006,
        "54": 2.895773,
        "55": 1.885828,