{
  "topology_id": 304,
  "load_conditions": {
    "low": {
      "utilization_fraction": 0.2,
      "edge_latencies_ms": {
        "0": 3.898777,
        "1": 2.293568,
        "2": 1.979738,
        "3": 3.555072,
        "4": 2.315395,
        "5": 4.945813,
        "6": 3.191721,
        "7": 4.54628,
        "8": 2.810872,
        "9": 2.732417,
        "10": 6.365378,
        "11": 3.371237,
        "12": 5.697323,
        "13": 3.239757,
        "14": 4.597277,
        "15": 2.088881,
        "16": 6.284266,
        "17": 4.438177,
        "18": 5.047546,
        "19": 3.292929,
        "20": 4.857843,
        "21": 3.437624,
        "22": 4.433199,
        "23": 2.611243,
        "24": 6.584439,
        "25": 6.359895,
        "26": 8.155205,
        "27": 3.885367,
        "28": 6.810095,
        "29": 5.921069,
        "30": 3.844119,
        "31": 2.877669,
        "32": 2.335734,
        "33": 4.157527,
        "34": 3.649345
      }
    },
    "medium": {
      "utilization_fraction": 0.5,
      "edge_latencies_ms": {
        "0": 3.900415,
        "1": 2.294475,
        "2": 1.982416,
        "3": 3.557702,
        "4": 2.316772,
        "5": 4.990288,
        "6": 3.192565,
        "7": 4.547099,
        "8": 2.813855,
        "9": 2.747736,
        "10": 6.366214,
        "11": 3.372517,
        "12": 5.715729,
        "13": 3.243582,
        "14": 4.598614,
        "15": 2.091608,
        "16": 6.285113,
        "17": 4.440134,
        "18": 5.065123,
        "19": 3.323943,
        "20": 4.858928,
        "21": 3.440234,
        "22": 4.436707,
        "23": 2.613609,
        "24": 6.595275,
        "25": 6.362031,
        "26": 8.168732,
        "27": 3.886743,
        "28": 6.812081,
        "29": 5.922131,
        "30": 3.84666,
        "31": 2.878494,
        "32": 2.337349,
        "33": 4.158543,
        "34": 3.650096
      }
    },
    "high": {
      "utilization_fraction": 0.8,
      "edge_latencies_ms": {
        "0": 3.906966,
        "1": 2.298103,
        "2": 1.993128,
        "3": 3.56822,
        "4": 2.322279,
        "5": 5.16819,
        "6": 3.195941,
        "7": 4.550374,
        "8": 2.825788,
        "9": 2.809013,
        "10": 6.369554,
        "11": 3.377636,
        "12": 5.789354,
        "13": 3.25888,
        "14": 4.603962,
        "15": 2.102514,
        "16": 6.2885,
        "17": 4.44796,
        "18": 5.135431,
        "19": 3.447997,
        "20": 4.863268,
        "21": 3.450676,
        "22": 4.450742,
        "23": 2.623075,
        "24": 6.638616,
        "25": 6.370574,
        "26": 8.222838,
        "27": 3.89225,
        "28": 6.820026,
        "29": 5.92638,
        "30": 3.856822,
        "31": 2.881796,
        "32": 2.343809,
        "33": 4.162606,
        "34": 3.653097
      }
    },
    "flash": {
      "utilization_fraction": 0.95,
      "edge_latencies_ms": {
        "0": 3.939721,
        "1": 2.316245,
        "2": 2.046688,
        "3": 3.620813,
        "4": 2.349811,
        "5": 6.057701,
        "6": 3.21282,
        "7": 4.566746,
        "8": 2.885452,
        "9": 3.115396,
        "10": 6.386256,
        "11": 3.40323,
        "12": 6.15748,
        "13": 3.335374,
        "14": 4.630703,
        "15": 2.157045,
        "16": 6.305436,
        "17": 4.487091,
        "18": 5.486971,
        "19": 4.068268,
        "20": 4.884965,
        "21": 3.502885,
        "22": 4.520914,
        "23": 2.670401,
        "24": 6.855323,
        "25": 6.413288,
        "26": 8.493367,
        "27": 3.919781,
        "28": 6.859751,
        "29": 5.947623,
        "30": 3.907635,
        "31": 2.898307,
        "32": 2.376107,
        "33": 4.182921,
        "34": 3.668102
      }
    }
  }
}