{
  "topology_id": 76,
  "load_conditions": {
    "low": {
      "utilization_fraction": 0.2,
      "edge_latencies_ms": {
        "0": 4.520547,
        "1": 4.762863,
        "2": 4.266665,
        "3": 5.672679,
        "4": 4.351946,
        "5": 3.774053,
        "6": 4.751478,
        "7": 2.734456,
        "8": 2.426986,
        "9": 2.672401,
        "10": 2.57532,
        "11": 3.995035,
        "12": 3.44013,
        "13": 1.722766,
        "14": 3.502095,
        "15": 3.370199,
        "16": 4.909693,
        "17": 4.044334,
        "18": 3.227491,
        "19": 4.475014,
        "20": 11.117424,
        "21": 3.4816,
        "22": 6.499734,
        "23": 5.338134,
        "24": 7.219967,
        "25": 6.551642,
        "26": 4.334708,
        "27": 4.650878,
        "28": 6.483438,
        "29": 6.236993,
        "30": 3.007656,
        "31": 3.005926,
        "32": 4.289461,
        "33": 3.56512,
        "34": 4.339396,
        "35": 6.917163,
        "36": 2.33543,
        "37": 2.890841,
        "38": 6.21575,
        "39": 3.733267,
        "40": 5.208967,
        "41": 4.937486,
        "42": 3.625747,
        "43": 1.286221,
        "44": 6.276278,
        "45": 4.267496,
        "46": 3.007965,
        "47": 4.355616,
        "48": 5.150516,
        "49": 5.183246,
        "50": 1.675976,
        "51": 3.270153,
        "52": 5.187963,
        "53": 3.346991,
        "54": 2.7534,
        "55": 4.066523,
        "56": 3.641855,
        "57": 5.033189,
        "58": 6.264754,
        "59": 3.654352,
        "60": 3.917168,
        "61": 5.694699,
        "62": 4.4885,
        "63": 3.347825,
        "64": 1.082697,
        "65": 4.046884,
        "66": 5.195356,
        "67": 4.704375,
        "68": 3.449312,
        "69": 5.717947,
        "70": 3.83416,
        "71": 6.283951,
        "72": 4.950931,
        "73": 4.186307
      }
    },
    "medium": {
      "utilization_fraction": 0.5,
      "edge_latencies_ms": {
        "0": 4.521403,
        "1": 4.768242,
        "2": 4.268346,
        "3": 5.674833,
        "4": 4.35292,
        "5": 3.774989,
        "6": 4.752432,
        "7": 2.735611,
        "8": 2.428052,
        "9": 2.679134,
        "10": 2.580887,
        "11": 3.996397,
        "12": 3.442267,
        "13": 1.723699,
        "14": 3.50351,
        "15": 3.371204,
        "16": 4.911073,
        "17": 4.047805,
        "18": 3.228619,
        "19": 4.492283,
        "20": 11.127527,
        "21": 3.497087,
        "22": 6.512186,
        "23": 5.351697,
        "24": 7.222128,
        "25": 6.553022,
        "26": 4.335829,
        "27": 4.672283,
        "28": 6.484501,
        "29": 6.238189,
        "30": 3.009412,
        "31": 3.006693,
        "32": 4.292351,
        "33": 3.566271,
        "34": 4.345117,
        "35": 6.918368,
        "36": 2.336236,
        "37": 2.892717,
        "38": 6.216978,
        "39": 3.734449,
        "40": 5.211985,
        "41": 4.93879,
        "42": 3.630444,
        "43": 1.28755,
        "44": 6.279405,
        "45": 4.268607,
        "46": 3.010016,
        "47": 4.357398,
        "48": 5.154001,
        "49": 5.185402,
        "50": 1.677315,
        "51": 3.271395,
        "52": 5.18878,
        "53": 3.348012,
        "54": 2.754915,
        "55": 4.067887,
        "56": 3.642777,
        "57": 5.034115,
        "58": 6.266491,
        "59": 3.65625,
        "60": 3.918284,
        "61": 5.695847,
        "62": 4.495047,
        "63": 3.350385,
        "64": 1.084208,
        "65": 4.047664,
        "66": 5.196378,
        "67": 4.705988,
        "68": 3.450787,
        "69": 5.718794,
        "70": 3.835285,
        "71": 6.284735,
        "72": 4.951884,
        "73": 4.187319
      }
    },
    "high": {
      "utilization_fraction": 0.8,
      "edge_latencies_ms": {
        "0": 4.524828,
        "1": 4.789758,
        "2": 4.275069,
        "3": 5.683452,
        "4": 4.356815,
        "5": 3.778732,
        "6": 4.756248,
        "7": 2.740232,
        "8": 2.432317,
        "9": 2.706066,
        "10": 2.603153,
        "11": 4.001841,
        "12": 3.450816,
        "13": 1.72743,
        "14": 3.509168,
        "15": 3.375225,
        "16": 4.91659,
        "17": 4.061688,
        "18": 3.233131,
        "19": 4.561359,
        "20": 11.16794,
        "21": 3.559036,
        "22": 6.561994,
        "23": 5.40595,
        "24": 7.230772,
        "25": 6.558541,
        "26": 4.340314,
        "27": 4.757903,
        "28": 6.488751,
        "29": 6.242973,
        "30": 3.016436,
        "31": 3.009761,
        "32": 4.303911,
        "33": 3.570876,
        "34": 4.368002,
        "35": 6.923188,
        "36": 2.33946,
        "37": 2.900221,
        "38": 6.221887,
        "39": 3.739178,
        "40": 5.224056,
        "41": 4.944002,
        "42": 3.649235,
        "43": 1.292866,
        "44": 6.291912,
        "45": 4.273049,
        "46": 3.018223,
        "47": 4.364525,
        "48": 5.167944,
        "49": 5.194025,
        "50": 1.682675,
        "51": 3.276362,
        "52": 5.192049,
        "53": 3.352097,
        "54": 2.760974,
        "55": 4.073341,
        "56": 3.646467,
        "57": 5.037822,
        "58": 6.273437,
        "59": 3.663841,
        "60": 3.92275,
        "61": 5.70044,
        "62": 4.521236,
        "63": 3.360625,
        "64": 1.090249,
        "65": 4.050781,
        "66": 5.200463,
        "67": 4.712441,
        "68": 3.456686,
        "69": 5.722181,
        "70": 3.839786,
        "71": 6.28787,
        "72": 4.955694,
        "73": 4.191368
      }
    },
    "flash": {
      "utilization_fraction": 0.95,
      "edge_latencies_ms": {
        "0": 4.541954,
        "1": 4.897337,
        "2": 4.308682,
        "3": 5.726543,
        "4": 4.376291,
        "5": 3.797448,
        "6": 4.775329,
        "7": 2.763337,
        "8": 2.453641,
        "9": 2.840727,
        "10": 2.714484,
        "11": 4.029065,
        "12": 3.493561,
        "13": 1.746086,
        "14": 3.537461,
        "15": 3.395329,
        "16": 4.944176,
        "17": 4.131101,
        "18": 3.255688,
        "19": 4.906739,
        "20": 11.370002,
        "21": 3.868778,
        "22": 6.811033,
        "23": 5.677212,
        "24": 7.273992,
        "25": 6.586137,
        "26": 4.362738,
        "27": 5.186001,
        "28": 6.510004,
        "29": 6.266891,
        "30": 3.051558,
        "31": 3.025099,
        "32": 4.361711,
        "33": 3.5939,
        "34": 4.482427,
        "35": 6.947288,
        "36": 2.35558,
        "37": 2.937742,
        "38": 6.246436,
        "39": 3.762822,
        "40": 5.28441,
        "41": 4.970064,
        "42": 3.743187,
        "43": 1.319445,
        "44": 6.35445,
        "45": 4.295262,
        "46": 3.059259,
        "47": 4.400163,
        "48": 5.23766,
        "49": 5.237141,
        "50": 1.70947,
        "51": 3.301198,
        "52": 5.208395,
        "53": 3.372522,
        "54": 2.791272,
        "55": 4.100612,
        "56": 3.664918,
        "57": 5.056357,
        "58": 6.308169,
        "59": 3.701795,
        "60": 3.945077,
        "61": 5.723407,
        "62": 4.652178,
        "63": 3.411823,
        "64": 1.120455,
        "65": 4.06637,
        "66": 5.220891,
        "67": 4.744704,
        "68": 3.486183,
        "69": 5.739121,
        "70": 3.86229,
        "71": 6.303546,
        "72": 4.974745,
        "73": 4.211612
      }
    }
  }
}