{
  "topology_id": 72,
  "load_conditions": {
    "low": {
      "utilization_fraction": 0.2,
      "edge_latencies_ms": {
        "0": 4.749043,
        "1": 3.05923,
        "2": 0.668372,
        "3": 2.852087,
        "4": 1.437265,
        "5": 2.663192,
        "6": 5.5965,
        "7": 6.487654,
        "8": 3.086143,
        "9": 4.579787,
        "10": 3.770522,
        "11": 2.86956,
        "12": 4.77055,
        "13": 5.916732,
        "14": 4.046582,
        "15": 3.409613,
        "16": 3.650575,
        "17": 2.910044,
        "18": 2.377257,
        "19": 5.70931,
        "20": 6.436116,
        "21": 1.229645,
        "22": 2.151668,
        "23": 3.172946,
        "24": 3.85373,
        "25": 5.485695,
        "26": 5.699031,
        "27": 3.089068,
        "28": 2.951703,
        "29": 4.518837,
        "30": 1.467201,
        "31": 2.915423,
        "32": 3.236261,
        "33": 6.784607
      }
    },
    "medium": {
      "utilization_fraction": 0.5,
      "edge_latencies_ms": {
        "0": 4.750103,
        "1": 3.064478,
        "2": 0.669439,
        "3": 2.853076,
        "4": 1.438196,
        "5": 2.66456,
        "6": 5.59909,
        "7": 6.488975,
        "8": 3.086975,
        "9": 4.58102,
        "10": 3.785764,
        "11": 2.871179,
        "12": 4.771419,
        "13": 5.936147,
        "14": 4.047361,
        "15": 3.41085,
        "16": 3.653293,
        "17": 2.911056,
        "18": 2.379198,
        "19": 5.728625,
        "20": 6.452832,
        "21": 1.231585,
        "22": 2.15328,
        "23": 3.173944,
        "24": 3.854665,
        "25": 5.48713,
        "26": 5.700273,
        "27": 3.090588,
        "28": 2.952604,
        "29": 4.520058,
        "30": 1.468587,
        "31": 2.916188,
        "32": 3.2377,
        "33": 6.785956
      }
    },
    "high": {
      "utilization_fraction": 0.8,
      "edge_latencies_ms": {
        "0": 4.754345,
        "1": 3.085471,
        "2": 0.673708,
        "3": 2.857032,
        "4": 1.441919,
        "5": 2.670032,
        "6": 5.609452,
        "7": 6.49426,
        "8": 3.090305,
        "9": 4.58595,
        "10": 3.846736,
        "11": 2.877655,
        "12": 4.774896,
        "13": 6.013807,
        "14": 4.050479,
        "15": 3.415796,
        "16": 3.664165,
        "17": 2.915106,
        "18": 2.386962,
        "19": 5.805886,
        "20": 6.519696,
        "21": 1.239345,
        "22": 2.159729,
        "23": 3.177938,
        "24": 3.858406,
        "25": 5.49287,
        "26": 5.705242,
        "27": 3.096666,
        "28": 2.956209,
        "29": 4.524942,
        "30": 1.474131,
        "31": 2.919249,
        "32": 3.243456,
        "33": 6.791354
      }
    },
    "flash": {
      "utilization_fraction": 0.95,
      "edge_latencies_ms": {
        "0": 4.775552,
        "1": 3.190432,
        "2": 0.695049,
        "3": 2.87681,
        "4": 1.460537,
        "5": 2.697393,
        "6": 5.661259,
        "7": 6.520683,
        "8": 3.106955,
        "9": 4.610602,
        "10": 4.151592,
        "11": 2.910035,
        "12": 4.79228,
        "13": 6.40211,
        "14": 4.066068,
        "15": 3.440529,
        "16": 3.718526,
        "17": 2.935354,
        "18": 2.425782,
        "19": 6.192191,
        "20": 6.854017,
        "21": 1.278147,
        "22": 2.191976,
        "23": 3.197908,
        "24": 3.877109,
        "25": 5.521572,
        "26": 5.730087,
        "27": 3.127059,
        "28": 2.974233,
        "29": 4.549361,
        "30": 1.501852,
        "31": 2.934554,
        "32": 3.272233,
        "33": 6.818343
      }
    }
  }
}