{
  "topology_id": 308,
  "load_conditions": {
    "low": {
      "utilization_fraction": 0.2,
      "edge_latencies_ms": {
        "0": 4.116004,
        "1": 1.785686,
        "2": 16.305868,
        "3": 2.407793,
        "4": 2.804868,
        "5": 7.558593,
        "6": 4.226614,
        "7": 5.139933,
        "8": 3.462632,
        "9": 10.243502,
        "10": 2.078053,
        "11": 2.404191,
        "12": 3.391616,
        "13": 8.683417,
        "14": 14.639719,
        "15": 4.612589,
        "16": 2.492309,
        "17": 1.335968,
        "18": 1.595753,
        "19": 9.416143,
        "20": 1.875314,
        "21": 6.202232,
        "22": 6.165879,
        "23": 2.046975,
        "24": 2.203562,
        "25": 3.973281,
        "26": 1.111984,
        "27": 4.505466,
        "28": 4.538657,
        "29": 7.14728,
        "30": 2.340394,
        "31": 3.506861,
        "32": 3.13442,
        "33": 2.872841,
        "34": 5.018679,
        "35": 4.700701,
        "36": 3.997498,
        "37": 4.461822,
        "38": 2.066658
      }
    },
    "medium": {
      "utilization_fraction": 0.5,
      "edge_latencies_ms": {
        "0": 4.118075,
        "1": 1.790008,
        "2": 16.317079,
        "3": 2.408857,
        "4": 2.806,
        "5": 7.56787,
        "6": 4.229222,
        "7": 5.141087,
        "8": 3.464882,
        "9": 10.257823,
        "10": 2.081149,
        "11": 2.405997,
        "12": 3.392933,
        "13": 8.700481,
        "14": 14.647845,
        "15": 4.614614,
        "16": 2.493661,
        "17": 1.337464,
        "18": 1.59961,
        "19": 9.424555,
        "20": 1.877363,
        "21": 6.20644,
        "22": 6.168459,
        "23": 2.049407,
        "24": 2.204521,
        "25": 3.974574,
        "26": 1.116061,
        "27": 4.506565,
        "28": 4.54005,
        "29": 7.151822,
        "30": 2.343992,
        "31": 3.508248,
        "32": 3.137194,
        "33": 2.87385,
        "34": 5.019441,
        "35": 4.70164,
        "36": 4.002894,
        "37": 4.462732,
        "38": 2.068129
      }
    },
    "high": {
      "utilization_fraction": 0.8,
      "edge_latencies_ms": {
        "0": 4.126362,
        "1": 1.807297,
        "2": 16.361921,
        "3": 2.413113,
        "4": 2.810531,
        "5": 7.604975,
        "6": 4.239652,
        "7": 5.1457,
        "8": 3.473883,
        "9": 10.315106,
        "10": 2.09353,
        "11": 2.413224,
        "12": 3.398203,
        "13": 8.768737,
        "14": 14.680351,
        "15": 4.622715,
        "16": 2.499069,
        "17": 1.343448,
        "18": 1.615041,
        "19": 9.458203,
        "20": 1.885559,
        "21": 6.223272,
        "22": 6.178781,
        "23": 2.059133,
        "24": 2.208357,
        "25": 3.979744,
        "26": 1.132369,
        "27": 4.510962,
        "28": 4.545622,
        "29": 7.16999,
        "30": 2.35838,
        "31": 3.513795,
        "32": 3.148288,
        "33": 2.877885,
        "34": 5.022489,
        "35": 4.705399,
        "36": 4.024479,
        "37": 4.466371,
        "38": 2.074015
      }
    },
    "flash": {
      "utilization_fraction": 0.95,
      "edge_latencies_ms": {
        "0": 4.167795,
        "1": 1.893741,
        "2": 16.586132,
        "3": 2.434393,
        "4": 2.833185,
        "5": 7.790504,
        "6": 4.291805,
        "7": 5.168766,
        "8": 3.518887,
        "9": 10.601523,
        "10": 2.155436,
        "11": 2.449357,
        "12": 3.424552,
        "13": 9.110017,
        "14": 14.842882,
        "15": 4.66322,
        "16": 2.526109,
        "17": 1.373366,
        "18": 1.692194,
        "19": 9.626445,
        "20": 1.92654,
        "21": 6.307434,
        "22": 6.230389,
        "23": 2.107763,
        "24": 2.227536,
        "25": 4.005593,
        "26": 1.213908,
        "27": 4.532947,
        "28": 4.573481,
        "29": 7.260829,
        "30": 2.430325,
        "31": 3.541529,
        "32": 3.203761,
        "33": 2.898061,
        "34": 5.037728,
        "35": 4.724191,
        "36": 4.132399,
        "37": 4.484568,
        "38": 2.103443
      }
    }
  }
}