{
  "topology_id": 327,
  "load_conditions": {
    "low": {
      "utilization_fraction": 0.2,
      "edge_latencies_ms": {
        "0": 3.910876,
        "1": 1.962586,
        "2": 3.554121,
        "3": 5.736573,
        "4": 18.881937,
        "5": 5.652887,
        "6": 4.146483,
        "7": 3.381423,
        "8": 4.809035,
        "9": 4.481195,
        "10": 2.15036,
        "11": 10.280109,
        "12": 2.963869,
        "13": 9.688753,
        "14": 4.346578,
        "15": 3.059755,
        "16": 5.132764,
        "17": 3.298664,
        "18": 2.896903,
        "19": 3.741183,
        "20": 6.248044,
        "21": 4.529238,
        "22": 2.338382,
        "23": 4.839331,
        "24": 2.437733,
        "25": 2.697641,
        "26": 13.923447,
        "27": 6.650332,
        "28": 4.98492,
        "29": 3.227824,
        "30": 3.58649,
        "31": 4.742218,
        "32": 3.949127,
        "33": 18.120989,
        "34": 4.234163,
        "35": 18.101254,
        "36": 9.057443,
        "37": 5.196881,
        "38": 14.980868,
        "39": 5.297292,
        "40": 3.732248,
        "41": 3.086468,
        "42": 3.188099,
        "43": 6.142228,
        "44": 3.48398,
        "45": 4.31716,
        "46": 6.15466,
        "47": 5.530094,
        "48": 2.173957,
        "49": 3.224628,
        "50": 5.143479,
        "51": 4.408937,
        "52": 0.573118,
        "53": 5.652622,
        "54": 3.854213
      }
    },
    "medium": {
      "utilization_fraction": 0.5,
      "edge_latencies_ms": {
        "0": 3.912537,
        "1": 1.966464,
        "2": 3.55899,
        "3": 5.737762,
        "4": 18.893917,
        "5": 5.654362,
        "6": 4.148279,
        "7": 3.382182,
        "8": 4.823874,
        "9": 4.486351,
        "10": 2.151328,
        "11": 10.333928,
        "12": 2.96513,
        "13": 9.703705,
        "14": 4.3475,
        "15": 3.060673,
        "16": 5.142186,
        "17": 3.305101,
        "18": 2.898639,
        "19": 3.74243,
        "20": 6.258211,
        "21": 4.530172,
        "22": 2.340643,
        "23": 4.841211,
        "24": 2.439135,
        "25": 2.698709,
        "26": 13.986047,
        "27": 6.651127,
        "28": 4.986489,
        "29": 3.228963,
        "30": 3.587627,
        "31": 4.744217,
        "32": 3.950259,
        "33": 18.131523,
        "34": 4.238896,
        "35": 18.10916,
        "36": 9.058842,
        "37": 5.198591,
        "38": 15.021594,
        "39": 5.298629,
        "40": 3.734224,
        "41": 3.087236,
        "42": 3.191371,
        "43": 6.143114,
        "44": 3.485569,
        "45": 4.319106,
        "46": 6.155973,
        "47": 5.531105,
        "48": 2.174876,
        "49": 3.226473,
        "50": 5.144298,
        "51": 4.409802,
        "52": 0.574301,
        "53": 5.653422,
        "54": 3.855425
      }
    },
    "high": {
      "utilization_fraction": 0.8,
      "edge_latencies_ms": {
        "0": 3.919178,
        "1": 1.981975,
        "2": 3.578465,
        "3": 5.742521,
        "4": 18.941838,
        "5": 5.66026,
        "6": 4.155463,
        "7": 3.385216,
        "8": 4.883233,
        "9": 4.506976,
        "10": 2.155197,
        "11": 10.549205,
        "12": 2.970175,
        "13": 9.763516,
        "14": 4.351187,
        "15": 3.064345,
        "16": 5.179875,
        "17": 3.330848,
        "18": 2.905582,
        "19": 3.747417,
        "20": 6.298877,
        "21": 4.533908,
        "22": 2.349689,
        "23": 4.848735,
        "24": 2.444741,
        "25": 2.702977,
        "26": 14.236449,
        "27": 6.654307,
        "28": 4.992764,
        "29": 3.233518,
        "30": 3.592177,
        "31": 4.752214,
        "32": 3.95479,
        "33": 18.17366,
        "34": 4.25783,
        "35": 18.140786,
        "36": 9.064437,
        "37": 5.205431,
        "38": 15.184499,
        "39": 5.303979,
        "40": 3.742129,
        "41": 3.090307,
        "42": 3.204461,
        "43": 6.146659,
        "44": 3.491925,
        "45": 4.326893,
        "46": 6.161224,
        "47": 5.535149,
        "48": 2.178553,
        "49": 3.233852,
        "50": 5.147574,
        "51": 4.413259,
        "52": 0.579032,
        "53": 5.656621,
        "54": 3.860271
      }
    },
    "flash": {
      "utilization_fraction": 0.95,
      "edge_latencies_ms": {
        "0": 3.952385,
        "1": 2.059531,
        "2": 3.675839,
        "3": 5.766313,
        "4": 19.181445,
        "5": 5.68975,
        "6": 4.191381,
        "7": 3.400388,
        "8": 5.180024,
        "9": 4.6101,
        "10": 2.174545,
        "11": 11.625587,
        "12": 2.995401,
        "13": 10.062569,
        "14": 4.369623,
        "15": 3.082705,
        "16": 5.368321,
        "17": 3.459584,
        "18": 2.940295,
        "19": 3.772353,
        "20": 6.502207,
        "21": 4.552591,
        "22": 2.394917,
        "23": 4.886354,
        "24": 2.472774,
        "25": 2.724322,
        "26": 15.488454,
        "27": 6.670209,
        "28": 5.02414,
        "29": 3.256294,
        "30": 3.614925,
        "31": 4.792195,
        "32": 3.977443,
        "33": 18.384345,
        "34": 4.352499,
        "35": 18.298915,
        "36": 9.092413,
        "37": 5.239631,
        "38": 15.99902,
        "39": 5.330727,
        "40": 3.781652,
        "41": 3.105662,
        "42": 3.26991,
        "43": 6.164383,
        "44": 3.523707,
        "45": 4.365823,
        "46": 6.187481,
        "47": 5.555368,
        "48": 2.196936,
        "49": 3.270747,
        "50": 5.163956,
        "51": 4.430549,
        "52": 0.602686,
        "53": 5.672618,
        "54": 3.884502
      }
    }
  }
}