{
  "topology_id": 362,
  "load_conditions": {
    "low": {
      "utilization_fraction": 0.2,
      "edge_latencies_ms": {
        "0": 3.929172,
        "1": 5.928914,
        "2": 2.817123,
        "3": 2.572692,
        "4": 6.130533,
        "5": 2.123371,
        "6": 11.622807,
        "7": 4.941014,
        "8": 12.273114,
        "9": 2.112867,
        "10": 2.853425,
        "11": 10.334627,
        "12": 3.570776,
        "13": 9.385814,
        "14": 8.427062,
        "15": 4.136726,
        "16": 6.726609,
        "17": 10.880694,
        "18": 2.14149,
        "19": 5.142559,
        "20": 2.661922,
        "21": 12.913268,
        "22": 3.398685,
        "23": 3.854145,
        "24": 13.874013,
        "25": 3.596515
      }
    },
    "medium": {
      "utilization_fraction": 0.5,
      "edge_latencies_ms": {
        "0": 3.930633,
        "1": 5.929854,
        "2": 2.819079,
        "3": 2.576213,
        "4": 6.131857,
        "5": 2.130696,
        "6": 11.635576,
        "7": 4.941813,
        "8": 12.281377,
        "9": 2.114714,
        "10": 2.854331,
        "11": 10.348448,
        "12": 3.571805,
        "13": 9.395002,
        "14": 8.442572,
        "15": 4.13896,
        "16": 6.769926,
        "17": 10.9027,
        "18": 2.142715,
        "19": 5.143422,
        "20": 2.664853,
        "21": 12.929831,
        "22": 3.402253,
        "23": 3.856207,
        "24": 13.916697,
        "25": 3.601489
      }
    },
    "high": {
      "utilization_fraction": 0.8,
      "edge_latencies_ms": {
        "0": 3.936477,
        "1": 5.933615,
        "2": 2.8269,
        "3": 2.590297,
        "4": 6.137151,
        "5": 2.159993,
        "6": 11.686652,
        "7": 4.94501,
        "8": 12.31443,
        "9": 2.122103,
        "10": 2.857952,
        "11": 10.403728,
        "12": 3.575923,
        "13": 9.431756,
        "14": 8.504615,
        "15": 4.147895,
        "16": 6.943196,
        "17": 10.990726,
        "18": 2.147616,
        "19": 5.146871,
        "20": 2.676576,
        "21": 12.996085,
        "22": 3.416524,
        "23": 3.864456,
        "24": 14.087431,
        "25": 3.621382
      }
    },
    "flash": {
      "utilization_fraction": 0.95,
      "edge_latencies_ms": {
        "0": 3.965695,
        "1": 5.952417,
        "2": 2.866009,
        "3": 2.660717,
        "4": 6.163621,
        "5": 2.306479,
        "6": 11.942035,
        "7": 4.960994,
        "8": 12.479693,
        "9": 2.159046,
        "10": 2.876057,
        "11": 10.680131,
        "12": 3.596513,
        "13": 9.615526,
        "14": 8.81483,
        "15": 4.192571,
        "16": 7.809545,
        "17": 11.430854,
        "18": 2.172122,
        "19": 5.164116,
        "20": 2.735191,
        "21": 13.327353,
        "22": 3.487883,
        "23": 3.905701,
        "24": 14.941101,
        "25": 3.72085
      }
    }
  }
}