{
  "topology_id": 393,
  "load_conditions": {
    "low": {
      "utilization_fraction": 0.2,
      "edge_latencies_ms": {
        "0": 3.001859,
        "1": 4.017194,
        "2": 5.734491,
        "3": 5.146277,
        "4": 1.833707,
        "5": 0.912293,
        "6": 5.946848,
        "7": 14.915088,
        "8": 3.641302,
        "9": 17.161862,
        "10": 17.057394,
        "11": 6.667803,
        "12": 7.992517,
        "13": 2.786517,
        "14": 3.749627,
        "15": 1.465516,
        "16": 5.932042
      }
    },
    "medium": {
      "utilization_fraction": 0.5,
      "edge_latencies_ms": {
        "0": 3.002833,
        "1": 4.018108,
        "2": 5.735601,
        "3": 5.147821,
        "4": 1.834609,
        "5": 0.9133,
        "6": 5.947661,
        "7": 14.926747,
        "8": 3.644661,
        "9": 17.171152,
        "10": 17.065336,
        "11": 6.669451,
        "12": 7.996309,
        "13": 2.787956,
        "14": 3.750643,
        "15": 1.466787,
        "16": 5.932882
      }
    },
    "high": {
      "utilization_fraction": 0.8,
      "edge_latencies_ms": {
        "0": 3.006726,
        "1": 4.021764,
        "2": 5.740039,
        "3": 5.153999,
        "4": 1.838215,
        "5": 0.91733,
        "6": 5.950913,
        "7": 14.973383,
        "8": 3.658095,
        "9": 17.208311,
        "10": 17.097101,
        "11": 6.676043,
        "12": 8.011477,
        "13": 2.793714,
        "14": 3.754708,
        "15": 1.471873,
        "16": 5.936241
      }
    },
    "flash": {
      "utilization_fraction": 0.95,
      "edge_latencies_ms": {
        "0": 3.026193,
        "1": 4.040046,
        "2": 5.762233,
        "3": 5.184888,
        "4": 1.856246,
        "5": 0.937476,
        "6": 5.967175,
        "7": 15.206562,
        "8": 3.72527,
        "9": 17.394107,
        "10": 17.255928,
        "11": 6.709005,
        "12": 8.087317,
        "13": 2.822502,
        "14": 3.775034,
        "15": 1.497302,
        "16": 5.953039
      }
    }
  }
}