{
  "topology_id": 241,
  "load_conditions": {
    "low": {
      "utilization_fraction": 0.2,
      "edge_latencies_ms": {
        "0": 3.05604,
        "1": 1.539323,
        "2": 2.467291,
        "3": 4.398655,
        "4": 5.292013,
        "5": 3.503196,
        "6": 3.43045,
        "7": 2.996339,
        "8": 6.945708,
        "9": 3.676871,
        "10": 4.292543,
        "11": 2.278098,
        "12": 3.580517,
        "13": 2.870073,
        "14": 3.696776,
        "15": 3.303275,
        "16": 1.870691,
        "17": 1.42394,
        "18": 3.579962,
        "19": 8.254995,
        "20": 8.78544,
        "21": 10.411093,
        "22": 8.665491,
        "23": 5.134806,
        "24": 2.837162,
        "25": 6.773639,
        "26": 3.2648,
        "27": 4.054646,
        "28": 1.23679,
        "29": 4.297232,
        "30": 4.807825,
        "31": 5.854966,
        "32": 5.73395,
        "33": 6.24937,
        "34": 5.516011
      }
    },
    "medium": {
      "utilization_fraction": 0.5,
      "edge_latencies_ms": {
        "0": 3.058071,
        "1": 1.540239,
        "2": 2.468916,
        "3": 4.399632,
        "4": 5.293585,
        "5": 3.505178,
        "6": 3.431562,
        "7": 3.003423,
        "8": 7.001914,
        "9": 3.678987,
        "10": 4.293362,
        "11": 2.278996,
        "12": 3.58129,
        "13": 2.871193,
        "14": 3.69835,
        "15": 3.308228,
        "16": 1.874993,
        "17": 1.426705,
        "18": 3.580731,
        "19": 8.290986,
        "20": 8.794268,
        "21": 10.423238,
        "22": 8.673397,
        "23": 5.135911,
        "24": 2.839056,
        "25": 6.789225,
        "26": 3.266528,
        "27": 4.055858,
        "28": 1.239068,
        "29": 4.305197,
        "30": 4.820468,
        "31": 5.872681,
        "32": 5.73495,
        "33": 6.251848,
        "34": 5.51946
      }
    },
    "high": {
      "utilization_fraction": 0.8,
      "edge_latencies_ms": {
        "0": 3.066191,
        "1": 1.543906,
        "2": 2.475417,
        "3": 4.403536,
        "4": 5.299872,
        "5": 3.513106,
        "6": 3.436009,
        "7": 3.031759,
        "8": 7.226736,
        "9": 3.687452,
        "10": 4.296639,
        "11": 2.282588,
        "12": 3.584382,
        "13": 2.875673,
        "14": 3.704646,
        "15": 3.328038,
        "16": 1.892202,
        "17": 1.437765,
        "18": 3.583809,
        "19": 8.434947,
        "20": 8.82958,
        "21": 10.471815,
        "22": 8.705022,
        "23": 5.140331,
        "24": 2.846635,
        "25": 6.851568,
        "26": 3.27344,
        "27": 4.060702,
        "28": 1.248176,
        "29": 4.337059,
        "30": 4.871037,
        "31": 5.943539,
        "32": 5.73895,
        "33": 6.261763,
        "34": 5.533255
      }
    },
    "flash": {
      "utilization_fraction": 0.95,
      "edge_latencies_ms": {
        "0": 3.106796,
        "1": 1.56224,
        "2": 2.507919,
        "3": 4.42306,
        "4": 5.331305,
        "5": 3.552742,
        "6": 3.458247,
        "7": 3.173437,
        "8": 8.350848,
        "9": 3.729776,
        "10": 4.313025,
        "11": 2.300546,
        "12": 3.599844,
        "13": 2.898076,
        "14": 3.736129,
        "15": 3.427092,
        "16": 1.978249,
        "17": 1.493062,
        "18": 3.599197,
        "19": 9.154754,
        "20": 9.006142,
        "21": 10.714704,
        "22": 8.863145,
        "23": 5.162431,
        "24": 2.884531,
        "25": 7.163282,
        "26": 3.308001,
        "27": 4.084925,
        "28": 1.293718,
        "29": 4.49637,
        "30": 5.123885,
        "31": 6.29783,
        "32": 5.758951,
        "33": 6.311339,
        "34": 5.602229
      }
    }
  }
}