{
  "topology_id": 374,
  "load_conditions": {
    "low": {
      "utilization_fraction": 0.2,
      "edge_latencies_ms": {
        "0": 2.014828,
        "1": 5.854898,
        "2": 4.282705,
        "3": 2.356304,
        "4": 12.966473,
        "5": 7.293803,
        "6": 6.880083,
        "7": 2.303567,
        "8": 3.036659,
        "9": 10.822856,
        "10": 6.020891,
        "11": 3.228105,
        "12": 5.828078,
        "13": 6.3948,
        "14": 2.093132,
        "15": 4.182949,
        "16": 3.269135,
        "17": 5.200297,
        "18": 2.679951,
        "19": 14.991197,
        "20": 3.161998,
        "21": 4.975859,
        "22": 2.999052,
        "23": 4.82333,
        "24": 4.664989,
        "25": 3.762919,
        "26": 3.260037,
        "27": 4.975478,
        "28": 14.721043,
        "29": 5.143754,
        "30": 3.030637,
        "31": 5.920672,
        "32": 2.544493,
        "33": 5.833768,
        "34": 7.009978,
        "35": 3.479338,
        "36": 4.359971,
        "37": 6.020767,
        "38": 5.006305,
        "39": 8.578035,
        "40": 2.087091,
        "41": 4.602807,
        "42": 2.583291,
        "43": 5.643875,
        "44": 3.052593,
        "45": 1.032387,
        "46": 3.794541,
        "47": 4.453711,
        "48": 3.979709,
        "49": 6.052637,
        "50": 4.115911,
        "51": 4.785804,
        "52": 5.829621,
        "53": 3.808816,
        "54": 5.577422
      }
    },
    "medium": {
      "utilization_fraction": 0.5,
      "edge_latencies_ms": {
        "0": 2.015953,
        "1": 5.855899,
        "2": 4.284706,
        "3": 2.357175,
        "4": 12.976208,
        "5": 7.294891,
        "6": 6.882037,
        "7": 2.30688,
        "8": 3.037791,
        "9": 10.832625,
        "10": 6.022569,
        "11": 3.229117,
        "12": 5.828923,
        "13": 6.39882,
        "14": 2.095464,
        "15": 4.188403,
        "16": 3.270064,
        "17": 5.202055,
        "18": 2.683879,
        "19": 15.009535,
        "20": 3.166664,
        "21": 4.97672,
        "22": 3.000311,
        "23": 4.824513,
        "24": 4.669457,
        "25": 3.763968,
        "26": 3.261341,
        "27": 4.97825,
        "28": 14.741487,
        "29": 5.144566,
        "30": 3.032383,
        "31": 5.923179,
        "32": 2.546846,
        "33": 5.83584,
        "34": 7.012234,
        "35": 3.481426,
        "36": 4.360783,
        "37": 6.021733,
        "38": 5.012775,
        "39": 8.580087,
        "40": 2.087975,
        "41": 4.608316,
        "42": 2.586304,
        "43": 5.645179,
        "44": 3.054038,
        "45": 1.033158,
        "46": 3.797939,
        "47": 4.455823,
        "48": 3.981446,
        "49": 6.053552,
        "50": 4.117495,
        "51": 4.786617,
        "52": 5.831399,
        "53": 3.810018,
        "54": 5.579943
      }
    },
    "high": {
      "utilization_fraction": 0.8,
      "edge_latencies_ms": {
        "0": 2.020455,
        "1": 5.859905,
        "2": 4.292709,
        "3": 2.360658,
        "4": 13.015149,
        "5": 7.299242,
        "6": 6.889853,
        "7": 2.320128,
        "8": 3.042319,
        "9": 10.871699,
        "10": 6.02928,
        "11": 3.233166,
        "12": 5.832302,
        "13": 6.414902,
        "14": 2.104794,
        "15": 4.210222,
        "16": 3.273778,
        "17": 5.209087,
        "18": 2.699592,
        "19": 15.082886,
        "20": 3.185329,
        "21": 4.980165,
        "22": 3.005347,
        "23": 4.829247,
        "24": 4.687327,
        "25": 3.768165,
        "26": 3.266559,
        "27": 4.989339,
        "28": 14.823264,
        "29": 5.147816,
        "30": 3.039366,
        "31": 5.933209,
        "32": 2.556256,
        "33": 5.844127,
        "34": 7.021254,
        "35": 3.489775,
        "36": 4.36403,
        "37": 6.025599,
        "38": 5.038652,
        "39": 8.588295,
        "40": 2.091515,
        "41": 4.630354,
        "42": 2.598354,
        "43": 5.650396,
        "44": 3.059818,
        "45": 1.036239,
        "46": 3.811534,
        "47": 4.464271,
        "48": 3.988395,
        "49": 6.05721,
        "50": 4.123832,
        "51": 4.789867,
        "52": 5.83851,
        "53": 3.814827,
        "54": 5.590031
      }
    },
    "flash": {
      "utilization_fraction": 0.95,
      "edge_latencies_ms": {
        "0": 2.042963,
        "1": 5.879937,
        "2": 4.332724,
        "3": 2.378077,
        "4": 13.209854,
        "5": 7.321,
        "6": 6.928932,
        "7": 2.38637,
        "8": 3.064958,
        "9": 11.067068,
        "10": 6.062837,
        "11": 3.253409,
        "12": 5.849195,
        "13": 6.495311,
        "14": 2.151445,
        "15": 4.319315,
        "16": 3.292352,
        "17": 5.24425,
        "18": 2.778155,
        "19": 15.449644,
        "20": 3.278654,
        "21": 4.997389,
        "22": 3.030526,
        "23": 4.852917,
        "24": 4.776677,
        "25": 3.789145,
        "26": 3.292649,
        "27": 5.044782,
        "28": 15.232148,
        "29": 5.164068,
        "30": 3.074283,
        "31": 5.983359,
        "32": 2.603308,
        "33": 5.885563,
        "34": 7.066356,
        "35": 3.531521,
        "36": 4.380264,
        "37": 6.044927,
        "38": 5.168038,
        "39": 8.629336,
        "40": 2.109211,
        "41": 4.740542,
        "42": 2.658603,
        "43": 5.676483,
        "44": 3.088719,
        "45": 1.051648,
        "46": 3.879508,
        "47": 4.506509,
        "48": 4.023142,
        "49": 6.075504,
        "50": 4.155519,
        "51": 4.806119,
        "52": 5.874065,
        "53": 3.838871,
        "54": 5.640466
      }
    }
  }
}