{
  "topology_id": 276,
  "load_conditions": {
    "low": {
      "utilization_fraction": 0.2,
      "edge_latencies_ms": {
        "0": 3.432822,
        "1": 1.368306,
        "2": 11.920548,
        "3": 3.375075,
        "4": 5.170587,
        "5": 2.724285,
        "6": 13.565601,
        "7": 3.755498,
        "8": 5.325589,
        "9": 1.780614,
        "10": 16.830022,
        "11": 12.325397,
        "12": 10.429237,
        "13": 5.842968,
        "14": 4.143344,
        "15": 16.481382,
        "16": 15.320952,
        "17": 4.287771,
        "18": 4.745098,
        "19": 2.738329,
        "20": 2.891947,
        "21": 3.522235,
        "22": 3.888878,
        "23": 3.568432,
        "24": 4.965336,
        "25": 14.544441,
        "26": 3.93858,
        "27": 5.079281,
        "28": 2.110083,
        "29": 2.948976,
        "30": 2.207074,
        "31": 2.147378,
        "32": 0.863014,
        "33": 3.521303,
        "34": 2.198427,
        "35": 2.017399
      }
    },
    "medium": {
      "utilization_fraction": 0.5,
      "edge_latencies_ms": {
        "0": 3.433911,
        "1": 1.370819,
        "2": 11.928341,
        "3": 3.376105,
        "4": 5.177903,
        "5": 2.725259,
        "6": 13.581446,
        "7": 3.756688,
        "8": 5.328448,
        "9": 1.781739,
        "10": 16.842392,
        "11": 12.333876,
        "12": 10.476684,
        "13": 5.84653,
        "14": 4.144343,
        "15": 16.510489,
        "16": 15.334362,
        "17": 4.288601,
        "18": 4.746194,
        "19": 2.743426,
        "20": 2.892794,
        "21": 3.524742,
        "22": 3.897809,
        "23": 3.575379,
        "24": 4.966884,
        "25": 14.553528,
        "26": 3.942026,
        "27": 5.082015,
        "28": 2.114631,
        "29": 2.953839,
        "30": 2.207928,
        "31": 2.148392,
        "32": 0.867034,
        "33": 3.524267,
        "34": 2.199251,
        "35": 2.024528
      }
    },
    "high": {
      "utilization_fraction": 0.8,
      "edge_latencies_ms": {
        "0": 3.438267,
        "1": 1.380869,
        "2": 11.959515,
        "3": 3.380226,
        "4": 5.207168,
        "5": 2.729152,
        "6": 13.644823,
        "7": 3.761447,
        "8": 5.339883,
        "9": 1.786242,
        "10": 16.891868,
        "11": 12.367794,
        "12": 10.666473,
        "13": 5.860781,
        "14": 4.148339,
        "15": 16.62692,
        "16": 15.388002,
        "17": 4.291919,
        "18": 4.750578,
        "19": 2.763813,
        "20": 2.896182,
        "21": 3.534771,
        "22": 3.933533,
        "23": 3.603165,
        "24": 4.973075,
        "25": 14.589878,
        "26": 3.95581,
        "27": 5.092953,
        "28": 2.132826,
        "29": 2.973291,
        "30": 2.211344,
        "31": 2.152446,
        "32": 0.883111,
        "33": 3.536124,
        "34": 2.202544,
        "35": 2.053042
      }
    },
    "flash": {
      "utilization_fraction": 0.95,
      "edge_latencies_ms": {
        "0": 3.460048,
        "1": 1.43112,
        "2": 12.115382,
        "3": 3.400832,
        "4": 5.353493,
        "5": 2.748618,
        "6": 13.961709,
        "7": 3.785245,
        "8": 5.397057,
        "9": 1.808756,
        "10": 17.13925,
        "11": 12.537385,
        "12": 11.615418,
        "13": 5.932035,
        "14": 4.168321,
        "15": 17.209073,
        "16": 15.6562,
        "17": 4.308514,
        "18": 4.772495,
        "19": 2.865749,
        "20": 2.91312,
        "21": 3.584916,
        "22": 4.112152,
        "23": 3.742094,
        "24": 5.004032,
        "25": 14.771624,
        "26": 4.024732,
        "27": 5.147643,
        "28": 2.223797,
        "29": 3.070547,
        "30": 2.228425,
        "31": 2.172714,
        "32": 0.963499,
        "33": 3.595408,
        "34": 2.21901,
        "35": 2.195615
      }
    }
  }
}