{
  "topology_id": 367,
  "load_conditions": {
    "low": {
      "utilization_fraction": 0.2,
      "edge_latencies_ms": {
        "0": 4.339954,
        "1": 5.412941,
        "2": 17.321735,
        "3": 5.847919,
        "4": 4.000204,
        "5": 4.136733,
        "6": 2.286309,
        "7": 3.696228,
        "8": 3.165303,
        "9": 3.441914,
        "10": 4.360424,
        "11": 2.672577,
        "12": 3.032618,
        "13": 12.491324,
        "14": 3.634972,
        "15": 3.27464,
        "16": 2.077386,
        "17": 13.256929,
        "18": 5.435368,
        "19": 17.650323,
        "20": 4.630449,
        "21": 3.887789,
        "22": 13.530853,
        "23": 5.261756,
        "24": 3.031945,
        "25": 2.354881,
        "26": 4.981404,
        "27": 0.708735,
        "28": 6.397505,
        "29": 2.864325,
        "30": 7.42877,
        "31": 5.980175,
        "32": 6.513225,
        "33": 6.067168,
        "34": 6.615149,
        "35": 3.793226
      }
    },
    "medium": {
      "utilization_fraction": 0.5,
      "edge_latencies_ms": {
        "0": 4.342261,
        "1": 5.414206,
        "2": 17.341176,
        "3": 5.849268,
        "4": 4.001235,
        "5": 4.150704,
        "6": 2.287146,
        "7": 3.699087,
        "8": 3.167119,
        "9": 3.44431,
        "10": 4.362198,
        "11": 2.673911,
        "12": 3.033381,
        "13": 12.504534,
        "14": 3.635913,
        "15": 3.27542,
        "16": 2.078627,
        "17": 13.269595,
        "18": 5.436363,
        "19": 17.675318,
        "20": 4.63237,
        "21": 3.888759,
        "22": 13.545617,
        "23": 5.264911,
        "24": 3.032959,
        "25": 2.356036,
        "26": 4.98266,
        "27": 0.713664,
        "28": 6.401076,
        "29": 2.865235,
        "30": 7.429926,
        "31": 5.982795,
        "32": 6.515279,
        "33": 6.06902,
        "34": 6.616529,
        "35": 3.79777
      }
    },
    "high": {
      "utilization_fraction": 0.8,
      "edge_latencies_ms": {
        "0": 4.35149,
        "1": 5.419263,
        "2": 17.418939,
        "3": 5.854665,
        "4": 4.00536,
        "5": 4.206586,
        "6": 2.290495,
        "7": 3.710525,
        "8": 3.174384,
        "9": 3.453893,
        "10": 4.369292,
        "11": 2.679245,
        "12": 3.036431,
        "13": 12.557372,
        "14": 3.639679,
        "15": 3.278537,
        "16": 2.083592,
        "17": 13.320256,
        "18": 5.440344,
        "19": 17.775297,
        "20": 4.640054,
        "21": 3.892643,
        "22": 13.604672,
        "23": 5.277529,
        "24": 3.037014,
        "25": 2.360655,
        "26": 4.987683,
        "27": 0.73338,
        "28": 6.415359,
        "29": 2.868876,
        "30": 7.43455,
        "31": 5.993275,
        "32": 6.523496,
        "33": 6.076432,
        "34": 6.622053,
        "35": 3.815943
      }
    },
    "flash": {
      "utilization_fraction": 0.95,
      "edge_latencies_ms": {
        "0": 4.397631,
        "1": 5.444549,
        "2": 17.807757,
        "3": 5.88165,
        "4": 4.025981,
        "5": 4.486,
        "6": 2.307239,
        "7": 3.767714,
        "8": 3.210709,
        "9": 3.50181,
        "10": 4.404764,
        "11": 2.705916,
        "12": 3.051684,
        "13": 12.821563,
        "14": 3.658508,
        "15": 3.294122,
        "16": 2.108419,
        "17": 13.573565,
        "18": 5.460246,
        "19": 18.275191,
        "20": 4.678476,
        "21": 3.912062,
        "22": 13.89995,
        "23": 5.340622,
        "24": 3.057288,
        "25": 2.38375,
        "26": 5.012802,
        "27": 0.831957,
        "28": 6.486776,
        "29": 2.88708,
        "30": 7.457666,
        "31": 6.045677,
        "32": 6.564581,
        "33": 6.113491,
        "34": 6.64967,
        "35": 3.906811
      }
    }
  }
}