{
  "topology_id": 188,
  "load_conditions": {
    "low": {
      "utilization_fraction": 0.2,
      "edge_latencies_ms": {
        "0": 3.207278,
        "1": 3.652788,
        "2": 0.681187,
        "3": 2.175556,
        "4": 4.345821,
        "5": 4.907203,
        "6": 4.838623,
        "7": 3.45491,
        "8": 4.866581,
        "9": 3.705829,
        "10": 2.161151,
        "11": 1.618533,
        "12": 4.210016,
        "13": 2.776619,
        "14": 14.137859,
        "15": 14.641162,
        "16": 5.468778,
        "17": 5.812142,
        "18": 4.87523,
        "19": 4.035549,
        "20": 12.374316,
        "21": 4.624126,
        "22": 13.326926,
        "23": 14.900559,
        "24": 15.637311,
        "25": 9.312614,
        "26": 7.165494,
        "27": 5.839607,
        "28": 8.535429,
        "29": 10.562797,
        "30": 4.808679,
        "31": 8.026384,
        "32": 5.222822,
        "33": 6.816683,
        "34": 3.525551,
        "35": 7.1298,
        "36": 3.241754,
        "37": 2.141244,
        "38": 3.680693,
        "39": 4.793361,
        "40": 6.549695,
        "41": 5.653815,
        "42": 3.710979,
        "43": 4.361957,
        "44": 2.761073,
        "45": 6.060572,
        "46": 5.576872,
        "47": 7.820063,
        "48": 5.322633,
        "49": 4.464044,
        "50": 3.055997,
        "51": 2.342852,
        "52": 5.198398,
        "53": 5.418579,
        "54": 4.759189,
        "55": 2.510075,
        "56": 5.056349,
        "57": 4.47977,
        "58": 4.951921,
        "59": 4.128492,
        "60": 6.662654,
        "61": 4.639729,
        "62": 3.952024,
        "63": 3.598562,
        "64": 4.055111,
        "65": 3.895225,
        "66": 3.557185,
        "67": 3.370258,
        "68": 3.658491,
        "69": 3.084581,
        "70": 5.478615,
        "71": 3.922781,
        "72": 2.612225
      }
    },
    "medium": {
      "utilization_fraction": 0.5,
      "edge_latencies_ms": {
        "0": 3.208495,
        "1": 3.657705,
        "2": 0.682157,
        "3": 2.181963,
        "4": 4.346575,
        "5": 4.910269,
        "6": 4.839505,
        "7": 3.46158,
        "8": 4.867445,
        "9": 3.707443,
        "10": 2.161961,
        "11": 1.621452,
        "12": 4.21727,
        "13": 2.777385,
        "14": 14.14687,
        "15": 14.66057,
        "16": 5.469597,
        "17": 5.814407,
        "18": 4.877418,
        "19": 4.036435,
        "20": 12.38454,
        "21": 4.624925,
        "22": 13.353225,
        "23": 14.911404,
        "24": 15.647985,
        "25": 9.315991,
        "26": 7.168767,
        "27": 5.843845,
        "28": 8.53777,
        "29": 10.563819,
        "30": 4.811788,
        "31": 8.031547,
        "32": 5.22526,
        "33": 6.81767,
        "34": 3.526716,
        "35": 7.132587,
        "36": 3.255456,
        "37": 2.146173,
        "38": 3.681546,
        "39": 4.794236,
        "40": 6.550802,
        "41": 5.655339,
        "42": 3.713635,
        "43": 4.36296,
        "44": 2.762172,
        "45": 6.061681,
        "46": 5.577961,
        "47": 7.821898,
        "48": 5.323617,
        "49": 4.464967,
        "50": 3.057052,
        "51": 2.346731,
        "52": 5.201816,
        "53": 5.42053,
        "54": 4.760442,
        "55": 2.511345,
        "56": 5.073591,
        "57": 4.481293,
        "58": 4.952698,
        "59": 4.129721,
        "60": 6.670187,
        "61": 4.642298,
        "62": 3.95358,
        "63": 3.60512,
        "64": 4.055968,
        "65": 3.898456,
        "66": 3.558229,
        "67": 3.371031,
        "68": 3.661644,
        "69": 3.085705,
        "70": 5.480583,
        "71": 3.923981,
        "72": 2.613898
      }
    },
    "high": {
      "utilization_fraction": 0.8,
      "edge_latencies_ms": {
        "0": 3.213364,
        "1": 3.677374,
        "2": 0.686036,
        "3": 2.207595,
        "4": 4.34959,
        "5": 4.922532,
        "6": 4.843032,
        "7": 3.488257,
        "8": 4.870903,
        "9": 3.713898,
        "10": 2.165203,
        "11": 1.633129,
        "12": 4.246287,
        "13": 2.780448,
        "14": 14.182916,
        "15": 14.738198,
        "16": 5.472875,
        "17": 5.82347,
        "18": 4.886172,
        "19": 4.039977,
        "20": 12.425436,
        "21": 4.628118,
        "22": 13.45842,
        "23": 14.954785,
        "24": 15.690679,
        "25": 9.329498,
        "26": 7.181857,
        "27": 5.860795,
        "28": 8.547137,
        "29": 10.567908,
        "30": 4.824221,
        "31": 8.052197,
        "32": 5.235014,
        "33": 6.821619,
        "34": 3.531376,
        "35": 7.143736,
        "36": 3.310266,
        "37": 2.165892,
        "38": 3.684958,
        "39": 4.797738,
        "40": 6.55523,
        "41": 5.661434,
        "42": 3.724257,
        "43": 4.366973,
        "44": 2.766571,
        "45": 6.066114,
        "46": 5.582316,
        "47": 7.82924,
        "48": 5.327556,
        "49": 4.468662,
        "50": 3.061274,
        "51": 2.362249,
        "52": 5.215489,
        "53": 5.428334,
        "54": 4.765456,
        "55": 2.516423,
        "56": 5.142558,
        "57": 4.487384,
        "58": 4.955804,
        "59": 4.134637,
        "60": 6.700321,
        "61": 4.652572,
        "62": 3.959806,
        "63": 3.631352,
        "64": 4.059395,
        "65": 3.911382,
        "66": 3.562403,
        "67": 3.374124,
        "68": 3.674257,
        "69": 3.090202,
        "70": 5.488455,
        "71": 3.928781,
        "72": 2.620587
      }
    },
    "flash": {
      "utilization_fraction": 0.95,
      "edge_latencies_ms": {
        "0": 3.23771,
        "1": 3.77572,
        "2": 0.705434,
        "3": 2.335751,
        "4": 4.364666,
        "5": 4.983849,
        "6": 4.860668,
        "7": 3.621647,
        "8": 4.888193,
        "9": 3.746176,
        "10": 2.181414,
        "11": 1.691513,
        "12": 4.391375,
        "13": 2.795764,
        "14": 14.363143,
        "15": 15.126343,
        "16": 5.489266,
        "17": 5.868782,
        "18": 4.92994,
        "19": 4.057687,
        "20": 12.629919,
        "21": 4.644083,
        "22": 13.984395,
        "23": 15.171689,
        "24": 15.904152,
        "25": 9.397037,
        "26": 7.247309,
        "27": 5.945549,
        "28": 8.593969,
        "29": 10.588352,
        "30": 4.886389,
        "31": 8.15545,
        "32": 5.283783,
        "33": 6.841361,
        "34": 3.554675,
        "35": 7.199478,
        "36": 3.584316,
        "37": 2.264486,
        "38": 3.702018,
        "39": 4.815244,
        "40": 6.577366,
        "41": 5.69191,
        "42": 3.777372,
        "43": 4.387036,
        "44": 2.788566,
        "45": 6.088281,
        "46": 5.604088,
        "47": 7.865947,
        "48": 5.347252,
        "49": 4.487134,
        "50": 3.082385,
        "51": 2.439836,
        "52": 5.283851,
        "53": 5.467355,
        "54": 4.790526,
        "55": 2.541816,
        "56": 5.487394,
        "57": 4.517842,
        "58": 4.971336,
        "59": 4.159216,
        "60": 6.850988,
        "61": 4.703942,
        "62": 3.990935,
        "63": 3.762513,
        "64": 4.076528,
        "65": 3.976011,
        "66": 3.583275,
        "67": 3.389587,
        "68": 3.73732,
        "69": 3.112685,
        "70": 5.527815,
        "71": 3.952783,
        "72": 2.654034
      }
    }
  }
}