{
  "topology_id": 413,
  "load_conditions": {
    "low": {
      "utilization_fraction": 0.2,
      "edge_latencies_ms": {
        "0": 2.394878,
        "1": 2.638867,
        "2": 13.87504,
        "3": 4.807027,
        "4": 12.191043,
        "5": 5.317011,
        "6": 9.921034,
        "7": 5.529289,
        "8": 7.831671,
        "9": 5.680431,
        "10": 5.759263,
        "11": 0.786138,
        "12": 0.941102,
        "13": 3.534881,
        "14": 2.877973,
        "15": 3.444601,
        "16": 20.200002,
        "17": 5.663615,
        "18": 17.020152,
        "19": 9.277015,
        "20": 5.070165,
        "21": 4.861749,
        "22": 5.441829,
        "23": 4.779364,
        "24": 5.761023,
        "25": 1.811583,
        "26": 3.350216,
        "27": 7.645833,
        "28": 9.112934,
        "29": 5.812808,
        "30": 14.905058,
        "31": 6.508431,
        "32": 6.492602,
        "33": 1.682234,
        "34": 4.529601,
        "35": 6.129613,
        "36": 2.395428,
        "37": 3.209326,
        "38": 2.877232,
        "39": 3.5601,
        "40": 6.151315,
        "41": 3.702155,
        "42": 1.501834,
        "43": 3.653186,
        "44": 3.281082
      }
    },
    "medium": {
      "utilization_fraction": 0.5,
      "edge_latencies_ms": {
        "0": 2.395911,
        "1": 2.641202,
        "2": 13.891809,
        "3": 4.808166,
        "4": 12.205893,
        "5": 5.31973,
        "6": 9.930401,
        "7": 5.530063,
        "8": 7.843616,
        "9": 5.682423,
        "10": 5.760483,
        "11": 0.787224,
        "12": 0.942512,
        "13": 3.536429,
        "14": 2.878951,
        "15": 3.445955,
        "16": 20.262272,
        "17": 5.664557,
        "18": 17.033583,
        "19": 9.278262,
        "20": 5.07101,
        "21": 4.86258,
        "22": 5.443354,
        "23": 4.787257,
        "24": 5.763027,
        "25": 1.813837,
        "26": 3.351141,
        "27": 7.646783,
        "28": 9.124556,
        "29": 5.814907,
        "30": 14.924746,
        "31": 6.509348,
        "32": 6.493371,
        "33": 1.683761,
        "34": 4.531345,
        "35": 6.132083,
        "36": 2.396525,
        "37": 3.215124,
        "38": 2.882064,
        "39": 3.561249,
        "40": 6.152274,
        "41": 3.704858,
        "42": 1.50433,
        "43": 3.654311,
        "44": 3.283005
      }
    },
    "high": {
      "utilization_fraction": 0.8,
      "edge_latencies_ms": {
        "0": 2.400041,
        "1": 2.650544,
        "2": 13.958888,
        "3": 4.812723,
        "4": 12.265291,
        "5": 5.330608,
        "6": 9.967871,
        "7": 5.533158,
        "8": 7.891397,
        "9": 5.690392,
        "10": 5.765365,
        "11": 0.791567,
        "12": 0.948153,
        "13": 3.54262,
        "14": 2.882862,
        "15": 3.451373,
        "16": 20.511351,
        "17": 5.668324,
        "18": 17.087306,
        "19": 9.28325,
        "20": 5.074389,
        "21": 4.865903,
        "22": 5.449456,
        "23": 4.818831,
        "24": 5.771044,
        "25": 1.822854,
        "26": 3.354842,
        "27": 7.650586,
        "28": 9.171041,
        "29": 5.823302,
        "30": 15.003497,
        "31": 6.513018,
        "32": 6.496447,
        "33": 1.689868,
        "34": 4.538321,
        "35": 6.141965,
        "36": 2.400914,
        "37": 3.238319,
        "38": 2.901395,
        "39": 3.565846,
        "40": 6.156106,
        "41": 3.715668,
        "42": 1.51431,
        "43": 3.658809,
        "44": 3.2907
      }
    },
    "flash": {
      "utilization_fraction": 0.95,
      "edge_latencies_ms": {
        "0": 2.420693,
        "1": 2.697254,
        "2": 14.294282,
        "3": 4.835503,
        "4": 12.562285,
        "5": 5.384994,
        "6": 10.155218,
        "7": 5.548635,
        "8": 8.130301,
        "9": 5.730236,
        "10": 5.789771,
        "11": 0.813283,
        "12": 0.976354,
        "13": 3.573574,
        "14": 2.902417,
        "15": 3.478462,
        "16": 21.756745,
        "17": 5.687157,
        "18": 17.355923,
        "19": 9.308189,
        "20": 5.091285,
        "21": 4.882523,
        "22": 5.479962,
        "23": 4.9767,
        "24": 5.811127,
        "25": 1.867938,
        "26": 3.373347,
        "27": 7.669598,
        "28": 9.403468,
        "29": 5.865281,
        "30": 15.397253,
        "31": 6.531366,
        "32": 6.511829,
        "33": 1.720404,
        "34": 4.573201,
        "35": 6.191375,
        "36": 2.42286,
        "37": 3.354291,
        "38": 2.998045,
        "39": 3.588829,
        "40": 6.17527,
        "41": 3.769718,
        "42": 1.564213,
        "43": 3.6813,
        "44": 3.329174
      }
    }
  }
}