{
  "topology_id": 324,
  "load_conditions": {
    "low": {
      "utilization_fraction": 0.2,
      "edge_latencies_ms": {
        "0": 2.04178,
        "1": 3.460408,
        "2": 3.717353,
        "3": 2.575254,
        "4": 3.59022,
        "5": 4.762823,
        "6": 3.953037,
        "7": 4.327714,
        "8": 4.037677,
        "9": 6.788827,
        "10": 8.111199,
        "11": 3.762144,
        "12": 3.009022,
        "13": 2.13433,
        "14": 5.619758,
        "15": 2.341846,
        "16": 3.192672,
        "17": 3.254903,
        "18": 4.479516,
        "19": 2.237769,
        "20": 2.956256,
        "21": 1.255265,
        "22": 3.535289
      }
    },
    "medium": {
      "utilization_fraction": 0.5,
      "edge_latencies_ms": {
        "0": 2.043752,
        "1": 3.461883,
        "2": 3.720631,
        "3": 2.576413,
        "4": 3.591012,
        "5": 4.763847,
        "6": 3.956605,
        "7": 4.330533,
        "8": 4.039039,
        "9": 6.79662,
        "10": 8.130716,
        "11": 3.763013,
        "12": 3.010478,
        "13": 2.136371,
        "14": 5.627705,
        "15": 2.342711,
        "16": 3.194082,
        "17": 3.255789,
        "18": 4.480603,
        "19": 2.242456,
        "20": 2.957032,
        "21": 1.258809,
        "22": 3.536124
      }
    },
    "high": {
      "utilization_fraction": 0.8,
      "edge_latencies_ms": {
        "0": 2.051637,
        "1": 3.467783,
        "2": 3.733742,
        "3": 2.581048,
        "4": 3.594179,
        "5": 4.76794,
        "6": 3.970879,
        "7": 4.341808,
        "8": 4.044486,
        "9": 6.82779,
        "10": 8.208781,
        "11": 3.766491,
        "12": 3.016303,
        "13": 2.144538,
        "14": 5.659495,
        "15": 2.34617,
        "16": 3.199724,
        "17": 3.259334,
        "18": 4.484953,
        "19": 2.261204,
        "20": 2.960136,
        "21": 1.272985,
        "22": 3.539463
      }
    },
    "flash": {
      "utilization_fraction": 0.95,
      "edge_latencies_ms": {
        "0": 2.091063,
        "1": 3.497284,
        "2": 3.7993,
        "3": 2.604225,
        "4": 3.610015,
        "5": 4.788408,
        "6": 4.042245,
        "7": 4.398186,
        "8": 4.071723,
        "9": 6.983641,
        "10": 8.599107,
        "11": 3.783877,
        "12": 3.045426,
        "13": 2.185371,
        "14": 5.818442,
        "15": 2.363466,
        "16": 3.227935,
        "17": 3.277055,
        "18": 4.5067,
        "19": 2.354943,
        "20": 2.975655,
        "21": 1.343868,
        "22": 3.556161
      }
    }
  }
}