{
  "topology_id": 287,
  "load_conditions": {
    "low": {
      "utilization_fraction": 0.2,
      "edge_latencies_ms": {
        "0": 3.092692,
        "1": 3.795833,
        "2": 6.75413,
        "3": 3.988855,
        "4": 1.346332,
        "5": 0.768149,
        "6": 2.4186,
        "7": 4.893654,
        "8": 5.692202,
        "9": 3.381661,
        "10": 5.887058,
        "11": 5.645604,
        "12": 4.101871,
        "13": 3.898981,
        "14": 5.576017,
        "15": 3.835466,
        "16": 3.834882,
        "17": 3.059028,
        "18": 5.662489,
        "19": 3.047276,
        "20": 6.51778,
        "21": 3.240238,
        "22": 3.866113,
        "23": 1.926976,
        "24": 1.741923,
        "25": 5.121162
      }
    },
    "medium": {
      "utilization_fraction": 0.5,
      "edge_latencies_ms": {
        "0": 3.094079,
        "1": 3.797457,
        "2": 6.758864,
        "3": 3.991263,
        "4": 1.366132,
        "5": 0.770842,
        "6": 2.424077,
        "7": 4.941371,
        "8": 5.69373,
        "9": 3.382797,
        "10": 5.889607,
        "11": 5.646527,
        "12": 4.105031,
        "13": 3.901859,
        "14": 5.576994,
        "15": 3.836732,
        "16": 3.854945,
        "17": 3.060931,
        "18": 5.664201,
        "19": 3.050059,
        "20": 6.526967,
        "21": 3.241639,
        "22": 3.866999,
        "23": 1.92875,
        "24": 1.742818,
        "25": 5.122049
      }
    },
    "high": {
      "utilization_fraction": 0.8,
      "edge_latencies_ms": {
        "0": 3.099625,
        "1": 3.803954,
        "2": 6.777803,
        "3": 4.000897,
        "4": 1.44533,
        "5": 0.781612,
        "6": 2.445989,
        "7": 5.132236,
        "8": 5.699841,
        "9": 3.387341,
        "10": 5.899802,
        "11": 5.65022,
        "12": 4.117667,
        "13": 3.913369,
        "14": 5.580905,
        "15": 3.841794,
        "16": 3.935197,
        "17": 3.068545,
        "18": 5.671047,
        "19": 3.061193,
        "20": 6.563713,
        "21": 3.247243,
        "22": 3.870544,
        "23": 1.935845,
        "24": 1.746397,
        "25": 5.125596
      }
    },
    "flash": {
      "utilization_fraction": 0.95,
      "edge_latencies_ms": {
        "0": 3.127357,
        "1": 3.836439,
        "2": 6.872498,
        "3": 4.049065,
        "4": 1.841321,
        "5": 0.835461,
        "6": 2.555546,
        "7": 6.086563,
        "8": 5.730398,
        "9": 3.410062,
        "10": 5.950777,
        "11": 5.668682,
        "12": 4.18085,
        "13": 3.970921,
        "14": 5.600459,
        "15": 3.867106,
        "16": 4.336455,
        "17": 3.106617,
        "18": 5.705277,
        "19": 3.116864,
        "20": 6.747442,
        "21": 3.275263,
        "22": 3.88827,
        "23": 1.971322,
        "24": 1.764294,
        "25": 5.143334
      }
    }
  }
}