{
  "topology_id": 110,
  "load_conditions": {
    "low": {
      "utilization_fraction": 0.2,
      "edge_latencies_ms": {
        "0": 3.59064,
        "1": 4.978885,
        "2": 4.061433,
        "3": 3.983103,
        "4": 3.860086,
        "5": 3.84866,
        "6": 3.085146,
        "7": 3.150397,
        "8": 3.492713,
        "9": 4.251179,
        "10": 6.058979,
        "11": 3.797522,
        "12": 4.801199,
        "13": 5.547109,
        "14": 5.752602,
        "15": 5.802189,
        "16": 6.201134,
        "17": 1.81337,
        "18": 18.43799,
        "19": 3.305856,
        "20": 1.62875,
        "21": 3.688242,
        "22": 3.510513,
        "23": 4.099447,
        "24": 15.58652,
        "25": 3.852536,
        "26": 2.455219,
        "27": 3.619283,
        "28": 3.316254,
        "29": 4.178781,
        "30": 2.760416,
        "31": 1.555837,
        "32": 2.505195,
        "33": 1.628878,
        "34": 4.368639,
        "35": 12.375316,
        "36": 17.826642,
        "37": 3.982287,
        "38": 1.747679,
        "39": 2.960744,
        "40": 2.705348,
        "41": 2.202314,
        "42": 4.055159,
        "43": 7.917775,
        "44": 4.246917,
        "45": 2.913543,
        "46": 4.467762,
        "47": 5.276155,
        "48": 3.925075,
        "49": 6.14074,
        "50": 2.984356,
        "51": 3.992284,
        "52": 2.017854,
        "53": 1.696202,
        "54": 6.052476,
        "55": 4.022939,
        "56": 7.479898,
        "57": 8.980078,
        "58": 5.556923,
        "59": 4.443377,
        "60": 4.812623,
        "61": 3.674694,
        "62": 3.598884,
        "63": 2.769507,
        "64": 2.393836,
        "65": 6.977151,
        "66": 2.826014,
        "67": 1.773005,
        "68": 2.240292,
        "69": 3.19167,
        "70": 3.591283,
        "71": 2.5199,
        "72": 4.84058,
        "73": 5.197895,
        "74": 2.708753,
        "75": 0.832854,
        "76": 4.076382,
        "77": 3.802953,
        "78": 3.438344,
        "79": 0.625805,
        "80": 4.400739,
        "81": 4.019212,
        "82": 1.413991,
        "83": 1.381552,
        "84": 3.341313,
        "85": 2.882594,
        "86": 4.754496,
        "87": 3.549508,
        "88": 4.485226,
        "89": 2.612068,
        "90": 3.546259,
        "91": 0.983526,
        "92": 3.364318,
        "93": 3.160818,
        "94": 3.035512,
        "95": 2.824777,
        "96": 4.679424,
        "97": 3.216988,
        "98": 4.811543,
        "99": 3.934818,
        "100": 5.113211
      }
    },
    "medium": {
      "utilization_fraction": 0.5,
      "edge_latencies_ms": {
        "0": 3.591572,
        "1": 4.979644,
        "2": 4.066404,
        "3": 3.984349,
        "4": 3.862172,
        "5": 3.849834,
        "6": 3.087332,
        "7": 3.151781,
        "8": 3.494069,
        "9": 4.252093,
        "10": 6.061768,
        "11": 3.799856,
        "12": 4.803836,
        "13": 5.548232,
        "14": 5.756633,
        "15": 5.802994,
        "16": 6.203815,
        "17": 1.814497,
        "18": 18.445819,
        "19": 3.309777,
        "20": 1.629981,
        "21": 3.691233,
        "22": 3.512499,
        "23": 4.100465,
        "24": 15.638107,
        "25": 3.85346,
        "26": 2.458329,
        "27": 3.624046,
        "28": 3.317397,
        "29": 4.180976,
        "30": 2.761253,
        "31": 1.556625,
        "32": 2.507073,
        "33": 1.629848,
        "34": 4.369428,
        "35": 12.423932,
        "36": 17.851576,
        "37": 3.989511,
        "38": 1.748492,
        "39": 2.967977,
        "40": 2.707118,
        "41": 2.203562,
        "42": 4.055948,
        "43": 7.970966,
        "44": 4.247688,
        "45": 2.914851,
        "46": 4.468681,
        "47": 5.277544,
        "48": 3.926811,
        "49": 6.141612,
        "50": 2.988104,
        "51": 3.99305,
        "52": 2.018643,
        "53": 1.698043,
        "54": 6.054282,
        "55": 4.023766,
        "56": 7.481325,
        "57": 8.981063,
        "58": 5.557885,
        "59": 4.449713,
        "60": 4.813472,
        "61": 3.676287,
        "62": 3.599914,
        "63": 2.770954,
        "64": 2.395016,
        "65": 6.978115,
        "66": 2.827648,
        "67": 1.774697,
        "68": 2.243214,
        "69": 3.192829,
        "70": 3.592191,
        "71": 2.526711,
        "72": 4.844042,
        "73": 5.198866,
        "74": 2.710616,
        "75": 0.836004,
        "76": 4.077141,
        "77": 3.803736,
        "78": 3.439151,
        "79": 0.631335,
        "80": 4.406011,
        "81": 4.02064,
        "82": 1.414904,
        "83": 1.383201,
        "84": 3.342759,
        "85": 2.883429,
        "86": 4.75557,
        "87": 3.554919,
        "88": 4.485979,
        "89": 2.612873,
        "90": 3.549665,
        "91": 0.987908,
        "92": 3.3654,
        "93": 3.161864,
        "94": 3.037736,
        "95": 2.827525,
        "96": 4.681821,
        "97": 3.21948,
        "98": 4.81693,
        "99": 3.936827,
        "100": 5.114567
      }
    },
    "high": {
      "utilization_fraction": 0.8,
      "edge_latencies_ms": {
        "0": 3.595297,
        "1": 4.98268,
        "2": 4.086288,
        "3": 3.989336,
        "4": 3.870519,
        "5": 3.854533,
        "6": 3.096076,
        "7": 3.157316,
        "8": 3.499494,
        "9": 4.255748,
        "10": 6.072926,
        "11": 3.809194,
        "12": 4.814382,
        "13": 5.552724,
        "14": 5.77276,
        "15": 5.806216,
        "16": 6.214541,
        "17": 1.819004,
        "18": 18.477133,
        "19": 3.32546,
        "20": 1.634904,
        "21": 3.703195,
        "22": 3.520446,
        "23": 4.104539,
        "24": 15.844454,
        "25": 3.857157,
        "26": 2.470769,
        "27": 3.643101,
        "28": 3.321967,
        "29": 4.189758,
        "30": 2.764604,
        "31": 1.559777,
        "32": 2.514586,
        "33": 1.633728,
        "34": 4.372585,
        "35": 12.618398,
        "36": 17.951312,
        "37": 4.018404,
        "38": 1.751742,
        "39": 2.996909,
        "40": 2.714197,
        "41": 2.208553,
        "42": 4.059106,
        "43": 8.183731,
        "44": 4.250772,
        "45": 2.920083,
        "46": 4.472358,
        "47": 5.283104,
        "48": 3.933756,
        "49": 6.145099,
        "50": 3.003093,
        "51": 3.996114,
        "52": 2.021799,
        "53": 1.705408,
        "54": 6.061508,
        "55": 4.027073,
        "56": 7.487031,
        "57": 8.985003,
        "58": 5.561734,
        "59": 4.475061,
        "60": 4.816868,
        "61": 3.682662,
        "62": 3.604036,
        "63": 2.776739,
        "64": 2.399735,
        "65": 6.981972,
        "66": 2.834185,
        "67": 1.781465,
        "68": 2.254904,
        "69": 3.197466,
        "70": 3.595825,
        "71": 2.553953,
        "72": 4.857893,
        "73": 5.202748,
        "74": 2.718068,
        "75": 0.848605,
        "76": 4.080176,
        "77": 3.80687,
        "78": 3.442376,
        "79": 0.653457,
        "80": 4.4271,
        "81": 4.026352,
        "82": 1.418558,
        "83": 1.389797,
        "84": 3.348542,
        "85": 2.886771,
        "86": 4.759864,
        "87": 3.576563,
        "88": 4.488989,
        "89": 2.616093,
        "90": 3.563286,
        "91": 1.00544,
        "92": 3.369727,
        "93": 3.166049,
        "94": 3.046631,
        "95": 2.838516,
        "96": 4.691412,
        "97": 3.229446,
        "98": 4.838477,
        "99": 3.944862,
        "100": 5.119991
      }
    },
    "flash": {
      "utilization_fraction": 0.95,
      "edge_latencies_ms": {
        "0": 3.613925,
        "1": 4.997858,
        "2": 4.185708,
        "3": 4.014268,
        "4": 3.912253,
        "5": 3.878026,
        "6": 3.139795,
        "7": 3.184991,
        "8": 3.52662,
        "9": 4.274024,
        "10": 6.128718,
        "11": 3.855884,
        "12": 4.867113,
        "13": 5.575188,
        "14": 5.853393,