{
  "topology_id": 253,
  "load_conditions": {
    "low": {
      "utilization_fraction": 0.2,
      "edge_latencies_ms": {
        "0": 3.493435,
        "1": 4.439398,
        "2": 2.325522,
        "3": 6.267888,
        "4": 11.611804,
        "5": 5.498273,
        "6": 1.821915,
        "7": 2.504446,
        "8": 3.377493,
        "9": 3.219275,
        "10": 3.139394,
        "11": 4.182909,
        "12": 1.285692,
        "13": 4.480753,
        "14": 4.076414,
        "15": 5.15128,
        "16": 4.459012,
        "17": 5.758913,
        "18": 4.9986,
        "19": 2.667105,
        "20": 5.267719,
        "21": 8.870053,
        "22": 1.004781,
        "23": 2.944157,
        "24": 4.248845,
        "25": 2.872513,
        "26": 2.133899,
        "27": 9.50077,
        "28": 2.865633,
        "29": 5.63979,
        "30": 3.551737,
        "31": 4.792482,
        "32": 5.12449,
        "33": 5.685415,
        "34": 8.123544,
        "35": 3.549611,
        "36": 3.404488,
        "37": 5.742919,
        "38": 5.993348,
        "39": 5.831732,
        "40": 1.314684
      }
    },
    "medium": {
      "utilization_fraction": 0.5,
      "edge_latencies_ms": {
        "0": 3.49509,
        "1": 4.441243,
        "2": 2.328807,
        "3": 6.268678,
        "4": 11.624948,
        "5": 5.522747,
        "6": 1.823104,
        "7": 2.511208,
        "8": 3.391144,
        "9": 3.220157,
        "10": 3.140541,
        "11": 4.205229,
        "12": 1.287756,
        "13": 4.481726,
        "14": 4.086891,
        "15": 5.15624,
        "16": 4.472146,
        "17": 5.761358,
        "18": 4.999515,
        "19": 2.668622,
        "20": 5.268566,
        "21": 8.880157,
        "22": 1.006982,
        "23": 2.946559,
        "24": 4.249616,
        "25": 2.873567,
        "26": 2.135857,
        "27": 9.518844,
        "28": 2.86644,
        "29": 5.642455,
        "30": 3.552818,
        "31": 4.795134,
        "32": 5.125271,
        "33": 5.686333,
        "34": 8.124895,
        "35": 3.553094,
        "36": 3.405421,
        "37": 5.743722,
        "38": 5.9941,
        "39": 5.835348,
        "40": 1.315561
      }
    },
    "high": {
      "utilization_fraction": 0.8,
      "edge_latencies_ms": {
        "0": 3.501712,
        "1": 4.448623,
        "2": 2.341945,
        "3": 6.271837,
        "4": 11.677522,
        "5": 5.620645,
        "6": 1.827859,
        "7": 2.538255,
        "8": 3.445746,
        "9": 3.223685,
        "10": 3.145126,
        "11": 4.294508,
        "12": 1.296014,
        "13": 4.485616,
        "14": 4.128799,
        "15": 5.176083,
        "16": 4.524684,
        "17": 5.77114,
        "18": 5.003171,
        "19": 2.674687,
        "20": 5.271953,
        "21": 8.920571,
        "22": 1.015784,
        "23": 2.956167,
        "24": 4.252702,
        "25": 2.877785,
        "26": 2.14369,
        "27": 9.59114,
        "28": 2.869667,
        "29": 5.653115,
        "30": 3.557144,
        "31": 4.805745,
        "32": 5.128397,
        "33": 5.690005,
        "34": 8.130297,
        "35": 3.567025,
        "36": 3.409154,
        "37": 5.746933,
        "38": 5.997111,
        "39": 5.849812,
        "40": 1.319068
      }
    },
    "flash": {
      "utilization_fraction": 0.95,
      "edge_latencies_ms": {
        "0": 3.534818,
        "1": 4.485523,
        "2": 2.407635,
        "3": 6.287629,
        "4": 11.940395,
        "5": 6.110134,
        "6": 1.851633,
        "7": 2.673492,
        "8": 3.71876,
        "9": 3.241327,
        "10": 3.16805,
        "11": 4.740905,
        "12": 1.337301,
        "13": 4.505067,
        "14": 4.338338,
        "15": 5.275298,
        "16": 4.787374,
        "17": 5.82005,
        "18": 5.021455,
        "19": 2.705013,
        "20": 5.28889,
        "21": 9.12264,
        "22": 1.059796,
        "23": 3.004204,
        "24": 4.26813,
        "25": 2.89887,
        "26": 2.182857,
        "27": 9.95262,
        "28": 2.885803,
        "29": 5.706415,
        "30": 3.578775,
        "31": 4.858798,
        "32": 5.144027,
        "33": 5.708363,
        "34": 8.157308,
        "35": 3.636679,
        "36": 3.42782,
        "37": 5.762988,
        "38": 6.012163,
        "39": 5.922132,
        "40": 1.336602
      }
    }
  }
}