{
  "topology_id": 177,
  "load_conditions": {
    "low": {
      "utilization_fraction": 0.2,
      "edge_latencies_ms": {
        "0": 2.315918,
        "1": 3.166037,
        "2": 5.056711,
        "3": 4.922231,
        "4": 2.053287,
        "5": 1.060672,
        "6": 4.026364,
        "7": 1.61534,
        "8": 3.22303,
        "9": 3.706193,
        "10": 4.659238,
        "11": 3.086247,
        "12": 2.722013,
        "13": 4.035608,
        "14": 4.606825,
        "15": 1.96292,
        "16": 2.093692,
        "17": 4.429775,
        "18": 2.820734,
        "19": 3.896177,
        "20": 4.55204,
        "21": 5.672272,
        "22": 2.770587,
        "23": 4.470364,
        "24": 4.101972,
        "25": 2.862132,
        "26": 9.578999,
        "27": 3.764184,
        "28": 1.876254,
        "29": 4.008031,
        "30": 6.739687,
        "31": 3.762627,
        "32": 4.861258,
        "33": 4.067019,
        "34": 5.285992,
        "35": 3.809802,
        "36": 3.581236,
        "37": 4.213653,
        "38": 4.8876,
        "39": 6.342451,
        "40": 4.590907,
        "41": 4.067454,
        "42": 2.555174,
        "43": 1.643981,
        "44": 0.701115,
        "45": 1.837414,
        "46": 5.22766,
        "47": 5.208491,
        "48": 10.162716,
        "49": 3.354961,
        "50": 4.090776,
        "51": 2.005732,
        "52": 3.508909,
        "53": 3.267586,
        "54": 5.734809,
        "55": 4.221103,
        "56": 2.487885,
        "57": 3.946735,
        "58": 2.320099,
        "59": 4.794312,
        "60": 2.87194,
        "61": 3.447979,
        "62": 5.742179,
        "63": 4.891123,
        "64": 4.363098,
        "65": 3.363147,
        "66": 5.774855,
        "67": 3.575674,
        "68": 3.682302,
        "69": 4.109666,
        "70": 4.663322,
        "71": 5.927633,
        "72": 3.067996,
        "73": 14.069999,
        "74": 3.148672,
        "75": 5.58056,
        "76": 1.656904,
        "77": 3.142573,
        "78": 3.09488,
        "79": 4.511477,
        "80": 4.966082,
        "81": 9.419848,
        "82": 7.50404,
        "83": 5.613109,
        "84": 7.210824,
        "85": 6.417175,
        "86": 6.378189,
        "87": 3.932029,
        "88": 3.70073,
        "89": 12.155745,
        "90": 4.64615,
        "91": 3.248067,
        "92": 2.690987,
        "93": 2.036115,
        "94": 3.15678,
        "95": 5.046218,
        "96": 4.488474,
        "97": 1.856683,
        "98": 2.026868,
        "99": 3.781903,
        "100": 3.023787,
        "101": 3.436872,
        "102": 3.544453,
        "103": 4.431294,
        "104": 2.609067,
        "105": 3.31305,
        "106": 2.386889,
        "107": 3.082506,
        "108": 5.640654,
        "109": 2.380259,
        "110": 6.187394,
        "111": 3.761567,
        "112": 4.978452,
        "113": 2.919832,
        "114": 2.649334,
        "115": 4.529427,
        "116": 5.165193,
        "117": 5.407774,
        "118": 5.035576,
        "119": 1.459145,
        "120": 4.806632,
        "121": 4.86263,
        "122": 1.815037,
        "123": 6.552269,
        "124": 4.425649,
        "125": 2.596073,
        "126": 6.683639,
        "127": 2.082623,
        "128": 3.180052,
        "129": 3.548556,
        "130": 3.875186,
        "131": 3.734251,
        "132": 0.77195,
        "133": 2.864712,
        "134": 2.81253,
        "135": 4.160251,
        "136": 1.259495,
        "137": 5.740602,
        "138": 1.975007,
        "139": 13.203124,
        "140": 2.78846,
        "141": 3.260033,
        "142": 2.146147,
        "143": 4.090874,
        "144": 3.721755,
        "145": 3.587932,
        "146": 3.045504,
        "147": 3.755121,
        "148": 2.097752,
        "149": 2.707935,
        "150": 4.247279,
        "151": 2.445921,
        "152": 3.438093,
        "153": 4.007987,
        "154": 3.466302,
        "155": 4.578335,
        "156": 3.469255,
        "157": 4.839227,
        "158": 4.566198,
        "159": 3.831733,
        "160": 5.173725,
        "161": 0.983405,
        "162": 2.854556,
        "163": 1.383217,
        "164": 2.600442,
        "165": 2.73765,
        "166": 6.327975,
        "167": 1.417295,
        "168": 0.807187,
        "169": 3.584803
      }
    },
    "medium": {
      "utilization_fraction": 0.5,
      "edge_latencies_ms": {
        "0": 2.316715,
        "1": 3.166921,
        "2": 5.059112,
        "3": 4.923418,
        "4": 2.054785,
        "5": 1.061507,
        "6": 4.02715,
        "7": 1.6171,
        "8": 3.225554,
        "9": 3.708043,
        "10": 4.663583,
        "11": 3.087094,
        "12": 2.722894,
        "13": 4.037465,
        "14": 4.609906,
        "15": 1.965249,
        "16": 2.095558,
        "17": 4.433811,
        "18": 2.821679,
        "19": 3.897249,
        "20": 4.553774,
        "21": 5.674199,
        "22": 2.772163,
        "23": 4.471947,
        "24": 4.105916,
        "25": 2.866135,
        "26": 9.586638,
        "27": 3.765131,
        "28": 1.877101,
        "29": 4.009233,
        "30": 6.74122,
        "31": 3.763567,
        "32": 4.862203,
        "33": 4.068632,
        "34": 5.286813,
        "35": 3.813383,
        "36": 3.582359,
        "37": 4.214574,
        "38": 4.890804,
        "39": 6.353311,
        "40": 4.593329,
        "41": 4.068423,
        "42": 2.557709,
        "43": 1.645706,
        "44": 0.703309,
        "45": 1.844153,
        "46": 5.231731,
        "47": 5.210275,
        "48": 10.207114,
        "49": 3.356727,
        "50": 4.09237,
        "51": 2.006519,
        "52": 3.51056,
        "53": 3.271764,
        "54": 5.736219,
        "55": 4.223209,
        "56": 2.489143,
        "57": 3.948901,
        "58": 2.321338,
        "59": 4.795319,
        "60": 2.874214,
        "61": 3.450645,
        "62": 5.743025,
        "63": 4.891895,
        "64": 4.363862,
        "65": 3.364425,
        "66": 5.776247,
        "67": 3.576442,
        "68": 3.683281,
        "69": 4.111114,
        "70": 4.664483,
        "71": 5.928787,
        "72": 3.069333,
        "73": 14.078888,
        "74": 3.151513,
        "75": 5.58364,
        "76": 1.658439,
        "77": 3.14441,
        "78": 3.09621,
        "79": 4.513133,
        "80": 4.966898,
        "81": 9.431708,
        "82": 7.506933,
        "83": 5.614053,
        "84": 7.211576,
        "85": 6.420072,
        "86": 6.379572,
        "87": 3.932825,
        "88": 3.702634,
        "89": 12.200966,
        "90": 4.646907,
        "91": 3.251309,
        "92": 2.692107,
        "93": 2.037651,
        "94": 3.161111,
        "95": 5.047425,
        "96": 4.489235,
        "97": 1.858497,
        "98": 2.030038,
        "99": 3.782946,
        "100": 3.024652,
        "101": 3.438271,
        "102": 3.547857,
        "103": 4.484898,
        "104": 2.610024,
        "105": 3.318118,
        "106": 2.390625,
        "107": 3.08345,
        "108": 5.641616,
        "109": 2.381631,
        "110": 6.188697,
        "111": 3.762466,
        "112": 4.979542,
        "113": 2.920704,
        "114": 2.65018,
        "115": 4.531912,
        "116": 5.166707,
        "117": 5.409708,
        "118": 5.041311,
        "119": 1.460965,
        "120": 4.807402,
        "121": 4.865563,
        "122": 1.816382,
        "123": 6.55494,
        "124": 4.434846,
        "125": 2.597282,
        "126": 6.68561,
        "127": 2.085207,
        "128": 3.180911,
        "129": 3.551951,
        "130": 3.880092,
        "131": 3.736367,
        "132": 0.778024,
        "133": 2.866112,
        "134": 2.814742,
        "135": 4.16176,
        "136": 1.265988,
        "137": 5.745924,
        "138": 1.975871,
        "139": 13.22149,
        "140": 2.791013,
        "141": 3.261033,
        "142": 2.147397,
        "143": 4.091802,
        "144": 3.722738,
        "145": 3.588787,
        "146": 3.04734,
        "147": 3.756681,
        "148": 2.10128,
        "149": 2.709562,
        "150": 4.248158,