{
  "topology_id": 256,
  "load_conditions": {
    "low": {
      "utilization_fraction": 0.2,
      "edge_latencies_ms": {
        "0": 4.103623,
        "1": 3.137072,
        "2": 1.960458,
        "3": 2.885071,
        "4": 9.429348,
        "5": 3.915477,
        "6": 4.323347,
        "7": 5.340788,
        "8": 8.422801,
        "9": 4.258506,
        "10": 1.476666,
        "11": 1.403643,
        "12": 2.401449,
        "13": 4.477774,
        "14": 5.261326,
        "15": 3.614106,
        "16": 4.195189,
        "17": 2.372285,
        "18": 11.768412,
        "19": 4.969615,
        "20": 2.28633,
        "21": 2.888094,
        "22": 7.319383,
        "23": 2.022942,
        "24": 2.06964,
        "25": 3.85578,
        "26": 4.81253,
        "27": 2.325108,
        "28": 4.230818,
        "29": 6.81821,
        "30": 1.944687,
        "31": 1.751995,
        "32": 6.770798,
        "33": 5.327533,
        "34": 7.559091,
        "35": 5.447121,
        "36": 3.56942,
        "37": 6.499158,
        "38": 3.737712,
        "39": 3.780673,
        "40": 7.831308,
        "41": 3.196104,
        "42": 10.512062,
        "43": 4.223985,
        "44": 2.962931,
        "45": 2.882371,
        "46": 4.651764,
        "47": 5.046204,
        "48": 6.058748,
        "49": 5.457768,
        "50": 3.729104,
        "51": 3.84391,
        "52": 4.028763,
        "53": 4.177734,
        "54": 6.936339,
        "55": 3.915358,
        "56": 2.580191,
        "57": 1.853353,
        "58": 3.34498,
        "59": 3.217023,
        "60": 3.362344,
        "61": 4.617272,
        "62": 3.17737,
        "63": 3.013799,
        "64": 1.573608,
        "65": 0.9084,
        "66": 4.572787,
        "67": 2.399172,
        "68": 2.665585,
        "69": 5.341109,
        "70": 4.07333,
        "71": 3.51696,
        "72": 5.722454,
        "73": 5.773827,
        "74": 4.215847,
        "75": 4.682072,
        "76": 3.495732,
        "77": 2.371599,
        "78": 3.000348,
        "79": 3.50375,
        "80": 3.544698
      }
    },
    "medium": {
      "utilization_fraction": 0.5,
      "edge_latencies_ms": {
        "0": 4.104612,
        "1": 3.13875,
        "2": 1.961266,
        "3": 2.886159,
        "4": 9.451632,
        "5": 3.918005,
        "6": 4.324446,
        "7": 5.341641,
        "8": 8.425177,
        "9": 4.260048,
        "10": 1.477965,
        "11": 1.404954,
        "12": 2.403818,
        "13": 4.478755,
        "14": 5.262147,
        "15": 3.614898,
        "16": 4.196158,
        "17": 2.378871,
        "18": 11.776059,
        "19": 4.972301,
        "20": 2.287204,
        "21": 2.889461,
        "22": 7.320393,
        "23": 2.026202,
        "24": 2.070528,
        "25": 3.857373,
        "26": 4.813306,
        "27": 2.326397,
        "28": 4.234362,
        "29": 6.827206,
        "30": 1.948304,
        "31": 1.752768,
        "32": 6.780746,
        "33": 5.328438,
        "34": 7.570854,
        "35": 5.447889,
        "36": 3.573259,
        "37": 6.507785,
        "38": 3.738526,
        "39": 3.781975,
        "40": 7.84627,
        "41": 3.203338,
        "42": 10.520582,
        "43": 4.224851,
        "44": 2.963807,
        "45": 2.883562,
        "46": 4.653212,
        "47": 5.047169,
        "48": 6.061621,
        "49": 5.458566,
        "50": 3.730149,
        "51": 3.846092,
        "52": 4.033777,
        "53": 4.179092,
        "54": 6.944741,
        "55": 3.916166,
        "56": 2.580957,
        "57": 1.854187,
        "58": 3.345786,
        "59": 3.217824,
        "60": 3.363181,
        "61": 4.618111,
        "62": 3.178133,
        "63": 3.015733,
        "64": 1.577739,
        "65": 0.909316,
        "66": 4.582565,
        "67": 2.399937,
        "68": 2.666491,
        "69": 5.341886,
        "70": 4.074676,
        "71": 3.518356,
        "72": 5.723442,
        "73": 5.775191,
        "74": 4.217005,
        "75": 4.683043,
        "76": 3.502905,
        "77": 2.373388,
        "78": 3.002641,
        "79": 3.504632,
        "80": 3.545566
      }
    },
    "high": {
      "utilization_fraction": 0.8,
      "edge_latencies_ms": {
        "0": 4.108567,
        "1": 3.145466,
        "2": 1.964498,
        "3": 2.89051,
        "4": 9.540767,
        "5": 3.928116,
        "6": 4.32884,
        "7": 5.345053,
        "8": 8.434681,
        "9": 4.266217,
        "10": 1.483161,
        "11": 1.410198,
        "12": 2.413296,
        "13": 4.482679,
        "14": 5.265434,
        "15": 3.618064,
        "16": 4.200033,
        "17": 2.405213,
        "18": 11.806647,
        "19": 4.983044,
        "20": 2.2907,
        "21": 2.894928,
        "22": 7.324433,
        "23": 2.039241,
        "24": 2.074078,
        "25": 3.863745,
        "26": 4.816412,
        "27": 2.331553,
        "28": 4.248536,
        "29": 6.86319,
        "30": 1.962769,
        "31": 1.755861,
        "32": 6.820538,
        "33": 5.332057,
        "34": 7.617906,
        "35": 5.450962,
        "36": 3.588618,
        "37": 6.542295,
        "38": 3.741778,
        "39": 3.787186,
        "40": 7.906118,
        "41": 3.232273,
        "42": 10.554664,
        "43": 4.228315,
        "44": 2.967312,
        "45": 2.888323,
        "46": 4.659005,
        "47": 5.051029,
        "48": 6.073112,
        "49": 5.46176,
        "50": 3.734332,
        "51": 3.854822,
        "52": 4.053835,
        "53": 4.184523,
        "54": 6.978352,
        "55": 3.919401,
        "56": 2.584018,
        "57": 1.857525,
        "58": 3.349006,
        "59": 3.221028,
        "60": 3.366527,
        "61": 4.621467,
        "62": 3.181187,
        "63": 3.023469,
        "64": 1.594266,
        "65": 0.912984,
        "66": 4.621678,
        "67": 2.402998,
        "68": 2.670116,
        "69": 5.344997,
        "70": 4.080057,
        "71": 3.523937,
        "72": 5.727391,
        "73": 5.780646,
        "74": 4.221636,
        "75": 4.686929,
        "76": 3.531599,
        "77": 2.380543,
        "78": 3.011812,
        "79": 3.508161,
        "80": 3.54904
      }
    },
    "flash": {
      "utilization_fraction": 0.95,
      "edge_latencies_ms": {
        "0": 4.128339,
        "1": 3.179042,
        "2": 1.980658,
        "3": 2.912265,
        "4": 9.986441,
        "5": 3.978674,
        "6": 4.350812,
        "7": 5.362112,
        "8": 8.482201,
        "9": 4.297063,
        "10": 1.50914,
        "11": 1.436419,
        "12": 2.460687,
        "13": 4.502301,
        "14": 5.28187,
        "15": 3.633893,
        "16": 4.219409,
        "17": 2.536923,
        "18": 11.959588,
        "19": 5.036759,
        "20": 2.308182,
        "21": 2.922263,
        "22": 7.344634,
        "23": 2.104438,
        "24": 2.091829,
        "25": 3.895606,
        "26": 4.831943,
        "27": 2.357335,
        "28": 4.319407,
        "29": 7.043109,
        "30": 2.035094,
        "31": 1.771328,
        "32": 7.019499,
        "33": 5.350151,
        "34": 7.853168,
        "35": 5.466328,
        "36": 3.665414,
        "37": 6.714844,
        "38": 3.758041,
        "39": 3.813241,
        "40": 8.205359,
        "41": 3.376947,
        "42": 10.725071,
        "43": 4.245634,
        "44": 2.984838,
        "45": 2.912131,
        "46": 4.687967,
        "47": 5.07033,
        "48": 6.130564,
        "49": 5.47773,
        "50": 3.755243,
        "51": 3.898473,
        "52": 4.154124,
        "53": 4.211676,
        "54": 7.146404,
        "55": 3.935576,
        "56": 2.599323,
        "57": 1.874212,
        "58": 3.365108,
        "59": 3.237047,
        "60": 3.383258,
        "61": 4.638248,
        "62": 3.196454,
        "63": 3.062151,
        "64": 1.676902,
        "65": 0.931323,
        "66": 4.81724,
        "67": 2.418303,
        "68": 2.688239,
        "69": 5.360548,
        "70": 4.106961,
        "71": 3.551844,
        "72": 5.74714,
        "73": 5.807921,
        "74": 4.244794,
        "75": 4.706359,