{
  "topology_id": 450,
  "load_conditions": {
    "low": {
      "utilization_fraction": 0.2,
      "edge_latencies_ms": {
        "0": 3.088861,
        "1": 2.188657,
        "2": 3.960556,
        "3": 3.127366,
        "4": 7.571604,
        "5": 7.116739,
        "6": 3.504124,
        "7": 11.015235,
        "8": 3.306086,
        "9": 3.667462,
        "10": 2.087779,
        "11": 2.578796,
        "12": 3.963527,
        "13": 3.574835,
        "14": 2.04983,
        "15": 3.297852,
        "16": 3.41406,
        "17": 2.24631,
        "18": 1.642242,
        "19": 5.817637,
        "20": 1.938688,
        "21": 1.311812,
        "22": 4.291458,
        "23": 3.481598,
        "24": 4.027561,
        "25": 1.664085,
        "26": 4.113396,
        "27": 3.011058,
        "28": 2.846417,
        "29": 2.596133,
        "30": 2.80482,
        "31": 5.237462,
        "32": 2.288759,
        "33": 4.807628,
        "34": 5.410975,
        "35": 2.217632,
        "36": 3.968175,
        "37": 2.817295,
        "38": 3.656519,
        "39": 2.782395,
        "40": 5.685498,
        "41": 5.439331,
        "42": 5.317165,
        "43": 2.789811,
        "44": 3.437382,
        "45": 2.871849,
        "46": 2.95762,
        "47": 2.830535,
        "48": 4.856009,
        "49": 5.671708,
        "50": 2.868474,
        "51": 1.930505,
        "52": 4.016412,
        "53": 0.991702,
        "54": 2.533437,
        "55": 3.260011,
        "56": 6.211681,
        "57": 1.800839
      }
    },
    "medium": {
      "utilization_fraction": 0.5,
      "edge_latencies_ms": {
        "0": 3.090648,
        "1": 2.190787,
        "2": 3.961607,
        "3": 3.132909,
        "4": 7.57952,
        "5": 7.135883,
        "6": 3.505405,
        "7": 11.050816,
        "8": 3.306893,
        "9": 3.680434,
        "10": 2.088923,
        "11": 2.59134,
        "12": 3.964376,
        "13": 3.575673,
        "14": 2.050615,
        "15": 3.298785,
        "16": 3.415671,
        "17": 2.247137,
        "18": 1.643197,
        "19": 5.818427,
        "20": 1.944026,
        "21": 1.312575,
        "22": 4.292909,
        "23": 3.491684,
        "24": 4.028445,
        "25": 1.666426,
        "26": 4.115004,
        "27": 3.011854,
        "28": 2.854714,
        "29": 2.597525,
        "30": 2.811535,
        "31": 5.240584,
        "32": 2.29046,
        "33": 4.819452,
        "34": 5.45922,
        "35": 2.218511,
        "36": 3.970627,
        "37": 2.818285,
        "38": 3.65807,
        "39": 2.788397,
        "40": 5.696015,
        "41": 5.444418,
        "42": 5.321724,
        "43": 2.790674,
        "44": 3.439654,
        "45": 2.873338,
        "46": 2.958666,
        "47": 2.831407,
        "48": 4.857786,
        "49": 5.672853,
        "50": 2.869288,
        "51": 1.932208,
        "52": 4.017493,
        "53": 0.993088,
        "54": 2.534763,
        "55": 3.264512,
        "56": 6.215086,
        "57": 1.801636
      }
    },
    "high": {
      "utilization_fraction": 0.8,
      "edge_latencies_ms": {
        "0": 3.097793,
        "1": 2.19931,
        "2": 3.965812,
        "3": 3.15508,
        "4": 7.611185,
        "5": 7.21246,
        "6": 3.510525,
        "7": 11.193142,
        "8": 3.310124,
        "9": 3.732322,
        "10": 2.093497,
        "11": 2.641517,
        "12": 3.967773,
        "13": 3.579026,
        "14": 2.053755,
        "15": 3.302515,
        "16": 3.422115,
        "17": 2.250445,
        "18": 1.647017,
        "19": 5.821591,
        "20": 1.965378,
        "21": 1.315627,
        "22": 4.298715,
        "23": 3.532029,
        "24": 4.03198,
        "25": 1.675791,
        "26": 4.121438,
        "27": 3.015037,
        "28": 2.8879,
        "29": 2.603091,
        "30": 2.838395,
        "31": 5.253071,
        "32": 2.297264,
        "33": 4.866746,
        "34": 5.652201,
        "35": 2.222025,
        "36": 3.980436,
        "37": 2.822246,
        "38": 3.664278,
        "39": 2.812404,
        "40": 5.738086,
        "41": 5.464763,
        "42": 5.33996,
        "43": 2.794127,
        "44": 3.448741,
        "45": 2.879294,
        "46": 2.96285,
        "47": 2.834892,
        "48": 4.864896,
        "49": 5.677431,
        "50": 2.872547,
        "51": 1.939019,
        "52": 4.021816,
        "53": 0.998635,
        "54": 2.54007,
        "55": 3.282517,
        "56": 6.228706,
        "57": 1.804821
      }
    },
    "flash": {
      "utilization_fraction": 0.95,
      "edge_latencies_ms": {
        "0": 3.133519,
        "1": 2.241924,
        "2": 3.986834,
        "3": 3.265935,
        "4": 7.769511,
        "5": 7.595342,
        "6": 3.536129,
        "7": 11.904774,
        "8": 3.326278,
        "9": 3.991764,
        "10": 2.116369,
        "11": 2.892405,
        "12": 3.984755,
        "13": 3.595792,
        "14": 2.069458,
        "15": 3.321167,
        "16": 3.454335,
        "17": 2.266983,
        "18": 1.666117,
        "19": 5.83741,
        "20": 2.072137,
        "21": 1.330884,
        "22": 4.327744,
        "23": 3.733752,
        "24": 4.049656,
        "25": 1.722616,
        "26": 4.153606,
        "27": 3.030954,
        "28": 3.053832,
        "29": 2.630923,
        "30": 2.972694,
        "31": 5.315506,
        "32": 2.331285,
        "33": 5.103216,
        "34": 6.617105,
        "35": 2.239595,
        "36": 4.029481,
        "37": 2.842046,
        "38": 3.695315,
        "39": 2.93244,
        "40": 5.948441,
        "41": 5.566492,
        "42": 5.43114,
        "43": 2.811394,
        "44": 3.494176,
        "45": 2.909073,
        "46": 2.983771,
        "47": 2.852321,
        "48": 4.900443,
        "49": 5.700326,
        "50": 2.88884,
        "51": 1.973076,
        "52": 4.043431,
        "53": 1.026369,
        "54": 2.566606,
        "55": 3.372544,
        "56": 6.296804,
        "57": 1.820746
      }
    }
  }
}