{
  "topology_id": 135,
  "load_conditions": {
    "low": {
      "utilization_fraction": 0.2,
      "edge_latencies_ms": {
        "0": 4.518849,
        "1": 5.164176,
        "2": 3.109674,
        "3": 7.230187,
        "4": 13.030042,
        "5": 2.467636,
        "6": 1.672498,
        "7": 4.177015,
        "8": 3.344734,
        "9": 5.39043,
        "10": 10.789573,
        "11": 2.073977,
        "12": 7.410477,
        "13": 5.209748,
        "14": 5.190978,
        "15": 7.468001,
        "16": 3.625783,
        "17": 3.651959,
        "18": 3.753458,
        "19": 6.33715,
        "20": 5.071491,
        "21": 5.673024,
        "22": 1.630616,
        "23": 2.491858,
        "24": 6.290301,
        "25": 2.077649,
        "26": 3.945529,
        "27": 2.973656,
        "28": 2.724257,
        "29": 2.966473,
        "30": 4.712006,
        "31": 5.453748,
        "32": 3.596532,
        "33": 10.482194,
        "34": 9.83682,
        "35": 3.362001,
        "36": 4.118246,
        "37": 4.279052,
        "38": 5.38716,
        "39": 5.467169,
        "40": 8.757156,
        "41": 3.443785,
        "42": 3.134909,
        "43": 4.177215,
        "44": 0.973422,
        "45": 1.935011,
        "46": 5.172055,
        "47": 2.772019,
        "48": 2.664307,
        "49": 7.703296,
        "50": 1.667181,
        "51": 4.089612,
        "52": 4.292695,
        "53": 5.117541,
        "54": 2.304407,
        "55": 2.729063,
        "56": 4.793126,
        "57": 2.281974,
        "58": 3.63172,
        "59": 2.931007,
        "60": 2.321751,
        "61": 3.784578,
        "62": 4.015537,
        "63": 3.357482,
        "64": 2.455912,
        "65": 0.790962,
        "66": 3.639858,
        "67": 5.193157,
        "68": 1.32796,
        "69": 1.623046,
        "70": 4.190396,
        "71": 5.537636,
        "72": 4.417766,
        "73": 1.977865,
        "74": 6.999381,
        "75": 1.52566,
        "76": 3.080573,
        "77": 4.77901,
        "78": 3.155614
      }
    },
    "medium": {
      "utilization_fraction": 0.5,
      "edge_latencies_ms": {
        "0": 4.520135,
        "1": 5.16654,
        "2": 3.11457,
        "3": 7.231697,
        "4": 13.041531,
        "5": 2.468398,
        "6": 1.673828,
        "7": 4.178339,
        "8": 3.346759,
        "9": 5.391705,
        "10": 10.839645,
        "11": 2.074996,
        "12": 7.415065,
        "13": 5.210925,
        "14": 5.19216,
        "15": 7.46933,
        "16": 3.626653,
        "17": 3.657605,
        "18": 3.755436,
        "19": 6.34049,
        "20": 5.072895,
        "21": 5.67378,
        "22": 1.631367,
        "23": 2.493442,
        "24": 6.297794,
        "25": 2.079068,
        "26": 3.949794,
        "27": 2.974455,
        "28": 2.725034,
        "29": 2.967245,
        "30": 4.712895,
        "31": 5.454597,
        "32": 3.59789,
        "33": 10.498815,
        "34": 9.846366,
        "35": 3.363964,
        "36": 4.120184,
        "37": 4.282588,
        "38": 5.388833,
        "39": 5.469302,
        "40": 8.767726,
        "41": 3.445125,
        "42": 3.135701,
        "43": 4.183663,
        "44": 0.975011,
        "45": 1.936718,
        "46": 5.173991,
        "47": 2.773229,
        "48": 2.665101,
        "49": 7.721793,
        "50": 1.668246,
        "51": 4.090499,
        "52": 4.293549,
        "53": 5.119973,
        "54": 2.305571,
        "55": 2.730533,
        "56": 4.794405,
        "57": 2.285075,
        "58": 3.63413,
        "59": 2.935286,
        "60": 2.322593,
        "61": 3.785894,
        "62": 4.01764,
        "63": 3.359756,
        "64": 2.456929,
        "65": 0.791758,
        "66": 3.641301,
        "67": 5.194214,
        "68": 1.335279,
        "69": 1.623893,
        "70": 4.191806,
        "71": 5.540244,
        "72": 4.418779,
        "73": 1.979191,
        "74": 7.002287,
        "75": 1.52664,
        "76": 3.081381,
        "77": 4.781082,
        "78": 3.157727
      }
    },
    "high": {
      "utilization_fraction": 0.8,
      "edge_latencies_ms": {
        "0": 4.525279,
        "1": 5.175992,
        "2": 3.134155,
        "3": 7.237736,
        "4": 13.087488,
        "5": 2.471446,
        "6": 1.679149,
        "7": 4.183635,
        "8": 3.354858,
        "9": 5.396806,
        "10": 11.039933,
        "11": 2.079072,
        "12": 7.433417,
        "13": 5.215631,
        "14": 5.196887,
        "15": 7.474649,
        "16": 3.630132,
        "17": 3.680191,
        "18": 3.763349,
        "19": 6.353851,
        "20": 5.078512,
        "21": 5.676807,
        "22": 1.634374,
        "23": 2.499777,
        "24": 6.327763,
        "25": 2.084744,
        "26": 3.966853,
        "27": 2.977652,
        "28": 2.72814,
        "29": 2.970334,
        "30": 4.716452,
        "31": 5.457996,
        "32": 3.603321,
        "33": 10.565299,
        "34": 9.884554,
        "35": 3.371816,
        "36": 4.127937,
        "37": 4.296734,
        "38": 5.395527,
        "39": 5.477833,
        "40": 8.810005,
        "41": 3.450483,
        "42": 3.13887,
        "43": 4.209455,
        "44": 0.981365,
        "45": 1.943547,
        "46": 5.181735,
        "47": 2.778068,
        "48": 2.668279,
        "49": 7.79578,
        "50": 1.672507,
        "51": 4.094045,
        "52": 4.296966,
        "53": 5.129703,
        "54": 2.310231,
        "55": 2.736414,
        "56": 4.799522,
        "57": 2.297475,
        "58": 3.64377,
        "59": 2.952402,
        "60": 2.325962,
        "61": 3.79116,
        "62": 4.026051,
        "63": 3.368852,
        "64": 2.460994,
        "65": 0.794943,
        "66": 3.647071,
        "67": 5.198443,
        "68": 1.364554,
        "69": 1.627283,
        "70": 4.197447,
        "71": 5.550674,
        "72": 4.422829,
        "73": 1.984493,
        "74": 7.013909,
        "75": 1.53056,
        "76": 3.084617,
        "77": 4.789369,
        "78": 3.166177
      }
    },
    "flash": {
      "utilization_fraction": 0.95,
      "edge_latencies_ms": {
        "0": 4.551001,
        "1": 5.223256,
        "2": 3.232078,
        "3": 7.267932,
        "4": 13.317269,
        "5": 2.486687,
        "6": 1.705756,
        "7": 4.210117,
        "8": 3.395351,
        "9": 5.422308,
        "10": 12.041371,
        "11": 2.099453,
        "12": 7.525175,
        "13": 5.239165,
        "14": 5.220523,
        "15": 7.501243,
        "16": 3.647527,
        "17": 3.793121,
        "18": 3.802917,
        "19": 6.420654,
        "20": 5.106597,
        "21": 5.691942,
        "22": 1.649406,
        "23": 2.531452,
        "24": 6.47761,
        "25": 2.113123,
        "26": 4.052147,
        "27": 2.993635,
        "28": 2.743672,
        "29": 2.985781,
        "30": 4.734232,
        "31": 5.474991,
        "32": 3.630478,
        "33": 10.89772,
        "34": 10.07549,
        "35": 3.411075,
        "36": 4.166699,
        "37": 4.367463,
        "38": 5.428995,
        "39": 5.520489,
        "40": 9.021401,
        "41": 3.477273,
        "42": 3.154714,
        "43": 4.338416,
        "44": 1.013133,
        "45": 1.977687,
        "46": 5.220454,
        "47": 2.802262,
        "48": 2.684169,
        "49": 8.165716,
        "50": 1.693812,
        "51": 4.111776,
        "52": 4.314047,
        "53": 5.17835,
        "54": 2.333527,
        "55": 2.76582,
        "56": 4.825105,
        "57": 2.35948,
        "58": 3.69197,
        "59": 3.037981,
        "60": 2.342805,
        "61": 3.817486,
        "62": 4.068106,
        "63": 3.414334,
        "64": 2.481322,
        "65": 0.810867,
        "66": 3.675925,
        "67": 5.219585,
        "68": 1.510928,
        "69": 1.644229,
        "70": 4.225652,
        "71": 5.602823,
        "72": 4.443082,
        "73": 2.011001,
        "74": 7.072018,
        "75": 1.550156,
        "76": 3.100792,
        "77": 4.830803,
        "78": 3.208428
      }
    }
  }
}