{
  "topology_id": 398,
  "load_conditions": {
    "low": {
      "utilization_fraction": 0.2,
      "edge_latencies_ms": {
        "0": 6.995895,
        "1": 2.802012,
        "2": 8.070483,
        "3": 7.041336,
        "4": 4.130755,
        "5": 8.335726,
        "6": 3.664415,
        "7": 6.826226,
        "8": 3.118948,
        "9": 3.262855,
        "10": 2.092354,
        "11": 1.751116,
        "12": 2.755713,
        "13": 6.531789,
        "14": 2.178367,
        "15": 3.580269,
        "16": 5.339757,
        "17": 3.324025,
        "18": 2.636262,
        "19": 4.575113,
        "20": 4.183715,
        "21": 2.337344,
        "22": 2.000856,
        "23": 17.91871,
        "24": 0.967521,
        "25": 4.952288,
        "26": 6.13541,
        "27": 3.808606,
        "28": 2.943426,
        "29": 1.593336,
        "30": 2.809674,
        "31": 17.516441,
        "32": 2.177961,
        "33": 2.720175,
        "34": 4.893141,
        "35": 2.138886,
        "36": 1.52092,
        "37": 4.543344,
        "38": 1.428324,
        "39": 3.130425,
        "40": 14.36058,
        "41": 4.394939,
        "42": 3.18659,
        "43": 2.354327,
        "44": 12.861232,
        "45": 6.352254,
        "46": 2.693821,
        "47": 1.849824,
        "48": 2.381009,
        "49": 2.660733,
        "50": 5.552045,
        "51": 5.901518,
        "52": 3.45668,
        "53": 2.214632,
        "54": 4.01831
      }
    },
    "medium": {
      "utilization_fraction": 0.5,
      "edge_latencies_ms": {
        "0": 6.997258,
        "1": 2.808879,
        "2": 8.100629,
        "3": 7.049502,
        "4": 4.131906,
        "5": 8.345032,
        "6": 3.668471,
        "7": 6.839117,
        "8": 3.120762,
        "9": 3.269024,
        "10": 2.094766,
        "11": 1.753105,
        "12": 2.759253,
        "13": 6.549106,
        "14": 2.185565,
        "15": 3.582188,
        "16": 5.342016,
        "17": 3.326126,
        "18": 2.637028,
        "19": 4.576704,
        "20": 4.184577,
        "21": 2.3415,
        "22": 2.002347,
        "23": 17.934013,
        "24": 0.96828,
        "25": 4.953494,
        "26": 6.136992,
        "27": 3.813038,
        "28": 2.944495,
        "29": 1.594164,
        "30": 2.810675,
        "31": 17.530442,
        "32": 2.179311,
        "33": 2.722395,
        "34": 4.894064,
        "35": 2.140512,
        "36": 1.52418,
        "37": 4.544995,
        "38": 1.429507,
        "39": 3.131194,
        "40": 14.369513,
        "41": 4.397958,
        "42": 3.187979,
        "43": 2.357358,
        "44": 12.874747,
        "45": 6.353263,
        "46": 2.698327,
        "47": 1.850635,
        "48": 2.382239,
        "49": 2.661929,
        "50": 5.55327,
        "51": 5.902897,
        "52": 3.457979,
        "53": 2.215447,
        "54": 4.019208
      }
    },
    "high": {
      "utilization_fraction": 0.8,
      "edge_latencies_ms": {
        "0": 7.002711,
        "1": 2.836347,
        "2": 8.221213,
        "3": 7.082168,
        "4": 4.136513,
        "5": 8.382257,
        "6": 3.684692,
        "7": 6.890683,
        "8": 3.128017,
        "9": 3.293702,
        "10": 2.104418,
        "11": 1.761063,
        "12": 2.773414,
        "13": 6.618377,
        "14": 2.21436,
        "15": 3.589864,
        "16": 5.35105,
        "17": 3.334532,
        "18": 2.640092,
        "19": 4.583071,
        "20": 4.188027,
        "21": 2.358124,
        "22": 2.008313,
        "23": 17.995225,
        "24": 0.971317,
        "25": 4.958318,
        "26": 6.14332,
        "27": 3.830762,
        "28": 2.948772,
        "29": 1.597472,
        "30": 2.814679,
        "31": 17.586447,
        "32": 2.184708,
        "33": 2.731277,
        "34": 4.897754,
        "35": 2.147016,
        "36": 1.537221,
        "37": 4.551596,
        "38": 1.434242,
        "39": 3.134268,
        "40": 14.405243,
        "41": 4.410034,
        "42": 3.193537,
        "43": 2.369481,
        "44": 12.928806,
        "45": 6.3573,
        "46": 2.716351,
        "47": 1.853877,
        "48": 2.387159,
        "49": 2.666714,
        "50": 5.558169,
        "51": 5.908413,
        "52": 3.463177,
        "53": 2.218705,
        "54": 4.0228
      }
    },
    "flash": {
      "utilization_fraction": 0.95,
      "edge_latencies_ms": {
        "0": 7.029977,
        "1": 2.973686,
        "2": 8.824134,
        "3": 7.245496,
        "4": 4.159545,
        "5": 8.568379,
        "6": 3.765802,
        "7": 7.148511,
        "8": 3.164294,
        "9": 3.41709,
        "10": 2.152673,
        "11": 1.800853,
        "12": 2.844216,
        "13": 6.964728,
        "14": 2.358332,
        "15": 3.628243,
        "16": 5.39622,
        "17": 3.376561,
        "18": 2.655413,
        "19": 4.614902,
        "20": 4.205276,
        "21": 2.44124,
        "22": 2.038141,
        "23": 18.301287,
        "24": 0.986504,
        "25": 4.982438,
        "26": 6.17496,
        "27": 3.919386,
        "28": 2.970157,
        "29": 1.614016,
        "30": 2.834698,
        "31": 17.866472,
        "32": 2.211696,
        "33": 2.775684,
        "34": 4.916206,
        "35": 2.179535,
        "36": 1.602425,
        "37": 4.584602,
        "38": 1.457913,
        "39": 3.149639,
        "40": 14.583894,
        "41": 4.470414,
        "42": 3.221323,
        "43": 2.430096,
        "44": 13.199104,
        "45": 6.377487,
        "46": 2.806471,
        "47": 1.870086,
        "48": 2.411759,
        "49": 2.690639,
        "50": 5.582665,
        "51": 5.935991,
        "52": 3.489168,
        "53": 2.234999,
        "54": 4.040758
      }
    }
  }
}