{
  "topology_id": 431,
  "load_conditions": {
    "low": {
      "utilization_fraction": 0.2,
      "edge_latencies_ms": {
        "0": 5.293973,
        "1": 5.295048,
        "2": 4.773648,
        "3": 6.941182,
        "4": 10.890182,
        "5": 4.838586,
        "6": 4.878039,
        "7": 4.201558,
        "8": 5.53515,
        "9": 3.537938,
        "10": 9.203379,
        "11": 4.254039,
        "12": 3.588786,
        "13": 4.196305,
        "14": 3.853351,
        "15": 4.008124,
        "16": 2.52466,
        "17": 4.927672,
        "18": 2.586608,
        "19": 6.082411,
        "20": 6.23771,
        "21": 2.774502,
        "22": 4.933301,
        "23": 5.561333,
        "24": 5.581182,
        "25": 5.176483,
        "26": 2.126168,
        "27": 2.59129,
        "28": 8.045585,
        "29": 7.171835,
        "30": 3.289105,
        "31": 5.017658,
        "32": 5.460717,
        "33": 3.116693,
        "34": 4.382422,
        "35": 4.257369,
        "36": 6.313861,
        "37": 7.999084,
        "38": 3.252027,
        "39": 4.639218,
        "40": 4.49851,
        "41": 1.76199,
        "42": 4.216538,
        "43": 5.045845,
        "44": 3.364206,
        "45": 11.308019,
        "46": 8.445403,
        "47": 3.135937,
        "48": 1.117682,
        "49": 4.603739,
        "50": 4.981908,
        "51": 5.625083,
        "52": 2.375054,
        "53": 3.438016,
        "54": 5.593989,
        "55": 1.608633,
        "56": 2.627292,
        "57": 7.135598,
        "58": 3.444052,
        "59": 6.304837,
        "60": 5.241948,
        "61": 7.66482,
        "62": 2.701418,
        "63": 4.729063,
        "64": 10.17504,
        "65": 1.256457,
        "66": 3.554999,
        "67": 3.717177,
        "68": 2.743578,
        "69": 4.428926,
        "70": 5.60027,
        "71": 4.052628,
        "72": 5.115297,
        "73": 6.412179,
        "74": 15.755796,
        "75": 3.582627,
        "76": 4.792306,
        "77": 8.034459,
        "78": 8.961496,
        "79": 2.192522,
        "80": 1.132941,
        "81": 4.147192,
        "82": 2.780623,
        "83": 14.778857,
        "84": 2.916879,
        "85": 7.694652,
        "86": 6.565928,
        "87": 5.506074,
        "88": 2.379128,
        "89": 5.047671,
        "90": 2.695983,
        "91": 9.835335,
        "92": 6.014532,
        "93": 2.682557,
        "94": 4.127936,
        "95": 3.276141,
        "96": 2.781199,
        "97": 1.538519,
        "98": 6.778724,
        "99": 4.416662,
        "100": 5.632385,
        "101": 3.775155,
        "102": 5.112747,
        "103": 5.73026,
        "104": 6.314523,
        "105": 1.913315,
        "106": 5.075902,
        "107": 2.102599,
        "108": 3.34585,
        "109": 6.555614,
        "110": 6.193786,
        "111": 2.967047,
        "112": 6.635402,
        "113": 5.34604,
        "114": 3.690206,
        "115": 2.759196,
        "116": 2.975693,
        "117": 6.160905,
        "118": 3.801561,
        "119": 4.95905,
        "120": 4.082713,
        "121": 3.821496,
        "122": 6.278735,
        "123": 3.282893,
        "124": 4.650737,
        "125": 1.622693,
        "126": 3.008065,
        "127": 1.463467,
        "128": 7.501276,
        "129": 2.531599,
        "130": 12.963288,
        "131": 7.074139,
        "132": 3.941384,
        "133": 12.204644,
        "134": 8.31056,
        "135": 7.749463,
        "136": 8.848526,
        "137": 5.785223,
        "138": 6.957986,
        "139": 7.545981,
        "140": 5.295255,
        "141": 1.746462,
        "142": 1.511515,
        "143": 3.920038,
        "144": 1.232642,
        "145": 4.58016,
        "146": 3.544776,
        "147": 11.655439,
        "148": 2.92166,
        "149": 2.639804,
        "150": 1.70868,
        "151": 6.058513,
        "152": 2.344232,
        "153": 5.163859,
        "154": 3.468738,
        "155": 1.959973,
        "156": 2.216985,
        "157": 3.902156,
        "158": 5.072444,
        "159": 4.146441,
        "160": 5.909398,
        "161": 3.647089,
        "162": 2.321398,
        "163": 3.865157,
        "164": 3.473231,
        "165": 2.942564,
        "166": 2.745784,
        "167": 4.052825,
        "168": 3.640338,
        "169": 4.311553,
        "170": 4.122946,
        "171": 3.232419,
        "172": 4.144327,
        "173": 4.380156,
        "174": 3.666461,
        "175": 3.405631,
        "176": 4.726841,
        "177": 6.413866,
        "178": 5.993603,
        "179": 1.749571
      }
    },
    "medium": {
      "utilization_fraction": 0.5,
      "edge_latencies_ms": {
        "0": 5.294754,
        "1": 5.296617,
        "2": 4.774654,
        "3": 6.943354,
        "4": 10.901241,
        "5": 4.839457,
        "6": 4.87938,
        "7": 4.203262,
        "8": 5.536789,
        "9": 3.538982,
        "10": 9.212289,
        "11": 4.258948,
        "12": 3.590216,
        "13": 4.197094,
        "14": 3.854554,
        "15": 4.013234,
        "16": 2.530329,
        "17": 4.929724,
        "18": 2.587508,
        "19": 6.083646,
        "20": 6.238486,
        "21": 2.775439,
        "22": 4.934706,
        "23": 5.562094,
        "24": 5.582157,
        "25": 5.181426,
        "26": 2.128436,
        "27": 2.594348,
        "28": 8.048749,
        "29": 7.172908,
        "30": 3.290543,
        "31": 5.018536,
        "32": 5.461516,
        "33": 3.127337,
        "34": 4.383311,
        "35": 4.258193,
        "36": 6.330404,
        "37": 8.003123,
        "38": 3.254137,
        "39": 4.643579,
        "40": 4.500532,
        "41": 1.764343,
        "42": 4.219939,
        "43": 5.047229,
        "44": 3.365025,
        "45": 11.316857,
        "46": 8.453852,
        "47": 3.136856,
        "48": 1.119019,
        "49": 4.606835,
        "50": 4.987398,
        "51": 5.626167,
        "52": 2.376093,
        "53": 3.484114,
        "54": 5.595091,
        "55": 1.610326,
        "56": 2.628424,
        "57": 7.138908,
        "58": 3.445763,
        "59": 6.306459,
        "60": 5.247993,
        "61": 7.665602,
        "62": 2.704444,
        "63": 4.7301,
        "64": 10.188681,
        "65": 1.257476,
        "66": 3.557425,
        "67": 3.719051,
        "68": 2.746116,
        "69": 4.430494,
        "70": 5.60108,
        "71": 4.058665,
        "72": 5.11878,
        "73": 6.41412,
        "74": 15.765292,
        "75": 3.5839,
        "76": 4.793184,
        "77": 8.035754,
        "78": 8.962619,
        "79": 2.1944,
        "80": 1.133721,
        "81": 4.14865,
        "82": 2.784757,
        "83": 14.79183,
        "84": 2.918378,
        "85": 7.695552,
        "86": 6.566876,
        "87": 5.506975,
        "88": 2.381551,
        "89": 5.052408,
        "90": 2.701097,
        "91": 9.837329,
        "92": 6.015531,
        "93": 2.685209,
        "94": 4.128724,
        "95": 3.277074,
        "96": 2.782269,
        "97": 1.539646,
        "98": 6.780013,
        "99": 4.418087,
        "100": 5.633515,
        "101": 3.776505,
        "102": 5.11442,
        "103": 5.731392,
        "104": 6.31581,
        "105": 1.914136,
        "106": 5.076837,
        "107": 2.104133,
        "108": 3.351173,
        "109": 6.556991,
        "110": 6.196744,
        "111": 2.969024,
        "112": 6.636324,
        "113": 5.348544,
        "114": 3.692066,
        "115": 2.762708,
        "116": 2.979427,
        "117": 6.161748,
        "118": 3.802659,
        "119": 4.959871,
        "120": 4.083731,
        "121": 3.82282,
        "122": 6.280392,
        "123": 3.28374,
        "124": 4.651898,
        "125": 1.624712,
        "126": 3.012782,
        "127": 1.470225,
        "128": 7.503951,
        "129": 2.533551,
        "130": 12.971995,
        "131": 7.074908,
        "132": 3.944649,
        "133": 12.224431,
        "134": 8.31516,
        "135": 7.750617,
        "136": 8.851366,
        "137": 5.786853,
        "138": 6.963042,
        "139": 7.547079,