{
  "topology_id": 67,
  "load_conditions": {
    "low": {
      "utilization_fraction": 0.2,
      "edge_latencies_ms": {
        "0": 2.508327,
        "1": 4.31891,
        "2": 2.792835,
        "3": 8.596519,
        "4": 4.830449,
        "5": 3.641083,
        "6": 10.31624,
        "7": 4.612973,
        "8": 11.272193,
        "9": 8.228094,
        "10": 8.628361,
        "11": 4.471963,
        "12": 5.242086,
        "13": 5.886342,
        "14": 5.747113,
        "15": 5.78392,
        "16": 6.329842,
        "17": 3.249489,
        "18": 5.248977,
        "19": 2.838019,
        "20": 3.025364,
        "21": 2.063062,
        "22": 4.478726,
        "23": 3.008238,
        "24": 5.739382,
        "25": 2.755158,
        "26": 4.374292,
        "27": 4.131699,
        "28": 2.43974,
        "29": 1.988207,
        "30": 4.880563,
        "31": 4.212616,
        "32": 3.978356,
        "33": 1.333582,
        "34": 2.310008,
        "35": 4.559331,
        "36": 2.739676,
        "37": 5.298158,
        "38": 3.836536,
        "39": 7.222562,
        "40": 6.457956,
        "41": 2.639429,
        "42": 4.701416,
        "43": 4.094202,
        "44": 11.380944,
        "45": 4.172717,
        "46": 3.314387,
        "47": 3.062641,
        "48": 2.326647,
        "49": 5.451173,
        "50": 11.737877,
        "51": 3.23539,
        "52": 3.337602,
        "53": 4.346049,
        "54": 4.270524,
        "55": 3.828993,
        "56": 3.71679,
        "57": 2.324354,
        "58": 2.434662,
        "59": 4.520152,
        "60": 3.714313,
        "61": 4.955371
      }
    },
    "medium": {
      "utilization_fraction": 0.5,
      "edge_latencies_ms": {
        "0": 2.509387,
        "1": 4.32004,
        "2": 2.794835,
        "3": 8.644842,
        "4": 4.831983,
        "5": 3.643043,
        "6": 10.32877,
        "7": 4.614246,
        "8": 11.302348,
        "9": 8.248172,
        "10": 8.629287,
        "11": 4.475264,
        "12": 5.243673,
        "13": 5.887822,
        "14": 5.748433,
        "15": 5.788103,
        "16": 6.33065,
        "17": 3.250301,
        "18": 5.249727,
        "19": 2.840289,
        "20": 3.027057,
        "21": 2.063814,
        "22": 4.479583,
        "23": 3.009846,
        "24": 5.740432,
        "25": 2.760493,
        "26": 4.37958,
        "27": 4.133806,
        "28": 2.441688,
        "29": 1.991452,
        "30": 4.911901,
        "31": 4.228368,
        "32": 3.979267,
        "33": 1.334573,
        "34": 2.312853,
        "35": 4.560509,
        "36": 2.74246,
        "37": 5.299622,
        "38": 3.841228,
        "39": 7.223388,
        "40": 6.462444,
        "41": 2.644609,
        "42": 4.702397,
        "43": 4.095285,
        "44": 11.393907,
        "45": 4.179754,
        "46": 3.315578,
        "47": 3.063531,
        "48": 2.328633,
        "49": 5.452833,
        "50": 11.750135,
        "51": 3.236316,
        "52": 3.338421,
        "53": 4.346829,
        "54": 4.272784,
        "55": 3.830263,
        "56": 3.718565,
        "57": 2.325135,
        "58": 2.435592,
        "59": 4.525942,
        "60": 3.718782,
        "61": 4.9564
      }
    },
    "high": {
      "utilization_fraction": 0.8,
      "edge_latencies_ms": {
        "0": 2.513628,
        "1": 4.324563,
        "2": 2.802834,
        "3": 8.838137,
        "4": 4.838119,
        "5": 3.650879,
        "6": 10.378891,
        "7": 4.61934,
        "8": 11.422967,
        "9": 8.328485,
        "10": 8.632988,
        "11": 4.488469,
        "12": 5.250021,
        "13": 5.893742,
        "14": 5.753716,
        "15": 5.804837,
        "16": 6.33388,
        "17": 3.253552,
        "18": 5.25273,
        "19": 2.849369,
        "20": 3.03383,
        "21": 2.06682,
        "22": 4.483014,
        "23": 3.016281,
        "24": 5.744634,
        "25": 2.781837,
        "26": 4.400732,
        "27": 4.142235,
        "28": 2.44948,
        "29": 2.00443,
        "30": 5.037252,
        "31": 4.291374,
        "32": 3.982911,
        "33": 1.338535,
        "34": 2.324233,
        "35": 4.56522,
        "36": 2.753595,
        "37": 5.305476,
        "38": 3.859994,
        "39": 7.226693,
        "40": 6.480396,
        "41": 2.665328,
        "42": 4.706322,
        "43": 4.099617,
        "44": 11.445763,
        "45": 4.207901,
        "46": 3.320338,
        "47": 3.06709,
        "48": 2.336576,
        "49": 5.459472,
        "50": 11.799168,
        "51": 3.240023,
        "52": 3.341697,
        "53": 4.349947,
        "54": 4.281825,
        "55": 3.835344,
        "56": 3.725667,
        "57": 2.328259,
        "58": 2.43931,
        "59": 4.549104,
        "60": 3.736657,
        "61": 4.960516
      }
    },
    "flash": {
      "utilization_fraction": 0.95,
      "edge_latencies_ms": {
        "0": 2.534831,
        "1": 4.347174,
        "2": 2.842831,
        "3": 9.80461,
        "4": 4.868796,
        "5": 3.690061,
        "6": 10.629493,
        "7": 4.644809,
        "8": 12.026064,
        "9": 8.730047,
        "10": 8.651497,
        "11": 4.554496,
        "12": 5.28176,
        "13": 5.923345,
        "14": 5.780127,
        "15": 5.888506,
        "16": 6.350032,
        "17": 3.269803,
        "18": 5.267742,
        "19": 2.894767,
        "20": 3.067695,
        "21": 2.08185,
        "22": 4.500168,
        "23": 3.048455,
        "24": 5.765645,
        "25": 2.888555,
        "26": 4.50649,
        "27": 4.184379,
        "28": 2.488439,
        "29": 2.06932,
        "30": 5.664004,
        "31": 4.606403,
        "32": 4.001129,
        "33": 1.358346,
        "34": 2.38113,
        "35": 4.588778,
        "36": 2.809269,
        "37": 5.334745,
        "38": 3.953826,
        "39": 7.243213,
        "40": 6.570156,
        "41": 2.768928,
        "42": 4.725946,
        "43": 4.121277,
        "44": 11.70504,
        "45": 4.348637,
        "46": 3.344141,
        "47": 3.084888,
        "48": 2.376295,
        "49": 5.492668,
        "50": 12.044332,
        "51": 3.258555,
        "52": 3.358076,
        "53": 4.36554,
        "54": 4.32703,
        "55": 3.860746,
        "56": 3.761175,
        "57": 2.343879,
        "58": 2.4579,
        "59": 4.664913,
        "60": 3.826034,
        "61": 4.981098
      }
    }
  }
}