{
  "topology_id": 274,
  "load_conditions": {
    "low": {
      "utilization_fraction": 0.2,
      "edge_latencies_ms": {
        "0": 4.779955,
        "1": 5.793255,
        "2": 2.680819,
        "3": 3.755395,
        "4": 13.656675,
        "5": 3.148618,
        "6": 1.637118,
        "7": 12.860878,
        "8": 15.239319,
        "9": 2.486397,
        "10": 3.553623,
        "11": 13.624045,
        "12": 4.07491,
        "13": 5.603078,
        "14": 1.987732,
        "15": 3.219595,
        "16": 3.828668,
        "17": 5.523051,
        "18": 3.4075
      }
    },
    "medium": {
      "utilization_fraction": 0.5,
      "edge_latencies_ms": {
        "0": 4.781202,
        "1": 5.794079,
        "2": 2.68158,
        "3": 3.756437,
        "4": 13.716032,
        "5": 3.150427,
        "6": 1.646244,
        "7": 12.878306,
        "8": 15.251379,
        "9": 2.487806,
        "10": 3.555294,
        "11": 13.634677,
        "12": 4.075671,
        "13": 5.604048,
        "14": 1.988823,
        "15": 3.223686,
        "16": 3.831494,
        "17": 5.526444,
        "18": 3.40845
      }
    },
    "high": {
      "utilization_fraction": 0.8,
      "edge_latencies_ms": {
        "0": 4.786187,
        "1": 5.797375,
        "2": 2.684622,
        "3": 3.760606,
        "4": 13.953458,
        "5": 3.157663,
        "6": 1.682747,
        "7": 12.94802,
        "8": 15.299617,
        "9": 2.493442,
        "10": 3.561977,
        "11": 13.677207,
        "12": 4.078716,
        "13": 5.607928,
        "14": 1.993187,
        "15": 3.240052,
        "16": 3.842798,
        "17": 5.540015,
        "18": 3.412249
      }
    },
    "flash": {
      "utilization_fraction": 0.95,
      "edge_latencies_ms": {
        "0": 4.811117,
        "1": 5.813857,
        "2": 2.699831,
        "3": 3.781448,
        "4": 15.140589,
        "5": 3.193842,
        "6": 1.865262,
        "7": 13.296592,
        "8": 15.54081,
        "9": 2.521623,
        "10": 3.595396,
        "11": 13.889852,
        "12": 4.093944,
        "13": 5.627328,
        "14": 2.015006,
        "15": 3.321882,
        "16": 3.899315,
        "17": 5.607871,
        "18": 3.431246
      }
    }
  }
}