{
  "topology_id": 2,
  "load_conditions": {
    "low": {
      "utilization_fraction": 0.2,
      "edge_latencies_ms": {
        "0": 8.663485,
        "1": 8.443961,
        "2": 3.110607,
        "3": 16.294286,
        "4": 18.607301,
        "5": 13.490292,
        "6": 13.104156,
        "7": 4.107381,
        "8": 8.464646,
        "9": 9.464432,
        "10": 7.058165,
        "11": 15.16992,
        "12": 7.250277,
        "13": 12.654165,
        "14": 6.763208,
        "15": 10.944411,
        "16": 15.533408,
        "17": 11.194514,
        "18": 19.777416,
        "19": 5.010322,
        "20": 1.523427,
        "21": 19.87384,
        "22": 1.502928,
        "23": 13.348339,
        "24": 2.110515,
        "25": 6.124275,
        "26": 19.532985,
        "27": 7.450323,
        "28": 14.909201,
        "29": 11.236238,
        "30": 3.377042,
        "31": 4.816588,
        "32": 15.960254,
        "33": 11.035078,
        "34": 3.933188,
        "35": 7.024301
      }
    },
    "medium": {
      "utilization_fraction": 0.5,
      "edge_latencies_ms": {
        "0": 8.673939,
        "1": 8.455845,
        "2": 3.142427,
        "3": 16.307144,
        "4": 18.659204,
        "5": 13.49117,
        "6": 13.146625,
        "7": 4.129525,
        "8": 8.478584,
        "9": 9.477727,
        "10": 7.082658,
        "11": 15.229681,
        "12": 7.251106,
        "13": 12.666658,
        "14": 6.772832,
        "15": 10.957643,
        "16": 15.543631,
        "17": 11.208057,
        "18": 19.799665,
        "19": 5.011287,
        "20": 1.53371,
        "21": 19.885361,
        "22": 1.511714,
        "23": 13.373356,
        "24": 2.112061,
        "25": 6.1371,
        "26": 19.541939,
        "27": 7.45129,
        "28": 14.966805,
        "29": 11.25495,
        "30": 3.398169,
        "31": 4.83635,
        "32": 15.961014,
        "33": 11.050313,
        "34": 3.942753,
        "35": 7.037203
      }
    },
    "high": {
      "utilization_fraction": 0.8,
      "edge_latencies_ms": {
        "0": 8.715757,
        "1": 8.503381,
        "2": 3.269707,
        "3": 16.358575,
        "4": 18.866817,
        "5": 13.494678,
        "6": 13.316501,
        "7": 4.218099,
        "8": 8.534336,
        "9": 9.530909,
        "10": 7.180634,
        "11": 15.468725,
        "12": 7.254424,
        "13": 12.716633,
        "14": 6.811328,
        "15": 11.010572,
        "16": 15.584526,
        "17": 11.262228,
        "18": 19.888659,
        "19": 5.015149,
        "20": 1.57484,
        "21": 19.931444,
        "22": 1.546855,
        "23": 13.473422,
        "24": 2.118242,
        "25": 6.188399,
        "26": 19.577755,
        "27": 7.45516,
        "28": 15.19722,
        "29": 11.3298,
        "30": 3.482676,
        "31": 4.915402,
        "32": 15.964057,
        "33": 11.111251,
        "34": 3.981014,
        "35": 7.088811
      }
    },
    "flash": {
      "utilization_fraction": 0.95,
      "edge_latencies_ms": {
        "0": 8.924845,
        "1": 8.741062,
        "2": 3.906109,
        "3": 16.615733,
        "4": 19.904879,
        "5": 13.512221,
        "6": 14.165878,
        "7": 4.660968,
        "8": 8.813094,
        "9": 9.79682,
        "10": 7.670509,
        "11": 16.663944,
        "12": 7.271016,
        "13": 12.966508,
        "14": 7.003809,
        "15": 11.275215,
        "16": 15.788997,
        "17": 11.533084,
        "18": 20.333631,
        "19": 5.03446,
        "20": 1.780488,
        "21": 20.161859,
        "22": 1.722561,
        "23": 13.973756,
        "24": 2.149151,
        "25": 6.444897,
        "26": 19.756839,
        "27": 7.474512,
        "28": 16.349293,
        "29": 11.704052,
        "30": 3.905211,
        "31": 5.310659,
        "32": 15.979269,
        "33": 11.415944,
        "34": 4.172316,
        "35": 7.346854
      }
    }
  }
}