{
  "topology_id": 452,
  "load_conditions": {
    "low": {
      "utilization_fraction": 0.2,
      "edge_latencies_ms": {
        "0": 6.192368,
        "1": 4.059532,
        "2": 6.009167,
        "3": 5.710065,
        "4": 3.465967,
        "5": 1.512905,
        "6": 1.316033,
        "7": 1.422307,
        "8": 4.099683,
        "9": 4.172272,
        "10": 4.198829,
        "11": 5.979007,
        "12": 6.8784,
        "13": 4.496119,
        "14": 4.756181,
        "15": 5.696577,
        "16": 1.534208,
        "17": 2.793677,
        "18": 7.856653,
        "19": 2.908706,
        "20": 2.800683,
        "21": 4.996756,
        "22": 3.885881,
        "23": 3.511974,
        "24": 7.728836,
        "25": 5.880529,
        "26": 2.705296,
        "27": 2.740714,
        "28": 4.363193,
        "29": 8.822659,
        "30": 0.419497,
        "31": 2.039664,
        "32": 4.035528,
        "33": 1.881615,
        "34": 3.885836,
        "35": 2.53283,
        "36": 3.409079,
        "37": 3.400328,
        "38": 7.765145,
        "39": 2.787401,
        "40": 2.474354,
        "41": 3.826674,
        "42": 5.244359,
        "43": 5.346916,
        "44": 7.915395,
        "45": 1.412367,
        "46": 3.021215,
        "47": 3.639367,
        "48": 2.19819,
        "49": 2.129876,
        "50": 3.512292,
        "51": 9.133335,
        "52": 2.531707,
        "53": 4.274583,
        "54": 3.436998,
        "55": 4.995615,
        "56": 5.872981,
        "57": 7.160615,
        "58": 4.155889,
        "59": 5.077307,
        "60": 2.075804,
        "61": 2.070825,
        "62": 2.144859,
        "63": 2.021456,
        "64": 2.981961,
        "65": 4.800832,
        "66": 4.025572,
        "67": 1.800437,
        "68": 5.628828,
        "69": 7.54867,
        "70": 3.379513,
        "71": 3.862098,
        "72": 4.781787,
        "73": 3.88956,
        "74": 3.03956,
        "75": 4.081452,
        "76": 1.770677,
        "77": 1.885915,
        "78": 5.635177,
        "79": 5.560701,
        "80": 4.635997,
        "81": 3.792343,
        "82": 2.323995,
        "83": 1.854892,
        "84": 2.491434,
        "85": 1.663771,
        "86": 1.651525,
        "87": 4.475893,
        "88": 4.425079,
        "89": 3.646458,
        "90": 5.953229,
        "91": 1.233786,
        "92": 5.900581,
        "93": 7.202817,
        "94": 5.769593,
        "95": 3.485013,
        "96": 7.023278,
        "97": 4.719684,
        "98": 6.800669,
        "99": 2.229433,
        "100": 5.206546,
        "101": 4.114608,
        "102": 4.953794,
        "103": 6.50438,
        "104": 6.356008,
        "105": 4.449881,
        "106": 5.427369,
        "107": 4.545203,
        "108": 2.10108,
        "109": 3.162499,
        "110": 9.36462,
        "111": 3.256376,
        "112": 4.339227,
        "113": 3.640909,
        "114": 0.600404,
        "115": 4.27295,
        "116": 5.871374,
        "117": 5.002588,
        "118": 2.854615,
        "119": 7.199497,
        "120": 5.962207,
        "121": 2.080975,
        "122": 4.845944,
        "123": 3.023932,
        "124": 7.030644,
        "125": 4.118085,
        "126": 3.74175,
        "127": 3.350811,
        "128": 3.6529,
        "129": 4.611472,
        "130": 3.019662,
        "131": 3.769825,
        "132": 4.689157,
        "133": 2.388209,
        "134": 3.081919,
        "135": 2.760624,
        "136": 1.11124,
        "137": 4.607936,
        "138": 1.397218,
        "139": 2.656894,
        "140": 3.455383,
        "141": 4.576589,
        "142": 3.875115,
        "143": 7.349973,
        "144": 7.829522,
        "145": 5.143878,
        "146": 5.703449,
        "147": 5.40856,
        "148": 2.950774,
        "149": 1.324627,
        "150": 3.636423,
        "151": 2.733961,
        "152": 1.478051,
        "153": 4.601932,
        "154": 5.200458,
        "155": 4.111045,
        "156": 5.469954,
        "157": 1.119022,
        "158": 2.635673,
        "159": 1.59363,
        "160": 5.819113,
        "161": 4.397055,
        "162": 3.692364,
        "163": 5.53735,
        "164": 4.647243,
        "165": 6.982657,
        "166": 3.826571,
        "167": 2.183385,
        "168": 5.94147,
        "169": 1.125346,
        "170": 2.233452,
        "171": 1.91947,
        "172": 3.319191,
        "173": 5.768334,
        "174": 4.380209
      }
    },
    "medium": {
      "utilization_fraction": 0.5,
      "edge_latencies_ms": {
        "0": 6.194041,
        "1": 4.060295,
        "2": 6.009964,
        "3": 5.71114,
        "4": 3.467955,
        "5": 1.516263,
        "6": 1.319934,
        "7": 1.42336,
        "8": 4.104227,
        "9": 4.173272,
        "10": 4.199934,
        "11": 5.98154,
        "12": 6.879348,
        "13": 4.496906,
        "14": 4.758128,
        "15": 5.697534,
        "16": 1.535211,
        "17": 2.794443,
        "18": 7.873145,
        "19": 2.910515,
        "20": 2.802004,
        "21": 4.997577,
        "22": 3.890779,
        "23": 3.51733,
        "24": 7.731706,
        "25": 5.882485,
        "26": 2.707972,
        "27": 2.742099,
        "28": 4.365012,
        "29": 8.823666,
        "30": 0.420849,
        "31": 2.042674,
        "32": 4.036368,
        "33": 1.889004,
        "34": 3.887234,
        "35": 2.540108,
        "36": 3.410184,
        "37": 3.401594,
        "38": 7.775092,
        "39": 2.790904,
        "40": 2.4758,
        "41": 3.827465,
        "42": 5.24523,
        "43": 5.348627,
        "44": 7.923485,
        "45": 1.413177,
        "46": 3.023256,
        "47": 3.642203,
        "48": 2.199354,
        "49": 2.130864,
        "50": 3.515201,
        "51": 9.162019,
        "52": 2.532459,
        "53": 4.278048,
        "54": 3.438085,
        "55": 4.996524,
        "56": 5.877814,
        "57": 7.16188,
        "58": 4.157105,
        "59": 5.078109,
        "60": 2.076888,
        "61": 2.076473,
        "62": 2.147331,
        "63": 2.023708,
        "64": 2.983307,
        "65": 4.802663,
        "66": 4.026451,
        "67": 1.804151,
        "68": 5.630469,
        "69": 7.549741,
        "70": 3.384601,
        "71": 3.862884,
        "72": 4.787231,
        "73": 3.890774,
        "74": 3.040555,
        "75": 4.082585,
        "76": 1.771894,
        "77": 1.887143,
        "78": 5.641016,
        "79": 5.563009,
        "80": 4.637001,
        "81": 3.793109,
        "82": 2.325504,
        "83": 1.85657,
        "84": 2.492657,
        "85": 1.668709,
        "86": 1.654534,
        "87": 4.476899,
        "88": 4.425991,
        "89": 3.649274,
        "90": 5.954058,
        "91": 1.236116,
        "92": 5.901732,
        "93": 7.203815,
        "94": 5.770896,
        "95": 3.485862,
        "96": 7.02436,
        "97": 4.723315,
        "98": 6.814082,
        "99": 2.230223,
        "100": 5.216605,
        "101": 4.116623,
        "102": 4.956035,
        "103": 6.505804,
        "104": 6.35816,
        "105": 4.452008,
        "106": 5.429556,
        "107": 4.546773,
        "108": 2.102083,
        "109": 3.163859,
        "110": 9.375107,
        "111": 3.258579,
        "112": 4.340473,
        "113": 3.642505,
        "114": 0.602049,
        "115": 4.274936,
        "116": 5.874218,
        "117": 5.004225,
        "118": 2.855566,
        "119": 7.200393,
        "120": 5.963113,
        "121": 2.087963,
        "122": 4.847128,
        "123": 3.025183,
        "124": 7.032936,
        "125": 4.119049,
        "126": 3.744008,
        "127": 3.351794,
        "128": 3.654405,
        "129": 4.612878,
        "130": 3.020758,
        "131": 3.770714,
        "132": 4.690073,
        "133": 2.389812,
        "134": 3.082912,
        "135": 2.761885,
        "136": 1.112598,
        "137": 4.608734,
        "138": 1.398625,
        "139": 2.658949,
        "140": 3.457135,
        "141": 4.578938,
        "142": 3.875924,
        "143": 7.35087,
        "144": 7.831005,
        "145": 5.146539,