{
  "topology_id": 27,
  "load_conditions": {
    "low": {
      "utilization_fraction": 0.2,
      "edge_latencies_ms": {
        "0": 3.709495,
        "1": 8.109124,
        "2": 1.257,
        "3": 1.565928,
        "4": 4.557682,
        "5": 3.251257,
        "6": 3.729824,
        "7": 8.687339,
        "8": 12.198351,
        "9": 2.564229,
        "10": 5.721018,
        "11": 1.752678,
        "12": 3.893433,
        "13": 5.393989,
        "14": 2.752374,
        "15": 4.594036,
        "16": 5.325988,
        "17": 3.314799,
        "18": 4.022966,
        "19": 2.721118,
        "20": 7.881339,
        "21": 2.873126,
        "22": 15.642046,
        "23": 2.171778,
        "24": 6.682949,
        "25": 2.087177,
        "26": 1.280425,
        "27": 3.580491,
        "28": 4.808043,
        "29": 2.59097,
        "30": 2.085598,
        "31": 1.32109,
        "32": 5.862779,
        "33": 2.706038,
        "34": 4.51943,
        "35": 2.138449,
        "36": 7.422521,
        "37": 7.166336,
        "38": 5.150452,
        "39": 2.027209,
        "40": 1.995345,
        "41": 9.929295,
        "42": 2.895643,
        "43": 4.952891,
        "44": 3.509228,
        "45": 2.286394,
        "46": 6.331293,
        "47": 3.792337,
        "48": 1.763356,
        "49": 0.774883,
        "50": 1.593648,
        "51": 2.316914,
        "52": 2.092922,
        "53": 3.248109,
        "54": 6.529754,
        "55": 3.143965,
        "56": 7.981761,
        "57": 3.895314,
        "58": 2.684691,
        "59": 2.40443,
        "60": 5.189032,
        "61": 4.028079,
        "62": 2.530788,
        "63": 5.411346,
        "64": 6.420054,
        "65": 4.413476,
        "66": 4.503429,
        "67": 4.567428,
        "68": 5.046899,
        "69": 2.736277,
        "70": 3.574105,
        "71": 3.581037,
        "72": 3.277268,
        "73": 2.823198,
        "74": 5.688315,
        "75": 5.637578,
        "76": 3.817004,
        "77": 6.440895,
        "78": 3.082578,
        "79": 7.95623,
        "80": 1.842195
      }
    },
    "medium": {
      "utilization_fraction": 0.5,
      "edge_latencies_ms": {
        "0": 3.711555,
        "1": 8.115019,
        "2": 1.258071,
        "3": 1.567621,
        "4": 4.559402,
        "5": 3.252008,
        "6": 3.732116,
        "7": 8.6951,
        "8": 12.208041,
        "9": 2.565032,
        "10": 5.722107,
        "11": 1.753657,
        "12": 3.894532,
        "13": 5.40105,
        "14": 2.75317,
        "15": 4.595062,
        "16": 5.3281,
        "17": 3.318337,
        "18": 4.024664,
        "19": 2.723103,
        "20": 7.885711,
        "21": 2.876506,
        "22": 15.650425,
        "23": 2.173009,
        "24": 6.68377,
        "25": 2.088338,
        "26": 1.281766,
        "27": 3.581454,
        "28": 4.809141,
        "29": 2.59197,
        "30": 2.087137,
        "31": 1.321929,
        "32": 5.864139,
        "33": 2.710753,
        "34": 4.520226,
        "35": 2.140888,
        "36": 7.424223,
        "37": 7.167479,
        "38": 5.151909,
        "39": 2.02975,
        "40": 1.99747,
        "41": 9.953336,
        "42": 2.896459,
        "43": 4.954269,
        "44": 3.514176,
        "45": 2.287164,
        "46": 6.335198,
        "47": 3.793884,
        "48": 1.764389,
        "49": 0.777345,
        "50": 1.59489,
        "51": 2.319065,
        "52": 2.093951,
        "53": 3.254201,
        "54": 6.530545,
        "55": 3.147998,
        "56": 7.984784,
        "57": 3.898292,
        "58": 2.685453,
        "59": 2.405339,
        "60": 5.189813,
        "61": 4.029685,
        "62": 2.531914,
        "63": 5.412675,
        "64": 6.421038,
        "65": 4.415319,
        "66": 4.505652,
        "67": 4.569109,
        "68": 5.049604,
        "69": 2.740939,
        "70": 3.575141,
        "71": 3.581873,
        "72": 3.278858,
        "73": 2.824412,
        "74": 5.689402,
        "75": 5.638329,
        "76": 3.819021,
        "77": 6.443015,
        "78": 3.08351,
        "79": 7.957147,
        "80": 1.843785
      }
    },
    "high": {
      "utilization_fraction": 0.8,
      "edge_latencies_ms": {
        "0": 3.719797,
        "1": 8.138601,
        "2": 1.262351,
        "3": 1.574392,
        "4": 4.566282,
        "5": 3.25501,
        "6": 3.741284,
        "7": 8.726143,
        "8": 12.246803,
        "9": 2.568244,
        "10": 5.726464,
        "11": 1.757574,
        "12": 3.898928,
        "13": 5.429292,
        "14": 2.756355,
        "15": 4.599165,
        "16": 5.33655,
        "17": 3.332488,
        "18": 4.031456,
        "19": 2.731044,
        "20": 7.903196,
        "21": 2.890026,
        "22": 15.683942,
        "23": 2.177933,
        "24": 6.687054,
        "25": 2.09298,
        "26": 1.287131,
        "27": 3.585304,
        "28": 4.813531,
        "29": 2.595967,
        "30": 2.093294,
        "31": 1.325285,
        "32": 5.869582,
        "33": 2.729612,
        "34": 4.523408,
        "35": 2.150646,
        "36": 7.431034,
        "37": 7.172049,
        "38": 5.157739,
        "39": 2.039914,
        "40": 2.005966,
        "41": 10.0495,
        "42": 2.899724,
        "43": 4.959779,
        "44": 3.533968,
        "45": 2.290247,
        "46": 6.350817,
        "47": 3.80007,
        "48": 1.768523,
        "49": 0.787191,
        "50": 1.599857,
        "51": 2.327667,
        "52": 2.09807,
        "53": 3.278568,
        "54": 6.533708,
        "55": 3.164129,
        "56": 7.996876,
        "57": 3.910205,
        "58": 2.688499,
        "59": 2.408978,
        "60": 5.192939,
        "61": 4.036107,
        "62": 2.536418,
        "63": 5.417993,
        "64": 6.424973,
        "65": 4.422693,
        "66": 4.51454,
        "67": 4.575833,
        "68": 5.060424,
        "69": 2.759585,
        "70": 3.579284,
        "71": 3.585215,
        "72": 3.285219,
        "73": 2.829267,
        "74": 5.69375,
        "75": 5.641331,
        "76": 3.827087,
        "77": 6.451496,
        "78": 3.087238,
        "79": 7.960811,
        "80": 1.850147
      }
    },
    "flash": {
      "utilization_fraction": 0.95,
      "edge_latencies_ms": {
        "0": 3.761006,
        "1": 8.256507,
        "2": 1.283756,
        "3": 1.608251,
        "4": 4.60068,
        "5": 3.270022,
        "6": 3.787123,
        "7": 8.88136,
        "8": 12.440614,
        "9": 2.584304,
        "10": 5.748249,
        "11": 1.777156,
        "12": 3.920911,
        "13": 5.570501,
        "14": 2.772277,
        "15": 4.619684,
        "16": 5.378797,
        "17": 3.403244,
        "18": 4.065413,
        "19": 2.770751,
        "20": 7.990625,
        "21": 2.95763,
        "22": 15.851529,
        "23": 2.202554,
        "24": 6.703476,
        "25": 2.116189,
        "26": 1.313956,
        "27": 3.604558,
        "28": 4.835484,
        "29": 2.615952,
        "30": 2.12408,
        "31": 1.342063,
        "32": 5.896796,
        "33": 2.823907,
        "34": 4.539321,
        "35": 2.199436,
        "36": 7.465084,
        "37": 7.194901,
        "38": 5.186887,
        "39": 2.090738,
        "40": 2.048446,
        "41": 10.530319,
        "42": 2.916048,
        "43": 4.987329,
        "44": 3.632927,
        "45": 2.305662,
        "46": 6.42891,
        "47": 3.831001,
        "48": 1.789195,
        "49": 0.83642,
        "50": 1.624691,
        "51": 2.370679,
        "52": 2.118663,
        "53": 3.400407,
        "54": 6.549525,
        "55": 3.244786,
        "56": 8.057336,
        "57": 3.969766,
        "58": 2.70373,
        "59": 2.427172,
        "60": 5.208566,
        "61": 4.068219,
        "62": 2.558941,
        "63": 5.444583,
        "64": 6.444646,
        "65": 4.459562,
        "66": 4.558983,
        "67": 4.609454,
        "68": 5.114523,
        "69": 2.852817,
        "70": 3.599998,
        "71": 3.601926,
        "72": 3.317026,
        "73": 2.853541,
        "74": 5.71549,
        "75": 5.656343,