{
  "topology_id": 296,
  "load_conditions": {
    "low": {
      "utilization_fraction": 0.2,
      "edge_latencies_ms": {
        "0": 4.820724,
        "1": 3.837607,
        "2": 3.066583,
        "3": 7.189975,
        "4": 5.945851,
        "5": 10.111663,
        "6": 7.557502,
        "7": 7.287991,
        "8": 6.160069,
        "9": 8.200796,
        "10": 7.172744,
        "11": 8.937747,
        "12": 5.581625,
        "13": 2.362035,
        "14": 3.655868,
        "15": 4.786878,
        "16": 4.98393
      }
    },
    "medium": {
      "utilization_fraction": 0.5,
      "edge_latencies_ms": {
        "0": 4.821946,
        "1": 3.839047,
        "2": 3.075866,
        "3": 7.203466,
        "4": 5.953987,
        "5": 10.112633,
        "6": 7.55847,
        "7": 7.289024,
        "8": 6.161584,
        "9": 8.203136,
        "10": 7.174479,
        "11": 8.938722,
        "12": 5.583075,
        "13": 2.362808,
        "14": 3.656824,
        "15": 4.787678,
        "16": 4.985173
      }
    },
    "high": {
      "utilization_fraction": 0.8,
      "edge_latencies_ms": {
        "0": 4.826836,
        "1": 3.84481,
        "2": 3.112999,
        "3": 7.257428,
        "4": 5.986531,
        "5": 10.116514,
        "6": 7.562339,
        "7": 7.293155,
        "8": 6.167642,
        "9": 8.212496,
        "10": 7.181423,
        "11": 8.942622,
        "12": 5.588872,
        "13": 2.365901,
        "14": 3.660648,
        "15": 4.790881,
        "16": 4.990147
      }
    },
    "flash": {
      "utilization_fraction": 0.95,
      "edge_latencies_ms": {
        "0": 4.851284,
        "1": 3.873622,
        "2": 3.298663,
        "3": 7.527242,
        "4": 6.14925,
        "5": 10.135921,
        "6": 7.581686,
        "7": 7.313808,
        "8": 6.197933,
        "9": 8.259297,
        "10": 7.216138,
        "11": 8.962119,
        "12": 5.61786,
        "13": 2.381367,
        "14": 3.679766,
        "15": 4.806892,
        "16": 5.015013
      }
    }
  }
}