{
  "topology_id": 176,
  "load_conditions": {
    "low": {
      "utilization_fraction": 0.2,
      "edge_latencies_ms": {
        "0": 2.384329,
        "1": 4.386079,
        "2": 5.197591,
        "3": 1.059893,
        "4": 1.707699,
        "5": 3.765326,
        "6": 2.657663,
        "7": 4.045234,
        "8": 1.821377,
        "9": 2.207245,
        "10": 5.164369,
        "11": 5.832582,
        "12": 5.739335,
        "13": 6.047577,
        "14": 3.011047,
        "15": 7.60992,
        "16": 8.338279,
        "17": 4.641637,
        "18": 4.615567,
        "19": 6.202635,
        "20": 4.764314,
        "21": 3.79612,
        "22": 4.476753,
        "23": 8.768662,
        "24": 5.745355,
        "25": 8.629942,
        "26": 4.506126,
        "27": 1.363983,
        "28": 3.659407,
        "29": 7.256699,
        "30": 5.422382,
        "31": 5.325687,
        "32": 3.176228,
        "33": 3.288587,
        "34": 4.822642,
        "35": 3.921877,
        "36": 3.568508,
        "37": 1.964997,
        "38": 2.846953,
        "39": 3.53085,
        "40": 5.201799,
        "41": 2.230195,
        "42": 4.520312,
        "43": 3.031751,
        "44": 3.54596,
        "45": 3.258544,
        "46": 3.734981,
        "47": 4.909783,
        "48": 2.627489,
        "49": 7.126759,
        "50": 3.428712,
        "51": 1.041572,
        "52": 3.730149,
        "53": 4.387715,
        "54": 4.376029,
        "55": 6.994071,
        "56": 2.309661,
        "57": 6.228425,
        "58": 10.639377,
        "59": 4.72828,
        "60": 10.173066,
        "61": 6.929471,
        "62": 3.241782,
        "63": 3.332213,
        "64": 5.183115,
        "65": 7.390752,
        "66": 1.828717,
        "67": 2.891444,
        "68": 1.366994,
        "69": 2.925047,
        "70": 2.863762,
        "71": 1.96723,
        "72": 2.991813,
        "73": 1.622955,
        "74": 2.033725,
        "75": 1.343684,
        "76": 2.600282,
        "77": 2.795071,
        "78": 4.182553,
        "79": 3.618386,
        "80": 4.152237,
        "81": 5.625495,
        "82": 1.915212,
        "83": 3.29821,
        "84": 2.680631,
        "85": 3.884261,
        "86": 2.691246,
        "87": 3.297409,
        "88": 3.90552,
        "89": 3.406378,
        "90": 2.155732,
        "91": 4.882808,
        "92": 2.589597,
        "93": 3.672786,
        "94": 3.959791,
        "95": 5.092696,
        "96": 2.370478,
        "97": 3.362273,
        "98": 4.660024,
        "99": 4.104087,
        "100": 6.85542,
        "101": 3.125641,
        "102": 3.717987,
        "103": 4.711731,
        "104": 3.828778,
        "105": 3.387245,
        "106": 2.857449,
        "107": 2.058865,
        "108": 3.539112,
        "109": 2.296598,
        "110": 2.700602,
        "111": 2.576343,
        "112": 6.332999,
        "113": 3.44858,
        "114": 2.950748,
        "115": 3.816426,
        "116": 1.090665,
        "117": 3.109695,
        "118": 4.328081,
        "119": 2.548994,
        "120": 4.308613,
        "121": 5.127268,
        "122": 4.96039,
        "123": 6.465998,
        "124": 1.235435,
        "125": 1.79311,
        "126": 1.018055,
        "127": 3.194452,
        "128": 6.015479,
        "129": 6.842416,
        "130": 3.141896,
        "131": 5.547094,
        "132": 1.334198,
        "133": 2.507453,
        "134": 2.88182,
        "135": 3.525219,
        "136": 7.909556,
        "137": 8.77259,
        "138": 3.64951,
        "139": 5.164909,
        "140": 2.529228,
        "141": 3.521031
      }
    },
    "medium": {
      "utilization_fraction": 0.5,
      "edge_latencies_ms": {
        "0": 2.385942,
        "1": 4.387234,
        "2": 5.200699,
        "3": 1.061903,
        "4": 1.709238,
        "5": 3.770375,
        "6": 2.659295,
        "7": 4.046043,
        "8": 1.823706,
        "9": 2.208197,
        "10": 5.165457,
        "11": 5.834932,
        "12": 5.740934,
        "13": 6.05371,
        "14": 3.011865,
        "15": 7.612534,
        "16": 8.33952,
        "17": 4.642587,
        "18": 4.618639,
        "19": 6.203389,
        "20": 4.765944,
        "21": 3.798024,
        "22": 4.48162,
        "23": 8.771586,
        "24": 5.746127,
        "25": 8.632173,
        "26": 4.50752,
        "27": 1.365449,
        "28": 3.661932,
        "29": 7.259171,
        "30": 5.4249,
        "31": 5.327733,
        "32": 3.178794,
        "33": 3.289347,
        "34": 4.823721,
        "35": 3.925627,
        "36": 3.569289,
        "37": 1.966111,
        "38": 2.847858,
        "39": 3.531622,
        "40": 5.202567,
        "41": 2.234364,
        "42": 4.521494,
        "43": 3.032578,
        "44": 3.547169,
        "45": 3.260511,
        "46": 3.736041,
        "47": 4.910736,
        "48": 2.628383,
        "49": 7.127648,
        "50": 3.429937,
        "51": 1.042443,
        "52": 3.730919,
        "53": 4.390845,
        "54": 4.379832,
        "55": 6.996707,
        "56": 2.310582,
        "57": 6.229644,
        "58": 10.649879,
        "59": 4.733905,
        "60": 10.181979,
        "61": 6.985616,
        "62": 3.242655,
        "63": 3.334358,
        "64": 5.184473,
        "65": 7.40715,
        "66": 1.829564,
        "67": 2.892759,
        "68": 1.368396,
        "69": 2.925982,
        "70": 2.864589,
        "71": 1.970901,
        "72": 2.99259,
        "73": 1.623962,
        "74": 2.035359,
        "75": 1.34451,
        "76": 2.60129,
        "77": 2.799005,
        "78": 4.183703,
        "79": 3.619238,
        "80": 4.154463,
        "81": 5.626733,
        "82": 1.920641,
        "83": 3.301211,
        "84": 2.682265,
        "85": 3.886107,
        "86": 2.692463,
        "87": 3.2982,
        "88": 3.906516,
        "89": 3.407486,
        "90": 2.156951,
        "91": 4.883599,
        "92": 2.594254,
        "93": 3.675196,
        "94": 3.962222,
        "95": 5.094069,
        "96": 2.373475,
        "97": 3.364691,
        "98": 4.663686,
        "99": 4.105165,
        "100": 6.858096,
        "101": 3.127024,
        "102": 3.718788,
        "103": 4.713387,
        "104": 3.829569,
        "105": 3.388724,
        "106": 2.858424,
        "107": 2.060002,
        "108": 3.544226,
        "109": 2.297734,
        "110": 2.706279,
        "111": 2.578331,
        "112": 6.334249,
        "113": 3.449902,
        "114": 2.95153,
        "115": 3.817928,
        "116": 1.091536,
        "117": 3.111607,
        "118": 4.333582,
        "119": 2.550787,
        "120": 4.313099,
        "121": 5.128082,
        "122": 4.961179,
        "123": 6.467236,
        "124": 1.236239,
        "125": 1.794684,
        "126": 1.021198,
        "127": 3.195235,
        "128": 6.022595,
        "129": 6.84409,
        "130": 3.142814,
        "131": 5.548092,
        "132": 1.335647,
        "133": 2.508496,
        "134": 2.88426,
        "135": 3.530667,
        "136": 7.910364,
        "137": 8.774503,
        "138": 3.651626,
        "139": 5.166301,
        "140": 2.530115,
        "141": 3.526482
      }
    },
    "high": {
      "utilization_fraction": 0.8,
      "edge_latencies_ms": {
        "0": 2.392393,
        "1": 4.391852,
        "2": 5.213131,
        "3": 1.069942,
        "4": 1.715393,
        "5": 3.79057,
        "6": 2.665823,
        "7": 4.049277,
        "8": 1.833023,
        "9": 2.212002,
        "10": 5.169807,
        "11": 5.844334,
        "12": 5.747332,
        "13": 6.078242,
        "14": 3.01514,
        "15": 7.622991,
        "16": 8.344484,
        "17": 4.646385,
        "18": 4.630926,
        "19": 6.206402,
        "20": 4.772466,
        "21": 3.805638,
        "22": 4.501089,
        "23": 8.783282,
        "24": 5.749215,
        "25": 8.641093,
        "26": 4.513097,
        "27": 1.371312,
        "28": 3.672033,
        "29": 7.26906,
        "30": 5.434972,
        "31": 5.335915,
        "32": 3.189056,
        "33": 3.29239,
        "34": 4.828039,