{
  "topology_id": 380,
  "load_conditions": {
    "low": {
      "utilization_fraction": 0.2,
      "edge_latencies_ms": {
        "0": 3.82955,
        "1": 3.668152,
        "2": 7.329896,
        "3": 11.162935,
        "4": 2.06528,
        "5": 3.033436,
        "6": 4.235408,
        "7": 7.43955,
        "8": 14.68973,
        "9": 3.447524,
        "10": 4.91342,
        "11": 2.865631,
        "12": 2.837842,
        "13": 11.504208,
        "14": 2.823043,
        "15": 12.683316,
        "16": 1.706956,
        "17": 3.086177
      }
    },
    "medium": {
      "utilization_fraction": 0.5,
      "edge_latencies_ms": {
        "0": 3.830559,
        "1": 3.671478,
        "2": 7.330718,
        "3": 11.17101,
        "4": 2.06774,
        "5": 3.035406,
        "6": 4.236283,
        "7": 7.44936,
        "8": 14.698084,
        "9": 3.449738,
        "10": 4.928318,
        "11": 2.866632,
        "12": 2.839357,
        "13": 11.568994,
        "14": 2.824049,
        "15": 12.691168,
        "16": 1.707865,
        "17": 3.091833
      }
    },
    "high": {
      "utilization_fraction": 0.8,
      "edge_latencies_ms": {
        "0": 3.834596,
        "1": 3.684786,
        "2": 7.334005,
        "3": 11.20331,
        "4": 2.077581,
        "5": 3.043282,
        "6": 4.239786,
        "7": 7.4886,
        "8": 14.731501,
        "9": 3.458592,
        "10": 4.987907,
        "11": 2.870636,
        "12": 2.845416,
        "13": 11.828139,
        "14": 2.828075,
        "15": 12.722574,
        "16": 1.711504,
        "17": 3.114455
      }
    },
    "flash": {
      "utilization_fraction": 0.95,
      "edge_latencies_ms": {
        "0": 3.85478,
        "1": 3.751322,
        "2": 7.350442,
        "3": 11.364813,
        "4": 2.126784,
        "5": 3.082663,
        "6": 4.257298,
        "7": 7.684799,
        "8": 14.898586,
        "9": 3.502861,
        "10": 5.285854,
        "11": 2.890658,
        "12": 2.875715,
        "13": 13.123863,
        "14": 2.848201,
        "15": 12.879606,
        "16": 1.729698,
        "17": 3.227566
      }
    }
  }
}