{
  "topology_id": 53,
  "load_conditions": {
    "low": {
      "utilization_fraction": 0.2,
      "edge_latencies_ms": {
        "0": 1.682117,
        "1": 2.343197,
        "2": 4.12152,
        "3": 1.075108,
        "4": 1.02252,
        "5": 2.524386,
        "6": 2.700495,
        "7": 3.491404,
        "8": 2.67076,
        "9": 2.654732,
        "10": 1.865359,
        "11": 3.236768,
        "12": 3.084051,
        "13": 3.947724,
        "14": 5.980483,
        "15": 7.918645,
        "16": 1.555863,
        "17": 6.131481,
        "18": 2.437331,
        "19": 2.508344,
        "20": 4.234756,
        "21": 14.127772,
        "22": 5.056786,
        "23": 4.060594,
        "24": 1.226805,
        "25": 4.737481,
        "26": 3.127116,
        "27": 4.900583,
        "28": 5.386155,
        "29": 4.770173,
        "30": 3.161371,
        "31": 3.151762,
        "32": 15.885441,
        "33": 2.491672,
        "34": 18.410212,
        "35": 14.067626,
        "36": 1.851417,
        "37": 3.962576,
        "38": 2.641024,
        "39": 4.94183,
        "40": 2.416223,
        "41": 4.472828,
        "42": 4.553304,
        "43": 4.990324,
        "44": 3.205002,
        "45": 5.818962,
        "46": 5.687327,
        "47": 3.770477
      }
    },
    "medium": {
      "utilization_fraction": 0.5,
      "edge_latencies_ms": {
        "0": 1.687225,
        "1": 2.344247,
        "2": 4.123463,
        "3": 1.076479,
        "4": 1.025917,
        "5": 2.525861,
        "6": 2.704273,
        "7": 3.492175,
        "8": 2.671708,
        "9": 2.655486,
        "10": 1.866122,
        "11": 3.237555,
        "12": 3.085085,
        "13": 3.94848,
        "14": 5.99467,
        "15": 7.929569,
        "16": 1.556815,
        "17": 6.136024,
        "18": 2.438586,
        "19": 2.509818,
        "20": 4.23566,
        "21": 14.16512,
        "22": 5.057702,
        "23": 4.061829,
        "24": 1.228279,
        "25": 4.738516,
        "26": 3.128382,
        "27": 4.9024,
        "28": 5.392161,
        "29": 4.771265,
        "30": 3.162127,
        "31": 3.154315,
        "32": 15.899142,
        "33": 2.492459,
        "34": 18.420434,
        "35": 14.081236,
        "36": 1.852213,
        "37": 3.963689,
        "38": 2.644939,
        "39": 4.945589,
        "40": 2.418259,
        "41": 4.473855,
        "42": 4.55549,
        "43": 4.992212,
        "44": 3.205864,
        "45": 5.820332,
        "46": 5.688511,
        "47": 3.772393
      }
    },
    "high": {
      "utilization_fraction": 0.8,
      "edge_latencies_ms": {
        "0": 1.707656,
        "1": 2.348443,
        "2": 4.131236,
        "3": 1.081963,
        "4": 1.039503,
        "5": 2.531764,
        "6": 2.719386,
        "7": 3.49526,
        "8": 2.675503,
        "9": 2.658502,
        "10": 1.869172,
        "11": 3.240703,
        "12": 3.08922,
        "13": 3.951502,
        "14": 6.051416,
        "15": 7.973263,
        "16": 1.560624,
        "17": 6.154198,
        "18": 2.443608,
        "19": 2.515712,
        "20": 4.239273,
        "21": 14.314511,
        "22": 5.061365,
        "23": 4.066769,
        "24": 1.234172,
        "25": 4.742658,
        "26": 3.133446,
        "27": 4.909667,
        "28": 5.416187,
        "29": 4.775634,
        "30": 3.165153,
        "31": 3.164527,
        "32": 15.953946,
        "33": 2.495605,
        "34": 18.461324,
        "35": 14.135676,
        "36": 1.855398,
        "37": 3.96814,
        "38": 2.660598,
        "39": 4.960626,
        "40": 2.426403,
        "41": 4.477961,
        "42": 4.564234,
        "43": 4.999762,
        "44": 3.209313,
        "45": 5.825813,
        "46": 5.693246,
        "47": 3.780058
      }
    },
    "flash": {
      "utilization_fraction": 0.95,
      "edge_latencies_ms": {
        "0": 1.80981,
        "1": 2.369427,
        "2": 4.170101,
        "3": 1.109381,
        "4": 1.107432,
        "5": 2.561274,
        "6": 2.794952,
        "7": 3.510683,
        "8": 2.694477,
        "9": 2.673585,
        "10": 1.884422,
        "11": 3.256441,
        "12": 3.109897,
        "13": 3.966617,
        "14": 6.335146,
        "15": 8.191734,
        "16": 1.579668,
        "17": 6.245065,
        "18": 2.468715,
        "19": 2.545183,
        "20": 4.257342,
        "21": 15.061468,
        "22": 5.07968,
        "23": 4.091467,
        "24": 1.263638,
        "25": 4.76337,
        "26": 3.158766,
        "27": 4.946,
        "28": 5.536314,
        "29": 4.797477,
        "30": 3.18028,
        "31": 3.215587,
        "32": 16.227962,
        "33": 2.511334,
        "34": 18.665773,
        "35": 14.407878,
        "36": 1.871322,
        "37": 3.990394,
        "38": 2.738896,
        "39": 5.035808,
        "40": 2.467121,
        "41": 4.498494,
        "42": 4.607954,
        "43": 5.037514,
        "44": 3.226559,
        "45": 5.853217,
        "46": 5.716922,
        "47": 3.818378
      }
    }
  }
}