{
  "topology_id": 88,
  "load_conditions": {
    "low": {
      "utilization_fraction": 0.2,
      "edge_latencies_ms": {
        "0": 3.023049,
        "1": 4.194746,
        "2": 4.847951,
        "3": 4.961776,
        "4": 3.036195,
        "5": 3.542961,
        "6": 2.749877,
        "7": 3.64305,
        "8": 2.988837,
        "9": 3.230734,
        "10": 5.144518,
        "11": 5.464704,
        "12": 7.619583,
        "13": 3.516236,
        "14": 1.827249,
        "15": 1.375609,
        "16": 1.759332,
        "17": 3.190303,
        "18": 3.235951,
        "19": 3.780446,
        "20": 2.926214,
        "21": 1.955076,
        "22": 3.435314,
        "23": 5.047191,
        "24": 3.053388,
        "25": 1.068448,
        "26": 3.539272,
        "27": 4.882446,
        "28": 7.507087,
        "29": 0.597938,
        "30": 3.772896,
        "31": 5.614211,
        "32": 6.066191,
        "33": 5.840304,
        "34": 5.951255,
        "35": 1.6432,
        "36": 0.913867,
        "37": 3.821715,
        "38": 6.427415,
        "39": 1.598576,
        "40": 7.10932,
        "41": 1.592513,
        "42": 2.162207,
        "43": 4.458185,
        "44": 2.683206,
        "45": 2.986667,
        "46": 14.70116,
        "47": 4.237768,
        "48": 2.61296,
        "49": 4.377928,
        "50": 4.21207,
        "51": 5.121465,
        "52": 1.947351,
        "53": 1.463919,
        "54": 6.963375,
        "55": 5.883048,
        "56": 0.864955,
        "57": 5.728162,
        "58": 3.936546,
        "59": 4.769057,
        "60": 5.850054,
        "61": 3.526254,
        "62": 5.597738,
        "63": 1.747621,
        "64": 3.604121,
        "65": 1.336786,
        "66": 4.347915,
        "67": 1.102375,
        "68": 4.804788,
        "69": 3.942288,
        "70": 1.52205,
        "71": 2.239445,
        "72": 3.709374,
        "73": 4.200233,
        "74": 4.954825,
        "75": 3.299175,
        "76": 4.436744,
        "77": 4.722101,
        "78": 5.934637,
        "79": 5.226772,
        "80": 3.161686,
        "81": 4.533882,
        "82": 12.239009,
        "83": 4.013169,
        "84": 2.386798,
        "85": 2.558561,
        "86": 4.283086,
        "87": 2.973841,
        "88": 12.972795,
        "89": 3.653834,
        "90": 4.60669,
        "91": 3.810168,
        "92": 1.83996,
        "93": 9.916375,
        "94": 2.624643,
        "95": 1.699685,
        "96": 3.421401,
        "97": 2.66507,
        "98": 3.444538,
        "99": 3.983265,
        "100": 3.905675,
        "101": 3.109374,
        "102": 5.999828,
        "103": 4.575909,
        "104": 5.479113,
        "105": 2.7166,
        "106": 2.395011,
        "107": 5.841061,
        "108": 3.252958,
        "109": 5.018441,
        "110": 0.913603,
        "111": 3.84912,
        "112": 6.360407,
        "113": 6.076396,
        "114": 6.720502,
        "115": 3.43363,
        "116": 2.348354,
        "117": 6.580954,
        "118": 2.969053,
        "119": 1.813147,
        "120": 4.809815,
        "121": 6.37957,
        "122": 5.015256,
        "123": 3.321009,
        "124": 4.202222,
        "125": 5.082425,
        "126": 2.152855,
        "127": 2.921347,
        "128": 1.918173,
        "129": 2.983817,
        "130": 3.455945,
        "131": 16.61194,
        "132": 4.917074,
        "133": 4.185487,
        "134": 5.25372,
        "135": 5.802163,
        "136": 3.271864,
        "137": 3.442555,
        "138": 7.846777,
        "139": 6.117413,
        "140": 2.242462,
        "141": 3.118413,
        "142": 3.694348,
        "143": 2.896855,
        "144": 3.045378,
        "145": 5.890679,
        "146": 2.95755,
        "147": 3.993334,
        "148": 17.568602,
        "149": 3.710384,
        "150": 4.05798,
        "151": 17.351514,
        "152": 2.486823,
        "153": 4.53582,
        "154": 3.877087,
        "155": 1.785126,
        "156": 4.40853,
        "157": 3.415074,
        "158": 5.247187,
        "159": 4.446453,
        "160": 3.064722,
        "161": 5.504163,
        "162": 3.625721,
        "163": 2.90327,
        "164": 4.231718,
        "165": 2.543376,
        "166": 5.958875,
        "167": 4.897583,
        "168": 4.554754,
        "169": 2.715141,
        "170": 5.205638,
        "171": 5.224997,
        "172": 7.288221,
        "173": 5.70131,
        "174": 4.790577,
        "175": 6.630664,
        "176": 3.731828,
        "177": 3.385336,
        "178": 2.357724,
        "179": 5.855806,
        "180": 3.103873,
        "181": 5.48015,
        "182": 1.667276
      }
    },
    "medium": {
      "utilization_fraction": 0.5,
      "edge_latencies_ms": {
        "0": 3.023934,
        "1": 4.195904,
        "2": 4.852616,
        "3": 4.963276,
        "4": 3.037193,
        "5": 3.543806,
        "6": 2.750796,
        "7": 3.645232,
        "8": 2.990206,
        "9": 3.231877,
        "10": 5.147463,
        "11": 5.465904,
        "12": 7.620348,
        "13": 3.517135,
        "14": 1.82993,
        "15": 1.376458,
        "16": 1.762141,
        "17": 3.191514,
        "18": 3.236899,
        "19": 3.78541,
        "20": 2.928649,
        "21": 1.955914,
        "22": 3.43754,
        "23": 5.048403,
        "24": 3.054319,
        "25": 1.06963,
        "26": 3.540688,
        "27": 4.883634,
        "28": 7.508604,
        "29": 0.603177,
        "30": 3.776308,
        "31": 5.616036,
        "32": 6.072784,
        "33": 5.844214,
        "34": 5.952111,
        "35": 1.645757,
        "36": 0.92063,
        "37": 3.827028,
        "38": 6.42928,
        "39": 1.600362,
        "40": 7.116969,
        "41": 1.593353,
        "42": 2.168074,
        "43": 4.45976,
        "44": 2.686191,
        "45": 3.001857,
        "46": 14.709132,
        "47": 4.238831,
        "48": 2.615144,
        "49": 4.38094,
        "50": 4.214946,
        "51": 5.122501,
        "52": 1.949435,
        "53": 1.464815,
        "54": 6.964171,
        "55": 5.884073,
        "56": 0.866032,
        "57": 5.730186,
        "58": 3.94114,
        "59": 4.770099,
        "60": 5.851285,
        "61": 3.53049,
        "62": 5.598603,
        "63": 1.748681,
        "64": 3.606442,
        "65": 1.337878,
        "66": 4.350063,
        "67": 1.103146,
        "68": 4.807514,
        "69": 3.943691,
        "70": 1.525288,
        "71": 2.241239,
        "72": 3.710143,
        "73": 4.201175,
        "74": 4.955707,
        "75": 3.301275,
        "76": 4.440018,
        "77": 4.723373,
        "78": 5.936555,
        "79": 5.229067,
        "80": 3.165942,
        "81": 4.534652,
        "82": 12.247137,
        "83": 4.014812,
        "84": 2.387635,
        "85": 2.563539,
        "86": 4.283889,
        "87": 2.976693,
        "88": 12.981942,
        "89": 3.655215,
        "90": 4.60774,
        "91": 3.811293,
        "92": 1.840993,
        "93": 9.928925,
        "94": 2.625701,
        "95": 1.701903,
        "96": 3.422996,
        "97": 2.665863,
        "98": 3.445464,
        "99": 3.984669,
        "100": 3.906428,
        "101": 3.110783,
        "102": 6.002985,
        "103": 4.576958,
        "104": 5.480817,
        "105": 2.725319,
        "106": 2.397897,
        "107": 5.842762,
        "108": 3.25727,
        "109": 5.019969,
        "110": 0.920507,
        "111": 3.850374,
        "112": 6.364347,
        "113": 6.07769,
        "114": 6.722291,
        "115": 3.436402,
        "116": 2.349688,
        "117": 6.583775,
        "118": 2.969868,
        "119": 1.814062,
        "120": 4.812908,
        "121": 6.382505,
        "122": 5.017091,
        "123": 3.321814,
        "124": 4.202977,
        "125": 5.083218,
        "126": 2.154741,
        "127": 2.924382,
        "128": 1.919036,
        "129": 2.984829,
        "130": 3.457449,
        "131": 16.620815,
        "132": 4.918372,
        "133": 4.187944,
        "134": 5.255132,
        "135": 5.805578,
        "136": 3.276033,
        "137": 3.443609,