{
  "topology_id": 438,
  "load_conditions": {
    "low": {
      "utilization_fraction": 0.2,
      "edge_latencies_ms": {
        "0": 1.059474,
        "1": 2.724322,
        "2": 4.434416,
        "3": 4.348695,
        "4": 5.613382,
        "5": 3.694195,
        "6": 1.565866,
        "7": 2.974182,
        "8": 2.193445,
        "9": 3.710138,
        "10": 2.326529,
        "11": 4.503509,
        "12": 3.204098,
        "13": 3.353487,
        "14": 4.356011,
        "15": 2.912492,
        "16": 4.363473,
        "17": 1.840756,
        "18": 1.55523,
        "19": 2.428128,
        "20": 2.578223,
        "21": 2.873012,
        "22": 1.303415,
        "23": 3.218001,
        "24": 1.519574,
        "25": 2.817724,
        "26": 3.586645,
        "27": 3.032321,
        "28": 5.333935,
        "29": 3.030662,
        "30": 2.39007,
        "31": 6.47001,
        "32": 4.918364,
        "33": 2.135234,
        "34": 4.250356,
        "35": 3.315843,
        "36": 4.074504,
        "37": 3.120749,
        "38": 4.526212,
        "39": 4.493628,
        "40": 4.232159,
        "41": 3.381191,
        "42": 6.090039,
        "43": 4.476325,
        "44": 2.446576,
        "45": 2.499918,
        "46": 1.973389,
        "47": 1.647582,
        "48": 2.387314,
        "49": 3.781927,
        "50": 2.212706,
        "51": 2.094989,
        "52": 3.824312,
        "53": 5.336656,
        "54": 4.176701,
        "55": 3.702415,
        "56": 4.15225,
        "57": 6.108438,
        "58": 2.655047,
        "59": 6.237096,
        "60": 4.334358,
        "61": 6.844562,
        "62": 3.083203,
        "63": 2.587935,
        "64": 1.728785,
        "65": 6.224531,
        "66": 3.301932,
        "67": 6.898538,
        "68": 4.209864,
        "69": 3.175604,
        "70": 4.968544,
        "71": 3.668205,
        "72": 2.863667,
        "73": 2.578236,
        "74": 4.795004,
        "75": 2.958327,
        "76": 3.197887,
        "77": 1.831832,
        "78": 12.315345,
        "79": 3.345658,
        "80": 1.122089,
        "81": 0.996354,
        "82": 3.399858,
        "83": 3.860817,
        "84": 2.59681,
        "85": 5.695227,
        "86": 2.426163,
        "87": 4.24052,
        "88": 6.865073,
        "89": 5.095659,
        "90": 5.163854,
        "91": 5.852902,
        "92": 5.193365,
        "93": 3.75585,
        "94": 4.818827,
        "95": 3.161357,
        "96": 4.228002,
        "97": 5.793642,
        "98": 4.232708,
        "99": 7.903356,
        "100": 2.688987,
        "101": 3.724356,
        "102": 3.501648,
        "103": 1.890231,
        "104": 2.855009,
        "105": 2.779485,
        "106": 3.916156,
        "107": 1.998038,
        "108": 2.108171,
        "109": 2.360234,
        "110": 2.828851,
        "111": 4.02867,
        "112": 2.785749,
        "113": 1.297553,
        "114": 1.904055,
        "115": 4.035121,
        "116": 3.75926,
        "117": 4.465033,
        "118": 3.853688,
        "119": 5.070868,
        "120": 5.461016,
        "121": 5.479383,
        "122": 2.416117,
        "123": 3.122362,
        "124": 2.26063,
        "125": 3.533922,
        "126": 6.713122,
        "127": 5.034656,
        "128": 3.586972,
        "129": 3.231224,
        "130": 5.015614,
        "131": 3.097511,
        "132": 5.395425,
        "133": 6.960057,
        "134": 2.953007,
        "135": 2.323132,
        "136": 3.216034,
        "137": 2.999682,
        "138": 2.836937,
        "139": 6.58051,
        "140": 2.247183,
        "141": 2.668093,
        "142": 3.643282,
        "143": 4.357359,
        "144": 3.844181,
        "145": 3.210922,
        "146": 3.324925,
        "147": 1.538452,
        "148": 4.801961,
        "149": 2.498092,
        "150": 3.207172,
        "151": 4.842665,
        "152": 4.773464,
        "153": 5.026125,
        "154": 4.292578,
        "155": 2.522696,
        "156": 3.188767,
        "157": 3.7469,
        "158": 4.02293,
        "159": 3.116246,
        "160": 3.560255,
        "161": 3.81076,
        "162": 1.79289,
        "163": 6.414106,
        "164": 6.558935,
        "165": 1.982093,
        "166": 7.070139,
        "167": 3.938279,
        "168": 4.729025,
        "169": 5.132047,
        "170": 4.963752,
        "171": 3.070507,
        "172": 2.313663,
        "173": 2.798571,
        "174": 4.535329,
        "175": 3.901871,
        "176": 2.238228,
        "177": 5.56873,
        "178": 4.620211,
        "179": 6.569269,
        "180": 3.861305,
        "181": 5.058021,
        "182": 1.738494,
        "183": 2.121223,
        "184": 2.645127,
        "185": 1.677635,
        "186": 3.403679
      }
    },
    "medium": {
      "utilization_fraction": 0.5,
      "edge_latencies_ms": {
        "0": 1.060485,
        "1": 2.726236,
        "2": 4.437475,
        "3": 4.349581,
        "4": 5.614326,
        "5": 3.697564,
        "6": 1.567305,
        "7": 2.975298,
        "8": 2.195235,
        "9": 3.711119,
        "10": 2.327345,
        "11": 4.504918,
        "12": 3.205632,
        "13": 3.355741,
        "14": 4.361709,
        "15": 2.913506,
        "16": 4.364899,
        "17": 1.842919,
        "18": 1.557315,
        "19": 2.430248,
        "20": 2.579117,
        "21": 2.873784,
        "22": 1.304633,
        "23": 3.219025,
        "24": 1.5207,
        "25": 2.818626,
        "26": 3.587499,
        "27": 3.033361,
        "28": 5.336036,
        "29": 3.031586,
        "30": 2.391478,
        "31": 6.470767,
        "32": 4.920437,
        "33": 2.136186,
        "34": 4.251382,
        "35": 3.316745,
        "36": 4.075602,
        "37": 3.121536,
        "38": 4.527021,
        "39": 4.49441,
        "40": 4.234632,
        "41": 3.382397,
        "42": 6.091079,
        "43": 4.482649,
        "44": 2.448388,
        "45": 2.502098,
        "46": 1.974498,
        "47": 1.648748,
        "48": 2.389013,
        "49": 3.783303,
        "50": 2.219101,
        "51": 2.097569,
        "52": 3.825205,
        "53": 5.337467,
        "54": 4.181398,
        "55": 3.703188,
        "56": 4.153478,
        "57": 6.109323,
        "58": 2.656637,
        "59": 6.239653,
        "60": 4.338188,
        "61": 6.845469,
        "62": 3.089098,
        "63": 2.589379,
        "64": 1.729905,
        "65": 6.226067,
        "66": 3.30334,
        "67": 6.900383,
        "68": 4.210762,
        "69": 3.178164,
        "70": 4.969345,
        "71": 3.669725,
        "72": 2.866,
        "73": 2.579018,
        "74": 4.799769,
        "75": 2.959285,
        "76": 3.19881,
        "77": 1.832752,
        "78": 12.345683,
        "79": 3.349145,
        "80": 1.123075,
        "81": 0.997415,
        "82": 3.400657,
        "83": 3.863598,
        "84": 2.59861,
        "85": 5.696019,
        "86": 2.429126,
        "87": 4.242886,
        "88": 6.8661,
        "89": 5.096556,
        "90": 5.165429,
        "91": 5.854041,
        "92": 5.194795,
        "93": 3.772256,
        "94": 4.826967,
        "95": 3.164233,
        "96": 4.228932,
        "97": 5.795249,
        "98": 4.238531,
        "99": 7.904536,
        "100": 2.690039,
        "101": 3.725844,
        "102": 3.503156,
        "103": 1.891203,
        "104": 2.858418,
        "105": 2.782097,
        "106": 3.917637,
        "107": 2.000347,
        "108": 2.110386,
        "109": 2.361301,
        "110": 2.829659,
        "111": 4.030667,
        "112": 2.788737,
        "113": 1.29836,
        "114": 1.908675,
        "115": 4.035975,
        "116": 3.761052,
        "117": 4.466099,
        "118": 3.855759,
        "119": 5.071677,
        "120": 5.463763,
        "121": 5.482202,
        "122": 2.417056,
        "123": 3.123246,
        "124": 2.261589,
        "125": 3.535498,
        "126": 6.71401,
        "127": 5.037578,
        "128": 3.587929,
        "129": 3.23223,
        "130": 5.019317,
        "131": 3.10124,
        "132": 5.396346,
        "133": 6.96193,