{
  "topology_id": 42,
  "load_conditions": {
    "low": {
      "utilization_fraction": 0.2,
      "edge_latencies_ms": {
        "0": 3.694883,
        "1": 3.190761,
        "2": 6.607417,
        "3": 6.483236,
        "4": 7.527533,
        "5": 8.625498,
        "6": 8.400858,
        "7": 7.500559,
        "8": 3.41012,
        "9": 6.066283,
        "10": 2.785588,
        "11": 2.635973,
        "12": 4.009015,
        "13": 2.293022,
        "14": 2.010804,
        "15": 1.527513,
        "16": 5.707063,
        "17": 3.707694,
        "18": 4.487808,
        "19": 4.005681,
        "20": 3.291113,
        "21": 2.947397,
        "22": 2.940785,
        "23": 3.068789,
        "24": 3.76832,
        "25": 3.038099,
        "26": 10.546558,
        "27": 4.356436,
        "28": 2.849731,
        "29": 4.816943,
        "30": 2.170596,
        "31": 6.149209,
        "32": 4.261078,
        "33": 2.869257,
        "34": 3.190298,
        "35": 4.030011,
        "36": 3.641184,
        "37": 6.523975,
        "38": 3.704442,
        "39": 2.128957,
        "40": 3.695126,
        "41": 5.641173,
        "42": 10.256532,
        "43": 5.055867,
        "44": 3.041757,
        "45": 12.425531,
        "46": 5.698716,
        "47": 6.53632,
        "48": 3.470276,
        "49": 4.302259,
        "50": 4.265353,
        "51": 5.141529,
        "52": 4.341561,
        "53": 3.538757,
        "54": 4.436,
        "55": 1.760111,
        "56": 5.733833,
        "57": 4.38304,
        "58": 3.379463,
        "59": 6.013592,
        "60": 5.873978,
        "61": 2.804059,
        "62": 1.772504,
        "63": 3.031968,
        "64": 3.041085,
        "65": 2.495593,
        "66": 2.857189,
        "67": 2.742832,
        "68": 2.268383,
        "69": 5.026991,
        "70": 4.291505,
        "71": 4.977695,
        "72": 17.765905,
        "73": 2.370242,
        "74": 2.58394,
        "75": 11.284589,
        "76": 3.478952,
        "77": 3.2203,
        "78": 4.934961,
        "79": 2.622652,
        "80": 3.341152,
        "81": 6.058107,
        "82": 4.992855,
        "83": 5.011407,
        "84": 3.97751,
        "85": 3.411239,
        "86": 1.579512,
        "87": 2.167572,
        "88": 1.414081,
        "89": 2.235175,
        "90": 2.509127,
        "91": 3.954447,
        "92": 1.627461,
        "93": 3.379885,
        "94": 6.116945,
        "95": 4.603681,
        "96": 5.211521,
        "97": 7.15014,
        "98": 3.505466,
        "99": 4.511411,
        "100": 2.671104,
        "101": 3.312982,
        "102": 8.732023,
        "103": 5.36122,
        "104": 1.888568,
        "105": 8.603032,
        "106": 3.877717,
        "107": 4.528436,
        "108": 2.427121,
        "109": 3.603633,
        "110": 4.226839,
        "111": 3.649582,
        "112": 3.450714,
        "113": 6.468414,
        "114": 5.129856,
        "115": 3.270898,
        "116": 4.79575,
        "117": 3.87761,
        "118": 4.032164
      }
    },
    "medium": {
      "utilization_fraction": 0.5,
      "edge_latencies_ms": {
        "0": 3.696085,
        "1": 3.191862,
        "2": 6.608189,
        "3": 6.485894,
        "4": 7.529535,
        "5": 8.626324,
        "6": 8.40224,
        "7": 7.501504,
        "8": 3.416776,
        "9": 6.073082,
        "10": 2.787886,
        "11": 2.637024,
        "12": 4.013183,
        "13": 2.295426,
        "14": 2.014416,
        "15": 1.528444,
        "16": 5.709682,
        "17": 3.708448,
        "18": 4.49918,
        "19": 4.006904,
        "20": 3.291994,
        "21": 2.948474,
        "22": 2.94162,
        "23": 3.081383,
        "24": 3.770473,
        "25": 3.039581,
        "26": 10.555817,
        "27": 4.364329,
        "28": 2.852207,
        "29": 4.820944,
        "30": 2.175197,
        "31": 6.150495,
        "32": 4.261829,
        "33": 2.871591,
        "34": 3.191317,
        "35": 4.030798,
        "36": 3.642049,
        "37": 6.527245,
        "38": 3.705256,
        "39": 2.130073,
        "40": 3.701394,
        "41": 5.641928,
        "42": 10.276945,
        "43": 5.057404,
        "44": 3.042722,
        "45": 12.442303,
        "46": 5.706399,
        "47": 6.557041,
        "48": 3.473607,
        "49": 4.303735,
        "50": 4.26985,
        "51": 5.142351,
        "52": 4.342422,
        "53": 3.53961,
        "54": 4.437004,
        "55": 1.761122,
        "56": 5.735217,
        "57": 4.383845,
        "58": 3.381046,
        "59": 6.014569,
        "60": 5.874782,
        "61": 2.805757,
        "62": 1.773285,
        "63": 3.035727,
        "64": 3.041864,
        "65": 2.497333,
        "66": 2.857991,
        "67": 2.743784,
        "68": 2.269231,
        "69": 5.028539,
        "70": 4.292346,
        "71": 4.980824,
        "72": 17.77732,
        "73": 2.371238,
        "74": 2.585161,
        "75": 11.292417,
        "76": 3.482439,
        "77": 3.221202,
        "78": 4.935961,
        "79": 2.625548,
        "80": 3.342973,
        "81": 6.059281,
        "82": 4.994254,
        "83": 5.012475,
        "84": 3.978354,
        "85": 3.412456,
        "86": 1.580286,
        "87": 2.169319,
        "88": 1.415713,
        "89": 2.236917,
        "90": 2.510487,
        "91": 3.955376,
        "92": 1.628248,
        "93": 3.380735,
        "94": 6.122028,
        "95": 4.605269,
        "96": 5.212423,
        "97": 7.151421,
        "98": 3.50634,
        "99": 4.512469,
        "100": 2.672523,
        "101": 3.313735,
        "102": 8.74706,
        "103": 5.364039,
        "104": 1.890608,
        "105": 8.616471,
        "106": 3.883666,
        "107": 4.52972,
        "108": 2.429714,
        "109": 3.604952,
        "110": 4.227877,
        "111": 3.651121,
        "112": 3.451541,
        "113": 6.469169,
        "114": 5.136986,
        "115": 3.273899,
        "116": 4.796892,
        "117": 3.879132,
        "118": 4.033263
      }
    },
    "high": {
      "utilization_fraction": 0.8,
      "edge_latencies_ms": {
        "0": 3.700889,
        "1": 3.19627,
        "2": 6.611275,
        "3": 6.496527,
        "4": 7.537542,
        "5": 8.62963,
        "6": 8.407766,
        "7": 7.505281,
        "8": 3.4434,
        "9": 6.100277,
        "10": 2.797076,
        "11": 2.641227,
        "12": 4.029856,
        "13": 2.305042,
        "14": 2.028865,
        "15": 1.53217,
        "16": 5.720155,
        "17": 3.711463,
        "18": 4.544669,
        "19": 4.0118,
        "20": 3.295519,
        "21": 2.95278,
        "22": 2.944959,
        "23": 3.131759,
        "24": 3.779084,
        "25": 3.045507,
        "26": 10.592851,
        "27": 4.395902,
        "28": 2.86211,
        "29": 4.836948,
        "30": 2.193598,
        "31": 6.155639,
        "32": 4.264834,
        "33": 2.880928,
        "34": 3.195392,
        "35": 4.033942,
        "36": 3.645506,
        "37": 6.540322,
        "38": 3.708512,
        "39": 2.134535,
        "40": 3.726464,
        "41": 5.644947,
        "42": 10.358597,
        "43": 5.063548,
        "44": 3.046581,
        "45": 12.509393,
        "46": 5.73713,
        "47": 6.639923,
        "48": 3.486933,
        "49": 4.309639,
        "50": 4.287838,
        "51": 5.145638,
        "52": 4.345868,
        "53": 3.543023,
        "54": 4.441022,
        "55": 1.765165,
        "56": 5.740753,
        "57": 4.387063,
        "58": 3.387379,
        "59": 6.018478,
        "60": 5.877998,
        "61": 2.812547,
        "62": 1.77641,
        "63": 3.050763,
        "64": 3.04498,
        "65": 2.504293,
        "66": 2.861201,
        "67": 2.74759,
        "68": 2.272625,
        "69": 5.034732,
        "70": 4.295713,
        "71": 4.993342,
        "72": 17.82298,
        "73": 2.375224,
        "74": 2.590044,
        "75": 11.323729,
        "76": 3.496386,
        "77": 3.224808,
        "78": 4.939963,
        "79": 2.637132,
        "80": 3.350256,
        "81": 6.063974,
        "82": 4.999849,