{
  "topology_id": 408,
  "load_conditions": {
    "low": {
      "utilization_fraction": 0.2,
      "edge_latencies_ms": {
        "0": 3.210639,
        "1": 5.204113,
        "2": 11.08865,
        "3": 2.643711,
        "4": 4.862603,
        "5": 4.836823,
        "6": 1.059198,
        "7": 5.973209,
        "8": 9.407464,
        "9": 3.947037,
        "10": 4.236635,
        "11": 6.183353,
        "12": 1.508491,
        "13": 6.122302,
        "14": 4.487851,
        "15": 9.741566,
        "16": 7.226117,
        "17": 6.251165,
        "18": 4.647517,
        "19": 2.894614,
        "20": 1.412324,
        "21": 1.27256,
        "22": 3.645722,
        "23": 1.681413,
        "24": 2.700577,
        "25": 1.620977,
        "26": 1.957445
      }
    },
    "medium": {
      "utilization_fraction": 0.5,
      "edge_latencies_ms": {
        "0": 3.211482,
        "1": 5.20492,
        "2": 11.105729,
        "3": 2.652719,
        "4": 4.864347,
        "5": 4.840513,
        "6": 1.060156,
        "7": 5.974155,
        "8": 9.426148,
        "9": 3.947983,
        "10": 4.237641,
        "11": 6.196766,
        "12": 1.509492,
        "13": 6.124558,
        "14": 4.490029,
        "15": 9.774535,
        "16": 7.227307,
        "17": 6.252092,
        "18": 4.649913,
        "19": 2.895566,
        "20": 1.414291,
        "21": 1.277666,
        "22": 3.646738,
        "23": 1.683054,
        "24": 2.703295,
        "25": 1.62208,
        "26": 1.964581
      }
    },
    "high": {
      "utilization_fraction": 0.8,
      "edge_latencies_ms": {
        "0": 3.214855,
        "1": 5.20815,
        "2": 11.174045,
        "3": 2.688748,
        "4": 4.871323,
        "5": 4.855275,
        "6": 1.063986,
        "7": 5.977937,
        "8": 9.500884,
        "9": 3.951766,
        "10": 4.241668,
        "11": 6.250418,
        "12": 1.513494,
        "13": 6.133582,
        "14": 4.498745,
        "15": 9.906414,
        "16": 7.232065,
        "17": 6.255802,
        "18": 4.659495,
        "19": 2.899374,
        "20": 1.42216,
        "21": 1.298093,
        "22": 3.650799,
        "23": 1.689617,
        "24": 2.714171,
        "25": 1.626494,
        "26": 1.993123
      }
    },
    "flash": {
      "utilization_fraction": 0.95,
      "edge_latencies_ms": {
        "0": 3.23172,
        "1": 5.224295,
        "2": 11.515626,
        "3": 2.868894,
        "4": 4.906205,
        "5": 4.929083,
        "6": 1.083137,
        "7": 5.996847,
        "8": 9.874562,
        "9": 3.970683,
        "10": 4.261801,
        "11": 6.518679,
        "12": 1.533506,
        "13": 6.178704,
        "14": 4.542324,
        "15": 10.565804,
        "16": 7.255855,
        "17": 6.274349,
        "18": 4.707407,
        "19": 2.918418,
        "20": 1.461503,
        "21": 1.400227,
        "22": 3.671105,
        "23": 1.722434,
        "24": 2.768546,
        "25": 1.64856,
        "26": 2.135833
      }
    }
  }
}