{
  "topology_id": 145,
  "load_conditions": {
    "low": {
      "utilization_fraction": 0.2,
      "edge_latencies_ms": {
        "0": 1.119012,
        "1": 5.393256,
        "2": 2.617366,
        "3": 5.707062,
        "4": 3.138137,
        "5": 1.807588,
        "6": 2.943939,
        "7": 7.575997,
        "8": 4.131258,
        "9": 6.176047,
        "10": 3.182739,
        "11": 4.293686,
        "12": 4.20099,
        "13": 3.582529,
        "14": 15.055381,
        "15": 5.229803,
        "16": 1.746707,
        "17": 3.113148,
        "18": 6.697115,
        "19": 9.423038,
        "20": 2.507278,
        "21": 15.058292,
        "22": 17.235202,
        "23": 3.667608,
        "24": 3.548938,
        "25": 3.902851,
        "26": 7.273235,
        "27": 14.137789,
        "28": 5.112783,
        "29": 3.154088,
        "30": 4.551987,
        "31": 3.734203,
        "32": 4.273242,
        "33": 2.914597,
        "34": 2.791758,
        "35": 2.972476,
        "36": 4.222158,
        "37": 3.950507,
        "38": 2.443474,
        "39": 3.113267,
        "40": 2.904498,
        "41": 1.696232,
        "42": 3.4027,
        "43": 3.447689,
        "44": 2.768863
      }
    },
    "medium": {
      "utilization_fraction": 0.5,
      "edge_latencies_ms": {
        "0": 1.119879,
        "1": 5.394371,
        "2": 2.619297,
        "3": 5.714335,
        "4": 3.140009,
        "5": 1.810861,
        "6": 2.952496,
        "7": 7.582141,
        "8": 4.135125,
        "9": 6.179996,
        "10": 3.185057,
        "11": 4.294503,
        "12": 4.20298,
        "13": 3.583399,
        "14": 15.071489,
        "15": 5.236914,
        "16": 1.747791,
        "17": 3.114577,
        "18": 6.698261,
        "19": 9.424609,
        "20": 2.508687,
        "21": 15.084149,
        "22": 17.244084,
        "23": 3.669516,
        "24": 3.550288,
        "25": 3.907328,
        "26": 7.274581,
        "27": 14.159333,
        "28": 5.113641,
        "29": 3.156378,
        "30": 4.552784,
        "31": 3.736,
        "32": 4.274906,
        "33": 2.916535,
        "34": 2.792924,
        "35": 2.973277,
        "36": 4.22394,
        "37": 3.951312,
        "38": 2.44515,
        "39": 3.114376,
        "40": 2.90601,
        "41": 1.697221,
        "42": 3.40388,
        "43": 3.448469,
        "44": 2.770246
      }
    },
    "high": {
      "utilization_fraction": 0.8,
      "edge_latencies_ms": {
        "0": 1.123346,
        "1": 5.398831,
        "2": 2.627021,
        "3": 5.74343,
        "4": 3.147497,
        "5": 1.823952,
        "6": 2.986724,
        "7": 7.606719,
        "8": 4.150597,
        "9": 6.195792,
        "10": 3.19433,
        "11": 4.29777,
        "12": 4.210943,
        "13": 3.586881,
        "14": 15.135922,
        "15": 5.265355,
        "16": 1.752124,
        "17": 3.12029,
        "18": 6.702846,
        "19": 9.430896,
        "20": 2.514322,
        "21": 15.187576,
        "22": 17.279614,
        "23": 3.677148,
        "24": 3.555684,
        "25": 3.925235,
        "26": 7.279964,
        "27": 14.245509,
        "28": 5.117076,
        "29": 3.165542,
        "30": 4.555973,
        "31": 3.743192,
        "32": 4.281558,
        "33": 2.924288,
        "34": 2.797589,
        "35": 2.976482,
        "36": 4.231069,
        "37": 3.954533,
        "38": 2.451853,
        "39": 3.118812,
        "40": 2.91206,
        "41": 1.701177,
        "42": 3.408599,
        "43": 3.451588,
        "44": 2.775777
      }
    },
    "flash": {
      "utilization_fraction": 0.95,
      "edge_latencies_ms": {
        "0": 1.140679,
        "1": 5.421134,
        "2": 2.665641,
        "3": 5.888905,
        "4": 3.184935,
        "5": 1.88941,
        "6": 3.157861,
        "7": 7.729606,
        "8": 4.227956,
        "9": 6.274772,
        "10": 3.240695,
        "11": 4.314106,
        "12": 4.250755,
        "13": 3.604289,
        "14": 15.458087,
        "15": 5.407563,
        "16": 1.77379,
        "17": 3.148857,
        "18": 6.725771,
        "19": 9.462331,
        "20": 2.542502,
        "21": 15.704712,
        "22": 17.457263,
        "23": 3.715308,
        "24": 3.582666,
        "25": 4.014771,
        "26": 7.306879,
        "27": 14.676385,
        "28": 5.134251,
        "29": 3.211358,
        "30": 4.571915,
        "31": 3.779152,
        "32": 4.314821,
        "33": 2.963049,
        "34": 2.820914,
        "35": 2.992503,
        "36": 4.26671,
        "37": 3.97064,
        "38": 2.48537,
        "39": 3.140994,
        "40": 2.942311,
        "41": 1.72096,
        "42": 3.432197,
        "43": 3.467187,
        "44": 2.803434
      }
    }
  }
}