{
  "topology_id": 471,
  "load_conditions": {
    "low": {
      "utilization_fraction": 0.2,
      "edge_latencies_ms": {
        "0": 3.301756,
        "1": 3.437737,
        "2": 2.906799,
        "3": 10.805232,
        "4": 4.293851,
        "5": 9.718359,
        "6": 3.033525,
        "7": 3.364042,
        "8": 2.92787,
        "9": 4.9771,
        "10": 11.568102,
        "11": 1.656275,
        "12": 6.650354,
        "13": 3.312672,
        "14": 3.29536,
        "15": 3.928238,
        "16": 9.046387,
        "17": 4.149799,
        "18": 6.507664,
        "19": 18.813347,
        "20": 10.943702,
        "21": 2.502172,
        "22": 3.285554,
        "23": 2.802653,
        "24": 9.072787,
        "25": 1.440989,
        "26": 3.256463,
        "27": 2.578192,
        "28": 3.529074,
        "29": 1.880874,
        "30": 4.955969,
        "31": 1.890671,
        "32": 4.079849,
        "33": 4.916936,
        "34": 3.528778,
        "35": 2.671656,
        "36": 5.837543,
        "37": 14.750051,
        "38": 4.129118,
        "39": 3.530654,
        "40": 2.613227,
        "41": 3.228511,
        "42": 4.436407,
        "43": 3.056819,
        "44": 2.764509,
        "45": 2.89471,
        "46": 4.990671,
        "47": 3.434909,
        "48": 3.386338,
        "49": 3.53923,
        "50": 5.873669,
        "51": 2.639441,
        "52": 5.057073,
        "53": 5.330577,
        "54": 4.694487
      }
    },
    "medium": {
      "utilization_fraction": 0.5,
      "edge_latencies_ms": {
        "0": 3.302645,
        "1": 3.438685,
        "2": 2.907782,
        "3": 10.826931,
        "4": 4.306717,
        "5": 9.741326,
        "6": 3.034519,
        "7": 3.370771,
        "8": 2.930177,
        "9": 4.977939,
        "10": 11.598669,
        "11": 1.658273,
        "12": 6.658424,
        "13": 3.319231,
        "14": 3.297676,
        "15": 3.928996,
        "16": 9.056781,
        "17": 4.150614,
        "18": 6.525296,
        "19": 18.827062,
        "20": 10.96477,
        "21": 2.507436,
        "22": 3.291777,
        "23": 2.803741,
        "24": 9.0815,
        "25": 1.442372,
        "26": 3.260466,
        "27": 2.580192,
        "28": 3.535575,
        "29": 1.882633,
        "30": 4.966916,
        "31": 1.893206,
        "32": 4.094809,
        "33": 4.919904,
        "34": 3.535781,
        "35": 2.675187,
        "36": 5.839207,
        "37": 14.759596,
        "38": 4.130073,
        "39": 3.531636,
        "40": 2.617199,
        "41": 3.229731,
        "42": 4.43795,
        "43": 3.058257,
        "44": 2.766067,
        "45": 2.895537,
        "46": 4.991562,
        "47": 3.436098,
        "48": 3.388092,
        "49": 3.541743,
        "50": 5.876161,
        "51": 2.640458,
        "52": 5.058889,
        "53": 5.332117,
        "54": 4.695784
      }
    },
    "high": {
      "utilization_fraction": 0.8,
      "edge_latencies_ms": {
        "0": 3.306204,
        "1": 3.442473,
        "2": 2.911714,
        "3": 10.913725,
        "4": 4.358178,
        "5": 9.833193,
        "6": 3.038493,
        "7": 3.397689,
        "8": 2.939404,
        "9": 4.981297,
        "10": 11.720935,
        "11": 1.666265,
        "12": 6.690704,
        "13": 3.345466,
        "14": 3.306942,
        "15": 3.93203,
        "16": 9.098359,
        "17": 4.153873,
        "18": 6.595822,
        "19": 18.881924,
        "20": 11.04904,
        "21": 2.528491,
        "22": 3.31667,
        "23": 2.808091,
        "24": 9.116353,
        "25": 1.447904,
        "26": 3.276479,
        "27": 2.588194,
        "28": 3.561577,
        "29": 1.889672,
        "30": 5.010704,
        "31": 1.903346,
        "32": 4.154648,
        "33": 4.931775,
        "34": 3.563795,
        "35": 2.689313,
        "36": 5.845864,
        "37": 14.797777,
        "38": 4.133895,
        "39": 3.535561,
        "40": 2.633086,
        "41": 3.234613,
        "42": 4.44412,
        "43": 3.064006,
        "44": 2.7723,
        "45": 2.898844,
        "46": 4.995128,
        "47": 3.440856,
        "48": 3.395108,
        "49": 3.551794,
        "50": 5.886128,
        "51": 2.644527,
        "52": 5.066154,
        "53": 5.338277,
        "54": 4.700971
      }
    },
    "flash": {
      "utilization_fraction": 0.95,
      "edge_latencies_ms": {
        "0": 3.323997,
        "1": 3.461413,
        "2": 2.931377,
        "3": 11.347695,
        "4": 4.615486,
        "5": 10.292528,
        "6": 3.058363,
        "7": 3.532281,
        "8": 2.985541,
        "9": 4.998082,
        "10": 12.332269,
        "11": 1.706225,
        "12": 6.852102,
        "13": 3.476639,
        "14": 3.353271,
        "15": 3.947198,
        "16": 9.306246,
        "17": 4.170169,
        "18": 6.948453,
        "19": 19.156232,
        "20": 11.470391,
        "21": 2.633767,
        "22": 3.441134,
        "23": 2.829843,
        "24": 9.290615,
        "25": 1.475564,
        "26": 3.356543,
        "27": 2.628204,
        "28": 3.691587,
        "29": 1.924866,
        "30": 5.229642,
        "31": 1.954044,
        "32": 4.453843,
        "33": 4.991134,
        "34": 3.703863,
        "35": 2.759942,
        "36": 5.879149,
        "37": 14.988678,
        "38": 4.153003,
        "39": 3.555187,
        "40": 2.712524,
        "41": 3.259022,
        "42": 4.474974,
        "43": 3.092751,
        "44": 2.803465,
        "45": 2.915378,
        "46": 5.01296,
        "47": 3.464645,
        "48": 3.430187,
        "49": 3.602049,
        "50": 5.935963,
        "51": 2.664871,
        "52": 5.102478,
        "53": 5.369075,
        "54": 4.726905
      }
    }
  }
}