{
  "topology_id": 487,
  "load_conditions": {
    "low": {
      "utilization_fraction": 0.2,
      "edge_latencies_ms": {
        "0": 2.416194,
        "1": 3.132997,
        "2": 9.232694,
        "3": 1.750212,
        "4": 3.582357,
        "5": 3.394048,
        "6": 15.283076,
        "7": 4.63856,
        "8": 1.900771,
        "9": 9.769306,
        "10": 1.957689,
        "11": 3.160309,
        "12": 6.048634,
        "13": 5.370026,
        "14": 7.401424,
        "15": 7.005227,
        "16": 6.221884,
        "17": 5.868983,
        "18": 3.887457,
        "19": 5.446995,
        "20": 6.440918,
        "21": 4.213657,
        "22": 9.634356,
        "23": 4.209535,
        "24": 1.339656,
        "25": 4.336615,
        "26": 2.637152,
        "27": 0.390628,
        "28": 5.794502,
        "29": 3.445714,
        "30": 2.925275,
        "31": 7.74392,
        "32": 4.11281,
        "33": 6.544032,
        "34": 4.796973,
        "35": 4.716871,
        "36": 5.488399,
        "37": 6.348049,
        "38": 2.895755,
        "39": 3.01307
      }
    },
    "medium": {
      "utilization_fraction": 0.5,
      "edge_latencies_ms": {
        "0": 2.417642,
        "1": 3.134718,
        "2": 9.233837,
        "3": 1.751106,
        "4": 3.583121,
        "5": 3.395705,
        "6": 15.305682,
        "7": 4.643355,
        "8": 1.90157,
        "9": 9.798522,
        "10": 1.958956,
        "11": 3.161447,
        "12": 6.050119,
        "13": 5.371427,
        "14": 7.402844,
        "15": 7.045309,
        "16": 6.222873,
        "17": 5.870202,
        "18": 3.889659,
        "19": 5.460676,
        "20": 6.442025,
        "21": 4.21562,
        "22": 9.657139,
        "23": 4.21634,
        "24": 1.34211,
        "25": 4.337825,
        "26": 2.638094,
        "27": 0.391826,
        "28": 5.79535,
        "29": 3.45018,
        "30": 2.926442,
        "31": 7.757011,
        "32": 4.120702,
        "33": 6.544862,
        "34": 4.798425,
        "35": 4.717833,
        "36": 5.489377,
        "37": 6.348986,
        "38": 2.896507,
        "39": 3.015434
      }
    },
    "high": {
      "utilization_fraction": 0.8,
      "edge_latencies_ms": {
        "0": 2.423434,
        "1": 3.141603,
        "2": 9.238411,
        "3": 1.754685,
        "4": 3.586178,
        "5": 3.40233,
        "6": 15.396107,
        "7": 4.662538,
        "8": 1.90477,
        "9": 9.915385,
        "10": 1.964026,
        "11": 3.165995,
        "12": 6.056061,
        "13": 5.377033,
        "14": 7.408522,
        "15": 7.205637,
        "16": 6.22683,
        "17": 5.875079,
        "18": 3.898466,
        "19": 5.5154,
        "20": 6.446451,
        "21": 4.223473,
        "22": 9.748271,
        "23": 4.24356,
        "24": 1.351925,
        "25": 4.342666,
        "26": 2.641864,
        "27": 0.396618,
        "28": 5.798741,
        "29": 3.468047,
        "30": 2.931107,
        "31": 7.809374,
        "32": 4.15227,
        "33": 6.548184,
        "34": 4.804233,
        "35": 4.721681,
        "36": 5.493288,
        "37": 6.352732,
        "38": 2.899516,
        "39": 3.024888
      }
    },
    "flash": {
      "utilization_fraction": 0.95,
      "edge_latencies_ms": {
        "0": 2.452397,
        "1": 3.17603,
        "2": 9.26128,
        "3": 1.77258,
        "4": 3.601462,
        "5": 3.435455,
        "6": 15.848233,
        "7": 4.758454,
        "8": 1.920766,
        "9": 10.499702,
        "10": 1.989373,
        "11": 3.188739,
        "12": 6.085773,
        "13": 5.405061,
        "14": 7.436912,
        "15": 8.007275,
        "16": 6.246616,
        "17": 5.899464,
        "18": 3.9425,
        "19": 5.789021,
        "20": 6.468583,
        "21": 4.262738,
        "22": 10.203932,
        "23": 4.379657,
        "24": 1.401,
        "25": 4.366869,
        "26": 2.660714,
        "27": 0.420578,
        "28": 5.815698,
        "29": 3.557379,
        "30": 2.954433,
        "31": 8.071188,
        "32": 4.31011,
        "33": 6.564795,
        "34": 4.833275,
        "35": 4.740923,
        "36": 5.512843,
        "37": 6.371465,
        "38": 2.914561,
        "39": 3.07216
      }
    }
  }
}