{
  "topology_id": 325,
  "load_conditions": {
    "low": {
      "utilization_fraction": 0.2,
      "edge_latencies_ms": {
        "0": 1.372218,
        "1": 5.128009,
        "2": 6.143991,
        "3": 6.292166,
        "4": 14.076093,
        "5": 5.689463,
        "6": 2.594025,
        "7": 2.501617,
        "8": 6.485032,
        "9": 7.571738,
        "10": 3.291408,
        "11": 5.537734,
        "12": 16.582822,
        "13": 2.371555,
        "14": 11.602922,
        "15": 2.697843,
        "16": 4.257662,
        "17": 5.267713,
        "18": 4.281711,
        "19": 6.064376,
        "20": 6.848382,
        "21": 3.381248,
        "22": 4.365347,
        "23": 3.071318,
        "24": 4.540922,
        "25": 4.267262,
        "26": 3.423531,
        "27": 4.76897,
        "28": 7.860157,
        "29": 5.790431,
        "30": 3.261817,
        "31": 4.297594,
        "32": 3.328279,
        "33": 4.565833,
        "34": 1.77081,
        "35": 2.044107,
        "36": 3.652865,
        "37": 2.319456,
        "38": 2.55867,
        "39": 8.800507,
        "40": 7.963329,
        "41": 2.610597,
        "42": 3.720982,
        "43": 5.08814,
        "44": 3.911419,
        "45": 2.422095,
        "46": 9.595527,
        "47": 2.732477,
        "48": 1.474857,
        "49": 3.919284,
        "50": 5.345819,
        "51": 1.995721,
        "52": 8.579367,
        "53": 2.332792,
        "54": 2.391063,
        "55": 2.9963,
        "56": 4.801374,
        "57": 6.359574,
        "58": 1.951753,
        "59": 1.57786,
        "60": 5.401841,
        "61": 3.779246,
        "62": 4.450763,
        "63": 6.328918,
        "64": 6.707021
      }
    },
    "medium": {
      "utilization_fraction": 0.5,
      "edge_latencies_ms": {
        "0": 1.372993,
        "1": 5.130002,
        "2": 6.144933,
        "3": 6.296513,
        "4": 14.086548,
        "5": 5.69034,
        "6": 2.595982,
        "7": 2.504599,
        "8": 6.49437,
        "9": 7.602184,
        "10": 3.295107,
        "11": 5.539456,
        "12": 16.59418,
        "13": 2.372679,
        "14": 11.618092,
        "15": 2.701397,
        "16": 4.258438,
        "17": 5.270026,
        "18": 4.282536,
        "19": 6.065429,
        "20": 6.849575,
        "21": 3.382294,
        "22": 4.367396,
        "23": 3.072621,
        "24": 4.541733,
        "25": 4.271385,
        "26": 3.426575,
        "27": 4.769804,
        "28": 7.861803,
        "29": 5.812609,
        "30": 3.263113,
        "31": 4.299189,
        "32": 3.33046,
        "33": 4.571695,
        "34": 1.774424,
        "35": 2.045945,
        "36": 3.65442,
        "37": 2.320334,
        "38": 2.565147,
        "39": 8.827323,
        "40": 7.980523,
        "41": 2.611919,
        "42": 3.723298,
        "43": 5.089111,
        "44": 3.913719,
        "45": 2.423712,
        "46": 9.633922,
        "47": 2.733231,
        "48": 1.477446,
        "49": 3.92152,
        "50": 5.346865,
        "51": 1.997136,
        "52": 8.620313,
        "53": 2.333719,
        "54": 2.392007,
        "55": 2.997347,
        "56": 4.802404,
        "57": 6.360472,
        "58": 1.955311,
        "59": 1.585272,
        "60": 5.402662,
        "61": 3.780686,
        "62": 4.452927,
        "63": 6.332694,
        "64": 6.710399
      }
    },
    "high": {
      "utilization_fraction": 0.8,
      "edge_latencies_ms": {
        "0": 1.376092,
        "1": 5.137973,
        "2": 6.148704,
        "3": 6.313901,
        "4": 14.128368,
        "5": 5.693851,
        "6": 2.60381,
        "7": 2.516527,
        "8": 6.531721,
        "9": 7.723968,
        "10": 3.309901,
        "11": 5.546344,
        "12": 16.639609,
        "13": 2.377177,
        "14": 11.678773,
        "15": 2.715609,
        "16": 4.261541,
        "17": 5.279278,
        "18": 4.285837,
        "19": 6.069643,
        "20": 6.854347,
        "21": 3.38648,
        "22": 4.375589,
        "23": 3.077833,
        "24": 4.544979,
        "25": 4.287877,
        "26": 3.438749,
        "27": 4.773142,
        "28": 7.868385,
        "29": 5.901323,
        "30": 3.2683,
        "31": 4.305566,
        "32": 3.339183,
        "33": 4.595144,
        "34": 1.78888,
        "35": 2.053297,
        "36": 3.660638,
        "37": 2.323846,
        "38": 2.591056,
        "39": 8.934589,
        "40": 8.049298,
        "41": 2.617206,
        "42": 3.732559,
        "43": 5.092997,
        "44": 3.922923,
        "45": 2.430182,
        "46": 9.787504,
        "47": 2.736246,
        "48": 1.487801,
        "49": 3.930465,
        "50": 5.351053,
        "51": 2.002798,
        "52": 8.784097,
        "53": 2.337428,
        "54": 2.395787,
        "55": 3.001538,
        "56": 4.806526,
        "57": 6.364063,
        "58": 1.969545,
        "59": 1.614919,
        "60": 5.405947,
        "61": 3.786448,
        "62": 4.461585,
        "63": 6.347797,
        "64": 6.723908
      }
    },
    "flash": {
      "utilization_fraction": 0.95,
      "edge_latencies_ms": {
        "0": 1.391588,
        "1": 5.177826,
        "2": 6.16756,
        "3": 6.400842,
        "4": 14.337469,
        "5": 5.711402,
        "6": 2.642948,
        "7": 2.576165,
        "8": 6.718477,
        "9": 8.332892,
        "10": 3.383873,
        "11": 5.580785,
        "12": 16.866754,
        "13": 2.399669,
        "14": 11.982177,
        "15": 2.786673,
        "16": 4.277055,
        "17": 5.32554,
        "18": 4.302341,
        "19": 6.090711,
        "20": 6.878208,
        "21": 3.407409,
        "22": 4.416558,
        "23": 3.103892,
        "24": 4.561211,
        "25": 4.370339,
        "26": 3.499617,
        "27": 4.789831,
        "28": 7.901296,
        "29": 6.344893,
        "30": 3.294233,
        "31": 4.337454,
        "32": 3.3828,
        "33": 4.71239,
        "34": 1.861158,
        "35": 2.09006,
        "36": 3.691728,
        "37": 2.34141,
        "38": 2.720599,
        "39": 9.470919,
        "40": 8.393176,
        "41": 2.643644,
        "42": 3.778867,
        "43": 5.112428,
        "44": 3.968939,
        "45": 2.46253,
        "46": 10.555411,
        "47": 2.751324,
        "48": 1.539577,
        "49": 3.975191,
        "50": 5.371988,
        "51": 2.031105,
        "52": 9.60302,
        "53": 2.35597,
        "54": 2.414682,
        "55": 3.022492,
        "56": 4.827135,
        "57": 6.382019,
        "58": 2.040717,
        "59": 1.763152,
        "60": 5.422368,
        "61": 3.815256,
        "62": 4.504873,
        "63": 6.423314,
        "64": 6.791455
      }
    }
  }
}