{
  "topology_id": 480,
  "load_conditions": {
    "low": {
      "utilization_fraction": 0.2,
      "edge_latencies_ms": {
        "0": 5.941354,
        "1": 6.226476,
        "2": 3.893224,
        "3": 5.033104,
        "4": 5.435527,
        "5": 1.652882,
        "6": 5.35998,
        "7": 1.283445,
        "8": 3.295492,
        "9": 4.173949,
        "10": 0.656038,
        "11": 3.594753,
        "12": 2.403506,
        "13": 2.936549,
        "14": 2.159929,
        "15": 3.30905,
        "16": 2.800575,
        "17": 3.334778,
        "18": 3.173878,
        "19": 2.367502,
        "20": 4.193823,
        "21": 1.451798,
        "22": 3.57772,
        "23": 1.927377,
        "24": 2.629024,
        "25": 2.380268,
        "26": 5.923423,
        "27": 2.65901,
        "28": 3.301118,
        "29": 17.75065,
        "30": 6.448906,
        "31": 7.772381,
        "32": 3.869146,
        "33": 3.609097,
        "34": 4.968331,
        "35": 5.633991,
        "36": 4.873753,
        "37": 4.316402,
        "38": 3.499582,
        "39": 3.538049,
        "40": 2.70524,
        "41": 2.970012,
        "42": 6.856768,
        "43": 3.39651,
        "44": 3.307659,
        "45": 5.159543,
        "46": 0.932573,
        "47": 0.413837,
        "48": 4.625524,
        "49": 5.418901,
        "50": 3.230552,
        "51": 4.22696,
        "52": 3.487659,
        "53": 1.477511,
        "54": 2.296082,
        "55": 1.024299,
        "56": 5.227233,
        "57": 2.406459,
        "58": 2.569921,
        "59": 12.913469,
        "60": 9.062394,
        "61": 8.044857,
        "62": 8.717156,
        "63": 0.880561,
        "64": 5.998678,
        "65": 1.837774,
        "66": 2.12421,
        "67": 1.594837,
        "68": 5.683244,
        "69": 2.756348,
        "70": 3.914503,
        "71": 1.791819,
        "72": 3.919319,
        "73": 2.622067,
        "74": 3.160194,
        "75": 3.190134,
        "76": 4.892317,
        "77": 4.36128,
        "78": 2.054607,
        "79": 6.490918,
        "80": 4.859825,
        "81": 2.831274,
        "82": 4.322529,
        "83": 6.548221,
        "84": 5.708536,
        "85": 3.672563,
        "86": 12.738478,
        "87": 7.195098,
        "88": 4.008621,
        "89": 2.769595,
        "90": 4.643654,
        "91": 4.104357,
        "92": 4.820606,
        "93": 5.490978,
        "94": 5.920813,
        "95": 4.494465,
        "96": 5.787636,
        "97": 5.381095,
        "98": 4.824739,
        "99": 4.798625,
        "100": 3.553307,
        "101": 4.439068,
        "102": 3.383651,
        "103": 17.197869,
        "104": 2.142956,
        "105": 2.789091,
        "106": 7.457375,
        "107": 13.076999,
        "108": 3.251877,
        "109": 5.742572,
        "110": 4.931496,
        "111": 3.018462,
        "112": 2.807751,
        "113": 3.798313,
        "114": 2.708791,
        "115": 5.896249,
        "116": 3.967923,
        "117": 6.312351,
        "118": 4.313198,
        "119": 3.536169,
        "120": 3.542586,
        "121": 3.065871,
        "122": 2.710833,
        "123": 8.375984,
        "124": 4.27848,
        "125": 5.805162,
        "126": 10.41031,
        "127": 3.877785,
        "128": 3.325567,
        "129": 1.634521,
        "130": 2.879106,
        "131": 4.483195,
        "132": 2.68435,
        "133": 4.013353,
        "134": 4.768246,
        "135": 3.8843,
        "136": 1.173372,
        "137": 1.698317,
        "138": 3.623304,
        "139": 5.81564,
        "140": 4.35184,
        "141": 2.263356,
        "142": 1.340265,
        "143": 6.869691,
        "144": 3.649516,
        "145": 4.080065,
        "146": 2.468314,
        "147": 4.562247,
        "148": 4.256653,
        "149": 3.715692,
        "150": 2.61957,
        "151": 5.805926,
        "152": 2.366692,
        "153": 1.873323,
        "154": 2.915587,
        "155": 3.887924,
        "156": 1.949004,
        "157": 4.328892,
        "158": 3.370764,
        "159": 2.239246,
        "160": 3.507972,
        "161": 2.091985,
        "162": 4.096769,
        "163": 3.001931,
        "164": 3.743602,
        "165": 5.634208,
        "166": 4.533508,
        "167": 2.362254,
        "168": 3.963548,
        "169": 2.768518,
        "170": 4.636462
      }
    },
    "medium": {
      "utilization_fraction": 0.5,
      "edge_latencies_ms": {
        "0": 5.946982,
        "1": 6.227378,
        "2": 3.898072,
        "3": 5.033977,
        "4": 5.439599,
        "5": 1.654737,
        "6": 5.363289,
        "7": 1.284981,
        "8": 3.296632,
        "9": 4.179222,
        "10": 0.658258,
        "11": 3.595523,
        "12": 2.407506,
        "13": 2.937544,
        "14": 2.160787,
        "15": 3.310753,
        "16": 2.801356,
        "17": 3.338996,
        "18": 3.175056,
        "19": 2.371337,
        "20": 4.210168,
        "21": 1.452707,
        "22": 3.580138,
        "23": 1.92818,
        "24": 2.632127,
        "25": 2.381505,
        "26": 5.924289,
        "27": 2.660449,
        "28": 3.302165,
        "29": 17.759922,
        "30": 6.449681,
        "31": 7.773501,
        "32": 3.870147,
        "33": 3.610002,
        "34": 4.97039,
        "35": 5.634874,
        "36": 4.878188,
        "37": 4.317239,
        "38": 3.501636,
        "39": 3.539228,
        "40": 2.706175,
        "41": 2.970875,
        "42": 6.857569,
        "43": 3.397728,
        "44": 3.323472,
        "45": 5.161137,
        "46": 0.933517,
        "47": 0.414792,
        "48": 4.629281,
        "49": 5.421495,
        "50": 3.231549,
        "51": 4.228501,
        "52": 3.489464,
        "53": 1.478289,
        "54": 2.296925,
        "55": 1.025325,
        "56": 5.2287,
        "57": 2.408508,
        "58": 2.571268,
        "59": 12.925336,
        "60": 9.10807,
        "61": 8.045921,
        "62": 8.749688,
        "63": 0.881475,
        "64": 5.999757,
        "65": 1.838598,
        "66": 2.127065,
        "67": 1.599154,
        "68": 5.685346,
        "69": 2.757543,
        "70": 3.921359,
        "71": 1.792703,
        "72": 3.920359,
        "73": 2.62437,
        "74": 3.160966,
        "75": 3.191532,
        "76": 4.893742,
        "77": 4.362188,
        "78": 2.055565,
        "79": 6.492236,
        "80": 4.861006,
        "81": 2.832026,
        "82": 4.325008,
        "83": 6.550224,
        "84": 5.710536,
        "85": 3.673413,
        "86": 12.75201,
        "87": 7.195861,
        "88": 4.009749,
        "89": 2.773374,
        "90": 4.644993,
        "91": 4.10518,
        "92": 4.823308,
        "93": 5.491951,
        "94": 5.923594,
        "95": 4.497692,
        "96": 5.791597,
        "97": 5.382094,
        "98": 4.830644,
        "99": 4.800543,
        "100": 3.555784,
        "101": 4.441338,
        "102": 3.385203,
        "103": 17.22475,
        "104": 2.145456,
        "105": 2.793581,
        "106": 7.458164,
        "107": 13.096971,
        "108": 3.255635,
        "109": 5.744167,
        "110": 4.941134,
        "111": 3.019456,
        "112": 2.808678,
        "113": 3.799429,
        "114": 2.710807,
        "115": 5.917911,
        "116": 3.968763,
        "117": 6.313249,
        "118": 4.314132,
        "119": 3.540204,
        "120": 3.543978,
        "121": 3.067046,
        "122": 2.714391,
        "123": 8.393943,
        "124": 4.279977,
        "125": 5.806068,
        "126": 10.421444,
        "127": 3.878688,
        "128": 3.327514,
        "129": 1.635517,
        "130": 2.883061,
        "131": 4.484044,
        "132": 2.686294,
        "133": 4.016126,
        "134": 4.770335,
        "135": 3.885129,
        "136": 1.174396,
        "137": 1.699155,
        "138": 3.624796,
        "139": 5.817489,
        "140": 4.352981,
        "141": 2.26412,
        "142": 1.341264,
        "143": 6.87084,
        "144": 3.650414,
        "145": 4.081524,
        "146": 2.469176,
        "147": 4.56677,
        "148": 4.257404,