{
  "topology_id": 194,
  "load_conditions": {
    "low": {
      "utilization_fraction": 0.2,
      "edge_latencies_ms": {
        "0": 2.258389,
        "1": 2.412216,
        "2": 2.047259,
        "3": 2.389096,
        "4": 12.860435,
        "5": 0.838797,
        "6": 4.665716,
        "7": 11.498061,
        "8": 7.899228,
        "9": 5.774744,
        "10": 3.950092,
        "11": 3.754074,
        "12": 2.860618,
        "13": 5.087682,
        "14": 1.345059,
        "15": 7.952834,
        "16": 12.788598,
        "17": 1.606244,
        "18": 4.218548,
        "19": 3.504657,
        "20": 2.686524,
        "21": 2.243805,
        "22": 3.506983
      }
    },
    "medium": {
      "utilization_fraction": 0.5,
      "edge_latencies_ms": {
        "0": 2.263521,
        "1": 2.413861,
        "2": 2.04889,
        "3": 2.390108,
        "4": 12.868917,
        "5": 0.839629,
        "6": 4.668286,
        "7": 11.512111,
        "8": 7.91039,
        "9": 5.777353,
        "10": 3.950869,
        "11": 3.757203,
        "12": 2.864344,
        "13": 5.089034,
        "14": 1.346081,
        "15": 7.962309,
        "16": 12.797843,
        "17": 1.607304,
        "18": 4.219378,
        "19": 3.507338,
        "20": 2.68781,
        "21": 2.245512,
        "22": 3.509865
      }
    },
    "high": {
      "utilization_fraction": 0.8,
      "edge_latencies_ms": {
        "0": 2.28405,
        "1": 2.420442,
        "2": 2.055414,
        "3": 2.394152,
        "4": 12.902847,
        "5": 0.842954,
        "6": 4.678565,
        "7": 11.568312,
        "8": 7.955036,
        "9": 5.787789,
        "10": 3.953974,
        "11": 3.769722,
        "12": 2.879249,
        "13": 5.094438,
        "14": 1.350167,
        "15": 8.000211,
        "16": 12.834822,
        "17": 1.611543,
        "18": 4.222697,
        "19": 3.51806,
        "20": 2.692954,
        "21": 2.25234,
        "22": 3.521392
      }
    },
    "flash": {
      "utilization_fraction": 0.95,
      "edge_latencies_ms": {
        "0": 2.386697,
        "1": 2.453348,
        "2": 2.088036,
        "3": 2.414377,
        "4": 13.072498,
        "5": 0.859581,
        "6": 4.72996,
        "7": 11.849316,
        "8": 8.178269,
        "9": 5.839969,
        "10": 3.9695,
        "11": 3.832317,
        "12": 2.953771,
        "13": 5.121461,
        "14": 1.370596,
        "15": 8.189718,
        "16": 13.01972,
        "17": 1.632736,
        "18": 4.239293,
        "19": 3.57167,
        "20": 2.718674,
        "21": 2.286483,
        "22": 3.579027
      }
    }
  }
}