{
  "topology_id": 260,
  "load_conditions": {
    "low": {
      "utilization_fraction": 0.2,
      "edge_latencies_ms": {
        "0": 3.079852,
        "1": 3.734593,
        "2": 1.123072,
        "3": 3.031357,
        "4": 3.475617,
        "5": 3.841186,
        "6": 3.647794,
        "7": 3.337643,
        "8": 2.442038,
        "9": 7.515545,
        "10": 4.660239,
        "11": 16.014558,
        "12": 14.616721,
        "13": 3.952757,
        "14": 5.163148,
        "15": 5.196296,
        "16": 1.551756,
        "17": 3.471775,
        "18": 0.726305,
        "19": 3.708616,
        "20": 4.391802,
        "21": 1.601457,
        "22": 3.871617,
        "23": 4.611872,
        "24": 5.563015,
        "25": 4.486198,
        "26": 3.773706,
        "27": 6.35355,
        "28": 14.290005,
        "29": 2.484241,
        "30": 1.845312,
        "31": 3.942895,
        "32": 14.942565,
        "33": 3.500266,
        "34": 6.34681,
        "35": 4.071845,
        "36": 2.70777,
        "37": 2.709419,
        "38": 3.462827,
        "39": 13.548251,
        "40": 3.479364,
        "41": 4.337285,
        "42": 3.083305,
        "43": 2.570474,
        "44": 2.883111,
        "45": 2.586654,
        "46": 2.822061,
        "47": 2.358668,
        "48": 3.359887,
        "49": 3.631551,
        "50": 1.49198,
        "51": 3.042834,
        "52": 1.908954,
        "53": 5.776668,
        "54": 3.271701
      }
    },
    "medium": {
      "utilization_fraction": 0.5,
      "edge_latencies_ms": {
        "0": 3.080763,
        "1": 3.735968,
        "2": 1.125166,
        "3": 3.032476,
        "4": 3.47698,
        "5": 3.842005,
        "6": 3.650228,
        "7": 3.34361,
        "8": 2.442974,
        "9": 7.526256,
        "10": 4.66115,
        "11": 16.022223,
        "12": 14.62625,
        "13": 3.954703,
        "14": 5.164216,
        "15": 5.197386,
        "16": 1.556064,
        "17": 3.473023,
        "18": 0.727724,
        "19": 3.712447,
        "20": 4.400764,
        "21": 1.612337,
        "22": 3.872469,
        "23": 4.61344,
        "24": 5.563794,
        "25": 4.487044,
        "26": 3.775811,
        "27": 6.357444,
        "28": 14.356108,
        "29": 2.485334,
        "30": 1.846682,
        "31": 3.946683,
        "32": 14.951373,
        "33": 3.501063,
        "34": 6.347981,
        "35": 4.073035,
        "36": 2.708618,
        "37": 2.710293,
        "38": 3.464359,
        "39": 13.558456,
        "40": 3.480158,
        "41": 4.338519,
        "42": 3.088763,
        "43": 2.571434,
        "44": 2.884495,
        "45": 2.587733,
        "46": 2.823559,
        "47": 2.360256,
        "48": 3.360978,
        "49": 3.632394,
        "50": 1.492907,
        "51": 3.048965,
        "52": 1.912151,
        "53": 5.778455,
        "54": 3.27284
      }
    },
    "high": {
      "utilization_fraction": 0.8,
      "edge_latencies_ms": {
        "0": 3.084409,
        "1": 3.741468,
        "2": 1.133539,
        "3": 3.036948,
        "4": 3.482432,
        "5": 3.845281,
        "6": 3.659965,
        "7": 3.367478,
        "8": 2.446721,
        "9": 7.569102,
        "10": 4.664797,
        "11": 16.052881,
        "12": 14.664366,
        "13": 3.96249,
        "14": 5.168486,
        "15": 5.201743,
        "16": 1.573295,
        "17": 3.478017,
        "18": 0.733399,
        "19": 3.727774,
        "20": 4.436612,
        "21": 1.655859,
        "22": 3.87588,
        "23": 4.619715,
        "24": 5.56691,
        "25": 4.490428,
        "26": 3.784228,
        "27": 6.373017,
        "28": 14.620522,
        "29": 2.489706,
        "30": 1.852164,
        "31": 3.961836,
        "32": 14.986604,
        "33": 3.504251,
        "34": 6.352664,
        "35": 4.077792,
        "36": 2.712011,
        "37": 2.71379,
        "38": 3.470485,
        "39": 13.599274,
        "40": 3.483332,
        "41": 4.343457,
        "42": 3.110593,
        "43": 2.575276,
        "44": 2.890032,
        "45": 2.592046,
        "46": 2.829551,
        "47": 2.366606,
        "48": 3.365344,
        "49": 3.635762,
        "50": 1.496617,
        "51": 3.073489,
        "52": 1.924938,
        "53": 5.785603,
        "54": 3.277394
      }
    },
    "flash": {
      "utilization_fraction": 0.95,
      "edge_latencies_ms": {
        "0": 3.102639,
        "1": 3.768971,
        "2": 1.175404,
        "3": 3.059313,
        "4": 3.509696,
        "5": 3.861663,
        "6": 3.70865,
        "7": 3.486818,
        "8": 2.465454,
        "9": 7.78333,
        "10": 4.68303,
        "11": 16.206175,
        "12": 14.854944,
        "13": 4.001421,
        "14": 5.189838,
        "15": 5.223531,
        "16": 1.659453,
        "17": 3.502986,
        "18": 0.761772,
        "19": 3.80441,
        "20": 4.615853,
        "21": 1.873468,
        "22": 3.892933,
        "23": 4.651087,
        "24": 5.58249,
        "25": 4.507348,
        "26": 3.826313,
        "27": 6.450885,
        "28": 15.942592,
        "29": 2.511566,
        "30": 1.879572,
        "31": 4.037603,
        "32": 15.162758,
        "33": 3.520193,
        "34": 6.376078,
        "35": 4.101577,
        "36": 2.728975,
        "37": 2.731272,
        "38": 3.501118,
        "39": 13.803366,
        "40": 3.499205,
        "41": 4.368142,
        "42": 3.219743,
        "43": 2.594485,
        "44": 2.917716,
        "45": 2.613612,
        "46": 2.859513,
        "47": 2.398358,
        "48": 3.387169,
        "49": 3.652605,
        "50": 1.515164,
        "51": 3.196109,
        "52": 1.98887,
        "53": 5.821341,
        "54": 3.300168
      }
    }
  }
}