{
  "topology_id": 278,
  "load_conditions": {
    "low": {
      "utilization_fraction": 0.2,
      "edge_latencies_ms": {
        "0": 2.536206,
        "1": 3.675421,
        "2": 2.135343,
        "3": 4.904662,
        "4": 7.794643,
        "5": 23.928371,
        "6": 3.658465,
        "7": 1.839469,
        "8": 2.532492,
        "9": 3.753335,
        "10": 17.103587,
        "11": 4.407615,
        "12": 19.685409,
        "13": 15.975021,
        "14": 4.434343,
        "15": 3.379329,
        "16": 14.130352,
        "17": 19.056669,
        "18": 4.133178,
        "19": 4.215113,
        "20": 3.908955,
        "21": 6.017193,
        "22": 1.829365,
        "23": 3.478933,
        "24": 4.016238,
        "25": 18.945167,
        "26": 3.167211,
        "27": 2.31598,
        "28": 2.526237,
        "29": 3.805382,
        "30": 13.415958,
        "31": 3.614895,
        "32": 3.251947,
        "33": 16.33903,
        "34": 16.300739,
        "35": 4.297133,
        "36": 3.369607,
        "37": 6.03606,
        "38": 6.742717,
        "39": 7.570439,
        "40": 4.347838,
        "41": 2.187533,
        "42": 5.002915,
        "43": 7.614936,
        "44": 5.719742,
        "45": 7.856133,
        "46": 8.029583,
        "47": 2.509098,
        "48": 4.656347,
        "49": 1.437214,
        "50": 7.148766,
        "51": 3.19988,
        "52": 3.464971,
        "53": 5.041104,
        "54": 8.898735,
        "55": 5.406374,
        "56": 5.93343,
        "57": 7.273424,
        "58": 3.130881,
        "59": 6.291962,
        "60": 2.13954,
        "61": 3.520205,
        "62": 3.63321,
        "63": 2.478404,
        "64": 3.129062,
        "65": 4.52362,
        "66": 5.424265,
        "67": 3.919457,
        "68": 3.813161,
        "69": 2.984607,
        "70": 4.689689,
        "71": 4.004312,
        "72": 5.203066
      }
    },
    "medium": {
      "utilization_fraction": 0.5,
      "edge_latencies_ms": {
        "0": 2.538001,
        "1": 3.676355,
        "2": 2.136448,
        "3": 4.905823,
        "4": 7.795446,
        "5": 23.950871,
        "6": 3.659774,
        "7": 1.841557,
        "8": 2.534013,
        "9": 3.755952,
        "10": 17.112573,
        "11": 4.409335,
        "12": 19.695473,
        "13": 15.983761,
        "14": 4.435134,
        "15": 3.380095,
        "16": 14.179088,
        "17": 19.064392,
        "18": 4.134717,
        "19": 4.216715,
        "20": 3.909745,
        "21": 6.018242,
        "22": 1.831509,
        "23": 3.480031,
        "24": 4.017074,
        "25": 18.97154,
        "26": 3.168888,
        "27": 2.317206,
        "28": 2.528611,
        "29": 3.807131,
        "30": 13.427832,
        "31": 3.617639,
        "32": 3.252809,
        "33": 16.36825,
        "34": 16.311897,
        "35": 4.298189,
        "36": 3.370493,
        "37": 6.036998,
        "38": 6.744128,
        "39": 7.571431,
        "40": 4.348926,
        "41": 2.188629,
        "42": 5.003853,
        "43": 7.616065,
        "44": 5.770743,
        "45": 7.857345,
        "46": 8.030537,
        "47": 2.510247,
        "48": 4.661012,
        "49": 1.438177,
        "50": 7.163526,
        "51": 3.201147,
        "52": 3.469703,
        "53": 5.042379,
        "54": 8.900154,
        "55": 5.407125,
        "56": 5.936399,
        "57": 7.280899,
        "58": 3.131836,
        "59": 6.293135,
        "60": 2.140835,
        "61": 3.523284,
        "62": 3.6501,
        "63": 2.481346,
        "64": 3.131195,
        "65": 4.524881,
        "66": 5.425336,
        "67": 3.920693,
        "68": 3.815415,
        "69": 2.988681,
        "70": 4.690532,
        "71": 4.00589,
        "72": 5.205548
      }
    },
    "high": {
      "utilization_fraction": 0.8,
      "edge_latencies_ms": {
        "0": 2.545181,
        "1": 3.68009,
        "2": 2.140868,
        "3": 4.910467,
        "4": 7.798658,
        "5": 24.040871,
        "6": 3.665009,
        "7": 1.84991,
        "8": 2.5401,
        "9": 3.766421,
        "10": 17.148518,
        "11": 4.416217,
        "12": 19.735731,
        "13": 16.01872,
        "14": 4.4383,
        "15": 3.383157,
        "16": 14.374032,
        "17": 19.095285,
        "18": 4.140876,
        "19": 4.223123,
        "20": 3.912904,
        "21": 6.022436,
        "22": 1.840082,
        "23": 3.484422,
        "24": 4.020415,
        "25": 19.077029,
        "26": 3.175593,
        "27": 2.322109,
        "28": 2.538107,
        "29": 3.814125,
        "30": 13.475329,
        "31": 3.628614,
        "32": 3.256256,
        "33": 16.485134,
        "34": 16.356529,
        "35": 4.302411,
        "36": 3.374034,
        "37": 6.040754,
        "38": 6.749773,
        "39": 7.575398,
        "40": 4.35328,
        "41": 2.193012,
        "42": 5.007606,
        "43": 7.62058,
        "44": 5.974746,
        "45": 7.862192,
        "46": 8.034353,
        "47": 2.514841,
        "48": 4.679673,
        "49": 1.442028,
        "50": 7.222567,
        "51": 3.206213,
        "52": 3.48863,
        "53": 5.047477,
        "54": 8.905828,
        "55": 5.410128,
        "56": 5.948275,
        "57": 7.310797,
        "58": 3.135656,
        "59": 6.297828,
        "60": 2.146013,
        "61": 3.535603,
        "62": 3.717657,
        "63": 2.493115,
        "64": 3.139725,
        "65": 4.529922,
        "66": 5.42962,
        "67": 3.925633,
        "68": 3.82443,
        "69": 3.004975,
        "70": 4.693903,
        "71": 4.012205,
        "72": 5.21548
      }
    },
    "flash": {
      "utilization_fraction": 0.95,
      "edge_latencies_ms": {
        "0": 2.581081,
        "1": 3.698769,
        "2": 2.162971,
        "3": 4.933687,
        "4": 7.81472,
        "5": 24.490872,
        "6": 3.691185,
        "7": 1.891673,
        "8": 2.570534,
        "9": 3.818766,
        "10": 17.328242,
        "11": 4.450624,
        "12": 19.937016,
        "13": 16.193518,
        "14": 4.454126,
        "15": 3.398466,
        "16": 15.348754,
        "17": 19.249753,
        "18": 4.171667,
        "19": 4.255165,
        "20": 3.9287,
        "21": 6.043405,
        "22": 1.882949,
        "23": 3.506377,
        "24": 4.03712,
        "25": 19.604476,
        "26": 3.209122,
        "27": 2.346622,
        "28": 2.585588,
        "29": 3.849099,
        "30": 13.712812,
        "31": 3.683493,
        "32": 3.27349,
        "33": 17.069552,
        "34": 16.579686,
        "35": 4.323525,
        "36": 3.39174,
        "37": 6.059533,
        "38": 6.777998,
        "39": 7.595234,
        "40": 4.375047,
        "41": 2.214928,
        "42": 5.026369,
        "43": 7.643154,
        "44": 6.994759,
        "45": 7.886426,
        "46": 8.053433,
        "47": 2.537813,
        "48": 4.772979,
        "49": 1.461285,
        "50": 7.517772,
        "51": 3.231547,
        "52": 3.583263,
        "53": 5.072968,
        "54": 8.934198,
        "55": 5.42514,
        "56": 6.007655,
        "57": 7.460286,
        "58": 3.154756,
        "59": 6.321292,
        "60": 2.171906,
        "61": 3.597196,
        "62": 4.055442,
        "63": 2.55196,
        "64": 3.182376,
        "65": 4.555126,
        "66": 5.451037,
        "67": 3.950337,
        "68": 3.869506,
        "69": 3.086446,
        "70": 4.710757,
        "71": 4.043777,
        "72": 5.265135
      }
    }
  }
}