{
  "topology_id": 378,
  "load_conditions": {
    "low": {
      "utilization_fraction": 0.2,
      "edge_latencies_ms": {
        "0": 1.920123,
        "1": 2.401107,
        "2": 2.997927,
        "3": 7.878449,
        "4": 4.728991,
        "5": 4.460434,
        "6": 8.527332,
        "7": 8.5936,
        "8": 5.977272,
        "9": 13.312673,
        "10": 3.365628,
        "11": 12.172476,
        "12": 5.874496,
        "13": 2.887854,
        "14": 2.04811,
        "15": 1.787489,
        "16": 1.035468,
        "17": 2.075732,
        "18": 3.706901,
        "19": 15.851518,
        "20": 2.351705,
        "21": 4.741121,
        "22": 1.421715,
        "23": 2.540342,
        "24": 4.547263,
        "25": 5.359993,
        "26": 11.161151,
        "27": 4.815392,
        "28": 4.483195,
        "29": 2.184967,
        "30": 2.30165,
        "31": 4.682594,
        "32": 4.374254,
        "33": 2.994891,
        "34": 4.564829,
        "35": 3.794472,
        "36": 5.107667,
        "37": 5.054274,
        "38": 3.520493,
        "39": 3.214989,
        "40": 2.399197,
        "41": 4.366645,
        "42": 3.742013,
        "43": 1.519458,
        "44": 2.12571,
        "45": 4.281155,
        "46": 2.536152,
        "47": 1.838773,
        "48": 3.107464
      }
    },
    "medium": {
      "utilization_fraction": 0.5,
      "edge_latencies_ms": {
        "0": 1.921729,
        "1": 2.402193,
        "2": 2.999449,
        "3": 7.89133,
        "4": 4.731054,
        "5": 4.46553,
        "6": 8.543743,
        "7": 8.594603,
        "8": 5.980971,
        "9": 13.326066,
        "10": 3.369846,
        "11": 12.181658,
        "12": 5.875318,
        "13": 2.888871,
        "14": 2.049399,
        "15": 1.788327,
        "16": 1.036503,
        "17": 2.077737,
        "18": 3.707713,
        "19": 15.860242,
        "20": 2.352482,
        "21": 4.741935,
        "22": 1.425271,
        "23": 2.542891,
        "24": 4.549366,
        "25": 5.36188,
        "26": 11.175987,
        "27": 4.816794,
        "28": 4.486607,
        "29": 2.189386,
        "30": 2.303095,
        "31": 4.686251,
        "32": 4.378066,
        "33": 2.995962,
        "34": 4.566019,
        "35": 3.797733,
        "36": 5.108597,
        "37": 5.055336,
        "38": 3.524408,
        "39": 3.216266,
        "40": 2.400323,
        "41": 4.368158,
        "42": 3.743198,
        "43": 1.520447,
        "44": 2.127175,
        "45": 4.285478,
        "46": 2.536964,
        "47": 1.840541,
        "48": 3.112567
      }
    },
    "high": {
      "utilization_fraction": 0.8,
      "edge_latencies_ms": {
        "0": 1.928154,
        "1": 2.406533,
        "2": 3.005537,
        "3": 7.942856,
        "4": 4.739306,
        "5": 4.485911,
        "6": 8.609388,
        "7": 8.598616,
        "8": 5.99577,
        "9": 13.379637,
        "10": 3.386715,
        "11": 12.218387,
        "12": 5.878605,
        "13": 2.892941,
        "14": 2.054551,
        "15": 1.791675,
        "16": 1.040643,
        "17": 2.085756,
        "18": 3.71096,
        "19": 15.895135,
        "20": 2.35559,
        "21": 4.745194,
        "22": 1.439494,
        "23": 2.553087,
        "24": 4.557777,
        "25": 5.369428,
        "26": 11.235328,
        "27": 4.8224,
        "28": 4.500254,
        "29": 2.20706,
        "30": 2.308873,
        "31": 4.70088,
        "32": 4.393314,
        "33": 3.000246,
        "34": 4.57078,
        "35": 3.810776,
        "36": 5.112316,
        "37": 5.059586,
        "38": 3.540069,
        "39": 3.221371,
        "40": 2.404828,
        "41": 4.374211,
        "42": 3.747937,
        "43": 1.524406,
        "44": 2.133037,
        "45": 4.30277,
        "46": 2.540211,
        "47": 1.847611,
        "48": 3.132979
      }
    },
    "flash": {
      "utilization_fraction": 0.95,
      "edge_latencies_ms": {
        "0": 1.960279,
        "1": 2.428236,
        "2": 3.035977,
        "3": 8.200483,
        "4": 4.780564,
        "5": 4.587815,
        "6": 8.937612,
        "7": 8.61868,
        "8": 6.069762,
        "9": 13.64749,
        "10": 3.47106,
        "11": 12.40203,
        "12": 5.895038,
        "13": 2.913287,
        "14": 2.080315,
        "15": 1.808418,
        "16": 1.061344,
        "17": 2.125856,
        "18": 3.727197,
        "19": 16.0696,
        "20": 2.371133,
        "21": 4.761486,
        "22": 1.510613,
        "23": 2.604068,
        "24": 4.599834,
        "25": 5.407169,
        "26": 11.532035,
        "27": 4.850432,
        "28": 4.568492,
        "29": 2.295431,
        "30": 2.337766,
        "31": 4.774024,
        "32": 4.469553,
        "33": 3.021663,
        "34": 4.594586,
        "35": 3.875991,
        "36": 5.130912,
        "37": 5.080834,
        "38": 3.61837,
        "39": 3.246899,
        "40": 2.42735,
        "41": 4.404476,
        "42": 3.771631,
        "43": 1.544199,
        "44": 2.162347,
        "45": 4.389228,
        "46": 2.556446,
        "47": 1.882961,
        "48": 3.235037
      }
    }
  }
}