{
  "topology_id": 341,
  "load_conditions": {
    "low": {
      "utilization_fraction": 0.2,
      "edge_latencies_ms": {
        "0": 6.873519,
        "1": 2.654023,
        "2": 4.334731,
        "3": 6.04433,
        "4": 16.429596,
        "5": 4.529108,
        "6": 11.834829,
        "7": 10.492031,
        "8": 5.250904,
        "9": 3.95862,
        "10": 2.9819,
        "11": 9.225408,
        "12": 3.957564,
        "13": 4.370232,
        "14": 2.30247,
        "15": 4.052804,
        "16": 3.391471,
        "17": 7.790749,
        "18": 2.848965,
        "19": 2.203736,
        "20": 3.302745,
        "21": 4.975625,
        "22": 5.299773,
        "23": 5.135492,
        "24": 4.869719,
        "25": 5.172972,
        "26": 5.387807,
        "27": 1.85147,
        "28": 5.767899,
        "29": 5.933686,
        "30": 6.003487,
        "31": 8.717215,
        "32": 2.809211,
        "33": 1.844452,
        "34": 1.761877,
        "35": 4.35291,
        "36": 0.539848,
        "37": 2.421118,
        "38": 3.707731,
        "39": 3.349951,
        "40": 3.216504,
        "41": 2.516859,
        "42": 2.11736,
        "43": 4.21197,
        "44": 7.29105,
        "45": 5.98893,
        "46": 4.468925,
        "47": 1.167119,
        "48": 2.885907,
        "49": 4.493447,
        "50": 6.189723,
        "51": 4.129271,
        "52": 2.93884,
        "53": 11.008745,
        "54": 11.496083,
        "55": 3.931938,
        "56": 0.849669,
        "57": 6.483294,
        "58": 6.406001,
        "59": 3.237705,
        "60": 2.499192,
        "61": 2.713457,
        "62": 1.629165,
        "63": 3.101058,
        "64": 4.780755,
        "65": 4.132549
      }
    },
    "medium": {
      "utilization_fraction": 0.5,
      "edge_latencies_ms": {
        "0": 6.878323,
        "1": 2.654925,
        "2": 4.33611,
        "3": 6.045531,
        "4": 16.437962,
        "5": 4.529935,
        "6": 11.867643,
        "7": 10.49286,
        "8": 5.252124,
        "9": 3.959538,
        "10": 2.982743,
        "11": 9.227279,
        "12": 3.970213,
        "13": 4.372481,
        "14": 2.305619,
        "15": 4.054087,
        "16": 3.392336,
        "17": 7.794906,
        "18": 2.850504,
        "19": 2.204941,
        "20": 3.303689,
        "21": 4.979563,
        "22": 5.307111,
        "23": 5.136296,
        "24": 4.870773,
        "25": 5.180943,
        "26": 5.400715,
        "27": 1.852858,
        "28": 5.769536,
        "29": 5.936103,
        "30": 6.005,
        "31": 8.731252,
        "32": 2.81,
        "33": 1.846038,
        "34": 1.762686,
        "35": 4.353699,
        "36": 0.541519,
        "37": 2.424334,
        "38": 3.709098,
        "39": 3.357052,
        "40": 3.219679,
        "41": 2.517693,
        "42": 2.118538,
        "43": 4.21272,
        "44": 7.292178,
        "45": 5.989691,
        "46": 4.469755,
        "47": 1.170137,
        "48": 2.888267,
        "49": 4.494487,
        "50": 6.204511,
        "51": 4.130576,
        "52": 2.942265,
        "53": 11.020206,
        "54": 11.506098,
        "55": 3.937219,
        "56": 0.850545,
        "57": 6.484479,
        "58": 6.407761,
        "59": 3.23871,
        "60": 2.500273,
        "61": 2.71465,
        "62": 1.63111,
        "63": 3.102348,
        "64": 4.783991,
        "65": 4.133544
      }
    },
    "high": {
      "utilization_fraction": 0.8,
      "edge_latencies_ms": {
        "0": 6.89754,
        "1": 2.658532,
        "2": 4.341625,
        "3": 6.050334,
        "4": 16.47143,
        "5": 4.53324,
        "6": 11.998899,
        "7": 10.496177,
        "8": 5.257002,
        "9": 3.963209,
        "10": 2.986116,
        "11": 9.234761,
        "12": 4.020807,
        "13": 4.381478,
        "14": 2.318215,
        "15": 4.059219,
        "16": 3.395798,
        "17": 7.811534,
        "18": 2.856659,
        "19": 2.209761,
        "20": 3.307464,
        "21": 4.995317,
        "22": 5.336463,
        "23": 5.139511,
        "24": 4.874988,
        "25": 5.21283,
        "26": 5.452343,
        "27": 1.85841,
        "28": 5.776082,
        "29": 5.945769,
        "30": 6.011052,
        "31": 8.787397,
        "32": 2.813155,
        "33": 1.852384,
        "34": 1.765925,
        "35": 4.356856,
        "36": 0.548202,
        "37": 2.437197,
        "38": 3.714568,
        "39": 3.385454,
        "40": 3.232378,
        "41": 2.521032,
        "42": 2.123248,
        "43": 4.215722,
        "44": 7.29669,
        "45": 5.992739,
        "46": 4.473074,
        "47": 1.18221,
        "48": 2.897706,
        "49": 4.498649,
        "50": 6.263666,
        "51": 4.135795,
        "52": 2.955964,
        "53": 11.066051,
        "54": 11.546159,
        "55": 3.958346,
        "56": 0.854051,
        "57": 6.489217,
        "58": 6.414805,
        "59": 3.242728,
        "60": 2.504595,
        "61": 2.719422,
        "62": 1.63889,
        "63": 3.107506,
        "64": 4.796937,
        "65": 4.137525
      }
    },
    "flash": {
      "utilization_fraction": 0.95,
      "edge_latencies_ms": {
        "0": 6.993627,
        "1": 2.676568,
        "2": 4.369201,
        "3": 6.074347,
        "4": 16.638766,
        "5": 4.549766,
        "6": 12.655178,
        "7": 10.51276,
        "8": 5.28139,
        "9": 3.981565,
        "10": 3.002982,
        "11": 9.272171,
        "12": 4.273778,
        "13": 4.426463,
        "14": 2.381194,
        "15": 4.08488,
        "16": 3.413105,
        "17": 7.894675,
        "18": 2.887433,
        "19": 2.23386,
        "20": 3.326339,
        "21": 5.074086,
        "22": 5.483225,
        "23": 5.155586,
        "24": 4.896061,
        "25": 5.372263,
        "26": 5.710487,
        "27": 1.886171,
        "28": 5.808815,
        "29": 5.9941,
        "30": 6.041314,
        "31": 9.068126,
        "32": 2.828931,
        "33": 1.884116,
        "34": 1.782116,
        "35": 4.372638,
        "36": 0.581614,
        "37": 2.501516,
        "38": 3.741918,
        "39": 3.527468,
        "40": 3.295871,
        "41": 2.537726,
        "42": 2.1468,
        "43": 4.230732,
        "44": 7.31925,
        "45": 6.007976,
        "46": 4.489669,
        "47": 1.242577,
        "48": 2.944902,
        "49": 4.51946,
        "50": 6.559438,
        "51": 4.16189,
        "52": 3.02446,
        "53": 11.295275,
        "54": 11.746464,
        "55": 4.06398,
        "56": 0.87158,
        "57": 6.51291,
        "58": 6.450021,
        "59": 3.262821,
        "60": 2.526208,
        "61": 2.743281,
        "62": 1.67779,
        "63": 3.133294,
        "64": 4.861663,
        "65": 4.157432
      }
    }
  }
}