{
  "topology_id": 122,
  "load_conditions": {
    "low": {
      "utilization_fraction": 0.2,
      "edge_latencies_ms": {
        "0": 3.781866,
        "1": 3.093386,
        "2": 4.303001,
        "3": 4.658546,
        "4": 2.301712,
        "5": 2.377337,
        "6": 3.776564,
        "7": 5.301904,
        "8": 3.735885,
        "9": 5.01171,
        "10": 5.38067,
        "11": 10.052259,
        "12": 2.347552,
        "13": 4.448002,
        "14": 4.046607,
        "15": 9.233985,
        "16": 3.003465,
        "17": 2.221367,
        "18": 3.201164,
        "19": 2.380185,
        "20": 3.417467,
        "21": 0.447671,
        "22": 3.215416,
        "23": 1.671282,
        "24": 4.174632,
        "25": 3.880266,
        "26": 4.659331,
        "27": 3.208359,
        "28": 3.667831,
        "29": 3.838205,
        "30": 8.041253,
        "31": 2.292797,
        "32": 6.807847,
        "33": 4.223054,
        "34": 5.526703,
        "35": 2.883321,
        "36": 3.531933,
        "37": 2.911698,
        "38": 3.650034,
        "39": 3.185487,
        "40": 3.521149,
        "41": 3.310803,
        "42": 3.772977,
        "43": 3.024655,
        "44": 2.246668,
        "45": 3.891261,
        "46": 1.437967,
        "47": 3.036042,
        "48": 4.596631,
        "49": 5.418494,
        "50": 3.211884,
        "51": 6.255665,
        "52": 4.201725,
        "53": 4.290635,
        "54": 2.600734,
        "55": 4.678506,
        "56": 3.840694,
        "57": 2.41888,
        "58": 3.097782,
        "59": 2.585158,
        "60": 5.099176
      }
    },
    "medium": {
      "utilization_fraction": 0.5,
      "edge_latencies_ms": {
        "0": 3.782625,
        "1": 3.094705,
        "2": 4.307731,
        "3": 4.660288,
        "4": 2.302618,
        "5": 2.378195,
        "6": 3.777881,
        "7": 5.30436,
        "8": 3.737061,
        "9": 5.012754,
        "10": 5.381571,
        "11": 10.064417,
        "12": 2.348843,
        "13": 4.449784,
        "14": 4.047686,
        "15": 9.247357,
        "16": 3.004482,
        "17": 2.222732,
        "18": 3.203864,
        "19": 2.381193,
        "20": 3.418511,
        "21": 0.450525,
        "22": 3.217952,
        "23": 1.672033,
        "24": 4.175935,
        "25": 3.890374,
        "26": 4.660107,
        "27": 3.209222,
        "28": 3.672289,
        "29": 3.843851,
        "30": 8.050004,
        "31": 2.298196,
        "32": 6.859221,
        "33": 4.224164,
        "34": 5.558117,
        "35": 2.884812,
        "36": 3.534073,
        "37": 2.913946,
        "38": 3.65099,
        "39": 3.189052,
        "40": 3.522066,
        "41": 3.311917,
        "42": 3.775055,
        "43": 3.026369,
        "44": 2.24785,
        "45": 3.892239,
        "46": 1.441144,
        "47": 3.03728,
        "48": 4.59743,
        "49": 5.419973,
        "50": 3.215458,
        "51": 6.257384,
        "52": 4.204205,
        "53": 4.291498,
        "54": 2.60164,
        "55": 4.680159,
        "56": 3.84165,
        "57": 2.420822,
        "58": 3.099253,
        "59": 2.586066,
        "60": 5.100736
      }
    },
    "high": {
      "utilization_fraction": 0.8,
      "edge_latencies_ms": {
        "0": 3.785661,
        "1": 3.099981,
        "2": 4.326655,
        "3": 4.667256,
        "4": 2.306241,
        "5": 2.381631,
        "6": 3.78315,
        "7": 5.314182,
        "8": 3.741763,
        "9": 5.016932,
        "10": 5.385176,
        "11": 10.113051,
        "12": 2.354005,
        "13": 4.456915,
        "14": 4.052005,
        "15": 9.300846,
        "16": 3.008552,
        "17": 2.228195,
        "18": 3.214665,
        "19": 2.385228,
        "20": 3.422689,
        "21": 0.461941,
        "22": 3.228096,
        "23": 1.675038,
        "24": 4.181146,
        "25": 3.930805,
        "26": 4.663211,
        "27": 3.212672,
        "28": 3.690119,
        "29": 3.866433,
        "30": 8.085008,
        "31": 2.319789,
        "32": 7.064718,
        "33": 4.228603,
        "34": 5.683774,
        "35": 2.890778,
        "36": 3.542629,
        "37": 2.922936,
        "38": 3.654814,
        "39": 3.203313,
        "40": 3.525733,
        "41": 3.316377,
        "42": 3.783368,
        "43": 3.033225,
        "44": 2.252575,
        "45": 3.896148,
        "46": 1.453852,
        "47": 3.042236,
        "48": 4.600627,
        "49": 5.425892,
        "50": 3.229752,
        "51": 6.264264,
        "52": 4.214124,
        "53": 4.294951,
        "54": 2.605263,
        "55": 4.686773,
        "56": 3.845473,
        "57": 2.428591,
        "58": 3.105137,
        "59": 2.5897,
        "60": 5.10698
      }
    },
    "flash": {
      "utilization_fraction": 0.95,
      "edge_latencies_ms": {
        "0": 3.800841,
        "1": 3.12636,
        "2": 4.421271,
        "3": 4.702096,
        "4": 2.324356,
        "5": 2.398807,
        "6": 3.809492,
        "7": 5.363293,
        "8": 3.765272,
        "9": 5.037822,
        "10": 5.403199,
        "11": 10.356218,
        "12": 2.379815,
        "13": 4.492567,
        "14": 4.073598,
        "15": 9.568289,
        "16": 3.028898,
        "17": 2.255511,
        "18": 3.268669,
        "19": 2.405399,
        "20": 3.443575,
        "21": 0.519022,
        "22": 3.278817,
        "23": 1.690062,
        "24": 4.207203,
        "25": 4.13296,
        "26": 4.678733,
        "27": 3.229923,
        "28": 3.779271,
        "29": 3.979348,
        "30": 8.260032,
        "31": 2.427756,
        "32": 8.092201,
        "33": 4.250797,
        "34": 6.312058,
        "35": 2.920606,
        "36": 3.58541,
        "37": 2.967885,
        "38": 3.673933,
        "39": 3.27462,
        "40": 3.544067,
        "41": 3.338677,
        "42": 3.824931,
        "43": 3.067508,
        "44": 2.276203,
        "45": 3.915696,
        "46": 1.517392,
        "47": 3.067014,
        "48": 4.616608,
        "49": 5.455488,
        "50": 3.301225,
        "51": 6.298661,
        "52": 4.26372,
        "53": 4.312216,
        "54": 2.623379,
        "55": 4.719842,
        "56": 3.864589,
        "57": 2.467439,
        "58": 3.134556,
        "59": 2.607867,
        "60": 5.138199
      }
    }
  }
}