{
  "topology_id": 191,
  "load_conditions": {
    "low": {
      "utilization_fraction": 0.2,
      "edge_latencies_ms": {
        "0": 2.814915,
        "1": 4.749308,
        "2": 3.767031,
        "3": 2.656767,
        "4": 3.128963,
        "5": 2.906342,
        "6": 5.167644,
        "7": 1.113995,
        "8": 1.450755,
        "9": 3.008704,
        "10": 5.001659,
        "11": 1.719433,
        "12": 2.822793,
        "13": 3.548197,
        "14": 2.624279,
        "15": 4.801635,
        "16": 3.419756,
        "17": 2.412144,
        "18": 2.216087,
        "19": 13.545451,
        "20": 3.961839,
        "21": 3.636586,
        "22": 3.460394,
        "23": 4.224919,
        "24": 5.09793,
        "25": 2.226167,
        "26": 2.884251,
        "27": 1.581953,
        "28": 5.333182,
        "29": 2.023679,
        "30": 2.095816,
        "31": 7.071959,
        "32": 13.176109,
        "33": 4.123215,
        "34": 5.422455,
        "35": 1.870582,
        "36": 1.853055,
        "37": 6.268324,
        "38": 2.65991,
        "39": 1.524221,
        "40": 3.323011,
        "41": 2.625046,
        "42": 2.380428,
        "43": 3.138876,
        "44": 2.950295,
        "45": 4.228232,
        "46": 2.432351,
        "47": 4.936519,
        "48": 3.277862,
        "49": 4.039799,
        "50": 5.020614,
        "51": 5.614174,
        "52": 2.337686,
        "53": 3.998237,
        "54": 1.604548,
        "55": 5.526736,
        "56": 4.910584,
        "57": 2.171297,
        "58": 5.002293,
        "59": 1.663586,
        "60": 2.952909,
        "61": 1.447014,
        "62": 1.84933,
        "63": 1.131759,
        "64": 4.309284,
        "65": 3.896707,
        "66": 6.392073,
        "67": 4.002359,
        "68": 5.307017,
        "69": 4.232221,
        "70": 3.568948,
        "71": 1.321148,
        "72": 4.064512,
        "73": 2.772135,
        "74": 3.011369,
        "75": 11.298656,
        "76": 3.743548,
        "77": 2.424229,
        "78": 10.837686,
        "79": 5.754611,
        "80": 5.093718,
        "81": 5.825592,
        "82": 5.375998,
        "83": 5.995888,
        "84": 5.264737,
        "85": 8.303113,
        "86": 5.408605,
        "87": 7.782604,
        "88": 5.623328,
        "89": 9.153583,
        "90": 7.584697,
        "91": 4.188992,
        "92": 2.378238,
        "93": 4.153521,
        "94": 1.744808,
        "95": 4.069714,
        "96": 2.282917,
        "97": 1.866213,
        "98": 3.042461,
        "99": 2.674547,
        "100": 3.534932,
        "101": 3.497589,
        "102": 4.875574,
        "103": 6.905182,
        "104": 3.886422,
        "105": 3.004982,
        "106": 5.1465,
        "107": 3.88054,
        "108": 2.77568,
        "109": 5.146763,
        "110": 7.809234,
        "111": 2.285027,
        "112": 2.986453,
        "113": 7.779049,
        "114": 6.748822,
        "115": 2.335897,
        "116": 7.752431,
        "117": 1.345868,
        "118": 3.927262,
        "119": 4.936683,
        "120": 2.180184,
        "121": 3.193644,
        "122": 2.164128,
        "123": 7.124836,
        "124": 3.552945,
        "125": 4.284723,
        "126": 3.750984,
        "127": 5.470343,
        "128": 7.411185,
        "129": 6.931939,
        "130": 4.591643,
        "131": 5.863246,
        "132": 6.388288,
        "133": 4.767784,
        "134": 5.497726,
        "135": 3.537904,
        "136": 2.139633,
        "137": 4.648336,
        "138": 5.700925,
        "139": 3.678321,
        "140": 2.5613,
        "141": 3.215106,
        "142": 2.603387,
        "143": 6.982894,
        "144": 4.887587,
        "145": 3.102152,
        "146": 8.082796,
        "147": 5.808729,
        "148": 5.71671,
        "149": 7.743505,
        "150": 3.922378,
        "151": 4.722377,
        "152": 4.012988
      }
    },
    "medium": {
      "utilization_fraction": 0.5,
      "edge_latencies_ms": {
        "0": 2.820644,
        "1": 4.750266,
        "2": 3.771166,
        "3": 2.657995,
        "4": 3.130787,
        "5": 2.907234,
        "6": 5.169473,
        "7": 1.11511,
        "8": 1.451536,
        "9": 3.009483,
        "10": 5.007214,
        "11": 1.720415,
        "12": 2.823669,
        "13": 3.550945,
        "14": 2.625665,
        "15": 4.803095,
        "16": 3.420885,
        "17": 2.413274,
        "18": 2.22059,
        "19": 13.555229,
        "20": 3.962912,
        "21": 3.637979,
        "22": 3.461431,
        "23": 4.232135,
        "24": 5.099165,
        "25": 2.227835,
        "26": 2.886583,
        "27": 1.584141,
        "28": 5.336067,
        "29": 2.024812,
        "30": 2.097168,
        "31": 7.072786,
        "32": 13.187409,
        "33": 4.124253,
        "34": 5.423271,
        "35": 1.871908,
        "36": 1.8544,
        "37": 6.272466,
        "38": 2.661491,
        "39": 1.525995,
        "40": 3.329728,
        "41": 2.628793,
        "42": 2.381481,
        "43": 3.144626,
        "44": 2.951806,
        "45": 4.229474,
        "46": 2.433185,
        "47": 4.937857,
        "48": 3.278686,
        "49": 4.043062,
        "50": 5.021729,
        "51": 5.619279,
        "52": 2.34021,
        "53": 3.999297,
        "54": 1.607215,
        "55": 5.531134,
        "56": 4.911605,
        "57": 2.172693,
        "58": 5.006194,
        "59": 1.665509,
        "60": 2.953674,
        "61": 1.449481,
        "62": 1.850241,
        "63": 1.132577,
        "64": 4.310364,
        "65": 3.898935,
        "66": 6.393296,
        "67": 4.004442,
        "68": 5.310106,
        "69": 4.233744,
        "70": 3.570095,
        "71": 1.323348,
        "72": 4.065686,
        "73": 2.773102,
        "74": 3.012469,
        "75": 11.344905,
        "76": 3.744519,
        "77": 2.428346,
        "78": 10.840796,
        "79": 5.755634,
        "80": 5.094627,
        "81": 5.826646,
        "82": 5.377181,
        "83": 5.997965,
        "84": 5.26743,
        "85": 8.30574,
        "86": 5.409732,
        "87": 7.78659,
        "88": 5.629513,
        "89": 9.159911,
        "90": 7.585646,
        "91": 4.190641,
        "92": 2.379653,
        "93": 4.154582,
        "94": 1.748747,
        "95": 4.070517,
        "96": 2.286063,
        "97": 1.868476,
        "98": 3.043228,
        "99": 2.675544,
        "100": 3.535743,
        "101": 3.498957,
        "102": 4.876359,
        "103": 6.905995,
        "104": 3.888509,
        "105": 3.009983,
        "106": 5.15115,
        "107": 3.882762,
        "108": 2.77889,
        "109": 5.150454,
        "110": 7.810809,
        "111": 2.285944,
        "112": 2.987743,
        "113": 7.779801,
        "114": 6.749774,
        "115": 2.337175,
        "116": 7.757531,
        "117": 1.346979,
        "118": 3.932619,
        "119": 4.938957,
        "120": 2.181152,
        "121": 3.195307,
        "122": 2.165676,
        "123": 7.126249,
        "124": 3.554211,
        "125": 4.288475,
        "126": 3.752239,
        "127": 5.472837,
        "128": 7.412316,
        "129": 6.933877,
        "130": 4.593947,
        "131": 5.864234,
        "132": 6.391911,
        "133": 4.768825,
        "134": 5.49926,
        "135": 3.539078,
        "136": 2.140515,
        "137": 4.649317,
        "138": 5.702911,
        "139": 3.679487,
        "140": 2.562437,
        "141": 3.215902,
        "142": 2.604785,
        "143": 6.98418,
        "144": 4.88863,
        "145": 3.104551,
        "146": 8.083881,
        "147": 5.813521,
        "148": 5.718944,
        "149": 7.746517,
        "150": 3.923463,
        "151": 4.723303,
        "152": 4.015276
      }
    },
    "high": {
      "utilization_fraction": 0.8,
      "edge_latencies_ms": {
        "0": 2.843557,
        "1": 4.754101,
        "2": 3.787707,
        "3": 2.662906,
        "4": 3.138084,
        "5": 2.910804,
        "6": 5.176788,
        "7": 1.119572,
        "8": 1.454657,
        "9": 3.012599,
        "10": 5.029434,