{
  "topology_id": 146,
  "load_conditions": {
    "low": {
      "utilization_fraction": 0.2,
      "edge_latencies_ms": {
        "0": 5.650733,
        "1": 2.444559,
        "2": 4.880445,
        "3": 3.932959,
        "4": 3.463949,
        "5": 4.591574,
        "6": 5.210143,
        "7": 5.511024,
        "8": 5.956264,
        "9": 3.667395,
        "10": 3.893397,
        "11": 5.239183,
        "12": 3.211291,
        "13": 5.44111,
        "14": 2.709591,
        "15": 4.127631,
        "16": 4.597324,
        "17": 2.246329,
        "18": 3.07965,
        "19": 6.010338,
        "20": 4.918357,
        "21": 5.19438,
        "22": 4.848562,
        "23": 4.102917,
        "24": 4.78804,
        "25": 3.573111,
        "26": 3.979441,
        "27": 4.33022,
        "28": 5.063303,
        "29": 3.974679,
        "30": 5.528707,
        "31": 5.94006,
        "32": 3.111246,
        "33": 10.529036,
        "34": 8.243116,
        "35": 4.937103,
        "36": 6.720542,
        "37": 7.522308,
        "38": 2.236637,
        "39": 6.352229,
        "40": 9.082687,
        "41": 4.250125,
        "42": 3.66426,
        "43": 5.823763,
        "44": 5.46586,
        "45": 2.382484,
        "46": 6.776827,
        "47": 5.669786,
        "48": 3.942658,
        "49": 5.804845,
        "50": 3.415514,
        "51": 6.731908,
        "52": 6.140157,
        "53": 2.844361,
        "54": 2.728046,
        "55": 4.732844,
        "56": 2.877877,
        "57": 0.669185,
        "58": 3.370895,
        "59": 5.166418,
        "60": 3.488885,
        "61": 3.171127,
        "62": 4.740611,
        "63": 2.609341,
        "64": 5.010881,
        "65": 5.982873,
        "66": 1.859988,
        "67": 6.532068,
        "68": 4.109748,
        "69": 6.761156,
        "70": 2.957265,
        "71": 3.53661,
        "72": 2.64564,
        "73": 4.800198,
        "74": 2.121204,
        "75": 5.877805,
        "76": 2.908467,
        "77": 3.655913,
        "78": 4.329868,
        "79": 3.821396,
        "80": 4.039969,
        "81": 3.934532,
        "82": 4.205891,
        "83": 3.047336,
        "84": 2.658678,
        "85": 5.32184,
        "86": 4.462253,
        "87": 2.820525,
        "88": 3.488142,
        "89": 3.897912,
        "90": 4.942705,
        "91": 5.200631,
        "92": 4.342387,
        "93": 3.387789,
        "94": 3.538869,
        "95": 4.933453,
        "96": 3.942122,
        "97": 3.183004,
        "98": 5.049576,
        "99": 5.176594,
        "100": 3.362866,
        "101": 3.30583,
        "102": 5.009243,
        "103": 3.549581,
        "104": 3.108611,
        "105": 6.011791,
        "106": 3.162433,
        "107": 4.644229,
        "108": 9.121827,
        "109": 4.064843,
        "110": 4.180632,
        "111": 7.066917,
        "112": 5.146471,
        "113": 0.97701,
        "114": 5.762488,
        "115": 2.728835,
        "116": 6.54738,
        "117": 3.288598,
        "118": 11.592315,
        "119": 4.658709,
        "120": 4.054183,
        "121": 5.182443,
        "122": 5.46592,
        "123": 5.463417,
        "124": 7.235246,
        "125": 6.008923,
        "126": 6.345098,
        "127": 1.174084,
        "128": 4.600255,
        "129": 3.616496,
        "130": 1.005611,
        "131": 2.314766,
        "132": 4.710273,
        "133": 4.044038,
        "134": 3.413453,
        "135": 5.9298,
        "136": 3.796132,
        "137": 3.996903,
        "138": 4.942692,
        "139": 3.229443,
        "140": 4.03127,
        "141": 4.216449,
        "142": 5.484008,
        "143": 6.607153,
        "144": 4.997082,
        "145": 2.889539,
        "146": 4.607136,
        "147": 3.502007,
        "148": 3.402801,
        "149": 4.436726,
        "150": 7.474798,
        "151": 2.249111,
        "152": 4.443701,
        "153": 4.581596,
        "154": 4.783607,
        "155": 3.883641,
        "156": 7.545572,
        "157": 4.290185,
        "158": 3.305952,
        "159": 6.484133,
        "160": 2.66865,
        "161": 2.78407,
        "162": 2.261141,
        "163": 1.842908,
        "164": 4.435038,
        "165": 2.515753,
        "166": 4.852993,
        "167": 2.093335,
        "168": 2.858019,
        "169": 4.520933,
        "170": 5.01602,
        "171": 3.271893,
        "172": 5.18335,
        "173": 6.839378,
        "174": 3.395926,
        "175": 7.042976,
        "176": 3.769676
      }
    },
    "medium": {
      "utilization_fraction": 0.5,
      "edge_latencies_ms": {
        "0": 5.652415,
        "1": 2.450778,
        "2": 4.881267,
        "3": 3.934868,
        "4": 3.465127,
        "5": 4.592505,
        "6": 5.212944,
        "7": 5.511792,
        "8": 5.957397,
        "9": 3.668764,
        "10": 3.894768,
        "11": 5.24043,
        "12": 3.212566,
        "13": 5.443144,
        "14": 2.715174,
        "15": 4.128979,
        "16": 4.598214,
        "17": 2.247774,
        "18": 3.0814,
        "19": 6.01116,
        "20": 4.919301,
        "21": 5.198284,
        "22": 4.849772,
        "23": 4.104125,
        "24": 4.790023,
        "25": 3.574439,
        "26": 3.986753,
        "27": 4.331726,
        "28": 5.064126,
        "29": 3.975829,
        "30": 5.52966,
        "31": 5.941278,
        "32": 3.112332,
        "33": 10.541079,
        "34": 8.244932,
        "35": 4.938668,
        "36": 6.721954,
        "37": 7.528805,
        "38": 2.239289,
        "39": 6.353187,
        "40": 9.083736,
        "41": 4.251384,
        "42": 3.670195,
        "43": 5.825698,
        "44": 5.469598,
        "45": 2.383755,
        "46": 6.778219,
        "47": 5.670634,
        "48": 3.945653,
        "49": 5.80566,
        "50": 3.416322,
        "51": 6.732829,
        "52": 6.141471,
        "53": 2.84561,
        "54": 2.729114,
        "55": 4.733909,
        "56": 2.878675,
        "57": 0.671965,
        "58": 3.373555,
        "59": 5.16744,
        "60": 3.489642,
        "61": 3.173059,
        "62": 4.741453,
        "63": 2.610939,
        "64": 5.011774,
        "65": 5.985405,
        "66": 1.860877,
        "67": 6.533088,
        "68": 4.110549,
        "69": 6.763142,
        "70": 2.958237,
        "71": 3.537514,
        "72": 2.64739,
        "73": 4.801802,
        "74": 2.126872,
        "75": 5.878681,
        "76": 2.911632,
        "77": 3.657327,
        "78": 4.33108,
        "79": 3.828546,
        "80": 4.040731,
        "81": 3.935434,
        "82": 4.209477,
        "83": 3.049687,
        "84": 2.659493,
        "85": 5.323472,
        "86": 4.463085,
        "87": 2.821492,
        "88": 3.489094,
        "89": 3.89896,
        "90": 4.943831,
        "91": 5.20291,
        "92": 4.345646,
        "93": 3.389089,
        "94": 3.543069,
        "95": 4.935426,
        "96": 3.944017,
        "97": 3.188951,
        "98": 5.050387,
        "99": 5.177538,
        "100": 3.364487,
        "101": 3.306761,
        "102": 5.013451,
        "103": 3.550577,
        "104": 3.109978,
        "105": 6.013509,
        "106": 3.163751,
        "107": 4.649781,
        "108": 9.129733,
        "109": 4.066008,
        "110": 4.186027,
        "111": 7.067932,
        "112": 5.147644,
        "113": 0.980918,
        "114": 5.765041,
        "115": 2.73064,
        "116": 6.548606,
        "117": 3.291265,
        "118": 11.627047,
        "119": 4.660745,
        "120": 4.056087,
        "121": 5.184657,
        "122": 5.46686,
        "123": 5.465339,
        "124": 7.236122,
        "125": 6.0123,
        "126": 6.346875,
        "127": 1.180231,
        "128": 4.602835,
        "129": 3.617323,
        "130": 1.007422,
        "131": 2.315688,
        "132": 4.711115,
        "133": 4.045121,
        "134": 3.415388,
        "135": 5.931473,
        "136": 3.797577,
        "137": 3.997937,
        "138": 4.943554,
        "139": 3.2332,
        "140": 4.032835,
        "141": 4.217345,
        "142": 5.484882,
        "143": 6.608957,