{
  "topology_id": 307,
  "load_conditions": {
    "low": {
      "utilization_fraction": 0.2,
      "edge_latencies_ms": {
        "0": 3.016891,
        "1": 1.436181,
        "2": 3.796882,
        "3": 1.329253,
        "4": 9.725172,
        "5": 6.338696,
        "6": 4.86241,
        "7": 5.890376,
        "8": 6.554381,
        "9": 7.174795,
        "10": 6.442345,
        "11": 10.836914,
        "12": 4.420358,
        "13": 4.845829,
        "14": 7.880504,
        "15": 1.830387,
        "16": 3.451668,
        "17": 1.734597,
        "18": 1.267854,
        "19": 4.265624,
        "20": 12.951003,
        "21": 3.389482,
        "22": 1.574221,
        "23": 6.024943,
        "24": 4.777709,
        "25": 2.747045,
        "26": 2.453655,
        "27": 2.506772,
        "28": 2.159128,
        "29": 4.842932,
        "30": 6.36769,
        "31": 3.998741,
        "32": 4.258109,
        "33": 5.376584,
        "34": 3.562403,
        "35": 6.938178,
        "36": 2.076562,
        "37": 4.097915
      }
    },
    "medium": {
      "utilization_fraction": 0.5,
      "edge_latencies_ms": {
        "0": 3.017815,
        "1": 1.437236,
        "2": 3.797642,
        "3": 1.330244,
        "4": 9.740307,
        "5": 6.339619,
        "6": 4.864434,
        "7": 5.892868,
        "8": 6.556413,
        "9": 7.175568,
        "10": 6.444807,
        "11": 10.865599,
        "12": 4.42145,
        "13": 4.854555,
        "14": 7.938838,
        "15": 1.831643,
        "16": 3.452485,
        "17": 1.735718,
        "18": 1.270696,
        "19": 4.266391,
        "20": 12.961222,
        "21": 3.390373,
        "22": 1.578591,
        "23": 6.026101,
        "24": 4.779216,
        "25": 2.748683,
        "26": 2.454892,
        "27": 2.507617,
        "28": 2.160267,
        "29": 4.844546,
        "30": 6.368573,
        "31": 4.000754,
        "32": 4.260872,
        "33": 5.378488,
        "34": 3.563678,
        "35": 6.944502,
        "36": 2.077364,
        "37": 4.099207
      }
    },
    "high": {
      "utilization_fraction": 0.8,
      "edge_latencies_ms": {
        "0": 3.021513,
        "1": 1.441457,
        "2": 3.800682,
        "3": 1.334209,
        "4": 9.800846,
        "5": 6.343312,
        "6": 4.872531,
        "7": 5.902836,
        "8": 6.564543,
        "9": 7.17866,
        "10": 6.454652,
        "11": 10.980339,
        "12": 4.425817,
        "13": 4.889459,
        "14": 8.172175,
        "15": 1.836665,
        "16": 3.455755,
        "17": 1.740204,
        "18": 1.282067,
        "19": 4.269462,
        "20": 13.002102,
        "21": 3.393937,
        "22": 1.596072,
        "23": 6.030734,
        "24": 4.785243,
        "25": 2.755239,
        "26": 2.459842,
        "27": 2.510998,
        "28": 2.164821,
        "29": 4.851003,
        "30": 6.372105,
        "31": 4.008806,
        "32": 4.271927,
        "33": 5.386104,
        "34": 3.568775,
        "35": 6.969799,
        "36": 2.080575,
        "37": 4.104375
      }
    },
    "flash": {
      "utilization_fraction": 0.95,
      "edge_latencies_ms": {
        "0": 3.040002,
        "1": 1.462564,
        "2": 3.815886,
        "3": 1.354034,
        "4": 10.103538,
        "5": 6.361778,
        "6": 4.913013,
        "7": 5.952676,
        "8": 6.605193,
        "9": 7.194119,
        "10": 6.503879,
        "11": 11.554038,
        "12": 4.447652,
        "13": 5.063977,
        "14": 9.33886,
        "15": 1.861776,
        "16": 3.472103,
        "17": 1.762634,
        "18": 1.338922,
        "19": 4.284813,
        "20": 13.206498,
        "21": 3.411757,
        "22": 1.683475,
        "23": 6.053896,
        "24": 4.815379,
        "25": 2.788017,
        "26": 2.48459,
        "27": 2.527901,
        "28": 2.187594,
        "29": 4.883288,
        "30": 6.389764,
        "31": 4.049068,
        "32": 4.3272,
        "33": 5.424182,
        "34": 3.594263,
        "35": 7.096282,
        "36": 2.096629,
        "37": 4.130211
      }
    }
  }
}