{
  "topology_id": 470,
  "load_conditions": {
    "low": {
      "utilization_fraction": 0.2,
      "edge_latencies_ms": {
        "0": 0.28292,
        "1": 4.989953,
        "2": 3.929307,
        "3": 5.362284,
        "4": 5.750889,
        "5": 5.258087,
        "6": 6.667878,
        "7": 4.806986,
        "8": 2.639502,
        "9": 1.194541,
        "10": 6.16578,
        "11": 6.527835,
        "12": 6.305161,
        "13": 4.577649,
        "14": 3.581437,
        "15": 4.529812,
        "16": 5.956023,
        "17": 1.115168,
        "18": 4.584505,
        "19": 6.269499,
        "20": 4.095807,
        "21": 4.87278,
        "22": 3.534264,
        "23": 4.540491,
        "24": 6.539335,
        "25": 14.424536,
        "26": 2.080453,
        "27": 3.246055,
        "28": 8.474503,
        "29": 12.271141,
        "30": 4.995158,
        "31": 5.423072,
        "32": 6.139928,
        "33": 4.472007,
        "34": 5.128405,
        "35": 5.728655,
        "36": 2.5751,
        "37": 2.383488,
        "38": 4.622923,
        "39": 3.068588,
        "40": 6.517812,
        "41": 8.627675,
        "42": 3.513226,
        "43": 7.342349,
        "44": 19.49271,
        "45": 2.504963,
        "46": 13.479841,
        "47": 4.333628,
        "48": 6.679201,
        "49": 4.018391,
        "50": 6.685255,
        "51": 1.647059,
        "52": 4.533647,
        "53": 17.387121,
        "54": 3.125784,
        "55": 2.683238,
        "56": 2.749753,
        "57": 4.922817,
        "58": 3.177327,
        "59": 3.454778,
        "60": 9.8543,
        "61": 2.180385,
        "62": 13.488004,
        "63": 3.348055,
        "64": 2.037781,
        "65": 4.963984,
        "66": 2.668522,
        "67": 5.692518,
        "68": 5.276019,
        "69": 1.835985,
        "70": 3.311552,
        "71": 2.073422,
        "72": 3.74821,
        "73": 3.980487,
        "74": 4.529831,
        "75": 2.737373,
        "76": 3.017897,
        "77": 3.983792,
        "78": 2.801663,
        "79": 3.128838,
        "80": 4.678197,
        "81": 4.082485,
        "82": 2.973557,
        "83": 1.023641,
        "84": 2.316285,
        "85": 3.339186,
        "86": 4.114436,
        "87": 5.030492,
        "88": 2.027798,
        "89": 1.924032,
        "90": 4.693685,
        "91": 3.617972,
        "92": 3.988811,
        "93": 5.825914,
        "94": 6.010288,
        "95": 2.260575,
        "96": 4.743732,
        "97": 3.896038,
        "98": 4.524048,
        "99": 3.366705,
        "100": 5.325432,
        "101": 14.272927,
        "102": 3.795513,
        "103": 4.550058,
        "104": 2.258244,
        "105": 3.061089,
        "106": 2.597562,
        "107": 3.049962,
        "108": 2.933726,
        "109": 3.744557,
        "110": 2.042878,
        "111": 2.973626,
        "112": 2.255186,
        "113": 5.355166,
        "114": 1.550071,
        "115": 1.409189,
        "116": 4.236382,
        "117": 6.746591,
        "118": 18.349567,
        "119": 9.09274,
        "120": 4.752459,
        "121": 4.382017,
        "122": 2.979104,
        "123": 3.791327,
        "124": 2.044049,
        "125": 4.781565,
        "126": 1.457324,
        "127": 7.236375,
        "128": 5.908891,
        "129": 4.596263,
        "130": 5.812549,
        "131": 1.285128,
        "132": 3.116247,
        "133": 3.249987,
        "134": 3.383794,
        "135": 2.940049,
        "136": 4.356526,
        "137": 4.382613,
        "138": 6.426018,
        "139": 7.187701,
        "140": 6.238383,
        "141": 6.048557,
        "142": 5.158984,
        "143": 4.3164,
        "144": 7.945187,
        "145": 2.723508,
        "146": 5.104995,
        "147": 8.303392,
        "148": 11.23649,
        "149": 4.834909,
        "150": 5.754598,
        "151": 4.844918,
        "152": 2.538763,
        "153": 7.4758,
        "154": 4.064803,
        "155": 8.450608,
        "156": 6.495974,
        "157": 6.462801,
        "158": 2.16744,
        "159": 4.785976,
        "160": 3.858509,
        "161": 1.703466,
        "162": 6.240905
      }
    },
    "medium": {
      "utilization_fraction": 0.5,
      "edge_latencies_ms": {
        "0": 0.286733,
        "1": 4.991221,
        "2": 3.930752,
        "3": 5.363095,
        "4": 5.751954,
        "5": 5.259597,
        "6": 6.668938,
        "7": 4.809927,
        "8": 2.641263,
        "9": 1.196881,
        "10": 6.167426,
        "11": 6.528586,
        "12": 6.30673,
        "13": 4.578526,
        "14": 3.583049,
        "15": 4.53312,
        "16": 5.959825,
        "17": 1.116837,
        "18": 4.586329,
        "19": 6.270335,
        "20": 4.100458,
        "21": 4.874127,
        "22": 3.535472,
        "23": 4.543633,
        "24": 6.540395,
        "25": 14.432118,
        "26": 2.083436,
        "27": 3.247137,
        "28": 8.475631,
        "29": 12.280402,
        "30": 4.998128,
        "31": 5.425339,
        "32": 6.144672,
        "33": 4.472812,
        "34": 5.129276,
        "35": 5.732894,
        "36": 2.576002,
        "37": 2.387681,
        "38": 4.627741,
        "39": 3.071668,
        "40": 6.518646,
        "41": 8.628724,
        "42": 3.514102,
        "43": 7.343298,
        "44": 19.500945,
        "45": 2.50959,
        "46": 13.514387,
        "47": 4.335661,
        "48": 6.680266,
        "49": 4.019501,
        "50": 6.686316,
        "51": 1.648027,
        "52": 4.535256,
        "53": 17.410941,
        "54": 3.130027,
        "55": 2.684056,
        "56": 2.751119,
        "57": 4.924222,
        "58": 3.180161,
        "59": 3.457432,
        "60": 9.899058,
        "61": 2.183201,
        "62": 13.497933,
        "63": 3.348823,
        "64": 2.038564,
        "65": 4.965246,
        "66": 2.66938,
        "67": 5.693393,
        "68": 5.287048,
        "69": 1.836906,
        "70": 3.312399,
        "71": 2.075573,
        "72": 3.749493,
        "73": 3.983172,
        "74": 4.530908,
        "75": 2.739489,
        "76": 3.01951,
        "77": 3.984591,
        "78": 2.805683,
        "79": 3.129826,
        "80": 4.67934,
        "81": 4.085826,
        "82": 3.001731,
        "83": 1.026401,
        "84": 2.317357,
        "85": 3.340347,
        "86": 4.115331,
        "87": 5.0318,
        "88": 2.030549,
        "89": 1.924839,
        "90": 4.69633,
        "91": 3.619831,
        "92": 3.989763,
        "93": 5.827038,
        "94": 6.014039,
        "95": 2.263598,
        "96": 4.744716,
        "97": 3.89715,
        "98": 4.525736,
        "99": 3.367604,
        "100": 5.329054,
        "101": 14.312432,
        "102": 3.797401,
        "103": 4.553368,
        "104": 2.264882,
        "105": 3.061932,
        "106": 2.598375,
        "107": 3.051299,
        "108": 2.934499,
        "109": 3.745402,
        "110": 2.044371,
        "111": 2.974484,
        "112": 2.261621,
        "113": 5.356135,
        "114": 1.553793,
        "115": 1.410264,
        "116": 4.237145,
        "117": 6.748443,
        "118": 18.364954,
        "119": 9.095506,
        "120": 4.754227,
        "121": 4.385028,
        "122": 2.980027,
        "123": 3.792672,
        "124": 2.048642,
        "125": 4.788433,
        "126": 1.458128,
        "127": 7.23718,
        "128": 5.909754,
        "129": 4.59749,
        "130": 5.814035,
        "131": 1.28604,
        "132": 3.120397,
        "133": 3.251128,
        "134": 3.385964,
        "135": 2.940913,
        "136": 4.357489,
        "137": 4.383616,
        "138": 6.427314,
        "139": 7.188549,
        "140": 6.239714,
        "141": 6.049847,
        "142": 5.160796,
        "143": 4.317427,
        "144": 7.946071,
        "145": 2.724489,
        "146": 5.10651,
        "147": 8.305287,
        "148": 11.238717,
        "149": 4.836333,
        "150": 5.755379,
        "151": 4.845677,
        "152": 2.545063,
        "153": 7.479526,
        "154": 4.066838,
        "155": 8.452581,
        "156": 6.497774,