{
  "topology_id": 127,
  "load_conditions": {
    "low": {
      "utilization_fraction": 0.2,
      "edge_latencies_ms": {
        "0": 3.771166,
        "1": 3.425825,
        "2": 4.963397,
        "3": 5.878618,
        "4": 5.475615,
        "5": 3.059812,
        "6": 2.038004,
        "7": 4.448248,
        "8": 3.683656,
        "9": 2.828203,
        "10": 2.717655,
        "11": 2.339243,
        "12": 2.026251,
        "13": 3.880635,
        "14": 2.827766,
        "15": 1.853677,
        "16": 2.35775,
        "17": 3.003983,
        "18": 2.088147,
        "19": 3.447181,
        "20": 5.850124,
        "21": 2.781762,
        "22": 3.816726,
        "23": 2.141518,
        "24": 2.354413,
        "25": 3.160856,
        "26": 2.570651,
        "27": 1.039454,
        "28": 2.473492,
        "29": 3.993664,
        "30": 2.869812,
        "31": 2.586038,
        "32": 2.619864,
        "33": 2.25589,
        "34": 4.398567,
        "35": 1.667354,
        "36": 0.958902,
        "37": 4.244263,
        "38": 4.170345,
        "39": 0.827844,
        "40": 0.807675,
        "41": 5.132764,
        "42": 3.1236,
        "43": 3.691977,
        "44": 5.565645,
        "45": 3.780985,
        "46": 3.766206,
        "47": 3.007182,
        "48": 4.472914,
        "49": 5.247362,
        "50": 4.740972,
        "51": 3.728031,
        "52": 5.377811,
        "53": 3.257034,
        "54": 3.259828,
        "55": 2.73674,
        "56": 3.853192,
        "57": 2.748956,
        "58": 3.485478,
        "59": 4.426989,
        "60": 3.034734,
        "61": 3.515324,
        "62": 16.24695,
        "63": 3.561522,
        "64": 2.656631,
        "65": 2.519152,
        "66": 15.637396,
        "67": 2.575329,
        "68": 5.320541,
        "69": 5.38009,
        "70": 3.713855,
        "71": 3.971198,
        "72": 4.841299,
        "73": 4.778109,
        "74": 5.059498,
        "75": 2.551944,
        "76": 2.931554,
        "77": 0.172499,
        "78": 5.447985,
        "79": 5.825322,
        "80": 5.440505,
        "81": 5.854079,
        "82": 6.071494,
        "83": 3.823594,
        "84": 4.388799,
        "85": 3.667464,
        "86": 2.97172,
        "87": 4.348946,
        "88": 17.432498,
        "89": 3.201122,
        "90": 4.265923,
        "91": 3.54856,
        "92": 5.768887,
        "93": 6.090788,
        "94": 5.437723,
        "95": 4.921546,
        "96": 6.888014,
        "97": 7.060456,
        "98": 6.717522,
        "99": 3.842021,
        "100": 5.614851,
        "101": 4.290636,
        "102": 5.314571,
        "103": 3.634247,
        "104": 5.819987,
        "105": 4.771973,
        "106": 5.038711,
        "107": 5.74218,
        "108": 4.585187,
        "109": 4.105909,
        "110": 4.921892,
        "111": 4.979392,
        "112": 3.004214,
        "113": 6.628308,
        "114": 4.115296,
        "115": 5.588741,
        "116": 5.396042,
        "117": 5.073712,
        "118": 5.267055,
        "119": 5.203389,
        "120": 3.282837,
        "121": 3.216298,
        "122": 5.516718,
        "123": 5.442633,
        "124": 4.456931,
        "125": 5.83593,
        "126": 5.255441,
        "127": 2.143628,
        "128": 5.016414,
        "129": 6.444674,
        "130": 2.177471,
        "131": 5.659618,
        "132": 4.432678,
        "133": 4.692421,
        "134": 3.194323,
        "135": 7.385954,
        "136": 8.071494,
        "137": 3.90787,
        "138": 7.673786,
        "139": 5.472693,
        "140": 3.414378,
        "141": 1.516874,
        "142": 1.566288,
        "143": 4.622447,
        "144": 4.229521,
        "145": 2.850147,
        "146": 1.344054,
        "147": 5.290984,
        "148": 3.510976,
        "149": 1.77989,
        "150": 5.405184,
        "151": 6.442168,
        "152": 1.78403,
        "153": 2.472129,
        "154": 1.846563,
        "155": 5.413056,
        "156": 4.806571,
        "157": 6.294312,
        "158": 2.509512,
        "159": 4.523698,
        "160": 1.588649,
        "161": 5.326198,
        "162": 5.080041,
        "163": 1.477358,
        "164": 4.860188,
        "165": 3.228551,
        "166": 1.895699,
        "167": 2.617445,
        "168": 0.841996,
        "169": 4.282435,
        "170": 3.714998,
        "171": 6.904906,
        "172": 3.177606
      }
    },
    "medium": {
      "utilization_fraction": 0.5,
      "edge_latencies_ms": {
        "0": 3.775036,
        "1": 3.428671,
        "2": 4.964831,
        "3": 5.882034,
        "4": 5.478503,
        "5": 3.063352,
        "6": 2.038791,
        "7": 4.450346,
        "8": 3.684477,
        "9": 2.829233,
        "10": 2.718605,
        "11": 2.34227,
        "12": 2.027609,
        "13": 3.881514,
        "14": 2.830565,
        "15": 1.854605,
        "16": 2.358975,
        "17": 3.005928,
        "18": 2.08892,
        "19": 3.44801,
        "20": 5.850931,
        "21": 2.782559,
        "22": 3.818128,
        "23": 2.142937,
        "24": 2.355935,
        "25": 3.162026,
        "26": 2.572186,
        "27": 1.040704,
        "28": 2.474488,
        "29": 3.994781,
        "30": 2.870893,
        "31": 2.586802,
        "32": 2.622623,
        "33": 2.256808,
        "34": 4.400186,
        "35": 1.668323,
        "36": 0.960186,
        "37": 4.245042,
        "38": 4.171554,
        "39": 0.828627,
        "40": 0.808492,
        "41": 5.133522,
        "42": 3.124597,
        "43": 3.695404,
        "44": 5.566444,
        "45": 3.781956,
        "46": 3.767355,
        "47": 3.010749,
        "48": 4.480108,
        "49": 5.249864,
        "50": 4.746215,
        "51": 3.729,
        "52": 5.378861,
        "53": 3.259584,
        "54": 3.26563,
        "55": 2.738313,
        "56": 3.855068,
        "57": 2.749785,
        "58": 3.48756,
        "59": 4.428072,
        "60": 3.03567,
        "61": 3.516261,
        "62": 16.265034,
        "63": 3.56277,
        "64": 2.662149,
        "65": 2.521574,
        "66": 15.676187,
        "67": 2.577485,
        "68": 5.321594,
        "69": 5.383965,
        "70": 3.715928,
        "71": 3.972318,
        "72": 4.844616,
        "73": 4.779562,
        "74": 5.062105,
        "75": 2.55304,
        "76": 2.932599,
        "77": 0.177518,
        "78": 5.449625,
        "79": 5.828366,
        "80": 5.441929,
        "81": 5.856486,
        "82": 6.072552,
        "83": 3.826605,
        "84": 4.390681,
        "85": 3.668305,
        "86": 2.973505,
        "87": 4.349712,
        "88": 17.442534,
        "89": 3.201936,
        "90": 4.267295,
        "91": 3.550246,
        "92": 5.769713,
        "93": 6.092474,
        "94": 5.438722,
        "95": 4.922323,
        "96": 6.888858,
        "97": 7.061684,
        "98": 6.718284,
        "99": 3.843077,
        "100": 5.6173,
        "101": 4.29221,
        "102": 5.315377,
        "103": 3.636659,
        "104": 5.821447,
        "105": 4.77295,
        "106": 5.043013,
        "107": 5.742933,
        "108": 4.586263,
        "109": 4.107182,
        "110": 4.922774,
        "111": 4.982762,
        "112": 3.006099,
        "113": 6.629197,
        "114": 4.11825,
        "115": 5.589503,
        "116": 5.39692,
        "117": 5.076628,
        "118": 5.272373,
        "119": 5.206011,
        "120": 3.284616,
        "121": 3.217955,
        "122": 5.519657,
        "123": 5.446927,
        "124": 4.458072,
        "125": 5.838655,
        "126": 5.258086,
        "127": 2.149539,
        "128": 5.017356,
        "129": 6.449247,
        "130": 2.1785,
        "131": 5.66041,
        "132": 4.434893,
        "133": 4.699355,
        "134": 3.197362,
        "135": 7.39209,
        "136": 8.072382,
        "137": 3.910546,
        "138": 7.674684,
        "139": 5.473461,
        "140": 3.415702,
        "141": 1.518089,
        "142": 1.568017,
        "143": 4.623493,
        "144": 4.230773,
        "145": 2.854183,
        "146": 1.344963,
        "147": 5.292946,