{
  "topology_id": 391,
  "load_conditions": {
    "low": {
      "utilization_fraction": 0.2,
      "edge_latencies_ms": {
        "0": 6.078552,
        "1": 5.888983,
        "2": 8.584793,
        "3": 3.725972,
        "4": 5.095879,
        "5": 11.045598,
        "6": 4.230314,
        "7": 3.978177,
        "8": 2.373351,
        "9": 2.50733,
        "10": 5.227465,
        "11": 3.345035,
        "12": 4.591944,
        "13": 4.834992,
        "14": 3.463399,
        "15": 1.772804,
        "16": 4.102108,
        "17": 3.963745,
        "18": 1.915138,
        "19": 5.777115,
        "20": 5.387137,
        "21": 2.386428,
        "22": 3.378024,
        "23": 1.3146,
        "24": 5.118745,
        "25": 3.449422,
        "26": 6.291779,
        "27": 3.651213,
        "28": 3.50023,
        "29": 2.696147,
        "30": 1.662411,
        "31": 4.684936,
        "32": 4.863796,
        "33": 4.370896,
        "34": 2.100588,
        "35": 5.854278,
        "36": 10.970529,
        "37": 6.358109,
        "38": 2.197975,
        "39": 2.95404,
        "40": 4.912217,
        "41": 1.791924,
        "42": 4.576227,
        "43": 4.406296,
        "44": 3.551052,
        "45": 4.195409,
        "46": 3.436453,
        "47": 5.02558,
        "48": 5.075424,
        "49": 3.040417,
        "50": 2.316961,
        "51": 4.217458,
        "52": 2.295404
      }
    },
    "medium": {
      "utilization_fraction": 0.5,
      "edge_latencies_ms": {
        "0": 6.080781,
        "1": 5.889734,
        "2": 8.594028,
        "3": 3.728315,
        "4": 5.097602,
        "5": 11.066517,
        "6": 4.232254,
        "7": 3.980639,
        "8": 2.374359,
        "9": 2.509991,
        "10": 5.261933,
        "11": 3.34743,
        "12": 4.594137,
        "13": 4.83579,
        "14": 3.464359,
        "15": 1.77536,
        "16": 4.102921,
        "17": 3.965162,
        "18": 1.915907,
        "19": 5.814915,
        "20": 5.388318,
        "21": 2.387436,
        "22": 3.379278,
        "23": 1.315632,
        "24": 5.119782,
        "25": 3.45032,
        "26": 6.303895,
        "27": 3.653142,
        "28": 3.501011,
        "29": 2.698081,
        "30": 1.663204,
        "31": 4.686235,
        "32": 4.86543,
        "33": 4.371684,
        "34": 2.101733,
        "35": 5.856049,
        "36": 10.978746,
        "37": 6.359413,
        "38": 2.200672,
        "39": 2.955192,
        "40": 4.913281,
        "41": 1.792683,
        "42": 4.57857,
        "43": 4.407247,
        "44": 3.556077,
        "45": 4.201287,
        "46": 3.437891,
        "47": 5.028178,
        "48": 5.076524,
        "49": 3.041415,
        "50": 2.318593,
        "51": 4.219218,
        "52": 2.29647
      }
    },
    "high": {
      "utilization_fraction": 0.8,
      "edge_latencies_ms": {
        "0": 6.089697,
        "1": 5.892737,
        "2": 8.630969,
        "3": 3.737683,
        "4": 5.104492,
        "5": 11.150191,
        "6": 4.240012,
        "7": 3.990487,
        "8": 2.378389,
        "9": 2.520637,
        "10": 5.399805,
        "11": 3.357014,
        "12": 4.602908,
        "13": 4.838985,
        "14": 3.468198,
        "15": 1.785584,
        "16": 4.106176,
        "17": 3.97083,
        "18": 1.918982,
        "19": 5.966117,
        "20": 5.393041,
        "21": 2.391469,
        "22": 3.384294,
        "23": 1.319763,
        "24": 5.123927,
        "25": 3.453911,
        "26": 6.352357,
        "27": 3.660855,
        "28": 3.504134,
        "29": 2.705818,
        "30": 1.666379,
        "31": 4.691429,
        "32": 4.871967,
        "33": 4.374834,
        "34": 2.106311,
        "35": 5.863133,
        "36": 11.011616,
        "37": 6.364629,
        "38": 2.211463,
        "39": 2.959801,
        "40": 4.917539,
        "41": 1.795717,
        "42": 4.587944,
        "43": 4.411052,
        "44": 3.576175,
        "45": 4.224797,
        "46": 3.44364,
        "47": 5.038573,
        "48": 5.080923,
        "49": 3.045407,
        "50": 2.325121,
        "51": 4.22626,
        "52": 2.300733
      }
    },
    "flash": {
      "utilization_fraction": 0.95,
      "edge_latencies_ms": {
        "0": 6.13428,
        "1": 5.907753,
        "2": 8.815674,
        "3": 3.784524,
        "4": 5.138945,
        "5": 11.568561,
        "6": 4.278801,
        "7": 4.039727,
        "8": 2.398538,
        "9": 2.573865,
        "10": 6.089165,
        "11": 3.40493,
        "12": 4.646764,
        "13": 4.854957,
        "14": 3.487394,
        "15": 1.836706,
        "16": 4.122447,
        "17": 3.999172,
        "18": 1.934357,
        "19": 6.722125,
        "20": 5.416658,
        "21": 2.411634,
        "22": 3.409373,
        "23": 1.340416,
        "24": 5.144652,
        "25": 3.471868,
        "26": 6.59467,
        "27": 3.699422,
        "28": 3.519748,
        "29": 2.744505,
        "30": 1.682249,
        "31": 4.7174,
        "32": 4.904653,
        "33": 4.390587,
        "34": 2.129202,
        "35": 5.898555,
        "36": 11.175963,
        "37": 6.390707,
        "38": 2.265413,
        "39": 2.982844,
        "40": 4.938829,
        "41": 1.810887,
        "42": 4.63481,
        "43": 4.430077,
        "44": 3.676668,
        "45": 4.342348,
        "46": 3.472389,
        "47": 5.090547,
        "48": 5.102922,
        "49": 3.065366,
        "50": 2.357762,
        "51": 4.26147,
        "52": 2.32205
      }
    }
  }
}