{
  "topology_id": 371,
  "load_conditions": {
    "low": {
      "utilization_fraction": 0.2,
      "edge_latencies_ms": {
        "0": 2.56242,
        "1": 3.213507,
        "2": 4.418058,
        "3": 13.273162,
        "4": 3.335345,
        "5": 4.503318,
        "6": 6.575805,
        "7": 4.130704,
        "8": 14.923463,
        "9": 15.60756,
        "10": 3.430803,
        "11": 3.624992,
        "12": 1.914592,
        "13": 4.414952,
        "14": 4.243965,
        "15": 3.549748,
        "16": 2.097356,
        "17": 1.844103,
        "18": 3.450822,
        "19": 3.587996,
        "20": 18.043196,
        "21": 10.383287,
        "22": 3.715251,
        "23": 8.895453,
        "24": 4.52955,
        "25": 4.755649,
        "26": 3.397788,
        "27": 3.460135,
        "28": 5.980363,
        "29": 3.757892,
        "30": 4.677171,
        "31": 12.205924,
        "32": 9.306222,
        "33": 6.41148,
        "34": 7.102596,
        "35": 8.388064,
        "36": 4.050233,
        "37": 5.960036,
        "38": 6.681667,
        "39": 3.182487,
        "40": 7.598142,
        "41": 6.335033,
        "42": 6.033122,
        "43": 2.527711,
        "44": 3.003364,
        "45": 4.788831,
        "46": 3.306259,
        "47": 3.513971,
        "48": 4.952515,
        "49": 2.61724,
        "50": 4.748052,
        "51": 4.400054,
        "52": 3.457729,
        "53": 7.010854,
        "54": 5.47817,
        "55": 4.497142,
        "56": 3.768988,
        "57": 3.828446,
        "58": 2.65505
      }
    },
    "medium": {
      "utilization_fraction": 0.5,
      "edge_latencies_ms": {
        "0": 2.563519,
        "1": 3.215467,
        "2": 4.419983,
        "3": 13.284674,
        "4": 3.336272,
        "5": 4.504135,
        "6": 6.584524,
        "7": 4.134416,
        "8": 14.933932,
        "9": 15.619647,
        "10": 3.431556,
        "11": 3.626674,
        "12": 1.920021,
        "13": 4.416897,
        "14": 4.245794,
        "15": 3.551893,
        "16": 2.098366,
        "17": 1.846745,
        "18": 3.454809,
        "19": 3.589125,
        "20": 18.099976,
        "21": 10.409046,
        "22": 3.716152,
        "23": 8.91279,
        "24": 4.530305,
        "25": 4.757526,
        "26": 3.401699,
        "27": 3.461586,
        "28": 5.981254,
        "29": 3.758726,
        "30": 4.678546,
        "31": 12.250202,
        "32": 9.318347,
        "33": 6.413713,
        "34": 7.103573,
        "35": 8.389395,
        "36": 4.051069,
        "37": 5.962314,
        "38": 6.692151,
        "39": 3.183302,
        "40": 7.601183,
        "41": 6.335881,
        "42": 6.034356,
        "43": 2.529493,
        "44": 3.005162,
        "45": 4.792819,
        "46": 3.307168,
        "47": 3.515067,
        "48": 4.953331,
        "49": 2.618922,
        "50": 4.749123,
        "51": 4.40207,
        "52": 3.458727,
        "53": 7.012256,
        "54": 5.479881,
        "55": 4.49801,
        "56": 3.770843,
        "57": 3.830199,
        "58": 2.655842
      }
    },
    "high": {
      "utilization_fraction": 0.8,
      "edge_latencies_ms": {
        "0": 2.567912,
        "1": 3.223308,
        "2": 4.427682,
        "3": 13.330723,
        "4": 3.339982,
        "5": 4.507406,
        "6": 6.619398,
        "7": 4.149267,
        "8": 14.975809,
        "9": 15.667995,
        "10": 3.434567,
        "11": 3.633399,
        "12": 1.941737,
        "13": 4.424678,
        "14": 4.253111,
        "15": 3.560473,
        "16": 2.102409,
        "17": 1.857312,
        "18": 3.470759,
        "19": 3.593642,
        "20": 18.327096,
        "21": 10.512084,
        "22": 3.719756,
        "23": 8.982138,
        "24": 4.533324,
        "25": 4.765031,
        "26": 3.417341,
        "27": 3.46739,
        "28": 5.984818,
        "29": 3.762064,
        "30": 4.684044,
        "31": 12.427312,
        "32": 9.366844,
        "33": 6.422645,
        "34": 7.107478,
        "35": 8.39472,
        "36": 4.054415,
        "37": 5.971429,
        "38": 6.734089,
        "39": 3.186562,
        "40": 7.613348,
        "41": 6.339273,
        "42": 6.039291,
        "43": 2.536621,
        "44": 3.012354,
        "45": 4.808769,
        "46": 3.310803,
        "47": 3.519452,
        "48": 4.956592,
        "49": 2.625648,
        "50": 4.753407,
        "51": 4.410133,
        "52": 3.462719,
        "53": 7.017866,
        "54": 5.486722,
        "55": 4.501482,
        "56": 3.778265,
        "57": 3.837212,
        "58": 2.659009
      }
    },
    "flash": {
      "utilization_fraction": 0.95,
      "edge_latencies_ms": {
        "0": 2.58988,
        "1": 3.262513,
        "2": 4.466177,
        "3": 13.560966,
        "4": 3.35853,
        "5": 4.523758,
        "6": 6.793768,
        "7": 4.223517,
        "8": 15.185195,
        "9": 15.909735,
        "10": 3.449621,
        "11": 3.667023,
        "12": 2.050314,
        "13": 4.463582,
        "14": 4.289693,
        "15": 3.603374,
        "16": 2.122623,
        "17": 1.910147,
        "18": 3.550507,
        "19": 3.616226,
        "20": 19.462695,
        "21": 11.02727,
        "22": 3.737777,
        "23": 9.328878,
        "24": 4.548422,
        "25": 4.802557,
        "26": 3.495551,
        "27": 3.496412,
        "28": 6.002637,
        "29": 3.778751,
        "30": 4.711537,
        "31": 13.312864,
        "32": 9.609332,
        "33": 6.467303,
        "34": 7.127006,
        "35": 8.421343,
        "36": 4.071146,
        "37": 6.017001,
        "38": 6.943777,
        "39": 3.202863,
        "40": 7.67417,
        "41": 6.356232,
        "42": 6.063966,
        "43": 2.572258,
        "44": 3.048317,
        "45": 4.888519,
        "46": 3.328977,
        "47": 3.541377,
        "48": 4.972901,
        "49": 2.659277,
        "50": 4.774826,
        "51": 4.450446,
        "52": 3.482683,
        "53": 7.045913,
        "54": 5.520931,
        "55": 4.51884,
        "56": 3.815375,
        "57": 3.872279,
        "58": 2.674846
      }
    }
  }
}