{
  "topology_id": 200,
  "load_conditions": {
    "low": {
      "utilization_fraction": 0.2,
      "edge_latencies_ms": {
        "0": 5.433808,
        "1": 2.704652,
        "2": 3.760185,
        "3": 1.96336,
        "4": 6.340758,
        "5": 3.813505,
        "6": 2.198908,
        "7": 2.402589,
        "8": 0.793563,
        "9": 14.431869,
        "10": 5.626273,
        "11": 5.761756,
        "12": 5.744357,
        "13": 12.985258,
        "14": 4.481637,
        "15": 3.362213,
        "16": 3.632952,
        "17": 4.672692,
        "18": 4.056072,
        "19": 2.383611,
        "20": 3.715786,
        "21": 1.789639,
        "22": 4.120679,
        "23": 9.182904,
        "24": 6.712022,
        "25": 3.993145,
        "26": 4.599845,
        "27": 4.363633,
        "28": 4.092067,
        "29": 2.682791,
        "30": 5.366439,
        "31": 3.51128,
        "32": 1.176431,
        "33": 5.523508,
        "34": 5.808727,
        "35": 4.057195,
        "36": 4.056178,
        "37": 1.65295,
        "38": 3.410256,
        "39": 4.398298,
        "40": 1.755765,
        "41": 7.152841,
        "42": 2.90618,
        "43": 2.992022,
        "44": 4.864767,
        "45": 1.949912,
        "46": 4.005853,
        "47": 5.14642,
        "48": 4.800926,
        "49": 6.195841,
        "50": 8.427559,
        "51": 3.234824,
        "52": 3.21901,
        "53": 12.883743,
        "54": 1.859497,
        "55": 6.223102,
        "56": 3.60664,
        "57": 6.481358,
        "58": 4.390398,
        "59": 3.673563,
        "60": 4.053327,
        "61": 2.719647,
        "62": 3.820667,
        "63": 4.772317,
        "64": 4.076319,
        "65": 2.234921,
        "66": 2.163262,
        "67": 3.756367,
        "68": 5.591302,
        "69": 3.223257,
        "70": 1.550398,
        "71": 3.542141,
        "72": 5.059963,
        "73": 4.692998,
        "74": 3.350102,
        "75": 4.899812,
        "76": 4.413269,
        "77": 3.173461,
        "78": 4.623402,
        "79": 3.61465,
        "80": 3.034827,
        "81": 1.732859,
        "82": 2.91332,
        "83": 3.746778,
        "84": 4.378128,
        "85": 4.106006,
        "86": 4.708904,
        "87": 5.28959,
        "88": 2.505826,
        "89": 1.61752,
        "90": 4.964302,
        "91": 3.631959,
        "92": 5.12306,
        "93": 5.630273,
        "94": 2.020132,
        "95": 2.980601,
        "96": 4.979768,
        "97": 2.349975,
        "98": 3.214821,
        "99": 2.005903,
        "100": 3.130561,
        "101": 2.37821,
        "102": 3.080988,
        "103": 5.956604,
        "104": 16.465348,
        "105": 11.62978,
        "106": 2.457706,
        "107": 3.327866,
        "108": 4.941901,
        "109": 4.600923,
        "110": 3.746266,
        "111": 4.149462,
        "112": 1.951968,
        "113": 2.470063,
        "114": 4.363528,
        "115": 4.629904,
        "116": 2.653527,
        "117": 3.560878,
        "118": 3.118976,
        "119": 3.064473,
        "120": 4.201129,
        "121": 4.965802,
        "122": 7.388695,
        "123": 6.139308,
        "124": 5.477015,
        "125": 9.306389,
        "126": 1.809114,
        "127": 2.273736,
        "128": 5.338027,
        "129": 4.471253,
        "130": 2.602242,
        "131": 5.027017,
        "132": 5.628049,
        "133": 5.773539,
        "134": 5.909502,
        "135": 4.043473,
        "136": 7.71414,
        "137": 4.224201,
        "138": 7.794517,
        "139": 11.386141,
        "140": 7.0081,
        "141": 3.85051,
        "142": 8.129301,
        "143": 5.567853,
        "144": 6.123183,
        "145": 10.507157,
        "146": 6.287403,
        "147": 1.990924,
        "148": 4.65658,
        "149": 3.643463,
        "150": 5.517146,
        "151": 4.564333,
        "152": 4.05921,
        "153": 2.280873,
        "154": 3.506143,
        "155": 4.470467,
        "156": 3.603438,
        "157": 6.082927,
        "158": 7.334721
      }
    },
    "medium": {
      "utilization_fraction": 0.5,
      "edge_latencies_ms": {
        "0": 5.434725,
        "1": 2.70561,
        "2": 3.762435,
        "3": 1.965465,
        "4": 6.341615,
        "5": 3.815587,
        "6": 2.199959,
        "7": 2.404334,
        "8": 0.796516,
        "9": 14.443488,
        "10": 5.627054,
        "11": 5.76379,
        "12": 5.745259,
        "13": 12.992916,
        "14": 4.483256,
        "15": 3.363391,
        "16": 3.633712,
        "17": 4.673692,
        "18": 4.056892,
        "19": 2.385156,
        "20": 3.717286,
        "21": 1.791051,
        "22": 4.121504,
        "23": 9.192527,
        "24": 6.712975,
        "25": 3.994384,
        "26": 4.600796,
        "27": 4.364409,
        "28": 4.09495,
        "29": 2.685689,
        "30": 5.368132,
        "31": 3.512133,
        "32": 1.179696,
        "33": 5.524544,
        "34": 5.810719,
        "35": 4.058329,
        "36": 4.059091,
        "37": 1.653724,
        "38": 3.411007,
        "39": 4.399138,
        "40": 1.75772,
        "41": 7.154562,
        "42": 2.908429,
        "43": 2.992941,
        "44": 4.865527,
        "45": 1.950731,
        "46": 4.008669,
        "47": 5.147747,
        "48": 4.802148,
        "49": 6.198182,
        "50": 8.437533,
        "51": 3.238163,
        "52": 3.219874,
        "53": 12.921419,
        "54": 1.911058,
        "55": 6.224931,
        "56": 3.636652,
        "57": 6.502963,
        "58": 4.391662,
        "59": 3.674491,
        "60": 4.054992,
        "61": 2.721034,
        "62": 3.823417,
        "63": 4.773117,
        "64": 4.077554,
        "65": 2.241107,
        "66": 2.164187,
        "67": 3.757371,
        "68": 5.59758,
        "69": 3.224346,
        "70": 1.551368,
        "71": 3.543108,
        "72": 5.063717,
        "73": 4.69445,
        "74": 3.352054,
        "75": 4.902869,
        "76": 4.414499,
        "77": 3.174245,
        "78": 4.625748,
        "79": 3.61662,
        "80": 3.036894,
        "81": 1.735881,
        "82": 2.914201,
        "83": 3.751809,
        "84": 4.379352,
        "85": 4.106901,
        "86": 4.710509,
        "87": 5.290736,
        "88": 2.506769,
        "89": 1.618677,
        "90": 4.967519,
        "91": 3.633131,
        "92": 5.123984,
        "93": 5.632004,
        "94": 2.021153,
        "95": 2.982156,
        "96": 4.981699,
        "97": 2.351,
        "98": 3.216412,
        "99": 2.006745,
        "100": 3.131452,
        "101": 2.379103,
        "102": 3.082181,
        "103": 5.957697,
        "104": 16.476453,
        "105": 11.645603,
        "106": 2.460759,
        "107": 3.329072,
        "108": 4.942809,
        "109": 4.601995,
        "110": 3.747214,
        "111": 4.150941,
        "112": 1.953297,
        "113": 2.471654,
        "114": 4.36447,
        "115": 4.631457,
        "116": 2.654313,
        "117": 3.561664,
        "118": 3.119954,
        "119": 3.065548,
        "120": 4.206576,
        "121": 4.966928,
        "122": 7.390247,
        "123": 6.140282,
        "124": 5.477838,
        "125": 9.307238,
        "126": 1.812301,
        "127": 2.274832,
        "128": 5.339473,
        "129": 4.472433,
        "130": 2.6095,
        "131": 5.02791,
        "132": 5.632729,
        "133": 5.774432,
        "134": 5.910508,
        "135": 4.044717,
        "136": 7.714929,
        "137": 4.227841,
        "138": 7.828,
        "139": 11.415535,
        "140": 7.010422,
        "141": 3.851944,
        "142": 8.131899,
        "143": 5.569374,
        "144": 6.124123,
        "145": 10.516354,
        "146": 6.288817,
        "147": 1.993081,
        "148": 4.657823,
        "149": 3.644453,
        "150": 5.51879,
        "151": 4.56531,
        "152": 4.060424,
        "153": 2.286577,
        "154": 3.507116,
        "155": 4.472246,
        "156": 3.60471,
        "157": 6.083759,
        "158": 7.33553
      }
    },
    "high": {
      "utilization_fraction": 0.8,