{
  "topology_id": 492,
  "load_conditions": {
    "low": {
      "utilization_fraction": 0.2,
      "edge_latencies_ms": {
        "0": 2.370708,
        "1": 4.734137,
        "2": 1.419395,
        "3": 1.696722,
        "4": 2.264597,
        "5": 4.989979,
        "6": 5.735261,
        "7": 5.796717,
        "8": 7.343976,
        "9": 2.199956,
        "10": 4.539248,
        "11": 5.731697,
        "12": 5.261228,
        "13": 3.490754,
        "14": 2.523472,
        "15": 5.973218,
        "16": 2.615754,
        "17": 4.72369,
        "18": 6.396875,
        "19": 10.929974,
        "20": 4.649337,
        "21": 4.110449,
        "22": 3.434355,
        "23": 3.08994,
        "24": 3.598579,
        "25": 4.023129,
        "26": 2.49046,
        "27": 2.023992,
        "28": 5.308149,
        "29": 3.559311,
        "30": 2.513289,
        "31": 3.017925,
        "32": 1.618872,
        "33": 4.041897,
        "34": 3.341958,
        "35": 6.382902,
        "36": 4.827026,
        "37": 3.421488,
        "38": 4.00745,
        "39": 1.956714,
        "40": 2.952187,
        "41": 1.400701,
        "42": 2.19112,
        "43": 2.378162,
        "44": 1.267157,
        "45": 0.619319,
        "46": 2.310197,
        "47": 12.015249,
        "48": 2.022702,
        "49": 9.996769,
        "50": 2.485839,
        "51": 2.804048,
        "52": 3.443288,
        "53": 3.107522,
        "54": 3.122951,
        "55": 7.426181,
        "56": 3.469966,
        "57": 12.942644,
        "58": 5.298487,
        "59": 4.737776,
        "60": 3.52824,
        "61": 3.109987,
        "62": 5.298937,
        "63": 5.692775,
        "64": 2.9836,
        "65": 2.674066,
        "66": 2.497409,
        "67": 3.996989,
        "68": 4.18666,
        "69": 3.051308,
        "70": 4.465045,
        "71": 3.865627,
        "72": 8.2643,
        "73": 4.608413,
        "74": 3.857515,
        "75": 5.20642,
        "76": 5.354411,
        "77": 3.215365,
        "78": 2.293594,
        "79": 5.231333,
        "80": 1.972638,
        "81": 3.580713,
        "82": 2.551978,
        "83": 9.456423,
        "84": 3.075107,
        "85": 4.824442,
        "86": 4.523466,
        "87": 3.122985,
        "88": 8.393424,
        "89": 4.975966,
        "90": 5.097744,
        "91": 8.239635,
        "92": 3.652237,
        "93": 5.380113,
        "94": 1.86345,
        "95": 2.313202,
        "96": 3.191393,
        "97": 5.926334,
        "98": 2.497539,
        "99": 7.429668,
        "100": 5.484033,
        "101": 3.362277,
        "102": 2.683909,
        "103": 5.794628,
        "104": 2.642563,
        "105": 6.393626,
        "106": 5.171511,
        "107": 1.761516,
        "108": 2.417337,
        "109": 2.862335,
        "110": 5.681099,
        "111": 7.07709,
        "112": 5.347252,
        "113": 3.402554,
        "114": 4.642987,
        "115": 5.309948,
        "116": 1.627271,
        "117": 0.419243,
        "118": 2.618735,
        "119": 3.192404,
        "120": 1.351446,
        "121": 3.420792,
        "122": 4.764282
      }
    },
    "medium": {
      "utilization_fraction": 0.5,
      "edge_latencies_ms": {
        "0": 2.372123,
        "1": 4.735238,
        "2": 1.421273,
        "3": 1.698127,
        "4": 2.269213,
        "5": 4.990948,
        "6": 5.739941,
        "7": 5.798487,
        "8": 7.355509,
        "9": 2.20296,
        "10": 4.542458,
        "11": 5.732622,
        "12": 5.26372,
        "13": 3.494985,
        "14": 2.524863,
        "15": 5.97429,
        "16": 2.617263,
        "17": 4.724735,
        "18": 6.399533,
        "19": 10.939414,
        "20": 4.651162,
        "21": 4.113662,
        "22": 3.435788,
        "23": 3.093285,
        "24": 3.600485,
        "25": 4.025052,
        "26": 2.492671,
        "27": 2.029865,
        "28": 5.31636,
        "29": 3.561854,
        "30": 2.516231,
        "31": 3.018751,
        "32": 1.619648,
        "33": 4.042996,
        "34": 3.34346,
        "35": 6.387085,
        "36": 4.830717,
        "37": 3.423809,
        "38": 4.01263,
        "39": 1.962046,
        "40": 2.968526,
        "41": 1.403833,
        "42": 2.192132,
        "43": 2.382942,
        "44": 1.268133,
        "45": 0.62023,
        "46": 2.315549,
        "47": 12.059636,
        "48": 2.02391,
        "49": 10.02248,
        "50": 2.489083,
        "51": 2.804902,
        "52": 3.448199,
        "53": 3.108342,
        "54": 3.12372,
        "55": 7.435286,
        "56": 3.470923,
        "57": 12.961407,
        "58": 5.299581,
        "59": 4.739782,
        "60": 3.533316,
        "61": 3.111245,
        "62": 5.300289,
        "63": 5.69562,
        "64": 2.98519,
        "65": 2.674975,
        "66": 2.501453,
        "67": 3.99832,
        "68": 4.187868,
        "69": 3.05239,
        "70": 4.466697,
        "71": 3.866769,
        "72": 8.272205,
        "73": 4.609474,
        "74": 3.858925,
        "75": 5.207965,
        "76": 5.358487,
        "77": 3.216867,
        "78": 2.294732,
        "79": 5.232086,
        "80": 1.975186,
        "81": 3.582412,
        "82": 2.553366,
        "83": 9.465069,
        "84": 3.076244,
        "85": 4.825849,
        "86": 4.525515,
        "87": 3.124918,
        "88": 8.395906,
        "89": 4.976804,
        "90": 5.098972,
        "91": 8.242021,
        "92": 3.657415,
        "93": 5.381471,
        "94": 1.864951,
        "95": 2.314325,
        "96": 3.192809,
        "97": 5.928261,
        "98": 2.499165,
        "99": 7.433411,
        "100": 5.484813,
        "101": 3.363098,
        "102": 2.685177,
        "103": 5.796275,
        "104": 2.643339,
        "105": 6.394913,
        "106": 5.172358,
        "107": 1.78033,
        "108": 2.419405,
        "109": 2.86575,
        "110": 5.690583,
        "111": 7.081122,
        "112": 5.348155,
        "113": 3.405298,
        "114": 4.643748,
        "115": 5.312905,
        "116": 1.628103,
        "117": 0.424465,
        "118": 2.619836,
        "119": 3.193906,
        "120": 1.352275,
        "121": 3.423514,
        "122": 4.766831
      }
    },
    "high": {
      "utilization_fraction": 0.8,
      "edge_latencies_ms": {
        "0": 2.377782,
        "1": 4.73964,
        "2": 1.428787,
        "3": 1.703748,
        "4": 2.287678,
        "5": 4.994824,
        "6": 5.758661,
        "7": 5.805568,
        "8": 7.401643,
        "9": 2.214978,
        "10": 4.555295,
        "11": 5.736321,
        "12": 5.273687,
        "13": 3.511909,
        "14": 2.530424,
        "15": 5.978582,
        "16": 2.623299,
        "17": 4.728918,
        "18": 6.410168,
        "19": 10.977173,
        "20": 4.658465,
        "21": 4.126513,
        "22": 3.441519,
        "23": 3.106663,
        "24": 3.608108,
        "25": 4.032744,
        "26": 2.501518,
        "27": 2.053358,
        "28": 5.349206,
        "29": 3.572025,
        "30": 2.528,
        "31": 3.022054,
        "32": 1.62275,
        "33": 4.047393,
        "34": 3.349469,
        "35": 6.403818,
        "36": 4.845479,
        "37": 3.433092,
        "38": 4.033351,
        "39": 1.983371,
        "40": 3.033881,
        "41": 1.41636,
        "42": 2.196181,
        "43": 2.402063,
        "44": 1.272035,
        "45": 0.623874,
        "46": 2.336957,
        "47": 12.237186,
        "48": 2.028743,
        "49": 10.125324,
        "50": 2.50206,
        "51": 2.808316,
        "52": 3.467843,
        "53": 3.111621,
        "54": 3.126796,
        "55": 7.471704,
        "56": 3.474751,
        "57": 13.03646,
        "58": 5.303956,
        "59": 4.747807,
        "60": 3.553622,
        "61": 3.116276,
        "62": 5.305695,
        "63": 5.707,
        "64": 2.991551,
        "65": 2.678608,
        "66": 2.517626,
        "67": 4.003644,
        "68": 4.192703,
        "69": 3.056721,
        "70": 4.473303,
        "71": 3.87134,
        "72": 8.303822,
        "73": 4.613715,
        "74": 3.864567,