{
  "topology_id": 218,
  "load_conditions": {
    "low": {
      "utilization_fraction": 0.2,
      "edge_latencies_ms": {
        "0": 2.297462,
        "1": 1.579259,
        "2": 1.309289,
        "3": 2.016878,
        "4": 1.613556,
        "5": 0.922862,
        "6": 4.017513,
        "7": 2.986595,
        "8": 1.581271,
        "9": 2.02008,
        "10": 3.090661,
        "11": 3.133852,
        "12": 1.772653,
        "13": 4.0477,
        "14": 2.021454,
        "15": 16.512897,
        "16": 3.521791,
        "17": 12.597536,
        "18": 14.864512,
        "19": 8.77918,
        "20": 1.955425,
        "21": 6.496996,
        "22": 4.630179,
        "23": 2.612326,
        "24": 5.071783,
        "25": 16.640032,
        "26": 3.090131,
        "27": 3.564144,
        "28": 3.590443,
        "29": 9.475302,
        "30": 3.76036,
        "31": 4.566308,
        "32": 3.832143,
        "33": 8.085609,
        "34": 4.979812,
        "35": 1.357278,
        "36": 6.268526,
        "37": 4.670646,
        "38": 1.176879,
        "39": 3.590838,
        "40": 5.488281,
        "41": 6.036228,
        "42": 1.889934,
        "43": 2.219472,
        "44": 4.721176,
        "45": 3.727841,
        "46": 1.210628,
        "47": 17.532367,
        "48": 5.016755,
        "49": 3.267815,
        "50": 3.061659,
        "51": 0.646988,
        "52": 3.741976,
        "53": 2.534154,
        "54": 4.225937,
        "55": 5.375629,
        "56": 4.648491,
        "57": 5.798219,
        "58": 6.178702,
        "59": 5.315786,
        "60": 3.461296,
        "61": 3.236201,
        "62": 4.21379,
        "63": 3.383406,
        "64": 4.808434,
        "65": 13.835901,
        "66": 5.19977,
        "67": 5.917409,
        "68": 6.540128,
        "69": 3.550463,
        "70": 5.029365,
        "71": 1.602892,
        "72": 3.649571,
        "73": 3.882134,
        "74": 3.029187,
        "75": 3.566425,
        "76": 2.056098,
        "77": 4.225146,
        "78": 1.770016,
        "79": 2.4087,
        "80": 0.755192,
        "81": 4.643919,
        "82": 1.887498,
        "83": 9.962521,
        "84": 6.265154,
        "85": 2.557973,
        "86": 3.734729,
        "87": 12.497789,
        "88": 3.695734,
        "89": 2.172844,
        "90": 1.595823,
        "91": 1.334952,
        "92": 2.645707
      }
    },
    "medium": {
      "utilization_fraction": 0.5,
      "edge_latencies_ms": {
        "0": 2.298444,
        "1": 1.580157,
        "2": 1.311429,
        "3": 2.018942,
        "4": 1.614986,
        "5": 0.924921,
        "6": 4.023216,
        "7": 2.988007,
        "8": 1.582337,
        "9": 2.021115,
        "10": 3.09172,
        "11": 3.134864,
        "12": 1.779071,
        "13": 4.048994,
        "14": 2.026301,
        "15": 16.520825,
        "16": 3.522939,
        "17": 12.615378,
        "18": 14.879188,
        "19": 8.789997,
        "20": 1.958803,
        "21": 6.497793,
        "22": 4.633651,
        "23": 2.6134,
        "24": 5.072684,
        "25": 16.648363,
        "26": 3.09278,
        "27": 3.565141,
        "28": 3.59451,
        "29": 9.485549,
        "30": 3.772263,
        "31": 4.567114,
        "32": 3.834794,
        "33": 8.086853,
        "34": 4.98073,
        "35": 1.359523,
        "36": 6.26943,
        "37": 4.681513,
        "38": 1.177687,
        "39": 3.591729,
        "40": 5.491912,
        "41": 6.037046,
        "42": 1.894929,
        "43": 2.221605,
        "44": 4.722099,
        "45": 3.729375,
        "46": 1.211535,
        "47": 17.590066,
        "48": 5.017705,
        "49": 3.268995,
        "50": 3.062662,
        "51": 0.649099,
        "52": 3.745984,
        "53": 2.535112,
        "54": 4.230766,
        "55": 5.376974,
        "56": 4.65527,
        "57": 5.801658,
        "58": 6.182725,
        "59": 5.316915,
        "60": 3.463574,
        "61": 3.238376,
        "62": 4.214756,
        "63": 3.384549,
        "64": 4.81043,
        "65": 13.848708,
        "66": 5.202629,
        "67": 5.918205,
        "68": 6.540951,
        "69": 3.556086,
        "70": 5.030141,
        "71": 1.603846,
        "72": 3.650345,
        "73": 3.885262,
        "74": 3.029997,
        "75": 3.56864,
        "76": 2.06095,
        "77": 4.231908,
        "78": 1.771051,
        "79": 2.41246,
        "80": 0.756352,
        "81": 4.644766,
        "82": 1.88886,
        "83": 9.984934,
        "84": 6.266268,
        "85": 2.558934,
        "86": 3.738066,
        "87": 12.507733,
        "88": 3.696883,
        "89": 2.173599,
        "90": 1.597516,
        "91": 1.337907,
        "92": 2.647069
      }
    },
    "high": {
      "utilization_fraction": 0.8,
      "edge_latencies_ms": {
        "0": 2.302373,
        "1": 1.583749,
        "2": 1.319987,
        "3": 2.027197,
        "4": 1.620706,
        "5": 0.93316,
        "6": 4.046026,
        "7": 2.993655,
        "8": 1.586605,
        "9": 2.025255,
        "10": 3.095953,
        "11": 3.138913,
        "12": 1.804742,
        "13": 4.054173,
        "14": 2.045689,
        "15": 16.552537,
        "16": 3.527528,
        "17": 12.686746,
        "18": 14.937891,
        "19": 8.833266,
        "20": 1.972312,
        "21": 6.500983,
        "22": 4.647539,
        "23": 2.617695,
        "24": 5.076289,
        "25": 16.681691,
        "26": 3.103378,
        "27": 3.569128,
        "28": 3.61078,
        "29": 9.52654,
        "30": 3.819875,
        "31": 4.570341,
        "32": 3.845396,
        "33": 8.091826,
        "34": 4.984398,
        "35": 1.368501,
        "36": 6.273047,
        "37": 4.724979,
        "38": 1.18092,
        "39": 3.595297,
        "40": 5.506438,
        "41": 6.040315,
        "42": 1.91491,
        "43": 2.230137,
        "44": 4.725793,
        "45": 3.735509,
        "46": 1.215166,
        "47": 17.820862,
        "48": 5.021504,
        "49": 3.273716,
        "50": 3.066673,
        "51": 0.657541,
        "52": 3.762012,
        "53": 2.538944,
        "54": 4.250084,
        "55": 5.382356,
        "56": 4.682387,
        "57": 5.815416,
        "58": 6.198817,
        "59": 5.32143,
        "60": 3.47269,
        "61": 3.247075,
        "62": 4.218622,
        "63": 3.389123,
        "64": 4.818412,
        "65": 13.899935,
        "66": 5.214066,
        "67": 5.921389,
        "68": 6.544243,
        "69": 3.578579,
        "70": 5.033245,
        "71": 1.607665,
        "72": 3.653442,
        "73": 3.897776,
        "74": 3.033236,
        "75": 3.5775,
        "76": 2.080358,
        "77": 4.258955,
        "78": 1.775189,
        "79": 2.4275,
        "80": 0.76099,
        "81": 4.648154,
        "82": 1.89431,
        "83": 10.074587,
        "84": 6.270723,
        "85": 2.562778,
        "86": 3.751413,
        "87": 12.547507,
        "88": 3.701477,
        "89": 2.176621,
        "90": 1.60429,
        "91": 1.349724,
        "92": 2.652517
      }
    },
    "flash": {
      "utilization_fraction": 0.95,
      "edge_latencies_ms": {
        "0": 2.322018,
        "1": 1.601709,
        "2": 1.362776,
        "3": 2.068475,
        "4": 1.649303,
        "5": 0.974354,
        "6": 4.160078,
        "7": 3.021894,
        "8": 1.607941,
        "9": 2.045954,
        "10": 3.117119,
        "11": 3.15916,
        "12": 1.933098,
        "13": 4.080066,
        "14": 2.142627,
        "15": 16.711097,
        "16": 3.550476,
        "17": 13.043587,
        "18": 15.231409,
        "19": 9.049611,
        "20": 2.03986,
        "21": 6.516932,
        "22": 4.716976,
        "23": 2.639168,
        "24": 5.094316,
        "25": 16.848329,
        "26": 3.156365,
        "27": 3.589063,
        "28": 3.692126,
        "29": 9.731492,
        "30": 4.057933,
        "31": 4.586472,
        "32": 3.898408,
        "33": 8.116694,
        "34": 5.002741,
        "35": 1.413389,
        "36": 6.291129,
        "37": 4.942308,
        "38": 1.197086,