{
  "topology_id": 15,
  "load_conditions": {
    "low": {
      "utilization_fraction": 0.2,
      "edge_latencies_ms": {
        "0": 6.954918,
        "1": 6.385209,
        "2": 3.942791,
        "3": 5.011971,
        "4": 5.339613,
        "5": 4.311755,
        "6": 5.998752,
        "7": 3.745461,
        "8": 5.79135,
        "9": 7.218411,
        "10": 7.188548,
        "11": 4.056462,
        "12": 4.576007,
        "13": 2.626941,
        "14": 1.770461,
        "15": 8.290741,
        "16": 7.072259,
        "17": 3.065456,
        "18": 3.79271,
        "19": 6.118014,
        "20": 5.901737,
        "21": 4.386433,
        "22": 7.948747,
        "23": 3.940754,
        "24": 3.5766,
        "25": 5.259723,
        "26": 3.263767,
        "27": 2.708951,
        "28": 2.171324,
        "29": 4.486093,
        "30": 4.054366,
        "31": 4.891519,
        "32": 2.787171,
        "33": 2.256245,
        "34": 2.796962,
        "35": 2.173563,
        "36": 9.259286,
        "37": 2.065649,
        "38": 3.467419,
        "39": 7.789607,
        "40": 4.712473,
        "41": 5.43687,
        "42": 1.368203,
        "43": 8.077068,
        "44": 4.470813,
        "45": 2.887308,
        "46": 3.717174,
        "47": 10.266949,
        "48": 4.816643,
        "49": 3.535653,
        "50": 5.704839,
        "51": 4.113898,
        "52": 1.769577,
        "53": 3.592852,
        "54": 4.117519,
        "55": 5.24448,
        "56": 4.041967,
        "57": 2.681332,
        "58": 2.838323,
        "59": 2.671292,
        "60": 2.820754,
        "61": 4.854941,
        "62": 3.151929,
        "63": 4.602772,
        "64": 2.321492,
        "65": 1.991474,
        "66": 5.900486,
        "67": 5.440217,
        "68": 4.734286,
        "69": 2.677906,
        "70": 4.301931,
        "71": 5.901763,
        "72": 5.950002,
        "73": 3.526214,
        "74": 4.304031,
        "75": 2.022389,
        "76": 3.214338,
        "77": 2.789031,
        "78": 3.138065,
        "79": 4.719233,
        "80": 4.365784,
        "81": 3.726673,
        "82": 5.66009,
        "83": 3.487875,
        "84": 4.64086,
        "85": 4.361357,
        "86": 2.951732,
        "87": 4.335245,
        "88": 4.253702
      }
    },
    "medium": {
      "utilization_fraction": 0.5,
      "edge_latencies_ms": {
        "0": 6.957292,
        "1": 6.386042,
        "2": 3.947532,
        "3": 5.01392,
        "4": 5.343267,
        "5": 4.314009,
        "6": 6.001468,
        "7": 3.74677,
        "8": 5.792169,
        "9": 7.240974,
        "10": 7.190081,
        "11": 4.057401,
        "12": 4.647674,
        "13": 2.634861,
        "14": 1.772366,
        "15": 8.303738,
        "16": 7.090604,
        "17": 3.06655,
        "18": 3.79378,
        "19": 6.119013,
        "20": 5.903028,
        "21": 4.387519,
        "22": 7.949532,
        "23": 3.941827,
        "24": 3.577629,
        "25": 5.262769,
        "26": 3.264976,
        "27": 2.709763,
        "28": 2.173791,
        "29": 4.487103,
        "30": 4.055531,
        "31": 4.89454,
        "32": 2.789019,
        "33": 2.259158,
        "34": 2.803692,
        "35": 2.174518,
        "36": 9.269979,
        "37": 2.066606,
        "38": 3.468177,
        "39": 7.798526,
        "40": 4.713851,
        "41": 5.437689,
        "42": 1.368973,
        "43": 8.105289,
        "44": 4.471705,
        "45": 2.888789,
        "46": 3.71803,
        "47": 10.274646,
        "48": 4.820932,
        "49": 3.536514,
        "50": 5.705726,
        "51": 4.115248,
        "52": 1.772264,
        "53": 3.596068,
        "54": 4.118441,
        "55": 5.259664,
        "56": 4.042892,
        "57": 2.682293,
        "58": 2.839172,
        "59": 2.672485,
        "60": 2.821573,
        "61": 4.85727,
        "62": 3.153078,
        "63": 4.604793,
        "64": 2.324205,
        "65": 1.992318,
        "66": 5.901298,
        "67": 5.441262,
        "68": 4.735626,
        "69": 2.679316,
        "70": 4.302827,
        "71": 5.902658,
        "72": 5.951528,
        "73": 3.526968,
        "74": 4.307376,
        "75": 2.024906,
        "76": 3.217227,
        "77": 2.793642,
        "78": 3.138946,
        "79": 4.720132,
        "80": 4.366639,
        "81": 3.728049,
        "82": 5.667234,
        "83": 3.489484,
        "84": 4.641786,
        "85": 4.364826,
        "86": 2.952555,
        "87": 4.338277,
        "88": 4.254526
      }
    },
    "high": {
      "utilization_fraction": 0.8,
      "edge_latencies_ms": {
        "0": 6.966786,
        "1": 6.389373,
        "2": 3.966493,
        "3": 5.021718,
        "4": 5.357882,
        "5": 4.323023,
        "6": 6.01233,
        "7": 3.752006,
        "8": 5.795444,
        "9": 7.331226,
        "10": 7.196211,
        "11": 4.061155,
        "12": 4.934345,
        "13": 2.666541,
        "14": 1.779989,
        "15": 8.355726,
        "16": 7.163983,
        "17": 3.070928,
        "18": 3.798059,
        "19": 6.123008,
        "20": 5.908194,
        "21": 4.391865,
        "22": 7.952675,
        "23": 3.94612,
        "24": 3.581747,
        "25": 5.27495,
        "26": 3.269812,
        "27": 2.713012,
        "28": 2.18366,
        "29": 4.491142,
        "30": 4.060192,
        "31": 4.906625,
        "32": 2.796411,
        "33": 2.270812,
        "34": 2.83061,
        "35": 2.178341,
        "36": 9.312753,
        "37": 2.070434,
        "38": 3.471207,
        "39": 7.834205,
        "40": 4.719362,
        "41": 5.440966,
        "42": 1.372054,
        "43": 8.218171,
        "44": 4.475271,
        "45": 2.894716,
        "46": 3.721456,
        "47": 10.305431,
        "48": 4.838089,
        "49": 3.539961,
        "50": 5.709275,
        "51": 4.120648,
        "52": 1.783012,
        "53": 3.608934,
        "54": 4.122132,
        "55": 5.320397,
        "56": 4.046592,
        "57": 2.686136,
        "58": 2.84257,
        "59": 2.677254,
        "60": 2.82485,
        "61": 4.866586,
        "62": 3.157673,
        "63": 4.612879,
        "64": 2.335059,
        "65": 1.995695,
        "66": 5.904544,
        "67": 5.445438,
        "68": 4.740989,
        "69": 2.684953,
        "70": 4.306408,
        "71": 5.906235,
        "72": 5.957631,
        "73": 3.529982,
        "74": 4.320754,
        "75": 2.034974,
        "76": 3.228784,
        "77": 2.812088,
        "78": 3.142473,
        "79": 4.723725,
        "80": 4.37006,
        "81": 3.73355,
        "82": 5.69581,
        "83": 3.495924,
        "84": 4.645489,
        "85": 4.378702,
        "86": 2.955847,
        "87": 4.350405,
        "88": 4.257823
      }
    },
    "flash": {
      "utilization_fraction": 0.95,
      "edge_latencies_ms": {
        "0": 7.014257,
        "1": 6.406027,
        "2": 4.061301,
        "3": 5.060707,
        "4": 5.430957,
        "5": 4.368095,
        "6": 6.066644,
        "7": 3.778185,
        "8": 5.811818,
        "9": 7.782487,
        "10": 7.22686,
        "11": 4.079928,
        "12": 6.367699,
        "13": 2.824943,
        "14": 1.818105,
        "15": 8.615663,
        "16": 7.530877,
        "17": 3.092818,
        "18": 3.819454,
        "19": 6.142983,
        "20": 5.93402,
        "21": 4.413595,
        "22": 7.968391,
        "23": 3.967582,
        "24": 3.602338,
        "25": 5.335859,
        "26": 3.293989,
        "27": 2.729256,
        "28": 2.233004,
        "29": 4.511341,
        "30": 4.083498,
        "31": 4.967052,
        "32": 2.833373,
        "33": 2.329078,
        "34": 2.965202,
        "35": 2.197454,
        "36": 9.526619,
        "37": 2.089572,
        "38": 3.486359,
        "39": 8.012597,
        "40": 4.746917,
        "41": 5.457353,
        "42": 1.38746,
        "43": 8.782585,
        "44": 4.493104,
        "45": 2.924348,
        "46": 3.738583,
        "47": 10.459361,
        "48": 4.923874,
        "49": 3.557196,
        "50": 5.727022,
        "51": 4.14765,