{
  "topology_id": 305,
  "load_conditions": {
    "low": {
      "utilization_fraction": 0.2,
      "edge_latencies_ms": {
        "0": 3.576218,
        "1": 1.461478,
        "2": 1.670311,
        "3": 13.004252,
        "4": 12.638287,
        "5": 13.489731,
        "6": 4.698971,
        "7": 8.544923,
        "8": 3.124084,
        "9": 2.041697,
        "10": 4.360138,
        "11": 4.017453,
        "12": 15.818979,
        "13": 4.101056,
        "14": 4.295158,
        "15": 4.972323,
        "16": 2.231418,
        "17": 4.536542,
        "18": 4.254692,
        "19": 11.515922,
        "20": 5.841576,
        "21": 8.207915,
        "22": 4.448725,
        "23": 8.541322,
        "24": 6.653222,
        "25": 5.029221,
        "26": 4.696194,
        "27": 3.219223,
        "28": 13.782582,
        "29": 2.237239,
        "30": 2.885042,
        "31": 3.219546,
        "32": 5.873303,
        "33": 4.287428,
        "34": 3.549621,
        "35": 3.769398,
        "36": 2.809589,
        "37": 4.276465,
        "38": 2.798698,
        "39": 11.34123,
        "40": 1.235978,
        "41": 3.33478,
        "42": 5.077492,
        "43": 3.705279,
        "44": 4.849763,
        "45": 5.563472,
        "46": 4.23828,
        "47": 2.291727,
        "48": 4.256715,
        "49": 2.724139,
        "50": 3.631565,
        "51": 3.686281,
        "52": 5.130842,
        "53": 3.613004,
        "54": 4.515325,
        "55": 2.748972,
        "56": 1.602414,
        "57": 2.484426,
        "58": 2.829681,
        "59": 6.779727,
        "60": 1.951149
      }
    },
    "medium": {
      "utilization_fraction": 0.5,
      "edge_latencies_ms": {
        "0": 3.577423,
        "1": 1.462319,
        "2": 1.674907,
        "3": 13.022686,
        "4": 12.646858,
        "5": 13.497757,
        "6": 4.702056,
        "7": 8.58939,
        "8": 3.12486,
        "9": 2.04306,
        "10": 4.361131,
        "11": 4.018261,
        "12": 15.827853,
        "13": 4.104155,
        "14": 4.296445,
        "15": 4.977021,
        "16": 2.232664,
        "17": 4.537743,
        "18": 4.255766,
        "19": 11.530323,
        "20": 5.842334,
        "21": 8.229913,
        "22": 4.45138,
        "23": 8.549221,
        "24": 6.655143,
        "25": 5.030251,
        "26": 4.700234,
        "27": 3.223748,
        "28": 13.790214,
        "29": 2.238037,
        "30": 2.890067,
        "31": 3.22089,
        "32": 5.874521,
        "33": 4.293308,
        "34": 3.550668,
        "35": 3.77045,
        "36": 2.810462,
        "37": 4.279333,
        "38": 2.802025,
        "39": 11.380561,
        "40": 1.238838,
        "41": 3.337024,
        "42": 5.079754,
        "43": 3.710959,
        "44": 4.851118,
        "45": 5.56425,
        "46": 4.24026,
        "47": 2.293148,
        "48": 4.259101,
        "49": 2.72489,
        "50": 3.632671,
        "51": 3.68937,
        "52": 5.131939,
        "53": 3.614411,
        "54": 4.516205,
        "55": 2.749732,
        "56": 1.605637,
        "57": 2.485569,
        "58": 2.832301,
        "59": 6.781361,
        "60": 1.952333
      }
    },
    "high": {
      "utilization_fraction": 0.8,
      "edge_latencies_ms": {
        "0": 3.582243,
        "1": 1.465682,
        "2": 1.693293,
        "3": 13.096419,
        "4": 12.681139,
        "5": 13.529862,
        "6": 4.714399,
        "7": 8.767259,
        "8": 3.127963,
        "9": 2.04851,
        "10": 4.365103,
        "11": 4.021495,
        "12": 15.863348,
        "13": 4.11655,
        "14": 4.301595,
        "15": 4.99581,
        "16": 2.237648,
        "17": 4.542546,
        "18": 4.260063,
        "19": 11.58793,
        "20": 5.845363,
        "21": 8.317905,
        "22": 4.462002,
        "23": 8.580815,
        "24": 6.662831,
        "25": 5.034374,
        "26": 4.716393,
        "27": 3.241848,
        "28": 13.820743,
        "29": 2.241232,
        "30": 2.910169,
        "31": 3.226266,
        "32": 5.87939,
        "33": 4.31683,
        "34": 3.554856,
        "35": 3.774659,
        "36": 2.813956,
        "37": 4.290803,
        "38": 2.815334,
        "39": 11.537882,
        "40": 1.250281,
        "41": 3.346,
        "42": 5.088804,
        "43": 3.733679,
        "44": 4.856537,
        "45": 5.567362,
        "46": 4.248179,
        "47": 2.298829,
        "48": 4.268642,
        "49": 2.727894,
        "50": 3.637098,
        "51": 3.701728,
        "52": 5.136329,
        "53": 3.620036,
        "54": 4.519726,
        "55": 2.75277,
        "56": 1.618533,
        "57": 2.490143,
        "58": 2.842781,
        "59": 6.787894,
        "60": 1.957068
      }
    },
    "flash": {
      "utilization_fraction": 0.95,
      "edge_latencies_ms": {
        "0": 3.606342,
        "1": 1.482498,
        "2": 1.785222,
        "3": 13.465088,
        "4": 12.852547,
        "5": 13.690389,
        "6": 4.776114,
        "7": 9.656602,
        "8": 3.143478,
        "9": 2.075764,
        "10": 4.384964,
        "11": 4.037667,
        "12": 16.040822,
        "13": 4.178526,
        "14": 4.327345,
        "15": 5.089759,
        "16": 2.262569,
        "17": 4.566564,
        "18": 4.281548,
        "19": 11.875963,
        "20": 5.86051,
        "21": 8.757865,
        "22": 4.515111,
        "23": 8.738783,
        "24": 6.701267,
        "25": 5.054988,
        "26": 4.797189,
        "27": 3.332349,
        "28": 13.973389,
        "29": 2.257204,
        "30": 3.01068,
        "31": 3.253148,
        "32": 5.903736,
        "33": 4.43444,
        "34": 3.575798,
        "35": 3.795705,
        "36": 2.831422,
        "37": 4.348154,
        "38": 2.881877,
        "39": 12.324489,
        "40": 1.307495,
        "41": 3.390881,
        "42": 5.134053,
        "43": 3.847283,
        "44": 4.883632,
        "45": 5.582924,
        "46": 4.287776,
        "47": 2.327236,
        "48": 4.316351,
        "49": 2.742914,
        "50": 3.659228,
        "51": 3.763517,
        "52": 5.158275,
        "53": 3.648163,
        "54": 4.537332,
        "55": 2.767963,
        "56": 1.683011,
        "57": 2.513008,
        "58": 2.895182,
        "59": 6.820562,
        "60": 1.980741
      }
    }
  }
}