{
  "topology_id": 375,
  "load_conditions": {
    "low": {
      "utilization_fraction": 0.2,
      "edge_latencies_ms": {
        "0": 1.546689,
        "1": 5.327064,
        "2": 5.805295,
        "3": 10.180067,
        "4": 4.555765,
        "5": 3.127758,
        "6": 2.321315,
        "7": 5.068601,
        "8": 3.059431,
        "9": 6.04266,
        "10": 5.250959,
        "11": 8.544556,
        "12": 4.385771,
        "13": 1.602301,
        "14": 3.640856,
        "15": 2.695808,
        "16": 5.221297,
        "17": 2.55134,
        "18": 2.567806,
        "19": 6.446587,
        "20": 10.055991,
        "21": 5.071313,
        "22": 2.135332,
        "23": 3.878868,
        "24": 3.773735,
        "25": 2.576339,
        "26": 1.850852,
        "27": 2.56525,
        "28": 2.394926,
        "29": 2.824316,
        "30": 5.153762,
        "31": 5.57834,
        "32": 8.529608,
        "33": 5.532937,
        "34": 3.866515,
        "35": 1.826677,
        "36": 3.570333,
        "37": 4.02729,
        "38": 2.67662,
        "39": 1.953989,
        "40": 18.930518,
        "41": 3.027229,
        "42": 8.961946,
        "43": 17.652983,
        "44": 9.342493,
        "45": 2.664077,
        "46": 2.04416,
        "47": 4.800236,
        "48": 2.956792,
        "49": 1.157325,
        "50": 3.781669,
        "51": 5.335762,
        "52": 13.076797,
        "53": 13.417562,
        "54": 3.404878,
        "55": 2.826958,
        "56": 1.46756,
        "57": 2.748494
      }
    },
    "medium": {
      "utilization_fraction": 0.5,
      "edge_latencies_ms": {
        "0": 1.548547,
        "1": 5.328024,
        "2": 5.806266,
        "3": 10.18774,
        "4": 4.55658,
        "5": 3.132931,
        "6": 2.322433,
        "7": 5.076168,
        "8": 3.0661,
        "9": 6.067606,
        "10": 5.25245,
        "11": 8.548566,
        "12": 4.386683,
        "13": 1.605034,
        "14": 3.711026,
        "15": 2.696783,
        "16": 5.222343,
        "17": 2.552152,
        "18": 2.570002,
        "19": 6.468319,
        "20": 10.064735,
        "21": 5.072319,
        "22": 2.136126,
        "23": 3.879676,
        "24": 3.776224,
        "25": 2.577104,
        "26": 1.851855,
        "27": 2.566816,
        "28": 2.400141,
        "29": 2.826155,
        "30": 5.1547,
        "31": 5.579192,
        "32": 8.54177,
        "33": 5.533929,
        "34": 3.867674,
        "35": 1.833409,
        "36": 3.576529,
        "37": 4.034385,
        "38": 2.677866,
        "39": 1.956775,
        "40": 18.93923,
        "41": 3.031719,
        "42": 8.97011,
        "43": 17.675568,
        "44": 9.388339,
        "45": 2.665058,
        "46": 2.045155,
        "47": 4.804,
        "48": 2.9578,
        "49": 1.158094,
        "50": 3.782559,
        "51": 5.336561,
        "52": 13.084704,
        "53": 13.459873,
        "54": 3.405798,
        "55": 2.827719,
        "56": 1.473201,
        "57": 2.749649
      }
    },
    "high": {
      "utilization_fraction": 0.8,
      "edge_latencies_ms": {
        "0": 1.555978,
        "1": 5.331862,
        "2": 5.810148,
        "3": 10.218433,
        "4": 4.559839,
        "5": 3.153623,
        "6": 2.326904,
        "7": 5.106439,
        "8": 3.092773,
        "9": 6.167393,
        "10": 5.258415,
        "11": 8.564606,
        "12": 4.39033,
        "13": 1.615963,
        "14": 3.991709,
        "15": 2.700679,
        "16": 5.226525,
        "17": 2.555403,
        "18": 2.57879,
        "19": 6.55525,
        "20": 10.099712,
        "21": 5.076343,
        "22": 2.139304,
        "23": 3.882911,
        "24": 3.78618,
        "25": 2.580167,
        "26": 1.855866,
        "27": 2.573081,
        "28": 2.421001,
        "29": 2.833513,
        "30": 5.158453,
        "31": 5.5826,
        "32": 8.590415,
        "33": 5.537895,
        "34": 3.87231,
        "35": 1.860336,
        "36": 3.601316,
        "37": 4.062764,
        "38": 2.682851,
        "39": 1.967922,
        "40": 18.974078,
        "41": 3.049678,
        "42": 9.002765,
        "43": 17.765909,
        "44": 9.571724,
        "45": 2.668979,
        "46": 2.049136,
        "47": 4.819056,
        "48": 2.961834,
        "49": 1.16117,
        "50": 3.78612,
        "51": 5.339758,
        "52": 13.11633,
        "53": 13.62912,
        "54": 3.409479,
        "55": 2.830762,
        "56": 1.495766,
        "57": 2.754271
      }
    },
    "flash": {
      "utilization_fraction": 0.95,
      "edge_latencies_ms": {
        "0": 1.593135,
        "1": 5.351053,
        "2": 5.829563,
        "3": 10.371899,
        "4": 4.576137,
        "5": 3.257083,
        "6": 2.349259,
        "7": 5.257793,
        "8": 3.226141,
        "9": 6.666328,
        "10": 5.288236,
        "11": 8.644805,
        "12": 4.408566,
        "13": 1.670612,
        "14": 5.395119,
        "15": 2.72016,
        "16": 5.247438,
        "17": 2.571655,
        "18": 2.622726,
        "19": 6.989903,
        "20": 10.274595,
        "21": 5.096463,
        "22": 2.155195,
        "23": 3.899084,
        "24": 3.835959,
        "25": 2.595479,
        "26": 1.875918,
        "27": 2.604408,
        "28": 2.5253,
        "29": 2.870301,
        "30": 5.177221,
        "31": 5.599638,
        "32": 8.83364,
        "33": 5.557727,
        "34": 3.895488,
        "35": 1.994973,
        "36": 3.72525,
        "37": 4.204659,
        "38": 2.707777,
        "39": 2.023657,
        "40": 19.148319,
        "41": 3.139473,
        "42": 9.16604,
        "43": 18.217611,
        "44": 10.48865,
        "45": 2.688585,
        "46": 2.069039,
        "47": 4.894335,
        "48": 2.982005,
        "49": 1.176552,
        "50": 3.803921,
        "51": 5.355743,
        "52": 13.27446,
        "53": 14.47535,
        "54": 3.42788,
        "55": 2.845977,
        "56": 1.608591,
        "57": 2.777377
      }
    }
  }
}