{
  "topology_id": 286,
  "load_conditions": {
    "low": {
      "utilization_fraction": 0.2,
      "edge_latencies_ms": {
        "0": 4.176524,
        "1": 2.821302,
        "2": 14.334446,
        "3": 2.72461,
        "4": 11.1467,
        "5": 4.587848,
        "6": 12.899791,
        "7": 14.477206,
        "8": 4.587598,
        "9": 6.674727,
        "10": 3.849762,
        "11": 5.499285,
        "12": 2.514425,
        "13": 4.332517,
        "14": 1.90378,
        "15": 1.983945,
        "16": 4.631271,
        "17": 5.176855,
        "18": 5.645905,
        "19": 9.913999,
        "20": 4.516158,
        "21": 3.373324,
        "22": 3.461695,
        "23": 3.322398,
        "24": 1.774832,
        "25": 2.961524,
        "26": 2.192534,
        "27": 2.625354,
        "28": 6.871786,
        "29": 2.310129,
        "30": 6.726234
      }
    },
    "medium": {
      "utilization_fraction": 0.5,
      "edge_latencies_ms": {
        "0": 4.178908,
        "1": 2.823613,
        "2": 14.347335,
        "3": 2.725875,
        "4": 11.158749,
        "5": 4.588896,
        "6": 12.908413,
        "7": 14.493591,
        "8": 4.588576,
        "9": 6.675864,
        "10": 3.852067,
        "11": 5.500133,
        "12": 2.515349,
        "13": 4.333567,
        "14": 1.904653,
        "15": 1.98563,
        "16": 4.633674,
        "17": 5.178336,
        "18": 5.64715,
        "19": 9.923762,
        "20": 4.517372,
        "21": 3.374884,
        "22": 3.463019,
        "23": 3.323772,
        "24": 1.776019,
        "25": 2.963136,
        "26": 2.193752,
        "27": 2.627415,
        "28": 6.872916,
        "29": 2.313104,
        "30": 6.727025
      }
    },
    "high": {
      "utilization_fraction": 0.8,
      "edge_latencies_ms": {
        "0": 4.188443,
        "1": 2.832857,
        "2": 14.398888,
        "3": 2.730934,
        "4": 11.206944,
        "5": 4.593089,
        "6": 12.9429,
        "7": 14.559129,
        "8": 4.592486,
        "9": 6.680413,
        "10": 3.861285,
        "11": 5.503522,
        "12": 2.519046,
        "13": 4.337766,
        "14": 1.908146,
        "15": 1.99237,
        "16": 4.643289,
        "17": 5.18426,
        "18": 5.65213,
        "19": 9.962812,
        "20": 4.522225,
        "21": 3.381122,
        "22": 3.468317,
        "23": 3.32927,
        "24": 1.780769,
        "25": 2.969586,
        "26": 2.198628,
        "27": 2.635658,
        "28": 6.877438,
        "29": 2.325005,
        "30": 6.730191
      }
    },
    "flash": {
      "utilization_fraction": 0.95,
      "edge_latencies_ms": {
        "0": 4.236118,
        "1": 2.87908,
        "2": 14.656656,
        "3": 2.75623,
        "4": 11.447921,
        "5": 4.614053,
        "6": 13.115333,
        "7": 14.88682,
        "8": 4.612036,
        "9": 6.703157,
        "10": 3.907374,
        "11": 5.520472,
        "12": 2.53753,
        "13": 4.358761,
        "14": 1.925613,
        "15": 2.026073,
        "16": 4.691359,
        "17": 5.213883,
        "18": 5.677031,
        "19": 10.158063,
        "20": 4.546493,
        "21": 3.412315,
        "22": 3.494805,
        "23": 3.356762,
        "24": 1.804515,
        "25": 3.001831,
        "26": 2.223005,
        "27": 2.676875,
        "28": 6.900046,
        "29": 2.384509,
        "30": 6.74602
      }
    }
  }
}