{
  "topology_id": 465,
  "load_conditions": {
    "low": {
      "utilization_fraction": 0.2,
      "edge_latencies_ms": {
        "0": 5.250332,
        "1": 4.320962,
        "2": 2.583497,
        "3": 5.037665,
        "4": 3.407995,
        "5": 3.233776,
        "6": 8.423983,
        "7": 4.746977,
        "8": 1.727372,
        "9": 5.6615,
        "10": 6.644119,
        "11": 4.716521,
        "12": 3.403808,
        "13": 4.650971,
        "14": 2.50527,
        "15": 2.720299,
        "16": 7.10731,
        "17": 3.648956,
        "18": 4.296226,
        "19": 4.251245,
        "20": 3.797266,
        "21": 3.45363,
        "22": 3.284461,
        "23": 0.552411,
        "24": 2.069457,
        "25": 4.512446,
        "26": 5.298034,
        "27": 4.304727,
        "28": 6.399212,
        "29": 5.001053,
        "30": 4.069653,
        "31": 4.265014,
        "32": 2.099166,
        "33": 4.282099,
        "34": 3.424831,
        "35": 2.294977,
        "36": 4.507859,
        "37": 3.744554,
        "38": 3.202217,
        "39": 4.736028,
        "40": 3.11653,
        "41": 3.030268,
        "42": 3.220451,
        "43": 4.303279,
        "44": 2.370759,
        "45": 5.370216,
        "46": 5.134564,
        "47": 3.50604,
        "48": 5.852001,
        "49": 8.141747,
        "50": 4.159229,
        "51": 3.750259,
        "52": 2.314676,
        "53": 4.895198,
        "54": 6.278116,
        "55": 2.074357,
        "56": 2.354874,
        "57": 3.336765,
        "58": 5.756519,
        "59": 3.026703,
        "60": 4.052806,
        "61": 1.360879,
        "62": 4.944553,
        "63": 1.413924,
        "64": 4.70773,
        "65": 2.543746,
        "66": 2.869512,
        "67": 6.435997,
        "68": 5.052939,
        "69": 3.021675,
        "70": 2.296389,
        "71": 3.341049,
        "72": 4.420394,
        "73": 1.946863,
        "74": 3.838324,
        "75": 3.343927,
        "76": 3.195294,
        "77": 3.071893,
        "78": 3.072852,
        "79": 1.414105,
        "80": 2.552801,
        "81": 3.389121,
        "82": 1.899378,
        "83": 3.869382,
        "84": 8.437107,
        "85": 3.022043,
        "86": 5.866863,
        "87": 4.974432,
        "88": 2.954137,
        "89": 3.883983,
        "90": 2.937279,
        "91": 5.073986,
        "92": 5.935906,
        "93": 4.875082,
        "94": 3.938232,
        "95": 4.728766,
        "96": 4.163119,
        "97": 4.321057,
        "98": 2.869146,
        "99": 4.926952,
        "100": 3.243441,
        "101": 3.592271,
        "102": 7.261581,
        "103": 6.659092,
        "104": 4.920476,
        "105": 7.485743,
        "106": 6.826867,
        "107": 3.826874,
        "108": 3.052583,
        "109": 0.758402,
        "110": 3.892959,
        "111": 7.349408,
        "112": 2.657284,
        "113": 1.770778,
        "114": 1.846999,
        "115": 2.376053,
        "116": 5.476723,
        "117": 0.838643,
        "118": 5.379559,
        "119": 4.947223,
        "120": 3.559854,
        "121": 1.877013,
        "122": 2.479987,
        "123": 2.859155,
        "124": 3.256094,
        "125": 4.02095,
        "126": 3.450651,
        "127": 4.09715,
        "128": 1.901591,
        "129": 2.788202,
        "130": 4.676721,
        "131": 2.659793,
        "132": 1.689157,
        "133": 1.475216
      }
    },
    "medium": {
      "utilization_fraction": 0.5,
      "edge_latencies_ms": {
        "0": 5.253356,
        "1": 4.321891,
        "2": 2.584696,
        "3": 5.038666,
        "4": 3.411368,
        "5": 3.236579,
        "6": 8.424946,
        "7": 4.754529,
        "8": 1.728583,
        "9": 5.664167,
        "10": 6.645156,
        "11": 4.71773,
        "12": 3.415953,
        "13": 4.652529,
        "14": 2.50649,
        "15": 2.738287,
        "16": 7.108599,
        "17": 3.649803,
        "18": 4.302819,
        "19": 4.252472,
        "20": 3.798529,
        "21": 3.455835,
        "22": 3.285331,
        "23": 0.553492,
        "24": 2.070883,
        "25": 4.515128,
        "26": 5.30124,
        "27": 4.307874,
        "28": 6.400632,
        "29": 5.003479,
        "30": 4.072528,
        "31": 4.266462,
        "32": 2.100153,
        "33": 4.283185,
        "34": 3.426475,
        "35": 2.34887,
        "36": 4.527145,
        "37": 3.745582,
        "38": 3.204878,
        "39": 4.738086,
        "40": 3.117559,
        "41": 3.031223,
        "42": 3.221259,
        "43": 4.304187,
        "44": 2.374307,
        "45": 5.371177,
        "46": 5.138033,
        "47": 3.507548,
        "48": 5.870187,
        "49": 8.143615,
        "50": 4.163709,
        "51": 3.75124,
        "52": 2.31554,
        "53": 4.898115,
        "54": 6.280892,
        "55": 2.080003,
        "56": 2.360274,
        "57": 3.337661,
        "58": 5.758382,
        "59": 3.027614,
        "60": 4.053902,
        "61": 1.36201,
        "62": 4.94683,
        "63": 1.415164,
        "64": 4.708524,
        "65": 2.544559,
        "66": 2.870385,
        "67": 6.455046,
        "68": 5.054343,
        "69": 3.022771,
        "70": 2.297142,
        "71": 3.341942,
        "72": 4.42143,
        "73": 1.95091,
        "74": 3.839787,
        "75": 3.344977,
        "76": 3.21132,
        "77": 3.073536,
        "78": 3.074196,
        "79": 1.416109,
        "80": 2.55369,
        "81": 3.392082,
        "82": 1.901231,
        "83": 3.870268,
        "84": 8.452671,
        "85": 3.023074,
        "86": 5.868284,
        "87": 4.977757,
        "88": 2.955335,
        "89": 3.885938,
        "90": 2.938892,
        "91": 5.075138,
        "92": 5.938853,
        "93": 4.87624,
        "94": 3.965757,
        "95": 4.730155,
        "96": 4.163956,
        "97": 4.321966,
        "98": 2.871112,
        "99": 4.927781,
        "100": 3.244608,
        "101": 3.595657,
        "102": 7.263014,
        "103": 6.660011,
        "104": 4.921226,
        "105": 7.487784,
        "106": 6.827701,
        "107": 3.827951,
        "108": 3.053524,
        "109": 0.760766,
        "110": 3.894947,
        "111": 7.355693,
        "112": 2.658559,
        "113": 1.776762,
        "114": 1.848633,
        "115": 2.378149,
        "116": 5.478143,
        "117": 0.83976,
        "118": 5.380413,
        "119": 4.9482,
        "120": 3.560703,
        "121": 1.879149,
        "122": 2.483756,
        "123": 2.861321,
        "124": 3.257864,
        "125": 4.022102,
        "126": 3.454202,
        "127": 4.098083,
        "128": 1.903827,
        "129": 2.789665,
        "130": 4.67785,
        "131": 2.662737,
        "132": 1.69004,
        "133": 1.476016
      }
    },
    "high": {
      "utilization_fraction": 0.8,
      "edge_latencies_ms": {
        "0": 5.26545,
        "1": 4.325607,
        "2": 2.589494,
        "3": 5.042674,
        "4": 3.424859,
        "5": 3.247792,
        "6": 8.428796,
        "7": 4.784738,
        "8": 1.733429,
        "9": 5.674836,
        "10": 6.649302,
        "11": 4.722564,
        "12": 3.464536,
        "13": 4.658759,
        "14": 2.511369,
        "15": 2.810238,
        "16": 7.113751,
        "17": 3.653194,
        "18": 4.329193,
        "19": 4.25738,
        "20": 3.803578,
        "21": 3.464657,
        "22": 3.288811,
        "23": 0.557817,
        "24": 2.076589,
        "25": 4.525858,
        "26": 5.314063,
        "27": 4.320461,
        "28": 6.40631,
        "29": 5.013185,
        "30": 4.084028,
        "31": 4.272255,
        "32": 2.104103,
        "33": 4.287531,
        "34": 3.433052,
        "35": 2.564444,
        "36": 4.604285,
        "37": 3.749697,
        "38": 3.215522,
        "39": 4.746318,
        "40": 3.121674,
        "41": 3.035046,
        "42": 3.224491,
        "43": 4.307816,
        "44": 2.388502,
        "45": 5.375021,
        "46": 5.151912,
        "47": 3.51358,
        "48": 5.942932,
        "49": 8.151086,
        "50": 4.181633,
        "51": 3.755163,