{
  "topology_id": 43,
  "load_conditions": {
    "low": {
      "utilization_fraction": 0.2,
      "edge_latencies_ms": {
        "0": 2.054396,
        "1": 4.765958,
        "2": 10.195985,
        "3": 8.850558,
        "4": 5.861125,
        "5": 2.666126,
        "6": 2.843461,
        "7": 6.515555,
        "8": 2.716001,
        "9": 12.258832,
        "10": 12.703822,
        "11": 2.450764,
        "12": 1.513579,
        "13": 3.528599,
        "14": 14.949924,
        "15": 1.748091,
        "16": 4.845632,
        "17": 2.601151,
        "18": 3.113463,
        "19": 2.918325,
        "20": 1.806681,
        "21": 3.043579,
        "22": 3.568944
      }
    },
    "medium": {
      "utilization_fraction": 0.5,
      "edge_latencies_ms": {
        "0": 2.055783,
        "1": 4.766948,
        "2": 10.204633,
        "3": 8.858259,
        "4": 5.870486,
        "5": 2.667002,
        "6": 2.844919,
        "7": 6.516507,
        "8": 2.716853,
        "9": 12.267737,
        "10": 12.711333,
        "11": 2.452848,
        "12": 1.517179,
        "13": 3.530227,
        "14": 14.990024,
        "15": 1.752402,
        "16": 4.847428,
        "17": 2.60309,
        "18": 3.114686,
        "19": 2.919091,
        "20": 1.811022,
        "21": 3.04513,
        "22": 3.569911
      }
    },
    "high": {
      "utilization_fraction": 0.8,
      "edge_latencies_ms": {
        "0": 2.061331,
        "1": 4.770907,
        "2": 10.239225,
        "3": 8.889063,
        "4": 5.90793,
        "5": 2.670503,
        "6": 2.850752,
        "7": 6.520315,
        "8": 2.720259,
        "9": 12.303358,
        "10": 12.741378,
        "11": 2.461187,
        "12": 1.531577,
        "13": 3.536737,
        "14": 15.150426,
        "15": 1.769648,
        "16": 4.854612,
        "17": 2.610847,
        "18": 3.119579,
        "19": 2.922151,
        "20": 1.828386,
        "21": 3.051335,
        "22": 3.57378
      }
    },
    "flash": {
      "utilization_fraction": 0.95,
      "edge_latencies_ms": {
        "0": 2.089069,
        "1": 4.790703,
        "2": 10.412188,
        "3": 9.043083,
        "4": 6.095152,
        "5": 2.688012,
        "6": 2.879919,
        "7": 6.539351,
        "8": 2.73729,
        "9": 12.481461,
        "10": 12.891603,
        "11": 2.502882,
        "12": 1.603569,
        "13": 3.56929,
        "14": 15.952432,
        "15": 1.855877,
        "16": 4.890529,
        "17": 2.649631,
        "18": 3.144043,
        "19": 2.937455,
        "20": 1.915206,
        "21": 3.08236,
        "22": 3.593121
      }
    }
  }
}