{
  "topology_id": 47,
  "load_conditions": {
    "low": {
      "utilization_fraction": 0.2,
      "edge_latencies_ms": {
        "0": 3.743861,
        "1": 2.417004,
        "2": 3.789603,
        "3": 4.389585,
        "4": 1.671927,
        "5": 3.819173,
        "6": 5.892819,
        "7": 4.593564,
        "8": 4.992586,
        "9": 2.949621,
        "10": 5.756686,
        "11": 9.771463,
        "12": 12.107698,
        "13": 3.035468,
        "14": 14.484934,
        "15": 10.693145,
        "16": 5.191051,
        "17": 4.754038,
        "18": 4.372177,
        "19": 2.248527,
        "20": 3.373194,
        "21": 4.596769,
        "22": 3.692259,
        "23": 5.577132,
        "24": 3.752113,
        "25": 4.092454,
        "26": 3.830281,
        "27": 4.458577,
        "28": 6.344912,
        "29": 6.296502,
        "30": 2.774902,
        "31": 5.045808,
        "32": 5.863931,
        "33": 5.258885,
        "34": 4.111858,
        "35": 4.500992,
        "36": 4.633788,
        "37": 8.178464,
        "38": 8.344523,
        "39": 3.434121,
        "40": 1.57448,
        "41": 1.580169,
        "42": 5.98224,
        "43": 2.595304,
        "44": 3.96836,
        "45": 5.248835,
        "46": 2.565155,
        "47": 2.428225,
        "48": 3.588434,
        "49": 3.220991
      }
    },
    "medium": {
      "utilization_fraction": 0.5,
      "edge_latencies_ms": {
        "0": 3.747049,
        "1": 2.418808,
        "2": 3.790355,
        "3": 4.390647,
        "4": 1.672738,
        "5": 3.819957,
        "6": 5.894432,
        "7": 4.594355,
        "8": 4.993471,
        "9": 2.951323,
        "10": 5.75876,
        "11": 9.782328,
        "12": 12.119181,
        "13": 3.038018,
        "14": 14.515133,
        "15": 10.720908,
        "16": 5.198379,
        "17": 4.754956,
        "18": 4.37414,
        "19": 2.249694,
        "20": 3.377637,
        "21": 4.601011,
        "22": 3.69386,
        "23": 5.604371,
        "24": 3.753783,
        "25": 4.095097,
        "26": 3.831178,
        "27": 4.464002,
        "28": 6.345825,
        "29": 6.297359,
        "30": 2.776199,
        "31": 5.046828,
        "32": 5.867178,
        "33": 5.260257,
        "34": 4.11475,
        "35": 4.502194,
        "36": 4.635954,
        "37": 8.186821,
        "38": 8.353271,
        "39": 3.435148,
        "40": 1.578099,
        "41": 1.583014,
        "42": 5.987141,
        "43": 2.596538,
        "44": 3.96934,
        "45": 5.249792,
        "46": 2.569617,
        "47": 2.429041,
        "48": 3.590394,
        "49": 3.2218
      }
    },
    "high": {
      "utilization_fraction": 0.8,
      "edge_latencies_ms": {
        "0": 3.759801,
        "1": 2.426023,
        "2": 3.793361,
        "3": 4.394895,
        "4": 1.675983,
        "5": 3.823092,
        "6": 5.900884,
        "7": 4.597519,
        "8": 4.99701,
        "9": 2.958127,
        "10": 5.767057,
        "11": 9.825791,
        "12": 12.165115,
        "13": 3.048216,
        "14": 14.63593,
        "15": 10.831961,
        "16": 5.227691,
        "17": 4.758632,
        "18": 4.381995,
        "19": 2.25436,
        "20": 3.395411,
        "21": 4.61798,
        "22": 3.700263,
        "23": 5.713325,
        "24": 3.760464,
        "25": 4.105668,
        "26": 3.834765,
        "27": 4.485702,
        "28": 6.349473,
        "29": 6.300787,
        "30": 2.781384,
        "31": 5.050908,
        "32": 5.880165,
        "33": 5.265743,
        "34": 4.126319,
        "35": 4.507001,
        "36": 4.644618,
        "37": 8.220253,
        "38": 8.388261,
        "39": 3.439253,
        "40": 1.592576,
        "41": 1.594396,
        "42": 6.006743,
        "43": 2.601472,
        "44": 3.973261,
        "45": 5.25362,
        "46": 2.587463,
        "47": 2.432305,
        "48": 3.598235,
        "49": 3.225037
      }
    },
    "flash": {
      "utilization_fraction": 0.95,
      "edge_latencies_ms": {
        "0": 3.82356,
        "1": 2.462099,
        "2": 3.808393,
        "3": 4.416135,
        "4": 1.692206,
        "5": 3.838767,
        "6": 5.933142,
        "7": 4.613336,
        "8": 5.014703,
        "9": 2.99215,
        "10": 5.808539,
        "11": 10.043103,
        "12": 12.394784,
        "13": 3.099207,
        "14": 15.239915,
        "15": 11.387226,
        "16": 5.37425,
        "17": 4.77701,
        "18": 4.421268,
        "19": 2.277688,
        "20": 3.48428,
        "21": 4.702822,
        "22": 3.732278,
        "23": 6.258098,
        "24": 3.793868,
        "25": 4.158525,
        "26": 3.8527,
        "27": 4.594204,
        "28": 6.367717,
        "29": 6.317924,
        "30": 2.807312,
        "31": 5.071308,
        "32": 5.945098,
        "33": 5.293172,
        "34": 4.184163,
        "35": 4.531036,
        "36": 4.687938,
        "37": 8.387413,
        "38": 8.563215,
        "39": 3.459781,
        "40": 1.664963,
        "41": 1.651306,
        "42": 6.104755,
        "43": 2.626141,
        "44": 3.992864,
        "45": 5.272757,
        "46": 2.676692,
        "47": 2.448626,
        "48": 3.637439,
        "49": 3.24122
      }
    }
  }
}