{
  "topology_id": 7,
  "load_conditions": {
    "low": {
      "utilization_fraction": 0.2,
      "edge_latencies_ms": {
        "0": 5.219967,
        "1": 2.831372,
        "2": 1.779458,
        "3": 3.366318,
        "4": 4.687911,
        "5": 3.861942,
        "6": 14.715235,
        "7": 1.127252,
        "8": 4.066308,
        "9": 3.08561,
        "10": 4.84115,
        "11": 5.988232,
        "12": 4.501628,
        "13": 5.235688,
        "14": 5.189442,
        "15": 4.877064,
        "16": 4.390095,
        "17": 3.090572,
        "18": 2.809936,
        "19": 4.969514,
        "20": 2.64279,
        "21": 5.179913,
        "22": 6.028157,
        "23": 6.101838,
        "24": 5.094627,
        "25": 6.77332,
        "26": 6.639646,
        "27": 4.188942,
        "28": 2.842766,
        "29": 4.220944,
        "30": 2.617847,
        "31": 7.001452,
        "32": 2.766668,
        "33": 3.215396,
        "34": 2.869797,
        "35": 0.75846,
        "36": 2.934336,
        "37": 2.591833,
        "38": 4.576538,
        "39": 3.348773,
        "40": 1.627569,
        "41": 2.971454,
        "42": 3.884937,
        "43": 3.962241,
        "44": 13.785747,
        "45": 3.560049,
        "46": 1.685696,
        "47": 2.147392,
        "48": 13.507421,
        "49": 3.844013,
        "50": 5.110946,
        "51": 2.211199,
        "52": 5.949988,
        "53": 2.473032,
        "54": 1.087541,
        "55": 5.277812,
        "56": 1.201206,
        "57": 5.603701,
        "58": 16.061916,
        "59": 5.96108,
        "60": 3.079934,
        "61": 3.424051,
        "62": 5.063556,
        "63": 1.750248,
        "64": 3.88437,
        "65": 2.650518,
        "66": 2.89376,
        "67": 3.571426,
        "68": 6.215601,
        "69": 4.74537,
        "70": 3.063216,
        "71": 3.861916,
        "72": 1.242639,
        "73": 5.122384,
        "74": 6.451455,
        "75": 4.474623,
        "76": 4.109305,
        "77": 4.944324,
        "78": 4.363374,
        "79": 4.709692,
        "80": 3.767411,
        "81": 3.508103,
        "82": 16.690954,
        "83": 2.79778,
        "84": 1.206629,
        "85": 5.160712,
        "86": 3.588329,
        "87": 3.479449,
        "88": 7.351519,
        "89": 6.050476,
        "90": 3.431956,
        "91": 6.662136,
        "92": 4.885512,
        "93": 6.68231,
        "94": 3.855945,
        "95": 5.855803,
        "96": 3.136836,
        "97": 1.248596,
        "98": 1.708093,
        "99": 6.413312,
        "100": 2.833045,
        "101": 7.456066,
        "102": 7.293755,
        "103": 4.439415,
        "104": 6.74144,
        "105": 1.890751,
        "106": 3.306104,
        "107": 3.389137,
        "108": 1.871713,
        "109": 4.91129,
        "110": 5.005776,
        "111": 7.984475,
        "112": 6.378178,
        "113": 4.219799,
        "114": 4.103302,
        "115": 4.830159,
        "116": 3.038611,
        "117": 6.110745,
        "118": 3.655226,
        "119": 2.534499,
        "120": 3.157317,
        "121": 3.307775,
        "122": 1.934894,
        "123": 5.110012,
        "124": 3.898299,
        "125": 4.173867,
        "126": 2.890887,
        "127": 5.561677,
        "128": 5.497725,
        "129": 5.466462,
        "130": 3.944987,
        "131": 2.917473,
        "132": 5.16212,
        "133": 4.352645,
        "134": 6.780792,
        "135": 5.11683,
        "136": 1.667889,
        "137": 6.509975,
        "138": 2.869936,
        "139": 6.959262,
        "140": 4.339054,
        "141": 1.18019,
        "142": 2.556014,
        "143": 4.708224,
        "144": 2.209739,
        "145": 1.800922,
        "146": 3.911488,
        "147": 4.983273,
        "148": 7.036917,
        "149": 3.435691,
        "150": 9.633831,
        "151": 5.560036,
        "152": 4.16174,
        "153": 3.365277,
        "154": 2.375516,
        "155": 3.075924,
        "156": 2.400302,
        "157": 4.407159,
        "158": 4.315864,
        "159": 4.183918,
        "160": 2.841115,
        "161": 5.150087,
        "162": 4.281847,
        "163": 5.417887,
        "164": 6.763342,
        "165": 5.070696,
        "166": 1.539638,
        "167": 2.187631,
        "168": 7.239483,
        "169": 3.943216
      }
    },
    "medium": {
      "utilization_fraction": 0.5,
      "edge_latencies_ms": {
        "0": 5.221541,
        "1": 2.834954,
        "2": 1.780968,
        "3": 3.367336,
        "4": 4.689175,
        "5": 3.862961,
        "6": 14.724697,
        "7": 1.130605,
        "8": 4.068917,
        "9": 3.087508,
        "10": 4.842786,
        "11": 5.990506,
        "12": 4.502394,
        "13": 5.238844,
        "14": 5.19029,
        "15": 4.877994,
        "16": 4.391475,
        "17": 3.092161,
        "18": 2.811181,
        "19": 4.970535,
        "20": 2.644137,
        "21": 5.182478,
        "22": 6.029484,
        "23": 6.102873,
        "24": 5.096841,
        "25": 6.774833,
        "26": 6.677396,
        "27": 4.190404,
        "28": 2.844156,
        "29": 4.222285,
        "30": 2.618879,
        "31": 7.023838,
        "32": 2.767989,
        "33": 3.216164,
        "34": 2.87067,
        "35": 0.759509,
        "36": 2.935408,
        "37": 2.595012,
        "38": 4.581908,
        "39": 3.349668,
        "40": 1.628387,
        "41": 2.972515,
        "42": 3.88675,
        "43": 3.963219,
        "44": 13.816357,
        "45": 3.562907,
        "46": 1.68678,
        "47": 2.153593,
        "48": 13.520107,
        "49": 3.844925,
        "50": 5.112191,
        "51": 2.213839,
        "52": 5.950906,
        "53": 2.474313,
        "54": 1.088296,
        "55": 5.278686,
        "56": 1.206255,
        "57": 5.604819,
        "58": 16.070762,
        "59": 5.965801,
        "60": 3.081185,
        "61": 3.424901,
        "62": 5.068118,
        "63": 1.751821,
        "64": 3.885349,
        "65": 2.653712,
        "66": 2.89503,
        "67": 3.572568,
        "68": 6.218697,
        "69": 4.746368,
        "70": 3.065329,
        "71": 3.862728,
        "72": 1.243763,
        "73": 5.123589,
        "74": 6.453516,
        "75": 4.481854,
        "76": 4.111052,
        "77": 4.946831,
        "78": 4.365795,
        "79": 4.71082,
        "80": 3.768185,
        "81": 3.509066,
        "82": 16.711847,
        "83": 2.798957,
        "84": 1.207575,
        "85": 5.162844,
        "86": 3.590725,
        "87": 3.480301,
        "88": 7.352929,
        "89": 6.051392,
        "90": 3.433066,
        "91": 6.664607,
        "92": 4.886557,
        "93": 6.683465,
        "94": 3.860473,
        "95": 5.859826,
        "96": 3.137779,
        "97": 1.25088,
        "98": 1.712341,
        "99": 6.414152,
        "100": 2.837316,
        "101": 7.45784,
        "102": 7.298239,
        "103": 4.441413,
        "104": 6.742328,
        "105": 1.892438,
        "106": 3.309528,
        "107": 3.390495,
        "108": 1.872933,
        "109": 4.914697,
        "110": 5.01107,
        "111": 7.995261,
        "112": 6.389018,
        "113": 4.221734,
        "114": 4.105047,
        "115": 4.831918,
        "116": 3.03989,
        "117": 6.112258,
        "118": 3.657388,
        "119": 2.535904,
        "120": 3.159227,
        "121": 3.309576,
        "122": 1.936947,
        "123": 5.111667,
        "124": 3.901288,
        "125": 4.176282,
        "126": 2.892533,
        "127": 5.563033,
        "128": 5.49908,
        "129": 5.46747,
        "130": 3.946167,
        "131": 2.919178,
        "132": 5.164457,
        "133": 4.3542,
        "134": 6.781601,
        "135": 5.118509,
        "136": 1.668905,
        "137": 6.510979,
        "138": 2.872393,
        "139": 6.961221,
        "140": 4.339918,
        "141": 1.180956,
        "142": 2.556872,
        "143": 4.70997,
        "144": 2.211011,
        "145": 1.80188,
        "146": 3.916913,
        "147": 4.984954,
        "148": 7.040821,
        "149": 3.43727,
        "150": 9.637144,