{
  "topology_id": 189,
  "load_conditions": {
    "low": {
      "utilization_fraction": 0.2,
      "edge_latencies_ms": {
        "0": 3.658113,
        "1": 1.761067,
        "2": 2.638449,
        "3": 7.173579,
        "4": 1.919199,
        "5": 2.470659,
        "6": 1.937055,
        "7": 4.857571,
        "8": 4.466006,
        "9": 5.893448,
        "10": 4.555047,
        "11": 5.67077,
        "12": 5.183338,
        "13": 6.516892,
        "14": 4.564417,
        "15": 1.922211,
        "16": 6.075681,
        "17": 4.126929,
        "18": 3.487864,
        "19": 2.504706,
        "20": 2.789847,
        "21": 3.522682,
        "22": 5.813711,
        "23": 3.245121,
        "24": 4.607322,
        "25": 2.440813,
        "26": 4.000042,
        "27": 4.950927,
        "28": 6.839719,
        "29": 4.175706,
        "30": 2.604114,
        "31": 3.261249,
        "32": 6.432127,
        "33": 4.271128,
        "34": 3.998243,
        "35": 3.643795,
        "36": 5.219486,
        "37": 4.630903,
        "38": 1.904877,
        "39": 5.048877,
        "40": 2.736607,
        "41": 2.010588,
        "42": 3.335441,
        "43": 3.032487,
        "44": 2.787638,
        "45": 6.028017,
        "46": 4.106555,
        "47": 3.900513,
        "48": 3.458553,
        "49": 2.249178,
        "50": 1.911554,
        "51": 4.971642,
        "52": 5.684242,
        "53": 5.276674,
        "54": 2.779791,
        "55": 6.633979,
        "56": 3.395096,
        "57": 7.758874,
        "58": 4.44324,
        "59": 6.976655,
        "60": 4.881305,
        "61": 4.257361,
        "62": 4.000769,
        "63": 3.54629,
        "64": 2.841218,
        "65": 4.654789,
        "66": 5.885135,
        "67": 4.071157,
        "68": 4.497944,
        "69": 6.786054,
        "70": 4.754355,
        "71": 5.999809,
        "72": 6.176681,
        "73": 8.382627,
        "74": 12.002093,
        "75": 6.692859,
        "76": 3.521587,
        "77": 2.456728,
        "78": 3.910442,
        "79": 3.194448,
        "80": 9.73099,
        "81": 2.493779,
        "82": 2.151929,
        "83": 3.035696,
        "84": 1.617028,
        "85": 4.982321,
        "86": 4.603309,
        "87": 2.61277,
        "88": 3.741742,
        "89": 3.006173,
        "90": 5.267573,
        "91": 3.898846,
        "92": 2.608093,
        "93": 2.331333,
        "94": 2.915056,
        "95": 2.033397,
        "96": 3.269864,
        "97": 1.299629,
        "98": 2.97626,
        "99": 1.63584,
        "100": 5.070446,
        "101": 4.832794,
        "102": 0.966511,
        "103": 3.642846,
        "104": 3.320691,
        "105": 2.734447,
        "106": 2.627224,
        "107": 4.354846,
        "108": 5.236665,
        "109": 4.880104,
        "110": 2.796456,
        "111": 2.75258,
        "112": 4.390253,
        "113": 3.220362,
        "114": 3.401486,
        "115": 1.787647,
        "116": 6.983298,
        "117": 2.211429,
        "118": 3.839605,
        "119": 1.978597,
        "120": 2.092709,
        "121": 3.598992,
        "122": 3.99621,
        "123": 6.712095,
        "124": 4.661374,
        "125": 5.555176,
        "126": 5.013486,
        "127": 6.525482,
        "128": 5.563533,
        "129": 6.132096,
        "130": 7.737978,
        "131": 8.514472,
        "132": 6.452877,
        "133": 5.568125,
        "134": 2.999983,
        "135": 7.777916,
        "136": 6.418755,
        "137": 3.747372,
        "138": 5.701617,
        "139": 7.290316,
        "140": 4.084725,
        "141": 10.551323,
        "142": 3.997785,
        "143": 5.063192,
        "144": 4.182942,
        "145": 4.309293,
        "146": 4.637131,
        "147": 6.052259,
        "148": 4.911414,
        "149": 2.959558,
        "150": 4.845175,
        "151": 4.39717,
        "152": 4.233703,
        "153": 2.907848,
        "154": 3.028921,
        "155": 2.413888,
        "156": 2.181506,
        "157": 2.981764,
        "158": 4.921093,
        "159": 4.326704,
        "160": 2.081325,
        "161": 3.379915,
        "162": 7.432527,
        "163": 5.151116,
        "164": 6.261385,
        "165": 4.855917,
        "166": 4.199493,
        "167": 3.151679,
        "168": 1.915426,
        "169": 1.391015,
        "170": 2.716724,
        "171": 4.365891,
        "172": 2.697133,
        "173": 3.279527,
        "174": 6.499189,
        "175": 5.341191,
        "176": 3.647266,
        "177": 5.860572,
        "178": 5.176429,
        "179": 4.612266,
        "180": 1.797133,
        "181": 3.185147,
        "182": 4.838092,
        "183": 5.402387,
        "184": 2.784969,
        "185": 4.849665,
        "186": 2.604918,
        "187": 5.381937,
        "188": 3.218216,
        "189": 4.032686,
        "190": 2.431683,
        "191": 3.613634,
        "192": 3.700511,
        "193": 5.739445,
        "194": 3.273896,
        "195": 3.564397,
        "196": 7.15412,
        "197": 4.339329,
        "198": 3.300349
      }
    },
    "medium": {
      "utilization_fraction": 0.5,
      "edge_latencies_ms": {
        "0": 3.659734,
        "1": 1.761993,
        "2": 2.640641,
        "3": 7.175034,
        "4": 1.92237,
        "5": 2.472318,
        "6": 1.938217,
        "7": 4.863211,
        "8": 4.467054,
        "9": 5.895034,
        "10": 4.556821,
        "11": 5.672963,
        "12": 5.184168,
        "13": 6.517861,
        "14": 4.566101,
        "15": 1.923002,
        "16": 6.076562,
        "17": 4.128014,
        "18": 3.490338,
        "19": 2.505979,
        "20": 2.793885,
        "21": 3.526938,
        "22": 5.815499,
        "23": 3.246074,
        "24": 4.608387,
        "25": 2.44196,
        "26": 4.001155,
        "27": 4.953149,
        "28": 6.840879,
        "29": 4.176462,
        "30": 2.605595,
        "31": 3.265164,
        "32": 6.436533,
        "33": 4.272249,
        "34": 4.00006,
        "35": 3.649928,
        "36": 5.220494,
        "37": 4.631881,
        "38": 1.905924,
        "39": 5.052295,
        "40": 2.738301,
        "41": 2.012907,
        "42": 3.336228,
        "43": 3.033323,
        "44": 2.7887,
        "45": 6.030347,
        "46": 4.107562,
        "47": 3.90216,
        "48": 3.45972,
        "49": 2.250396,
        "50": 1.915433,
        "51": 4.973864,
        "52": 5.685736,
        "53": 5.277437,
        "54": 2.781007,
        "55": 6.635399,
        "56": 3.395893,
        "57": 7.759963,
        "58": 4.444425,
        "59": 6.977485,
        "60": 4.882205,
        "61": 4.258171,
        "62": 4.002956,
        "63": 3.547122,
        "64": 2.84218,
        "65": 4.656012,
        "66": 5.886356,
        "67": 4.071907,
        "68": 4.499186,
        "69": 6.787027,
        "70": 4.758327,
        "71": 6.00261,
        "72": 6.186658,
        "73": 8.394266,
        "74": 12.021814,
        "75": 6.694095,
        "76": 3.523493,
        "77": 2.457787,
        "78": 3.911575,
        "79": 3.196096,
        "80": 9.763661,
        "81": 2.497863,
        "82": 2.154983,
        "83": 3.037541,
        "84": 1.618784,
        "85": 4.983149,
        "86": 4.604728,
        "87": 2.61372,
        "88": 3.742966,
        "89": 3.00737,
        "90": 5.268604,
        "91": 3.902289,
        "92": 2.608911,
        "93": 2.332235,
        "94": 2.918144,
        "95": 2.034927,
        "96": 3.272567,
        "97": 1.300803,
        "98": 2.977721,
        "99": 1.636662,
        "100": 5.073369,
        "101": 4.838323,
        "102": 0.967946,
        "103": 3.64525,
        "104": 3.322,
        "105": 2.737111,
        "106": 2.628094,
        "107": 4.356663,
        "108": 5.239828,
        "109": 4.881154,
        "110": 2.797709,
        "111": 2.753871,
        "112": 4.391383,
        "113": 3.225047,
        "114": 3.402451,
        "115": 1.788829,
        "116": 6.984072,
        "117": 2.214436,
        "118": 3.840568,
        "119": 1.979603,
        "120": 2.094886,
        "121": 3.599835,