{
  "topology_id": 212,
  "load_conditions": {
    "low": {
      "utilization_fraction": 0.2,
      "edge_latencies_ms": {
        "0": 3.50221,
        "1": 7.03783,
        "2": 3.946025,
        "3": 4.102214,
        "4": 14.096825,
        "5": 15.396588,
        "6": 14.449206,
        "7": 2.791942,
        "8": 2.873913,
        "9": 2.184637,
        "10": 4.877456,
        "11": 10.205881,
        "12": 5.306607,
        "13": 3.50057,
        "14": 7.82957,
        "15": 4.192941,
        "16": 4.992597,
        "17": 4.363585,
        "18": 4.866316,
        "19": 6.610521,
        "20": 4.013319,
        "21": 5.591014,
        "22": 4.42505,
        "23": 7.561129,
        "24": 4.977205,
        "25": 2.460471,
        "26": 3.225949,
        "27": 2.913054
      }
    },
    "medium": {
      "utilization_fraction": 0.5,
      "edge_latencies_ms": {
        "0": 3.50443,
        "1": 7.039485,
        "2": 3.947361,
        "3": 4.103219,
        "4": 14.105038,
        "5": 15.417738,
        "6": 14.459704,
        "7": 2.795224,
        "8": 2.881723,
        "9": 2.185995,
        "10": 4.878716,
        "11": 10.215564,
        "12": 5.308227,
        "13": 3.501386,
        "14": 7.8339,
        "15": 4.205384,
        "16": 4.994564,
        "17": 4.364723,
        "18": 4.867269,
        "19": 6.62879,
        "20": 4.014325,
        "21": 5.643592,
        "22": 4.433825,
        "23": 7.571974,
        "24": 4.978539,
        "25": 2.462056,
        "26": 3.226924,
        "27": 2.915915
      }
    },
    "high": {
      "utilization_fraction": 0.8,
      "edge_latencies_ms": {
        "0": 3.513311,
        "1": 7.046104,
        "2": 3.952705,
        "3": 4.107238,
        "4": 14.137892,
        "5": 15.502341,
        "6": 14.501694,
        "7": 2.808352,
        "8": 2.912962,
        "9": 2.191426,
        "10": 4.883754,
        "11": 10.254295,
        "12": 5.314704,
        "13": 3.504653,
        "14": 7.85122,
        "15": 4.255157,
        "16": 5.002429,
        "17": 4.369273,
        "18": 4.87108,
        "19": 6.701866,
        "20": 4.018347,
        "21": 5.853908,
        "22": 4.468929,
        "23": 7.615358,
        "24": 4.983878,
        "25": 2.468397,
        "26": 3.230826,
        "27": 2.927359
      }
    },
    "flash": {
      "utilization_fraction": 0.95,
      "edge_latencies_ms": {
        "0": 3.557714,
        "1": 7.079201,
        "2": 3.979423,
        "3": 4.127338,
        "4": 14.302163,
        "5": 15.925354,
        "6": 14.711645,
        "7": 2.873993,
        "8": 3.069157,
        "9": 2.218582,
        "10": 4.908947,
        "11": 10.447952,
        "12": 5.34709,
        "13": 3.520988,
        "14": 7.937819,
        "15": 4.504018,
        "16": 5.041756,
        "17": 4.392025,
        "18": 4.890136,
        "19": 7.067242,
        "20": 4.038458,
        "21": 6.905484,
        "22": 4.644447,
        "23": 7.832275,
        "24": 5.010569,
        "25": 2.500102,
        "26": 3.250333,
        "27": 2.98458
      }
    }
  }
}