{
  "topology_id": 75,
  "load_conditions": {
    "low": {
      "utilization_fraction": 0.2,
      "edge_latencies_ms": {
        "0": 3.108662,
        "1": 0.555917,
        "2": 4.136952,
        "3": 3.111891,
        "4": 2.973824,
        "5": 2.929564,
        "6": 3.791588,
        "7": 1.446243,
        "8": 7.737376,
        "9": 2.088439,
        "10": 4.454391,
        "11": 5.91039,
        "12": 2.672086,
        "13": 7.804494,
        "14": 6.029513,
        "15": 4.939452,
        "16": 2.929573,
        "17": 2.285921,
        "18": 3.813884,
        "19": 1.480208
      }
    },
    "medium": {
      "utilization_fraction": 0.5,
      "edge_latencies_ms": {
        "0": 3.109857,
        "1": 0.557175,
        "2": 4.138918,
        "3": 3.116022,
        "4": 2.974986,
        "5": 2.931003,
        "6": 3.792588,
        "7": 1.447257,
        "8": 7.755396,
        "9": 2.091677,
        "10": 4.457235,
        "11": 5.916441,
        "12": 2.672951,
        "13": 7.813691,
        "14": 6.039423,
        "15": 4.941714,
        "16": 2.930778,
        "17": 2.286709,
        "18": 3.815167,
        "19": 1.481563
      }
    },
    "high": {
      "utilization_fraction": 0.8,
      "edge_latencies_ms": {
        "0": 3.114639,
        "1": 0.562209,
        "2": 4.146778,
        "3": 3.132544,
        "4": 2.979633,
        "5": 2.93676,
        "6": 3.796584,
        "7": 1.451313,
        "8": 7.827474,
        "9": 2.10463,
        "10": 4.468612,
        "11": 5.940643,
        "12": 2.676409,
        "13": 7.850479,
        "14": 6.079064,
        "15": 4.950758,
        "16": 2.935598,
        "17": 2.289861,
        "18": 3.820296,
        "19": 1.486982
      }
    },
    "flash": {
      "utilization_fraction": 0.95,
      "edge_latencies_ms": {
        "0": 3.138551,
        "1": 0.587377,
        "2": 4.186081,
        "3": 3.215156,
        "4": 3.002873,
        "5": 2.965544,
        "6": 3.816568,
        "7": 1.471595,
        "8": 8.187865,
        "9": 2.169396,
        "10": 4.525497,
        "11": 6.061656,
        "12": 2.693701,
        "13": 8.03442,
        "14": 6.27727,
        "15": 4.995983,
        "16": 2.9597,
        "17": 2.305617,
        "18": 3.845942,
        "19": 1.514075
      }
    }
  }
}