{
  "topology_id": 291,
  "load_conditions": {
    "low": {
      "utilization_fraction": 0.2,
      "edge_latencies_ms": {
        "0": 3.395255,
        "1": 4.216602,
        "2": 13.682565,
        "3": 5.917467,
        "4": 5.400406,
        "5": 3.64823,
        "6": 16.278475,
        "7": 8.951964,
        "8": 14.671188,
        "9": 3.805609,
        "10": 2.288586,
        "11": 4.066478,
        "12": 3.360526,
        "13": 5.62179,
        "14": 4.917384,
        "15": 2.970971,
        "16": 3.698841,
        "17": 9.145281,
        "18": 1.260499,
        "19": 3.939186,
        "20": 3.903493,
        "21": 3.873962,
        "22": 3.433807,
        "23": 3.684368,
        "24": 5.145174,
        "25": 4.196297,
        "26": 3.929508,
        "27": 1.328708,
        "28": 3.969339,
        "29": 5.773436,
        "30": 4.948744
      }
    },
    "medium": {
      "utilization_fraction": 0.5,
      "edge_latencies_ms": {
        "0": 3.398982,
        "1": 4.217685,
        "2": 13.706614,
        "3": 5.918469,
        "4": 5.401177,
        "5": 3.649179,
        "6": 16.298849,
        "7": 8.959894,
        "8": 14.683949,
        "9": 3.806795,
        "10": 2.289615,
        "11": 4.069796,
        "12": 3.361709,
        "13": 5.623144,
        "14": 4.921769,
        "15": 2.973613,
        "16": 3.700618,
        "17": 9.175953,
        "18": 1.261524,
        "19": 3.946142,
        "20": 3.906763,
        "21": 3.875217,
        "22": 3.436266,
        "23": 3.685909,
        "24": 5.147454,
        "25": 4.19734,
        "26": 3.930354,
        "27": 1.33079,
        "28": 3.970122,
        "29": 5.774437,
        "30": 4.949997
      }
    },
    "high": {
      "utilization_fraction": 0.8,
      "edge_latencies_ms": {
        "0": 3.413891,
        "1": 4.222016,
        "2": 13.802809,
        "3": 5.92248,
        "4": 5.404261,
        "5": 3.652972,
        "6": 16.380343,
        "7": 8.991613,
        "8": 14.734992,
        "9": 3.811541,
        "10": 2.293732,
        "11": 4.083071,
        "12": 3.366441,
        "13": 5.62856,
        "14": 4.939309,
        "15": 2.984183,
        "16": 3.707724,
        "17": 9.298642,
        "18": 1.265621,
        "19": 3.973966,
        "20": 3.919841,
        "21": 3.880236,
        "22": 3.446101,
        "23": 3.69207,
        "24": 5.156574,
        "25": 4.201513,
        "26": 3.933736,
        "27": 1.339118,
        "28": 3.973253,
        "29": 5.778443,
        "30": 4.955009
      }
    },
    "flash": {
      "utilization_fraction": 0.95,
      "edge_latencies_ms": {
        "0": 3.488436,
        "1": 4.243672,
        "2": 14.283783,
        "3": 5.942533,
        "4": 5.419683,
        "5": 3.67194,
        "6": 16.787815,
        "7": 9.150209,
        "8": 14.99021,
        "9": 3.835267,
        "10": 2.314319,
        "11": 4.149444,
        "12": 3.390101,
        "13": 5.655638,
        "14": 5.027009,
        "15": 3.03703,
        "16": 3.743257,
        "17": 9.912087,
        "18": 1.286106,
        "19": 4.113087,
        "20": 3.985234,
        "21": 3.905329,
        "22": 3.495274,
        "23": 3.722877,
        "24": 5.202176,
        "25": 4.222375,
        "26": 3.950649,
        "27": 1.380758,
        "28": 3.98891,
        "29": 5.79847,
        "30": 4.98007
      }
    }
  }
}