{
  "topology_id": 290,
  "load_conditions": {
    "low": {
      "utilization_fraction": 0.2,
      "edge_latencies_ms": {
        "0": 2.094391,
        "1": 2.11486,
        "2": 5.177782,
        "3": 2.989462,
        "4": 4.12842,
        "5": 13.614228,
        "6": 4.544358,
        "7": 3.151679,
        "8": 15.599636,
        "9": 2.141106,
        "10": 3.20246,
        "11": 14.884098,
        "12": 2.2188,
        "13": 4.629606,
        "14": 2.027653,
        "15": 15.720172,
        "16": 1.43159,
        "17": 3.102249,
        "18": 1.942476,
        "19": 2.861595,
        "20": 6.490884,
        "21": 3.853121,
        "22": 1.638298,
        "23": 3.326829,
        "24": 3.362221,
        "25": 6.107459,
        "26": 3.532268,
        "27": 4.731502,
        "28": 4.80261,
        "29": 3.666643,
        "30": 3.082825,
        "31": 5.673298,
        "32": 7.599354,
        "33": 6.244556,
        "34": 5.848522,
        "35": 2.283809,
        "36": 1.771749,
        "37": 4.893582,
        "38": 2.312245,
        "39": 6.87724,
        "40": 2.847303,
        "41": 5.676515,
        "42": 6.505811,
        "43": 6.355694,
        "44": 4.148206,
        "45": 6.252329,
        "46": 11.097242,
        "47": 3.971536,
        "48": 5.971846,
        "49": 5.815133,
        "50": 3.70215,
        "51": 2.146836,
        "52": 4.750794,
        "53": 5.320705,
        "54": 3.595721
      }
    },
    "medium": {
      "utilization_fraction": 0.5,
      "edge_latencies_ms": {
        "0": 2.096521,
        "1": 2.118457,
        "2": 5.179209,
        "3": 2.990384,
        "4": 4.132102,
        "5": 13.622959,
        "6": 4.545408,
        "7": 3.152798,
        "8": 15.624863,
        "9": 2.144141,
        "10": 3.205688,
        "11": 14.89492,
        "12": 2.219835,
        "13": 4.634213,
        "14": 2.029206,
        "15": 15.730408,
        "16": 1.432393,
        "17": 3.10373,
        "18": 1.944286,
        "19": 2.864133,
        "20": 6.499373,
        "21": 3.854725,
        "22": 1.639448,
        "23": 3.330256,
        "24": 3.388983,
        "25": 6.110924,
        "26": 3.533531,
        "27": 4.732691,
        "28": 4.80365,
        "29": 3.678586,
        "30": 3.089441,
        "31": 5.67406,
        "32": 7.602267,
        "33": 6.247843,
        "34": 5.849729,
        "35": 2.284969,
        "36": 1.774003,
        "37": 4.894693,
        "38": 2.313028,
        "39": 6.878303,
        "40": 2.848262,
        "41": 5.678494,
        "42": 6.506573,
        "43": 6.37328,
        "44": 4.148963,
        "45": 6.253791,
        "46": 11.105418,
        "47": 3.972821,
        "48": 5.973952,
        "49": 5.817312,
        "50": 3.705072,
        "51": 2.147975,
        "52": 4.751813,
        "53": 5.323347,
        "54": 3.598024
      }
    },
    "high": {
      "utilization_fraction": 0.8,
      "edge_latencies_ms": {
        "0": 2.105043,
        "1": 2.132841,
        "2": 5.184917,
        "3": 2.994071,
        "4": 4.14683,
        "5": 13.657883,
        "6": 4.549607,
        "7": 3.157273,
        "8": 15.725773,
        "9": 2.156281,
        "10": 3.218601,
        "11": 14.938207,
        "12": 2.223975,
        "13": 4.65264,
        "14": 2.035418,
        "15": 15.771354,
        "16": 1.435603,
        "17": 3.109655,
        "18": 1.951523,
        "19": 2.874282,
        "20": 6.533332,
        "21": 3.861142,
        "22": 1.644048,
        "23": 3.343963,
        "24": 3.496035,
        "25": 6.124785,
        "26": 3.538583,
        "27": 4.737447,
        "28": 4.807807,
        "29": 3.726359,
        "30": 3.115906,
        "31": 5.677109,
        "32": 7.613922,
        "33": 6.26099,
        "34": 5.854553,
        "35": 2.289612,
        "36": 1.783021,
        "37": 4.899137,
        "38": 2.316161,
        "39": 6.882552,
        "40": 2.8521,
        "41": 5.686411,
        "42": 6.509619,
        "43": 6.443625,
        "44": 4.151989,
        "45": 6.259636,
        "46": 11.138121,
        "47": 3.977962,
        "48": 5.982375,
        "49": 5.826024,
        "50": 3.716762,
        "51": 2.15253,
        "52": 4.755889,
        "53": 5.333915,
        "54": 3.607237
      }
    },
    "flash": {
      "utilization_fraction": 0.95,
      "edge_latencies_ms": {
        "0": 2.147652,
        "1": 2.204765,
        "2": 5.213457,
        "3": 3.012505,
        "4": 4.220473,
        "5": 13.8325,
        "6": 4.570605,
        "7": 3.179651,
        "8": 16.23032,
        "9": 2.216978,
        "10": 3.283167,
        "11": 15.154645,
        "12": 2.244675,
        "13": 4.744776,
        "14": 2.066477,
        "15": 15.976084,
        "16": 1.451652,
        "17": 3.13928,
        "18": 1.987713,
        "19": 2.925027,
        "20": 6.703128,
        "21": 3.893224,
        "22": 1.667045,
        "23": 3.412498,
        "24": 4.031291,
        "25": 6.194086,
        "26": 3.563844,
        "27": 4.761225,
        "28": 4.828597,
        "29": 3.965223,
        "30": 3.248226,
        "31": 5.692355,
        "32": 7.672194,
        "33": 6.326727,
        "34": 5.878677,
        "35": 2.312826,
        "36": 1.828111,
        "37": 4.921353,
        "38": 2.331823,
        "39": 6.9038,
        "40": 2.871289,
        "41": 5.725998,
        "42": 6.524848,
        "43": 6.795347,
        "44": 4.167119,
        "45": 6.288862,
        "46": 11.301635,
        "47": 4.003666,
        "48": 6.024495,
        "49": 5.869587,
        "50": 3.775211,
        "51": 2.175306,
        "52": 4.776266,
        "53": 5.386759,
        "54": 3.653299
      }
    }
  }
}