{
  "topology_id": 79,
  "load_conditions": {
    "low": {
      "utilization_fraction": 0.2,
      "edge_latencies_ms": {
        "0": 3.995803,
        "1": 2.073955,
        "2": 4.837203,
        "3": 3.978437,
        "4": 4.061825,
        "5": 2.104893,
        "6": 2.100842,
        "7": 4.641427,
        "8": 2.696587,
        "9": 11.971816,
        "10": 10.111766,
        "11": 11.96001,
        "12": 4.586885,
        "13": 3.447291,
        "14": 4.378287,
        "15": 4.912212,
        "16": 2.28081,
        "17": 9.643433,
        "18": 2.290116,
        "19": 4.409145,
        "20": 2.658508,
        "21": 2.951878,
        "22": 2.392725,
        "23": 3.205917,
        "24": 3.387543,
        "25": 5.845714,
        "26": 5.564906,
        "27": 4.184705,
        "28": 9.999992,
        "29": 5.874317,
        "30": 7.803669,
        "31": 6.560414,
        "32": 7.186574,
        "33": 5.469866,
        "34": 7.392816,
        "35": 2.349025,
        "36": 6.817255,
        "37": 7.581929,
        "38": 7.631681,
        "39": 3.631754,
        "40": 4.15273,
        "41": 1.872781,
        "42": 8.98458,
        "43": 6.098618,
        "44": 2.888057,
        "45": 6.841941,
        "46": 4.06123,
        "47": 3.60324,
        "48": 4.592532,
        "49": 3.499369,
        "50": 4.17399,
        "51": 2.078241,
        "52": 10.769428,
        "53": 11.034996,
        "54": 4.893158,
        "55": 4.222909,
        "56": 1.559941,
        "57": 2.805854,
        "58": 3.60275,
        "59": 6.55261,
        "60": 2.729356,
        "61": 3.488133,
        "62": 2.743662,
        "63": 0.871988
      }
    },
    "medium": {
      "utilization_fraction": 0.5,
      "edge_latencies_ms": {
        "0": 3.997553,
        "1": 2.074946,
        "2": 4.838936,
        "3": 3.979397,
        "4": 4.065571,
        "5": 2.107422,
        "6": 2.105749,
        "7": 4.64648,
        "8": 2.698356,
        "9": 11.982841,
        "10": 10.120719,
        "11": 11.969203,
        "12": 4.588192,
        "13": 3.44922,
        "14": 4.37921,
        "15": 4.913808,
        "16": 2.281939,
        "17": 9.65195,
        "18": 2.292076,
        "19": 4.412578,
        "20": 2.659343,
        "21": 2.952687,
        "22": 2.393619,
        "23": 3.207219,
        "24": 3.390186,
        "25": 5.888371,
        "26": 5.566024,
        "27": 4.187787,
        "28": 10.006167,
        "29": 5.875354,
        "30": 7.805248,
        "31": 6.566258,
        "32": 7.189436,
        "33": 5.472125,
        "34": 7.399908,
        "35": 2.352712,
        "36": 6.818745,
        "37": 7.592459,
        "38": 7.639399,
        "39": 3.636258,
        "40": 4.154134,
        "41": 1.87354,
        "42": 9.001476,
        "43": 6.099448,
        "44": 2.891106,
        "45": 6.843637,
        "46": 4.06204,
        "47": 3.605685,
        "48": 4.593459,
        "49": 3.5054,
        "50": 4.176199,
        "51": 2.080838,
        "52": 10.815049,
        "53": 11.050404,
        "54": 4.894416,
        "55": 4.223849,
        "56": 1.560773,
        "57": 2.811791,
        "58": 3.607274,
        "59": 6.553621,
        "60": 2.730997,
        "61": 3.491502,
        "62": 2.744679,
        "63": 0.872913
      }
    },
    "high": {
      "utilization_fraction": 0.8,
      "edge_latencies_ms": {
        "0": 4.004553,
        "1": 2.07891,
        "2": 4.845869,
        "3": 3.983236,
        "4": 4.080556,
        "5": 2.11754,
        "6": 2.125376,
        "7": 4.666692,
        "8": 2.705436,
        "9": 12.026941,
        "10": 10.156531,
        "11": 12.005972,
        "12": 4.593418,
        "13": 3.456935,
        "14": 4.382904,
        "15": 4.92019,
        "16": 2.286457,
        "17": 9.686021,
        "18": 2.299917,
        "19": 4.42631,
        "20": 2.662682,
        "21": 2.95592,
        "22": 2.397195,
        "23": 3.212426,
        "24": 3.400758,
        "25": 6.058998,
        "26": 5.570496,
        "27": 4.200113,
        "28": 10.030868,
        "29": 5.879501,
        "30": 7.811562,
        "31": 6.589637,
        "32": 7.200885,
        "33": 5.481163,
        "34": 7.428276,
        "35": 2.36746,
        "36": 6.824704,
        "37": 7.634576,
        "38": 7.67027,
        "39": 3.654273,
        "40": 4.159748,
        "41": 1.876575,
        "42": 9.069064,
        "43": 6.102767,
        "44": 2.903303,
        "45": 6.850423,
        "46": 4.065278,
        "47": 3.615462,
        "48": 4.597168,
        "49": 3.529523,
        "50": 4.185035,
        "51": 2.091224,
        "52": 10.997533,
        "53": 11.112033,
        "54": 4.899451,
        "55": 4.227607,
        "56": 1.564098,
        "57": 2.83554,
        "58": 3.625367,
        "59": 6.557664,
        "60": 2.737561,
        "61": 3.504976,
        "62": 2.74875,
        "63": 0.876613
      }
    },
    "flash": {
      "utilization_fraction": 0.95,
      "edge_latencies_ms": {
        "0": 4.039555,
        "1": 2.09873,
        "2": 4.88053,
        "3": 4.002431,
        "4": 4.155476,
        "5": 2.168129,
        "6": 2.22351,
        "7": 4.767748,
        "8": 2.740834,
        "9": 12.247443,
        "10": 10.335589,
        "11": 12.18982,
        "12": 4.619549,
        "13": 3.495509,
        "14": 4.401375,
        "15": 4.9521,
        "16": 2.309045,
        "17": 9.856375,
        "18": 2.339121,
        "19": 4.494972,
        "20": 2.67938,
        "21": 2.972084,
        "22": 2.415078,
        "23": 3.238461,
        "24": 3.45362,
        "25": 6.912133,
        "26": 5.592858,
        "27": 4.261744,
        "28": 10.154371,
        "29": 5.900239,
        "30": 7.843137,
        "31": 6.706531,
        "32": 7.258129,
        "33": 5.526348,
        "34": 7.570115,
        "35": 2.441202,
        "36": 6.854498,
        "37": 7.845163,
        "38": 7.824627,
        "39": 3.744348,
        "40": 4.187816,
        "41": 1.891752,
        "42": 9.406999,
        "43": 6.119363,
        "44": 2.964286,
        "45": 6.884349,
        "46": 4.08147,
        "47": 3.66435,
        "48": 4.615716,
        "49": 3.650139,
        "50": 4.229212,
        "51": 2.143156,
        "52": 11.909953,
        "53": 11.420182,
        "54": 4.924625,
        "55": 4.246398,
        "56": 1.580726,
        "57": 2.954283,
        "58": 3.715836,
        "59": 6.577882,
        "60": 2.770382,
        "61": 3.572347,
        "62": 2.769103,
        "63": 0.895112
      }
    }
  }
}