{
  "topology_id": 476,
  "load_conditions": {
    "low": {
      "utilization_fraction": 0.2,
      "edge_latencies_ms": {
        "0": 4.957569,
        "1": 2.370636,
        "2": 5.849795,
        "3": 6.868205,
        "4": 5.697102,
        "5": 1.869892,
        "6": 2.590172,
        "7": 3.117229,
        "8": 4.661,
        "9": 4.802417,
        "10": 4.201704,
        "11": 2.378037,
        "12": 3.294547,
        "13": 4.289831,
        "14": 5.442158,
        "15": 1.717126,
        "16": 2.693215,
        "17": 4.193809,
        "18": 2.535283,
        "19": 8.756644,
        "20": 2.406487,
        "21": 5.482004,
        "22": 1.290553,
        "23": 3.930518,
        "24": 4.383862,
        "25": 2.8751,
        "26": 5.310618,
        "27": 2.982776,
        "28": 7.778688,
        "29": 4.184466,
        "30": 2.908004,
        "31": 4.774967,
        "32": 4.934202,
        "33": 2.706828,
        "34": 3.516073,
        "35": 2.553086,
        "36": 2.501762,
        "37": 4.793483,
        "38": 4.031272,
        "39": 5.607888,
        "40": 1.971894,
        "41": 2.51255,
        "42": 1.927257,
        "43": 3.322288,
        "44": 2.454089,
        "45": 4.668509,
        "46": 7.548567,
        "47": 6.255517,
        "48": 6.175927,
        "49": 5.121652,
        "50": 5.75069,
        "51": 5.73553,
        "52": 5.18982,
        "53": 3.60587,
        "54": 2.862433,
        "55": 3.554843,
        "56": 4.37392,
        "57": 7.334173,
        "58": 10.525643,
        "59": 5.314633,
        "60": 1.961374,
        "61": 9.280695,
        "62": 5.317371,
        "63": 4.869247,
        "64": 1.829121,
        "65": 3.333852,
        "66": 3.288927,
        "67": 2.415928,
        "68": 4.416929,
        "69": 1.57005,
        "70": 1.617363,
        "71": 4.381477,
        "72": 4.815108,
        "73": 5.067174,
        "74": 2.975035,
        "75": 5.787685,
        "76": 5.270737,
        "77": 5.697656,
        "78": 2.994002,
        "79": 2.209006,
        "80": 4.462877,
        "81": 2.062266,
        "82": 3.739132,
        "83": 2.727963,
        "84": 5.781332,
        "85": 5.104524,
        "86": 2.873144,
        "87": 4.228696,
        "88": 0.676029,
        "89": 4.433055,
        "90": 3.036464,
        "91": 7.910954,
        "92": 3.021916,
        "93": 4.016975,
        "94": 1.427831,
        "95": 4.259465,
        "96": 6.290186,
        "97": 2.811055,
        "98": 0.474079,
        "99": 3.526416,
        "100": 1.272597,
        "101": 2.945568,
        "102": 1.037238,
        "103": 2.374851,
        "104": 2.1964,
        "105": 3.687344,
        "106": 2.127654,
        "107": 2.326998,
        "108": 2.091862,
        "109": 3.484858,
        "110": 1.908453,
        "111": 5.467235,
        "112": 2.992473,
        "113": 4.902325,
        "114": 3.949597,
        "115": 2.919436,
        "116": 4.951655,
        "117": 1.786439,
        "118": 7.625615,
        "119": 2.194633,
        "120": 3.987309,
        "121": 4.082307,
        "122": 1.906756,
        "123": 1.464244,
        "124": 5.115393,
        "125": 3.329929,
        "126": 3.879045,
        "127": 3.958089,
        "128": 2.150602,
        "129": 4.664589,
        "130": 7.820122,
        "131": 12.084246,
        "132": 4.310852,
        "133": 4.757858,
        "134": 4.384483,
        "135": 4.655217,
        "136": 4.463752,
        "137": 5.15045,
        "138": 1.059834,
        "139": 4.683936,
        "140": 5.102568,
        "141": 4.240842,
        "142": 4.017604,
        "143": 5.889026,
        "144": 6.677702,
        "145": 2.245783,
        "146": 2.599475,
        "147": 2.122395,
        "148": 2.961443,
        "149": 3.862824,
        "150": 4.611306,
        "151": 3.648675,
        "152": 2.076339,
        "153": 4.177721,
        "154": 7.44832,
        "155": 4.508665,
        "156": 2.230532,
        "157": 2.185387,
        "158": 5.470362,
        "159": 2.635465,
        "160": 4.584808,
        "161": 5.918913,
        "162": 8.665196,
        "163": 3.492531,
        "164": 2.853034,
        "165": 1.129592,
        "166": 4.512902,
        "167": 5.202727,
        "168": 5.716151,
        "169": 1.766476,
        "170": 3.638439,
        "171": 3.629735,
        "172": 5.301835,
        "173": 3.827239,
        "174": 3.173573,
        "175": 4.435152,
        "176": 0.74694,
        "177": 4.263837,
        "178": 3.44331,
        "179": 3.587393,
        "180": 3.606434,
        "181": 6.442222,
        "182": 5.786246,
        "183": 4.407646,
        "184": 3.789705,
        "185": 3.386159,
        "186": 4.560625,
        "187": 1.67893,
        "188": 2.349364,
        "189": 3.011636,
        "190": 3.700103,
        "191": 2.316233,
        "192": 4.024382,
        "193": 4.626163,
        "194": 3.111574,
        "195": 7.626803
      }
    },
    "medium": {
      "utilization_fraction": 0.5,
      "edge_latencies_ms": {
        "0": 4.959825,
        "1": 2.371694,
        "2": 5.852214,
        "3": 6.869,
        "4": 5.698577,
        "5": 1.871987,
        "6": 2.592767,
        "7": 3.120559,
        "8": 4.66435,
        "9": 4.80451,
        "10": 4.202914,
        "11": 2.384267,
        "12": 3.296123,
        "13": 4.292989,
        "14": 5.443141,
        "15": 1.718444,
        "16": 2.69412,
        "17": 4.194769,
        "18": 2.536778,
        "19": 8.819535,
        "20": 2.407367,
        "21": 5.483203,
        "22": 1.292209,
        "23": 3.931488,
        "24": 4.385042,
        "25": 2.876462,
        "26": 5.31713,
        "27": 2.984867,
        "28": 7.779459,
        "29": 4.186914,
        "30": 2.909651,
        "31": 4.776065,
        "32": 4.935668,
        "33": 2.70772,
        "34": 3.518439,
        "35": 2.554827,
        "36": 2.506017,
        "37": 4.795108,
        "38": 4.032027,
        "39": 5.609545,
        "40": 1.975795,
        "41": 2.513319,
        "42": 1.928739,
        "43": 3.323487,
        "44": 2.454979,
        "45": 4.66991,
        "46": 7.550394,
        "47": 6.256383,
        "48": 6.176801,
        "49": 5.123306,
        "50": 5.756646,
        "51": 5.737437,
        "52": 5.191702,
        "53": 3.609636,
        "54": 2.863402,
        "55": 3.555756,
        "56": 4.376894,
        "57": 7.335583,
        "58": 10.575931,
        "59": 5.315839,
        "60": 1.962909,
        "61": 9.293231,
        "62": 5.319732,
        "63": 4.870182,
        "64": 1.829928,
        "65": 3.336175,
        "66": 3.290029,
        "67": 2.416689,
        "68": 4.419584,
        "69": 1.571016,
        "70": 1.618406,
        "71": 4.383252,
        "72": 4.8162,
        "73": 5.069578,
        "74": 2.977246,
        "75": 5.788507,
        "76": 5.272868,
        "77": 5.707695,
        "78": 2.995051,
        "79": 2.209892,
        "80": 4.466206,
        "81": 2.066828,
        "82": 3.740155,
        "83": 2.731497,
        "84": 5.782577,
        "85": 5.105434,
        "86": 2.874859,
        "87": 4.22953,
        "88": 0.677195,
        "89": 4.434069,
        "90": 3.037785,
        "91": 7.914763,
        "92": 3.023577,
        "93": 4.01878,
        "94": 1.428937,
        "95": 4.261752,
        "96": 6.291429,
        "97": 2.812077,
        "98": 0.474948,
        "99": 3.527352,
        "100": 1.273983,
        "101": 2.946715,
        "102": 1.038125,
        "103": 2.375676,
        "104": 2.19784,
        "105": 3.688568,
        "106": 2.12879,
        "107": 2.33389,
        "108": 2.093221,
        "109": 3.485651,
        "110": 1.910146,
        "111": 5.468029,
        "112": 2.993374,
        "113": 4.904284,
        "114": 3.952437,
        "115": 2.920658,
        "116": 4.952586,
        "117": 1.78894,
        "118": 7.635039,
        "119": 2.196189,
        "120": 3.988224,
        "121": 4.085449,
        "122": 1.907528,
        "123": 1.465616,
        "124": 5.116917,