{
  "topology_id": 115,
  "load_conditions": {
    "low": {
      "utilization_fraction": 0.2,
      "edge_latencies_ms": {
        "0": 2.095474,
        "1": 5.803626,
        "2": 3.177742,
        "3": 5.132613,
        "4": 4.024927,
        "5": 4.26598,
        "6": 2.840068,
        "7": 1.696253,
        "8": 3.080633,
        "9": 4.978589,
        "10": 4.266852,
        "11": 5.90252,
        "12": 4.102195,
        "13": 5.374262,
        "14": 5.433543,
        "15": 4.393222,
        "16": 2.857648,
        "17": 7.340219,
        "18": 7.53513,
        "19": 1.881812,
        "20": 2.43687,
        "21": 1.958866,
        "22": 3.974101,
        "23": 4.153665,
        "24": 1.524487,
        "25": 2.215133,
        "26": 4.021278,
        "27": 5.151692,
        "28": 4.608494,
        "29": 3.910645,
        "30": 3.47702,
        "31": 2.887231,
        "32": 2.700869,
        "33": 2.698372,
        "34": 6.228856,
        "35": 3.21191,
        "36": 3.458141,
        "37": 2.655321,
        "38": 2.78845,
        "39": 4.569103,
        "40": 4.423667,
        "41": 5.07873,
        "42": 3.892275,
        "43": 2.390665,
        "44": 3.466359,
        "45": 3.601745,
        "46": 2.225623,
        "47": 1.396915,
        "48": 13.460906,
        "49": 4.107625,
        "50": 3.760121,
        "51": 5.063975,
        "52": 3.481821,
        "53": 3.880552,
        "54": 2.029294,
        "55": 3.274951,
        "56": 4.036517,
        "57": 3.727914,
        "58": 5.564472,
        "59": 5.195116,
        "60": 4.347545,
        "61": 5.021723,
        "62": 3.9233,
        "63": 7.118948,
        "64": 6.913197,
        "65": 4.114742,
        "66": 3.081211,
        "67": 4.644053,
        "68": 4.724036,
        "69": 2.827994,
        "70": 1.905151,
        "71": 1.778404,
        "72": 5.78517,
        "73": 2.732177,
        "74": 2.508673,
        "75": 4.611262,
        "76": 3.658651,
        "77": 1.909157,
        "78": 3.665458,
        "79": 2.985023,
        "80": 2.158063,
        "81": 3.966232,
        "82": 2.182699,
        "83": 3.752097,
        "84": 1.570354,
        "85": 2.257968,
        "86": 2.224281,
        "87": 2.494722,
        "88": 5.646346,
        "89": 4.037617,
        "90": 3.185953,
        "91": 4.469452,
        "92": 17.230245,
        "93": 1.131383,
        "94": 1.734666,
        "95": 2.042453,
        "96": 5.312539,
        "97": 5.704621,
        "98": 4.91571,
        "99": 3.47515,
        "100": 2.426884,
        "101": 3.484629,
        "102": 3.459561,
        "103": 2.594977,
        "104": 2.614294,
        "105": 2.714999,
        "106": 1.417354,
        "107": 3.902319,
        "108": 2.642557,
        "109": 15.837357,
        "110": 14.711132,
        "111": 2.954613,
        "112": 4.123196,
        "113": 2.678539,
        "114": 4.064041,
        "115": 2.158763,
        "116": 3.147016,
        "117": 6.420716,
        "118": 1.215123,
        "119": 4.593912,
        "120": 6.164068,
        "121": 2.14335,
        "122": 5.580607,
        "123": 5.598523,
        "124": 5.68653,
        "125": 5.479291,
        "126": 4.242473,
        "127": 3.669996,
        "128": 7.809351,
        "129": 3.224183,
        "130": 8.013352
      }
    },
    "medium": {
      "utilization_fraction": 0.5,
      "edge_latencies_ms": {
        "0": 2.096259,
        "1": 5.804569,
        "2": 3.181086,
        "3": 5.136262,
        "4": 4.026719,
        "5": 4.267382,
        "6": 2.84083,
        "7": 1.69914,
        "8": 3.081683,
        "9": 4.981382,
        "10": 4.268448,
        "11": 5.903314,
        "12": 4.10313,
        "13": 5.376493,
        "14": 5.43617,
        "15": 4.394635,
        "16": 2.858668,
        "17": 7.360236,
        "18": 7.54509,
        "19": 1.883209,
        "20": 2.44237,
        "21": 1.959893,
        "22": 3.977885,
        "23": 4.155328,
        "24": 1.528846,
        "25": 2.215933,
        "26": 4.022896,
        "27": 5.153859,
        "28": 4.609281,
        "29": 3.911506,
        "30": 3.478245,
        "31": 2.888673,
        "32": 2.702354,
        "33": 2.703293,
        "34": 6.2304,
        "35": 3.213254,
        "36": 3.459582,
        "37": 2.660967,
        "38": 2.789351,
        "39": 4.569875,
        "40": 4.425219,
        "41": 5.081825,
        "42": 3.893169,
        "43": 2.392093,
        "44": 3.467735,
        "45": 3.602629,
        "46": 2.226813,
        "47": 1.398244,
        "48": 13.469456,
        "49": 4.108519,
        "50": 3.760894,
        "51": 5.068305,
        "52": 3.482852,
        "53": 3.881507,
        "54": 2.03011,
        "55": 3.276063,
        "56": 4.039375,
        "57": 3.728674,
        "58": 5.565629,
        "59": 5.197638,
        "60": 4.349787,
        "61": 5.023278,
        "62": 3.925122,
        "63": 7.119984,
        "64": 6.914939,
        "65": 4.115939,
        "66": 3.082259,
        "67": 4.645373,
        "68": 4.726011,
        "69": 2.829023,
        "70": 1.906327,
        "71": 1.779636,
        "72": 5.789442,
        "73": 2.735118,
        "74": 2.509939,
        "75": 4.612046,
        "76": 3.659902,
        "77": 1.90999,
        "78": 3.666262,
        "79": 2.986976,
        "80": 2.160229,
        "81": 3.969177,
        "82": 2.187309,
        "83": 3.752856,
        "84": 1.571421,
        "85": 2.259618,
        "86": 2.225334,
        "87": 2.495847,
        "88": 5.647247,
        "89": 4.039526,
        "90": 3.18725,
        "91": 4.470485,
        "92": 17.256648,
        "93": 1.132553,
        "94": 1.736285,
        "95": 2.047489,
        "96": 5.317554,
        "97": 5.711039,
        "98": 4.917021,
        "99": 3.476311,
        "100": 2.429143,
        "101": 3.485597,
        "102": 3.462732,
        "103": 2.596023,
        "104": 2.615377,
        "105": 2.716601,
        "106": 1.418211,
        "107": 3.903733,
        "108": 2.643378,
        "109": 15.875728,
        "110": 14.719934,
        "111": 2.955872,
        "112": 4.124777,
        "113": 2.67958,
        "114": 4.065023,
        "115": 2.165668,
        "116": 3.148202,
        "117": 6.427084,
        "118": 1.216049,
        "119": 4.595949,
        "120": 6.165286,
        "121": 2.145159,
        "122": 5.582687,
        "123": 5.600444,
        "124": 5.687744,
        "125": 5.480253,
        "126": 4.245057,
        "127": 3.671033,
        "128": 7.810903,
        "129": 3.225003,
        "130": 8.014324
      }
    },
    "high": {
      "utilization_fraction": 0.8,
      "edge_latencies_ms": {
        "0": 2.099401,
        "1": 5.808338,
        "2": 3.194461,
        "3": 5.150855,
        "4": 4.033887,
        "5": 4.272991,
        "6": 2.843878,
        "7": 1.710688,
        "8": 3.085879,
        "9": 4.992553,
        "10": 4.274832,
        "11": 5.90649,
        "12": 4.106871,
        "13": 5.385417,
        "14": 5.446675,
        "15": 4.400285,
        "16": 2.862747,
        "17": 7.440302,
        "18": 7.584932,
        "19": 1.888796,
        "20": 2.464371,
        "21": 1.964001,
        "22": 3.993024,
        "23": 4.161979,
        "24": 1.546282,
        "25": 2.219134,
        "26": 4.029365,
        "27": 5.162528,
        "28": 4.61243,
        "29": 3.91495,
        "30": 3.483144,
        "31": 2.894439,
        "32": 2.708293,
        "33": 2.722977,
        "34": 6.236577,
        "35": 3.21863,
        "36": 3.465343,
        "37": 2.683549,
        "38": 2.792953,
        "39": 4.572966,
        "40": 4.431428,
        "41": 5.094206,
        "42": 3.896745,
        "43": 2.397808,
        "44": 3.473241,
        "45": 3.606166,
        "46": 2.231571,
        "47": 1.40356,
        "48": 13.503655,
        "49": 4.112097,
        "50": 3.763987,
        "51": 5.085623,
        "52": 3.486977,
        "53": 3.88533,
        "54": 2.033376,
        "55": 3.280512,
        "56": 4.050807,
        "57": 3.731711,