{
  "topology_id": 497,
  "load_conditions": {
    "low": {
      "utilization_fraction": 0.2,
      "edge_latencies_ms": {
        "0": 1.492566,
        "1": 4.135862,
        "2": 1.933671,
        "3": 4.287841,
        "4": 4.775689,
        "5": 4.852853,
        "6": 4.405341,
        "7": 13.224748,
        "8": 2.819366,
        "9": 3.302941,
        "10": 1.879875,
        "11": 6.448675,
        "12": 3.543584,
        "13": 16.937183,
        "14": 2.209041,
        "15": 3.65617,
        "16": 3.9278,
        "17": 2.829789,
        "18": 10.219062,
        "19": 2.755425,
        "20": 2.765217,
        "21": 2.773751,
        "22": 14.067389,
        "23": 4.924704,
        "24": 6.865103,
        "25": 1.230873,
        "26": 3.869193,
        "27": 2.433369,
        "28": 2.741257,
        "29": 14.076767,
        "30": 11.859277,
        "31": 2.097254,
        "32": 5.460617,
        "33": 9.25521,
        "34": 2.032442,
        "35": 2.430694,
        "36": 14.08947,
        "37": 3.833521,
        "38": 1.075789,
        "39": 5.108186,
        "40": 5.67002,
        "41": 6.582429,
        "42": 5.670058,
        "43": 5.079646,
        "44": 3.69257,
        "45": 5.714911,
        "46": 2.585602,
        "47": 5.355495,
        "48": 6.142467,
        "49": 10.689114,
        "50": 8.959845,
        "51": 5.334707,
        "52": 3.197091,
        "53": 3.386591,
        "54": 3.500115,
        "55": 2.772869,
        "56": 5.055363,
        "57": 4.647965,
        "58": 2.172991,
        "59": 2.876432,
        "60": 4.460367,
        "61": 1.8536,
        "62": 1.801443,
        "63": 2.982445
      }
    },
    "medium": {
      "utilization_fraction": 0.5,
      "edge_latencies_ms": {
        "0": 1.494342,
        "1": 4.136644,
        "2": 1.935,
        "3": 4.289395,
        "4": 4.776633,
        "5": 4.853612,
        "6": 4.410341,
        "7": 13.234821,
        "8": 2.82081,
        "9": 3.303717,
        "10": 1.881289,
        "11": 6.449787,
        "12": 3.548729,
        "13": 16.9664,
        "14": 2.210034,
        "15": 3.657176,
        "16": 3.928704,
        "17": 2.830618,
        "18": 10.229462,
        "19": 2.757663,
        "20": 2.76598,
        "21": 2.774736,
        "22": 14.081795,
        "23": 4.92613,
        "24": 6.869473,
        "25": 1.232836,
        "26": 3.870389,
        "27": 2.437564,
        "28": 2.742048,
        "29": 14.095198,
        "30": 11.872677,
        "31": 2.098578,
        "32": 5.462182,
        "33": 9.266139,
        "34": 2.033292,
        "35": 2.437895,
        "36": 14.097114,
        "37": 3.834358,
        "38": 1.07749,
        "39": 5.114592,
        "40": 5.670858,
        "41": 6.583372,
        "42": 5.671351,
        "43": 5.081619,
        "44": 3.696527,
        "45": 5.715684,
        "46": 2.586861,
        "47": 5.356579,
        "48": 6.195657,
        "49": 10.723648,
        "50": 8.968878,
        "51": 5.335553,
        "52": 3.198702,
        "53": 3.387758,
        "54": 3.502643,
        "55": 2.774879,
        "56": 5.057517,
        "57": 4.648994,
        "58": 2.177803,
        "59": 2.880106,
        "60": 4.462205,
        "61": 1.854589,
        "62": 1.806336,
        "63": 2.983578
      }
    },
    "high": {
      "utilization_fraction": 0.8,
      "edge_latencies_ms": {
        "0": 1.501445,
        "1": 4.13977,
        "2": 1.940317,
        "3": 4.295613,
        "4": 4.780409,
        "5": 4.856645,
        "6": 4.430338,
        "7": 13.275115,
        "8": 2.826589,
        "9": 3.306822,
        "10": 1.886946,
        "11": 6.454236,
        "12": 3.569308,
        "13": 17.08327,
        "14": 2.214007,
        "15": 3.6612,
        "16": 3.932319,
        "17": 2.833936,
        "18": 10.271058,
        "19": 2.766619,
        "20": 2.769033,
        "21": 2.778678,
        "22": 14.139417,
        "23": 4.931834,
        "24": 6.886951,
        "25": 1.240689,
        "26": 3.875175,
        "27": 2.454348,
        "28": 2.745214,
        "29": 14.168921,
        "30": 11.926277,
        "31": 2.103877,
        "32": 5.468442,
        "33": 9.309853,
        "34": 2.036691,
        "35": 2.466699,
        "36": 14.127689,
        "37": 3.837707,
        "38": 1.084297,
        "39": 5.140218,
        "40": 5.67421,
        "41": 6.587145,
        "42": 5.676524,
        "43": 5.089511,
        "44": 3.712355,
        "45": 5.718779,
        "46": 2.591898,
        "47": 5.360913,
        "48": 6.408418,
        "49": 10.861785,
        "50": 9.005012,
        "51": 5.338937,
        "52": 3.205148,
        "53": 3.392423,
        "54": 3.512754,
        "55": 2.782918,
        "56": 5.066132,
        "57": 4.65311,
        "58": 2.197048,
        "59": 2.894799,
        "60": 4.469557,
        "61": 1.858543,
        "62": 1.825911,
        "63": 2.988107
      }
    },
    "flash": {
      "utilization_fraction": 0.95,
      "edge_latencies_ms": {
        "0": 1.536959,
        "1": 4.155401,
        "2": 1.966902,
        "3": 4.326702,
        "4": 4.79929,
        "5": 4.871814,
        "6": 4.530327,
        "7": 13.476586,
        "8": 2.85548,
        "9": 3.322347,
        "10": 1.915233,
        "11": 6.476481,
        "12": 3.672205,
        "13": 17.667618,
        "14": 2.23387,
        "15": 3.681323,
        "16": 3.950392,
        "17": 2.850522,
        "18": 10.479042,
        "19": 2.811395,
        "20": 2.784296,
        "21": 2.798386,
        "22": 14.427532,
        "23": 4.960352,
        "24": 6.974341,
        "25": 1.279955,
        "26": 3.899102,
        "27": 2.538264,
        "28": 2.761041,
        "29": 14.537539,
        "30": 12.194274,
        "31": 2.130371,
        "32": 5.499739,
        "33": 9.528427,
        "34": 2.053686,
        "35": 2.610721,
        "36": 14.280567,
        "37": 3.854453,
        "38": 1.118328,
        "39": 5.268347,
        "40": 5.690968,
        "41": 6.606006,
        "42": 5.70239,
        "43": 5.128971,
        "44": 3.791494,
        "45": 5.73425,
        "46": 2.61708,
        "47": 5.382582,
        "48": 7.472222,
        "49": 11.552471,
        "50": 9.185684,
        "51": 5.355858,
        "52": 3.237375,
        "53": 3.415747,
        "54": 3.563308,
        "55": 2.823116,
        "56": 5.109206,
        "57": 4.673691,
        "58": 2.293275,
        "59": 2.968265,
        "60": 4.506317,
        "61": 1.878317,
        "62": 1.923787,
        "63": 3.010755
      }
    }
  }
}