{
  "topology_id": 348,
  "load_conditions": {
    "low": {
      "utilization_fraction": 0.2,
      "edge_latencies_ms": {
        "0": 3.722296,
        "1": 4.399268,
        "2": 5.227951,
        "3": 3.592588,
        "4": 4.699137,
        "5": 5.276564,
        "6": 2.773198,
        "7": 3.121706,
        "8": 5.29519,
        "9": 16.684004,
        "10": 3.767917,
        "11": 3.598846,
        "12": 14.718038,
        "13": 5.14767,
        "14": 3.09808,
        "15": 4.457549,
        "16": 2.191374,
        "17": 1.754293,
        "18": 5.650015,
        "19": 4.767732,
        "20": 5.195981,
        "21": 6.814669,
        "22": 3.741872,
        "23": 5.484874,
        "24": 4.925596,
        "25": 5.843129,
        "26": 2.897857,
        "27": 17.519222,
        "28": 3.419636,
        "29": 4.252633,
        "30": 2.407036,
        "31": 3.51571,
        "32": 2.244104,
        "33": 4.457804,
        "34": 4.496894,
        "35": 2.184335,
        "36": 2.948747,
        "37": 3.523238,
        "38": 5.162581,
        "39": 5.08174,
        "40": 3.808066,
        "41": 4.6333,
        "42": 5.270146,
        "43": 4.291933,
        "44": 4.029525,
        "45": 3.77361,
        "46": 3.080524,
        "47": 2.53327,
        "48": 7.074437,
        "49": 4.576613,
        "50": 3.92911,
        "51": 2.292566,
        "52": 0.957335,
        "53": 3.504148,
        "54": 1.28456,
        "55": 6.772146,
        "56": 3.568524
      }
    },
    "medium": {
      "utilization_fraction": 0.5,
      "edge_latencies_ms": {
        "0": 3.726816,
        "1": 4.400099,
        "2": 5.228964,
        "3": 3.594668,
        "4": 4.700354,
        "5": 5.277864,
        "6": 2.774057,
        "7": 3.122686,
        "8": 5.296133,
        "9": 16.704079,
        "10": 3.768945,
        "11": 3.599599,
        "12": 14.746806,
        "13": 5.151066,
        "14": 3.099353,
        "15": 4.460746,
        "16": 2.19274,
        "17": 1.75564,
        "18": 5.651583,
        "19": 4.768502,
        "20": 5.196759,
        "21": 6.819356,
        "22": 3.743789,
        "23": 5.491561,
        "24": 4.926524,
        "25": 5.844029,
        "26": 2.89972,
        "27": 17.529062,
        "28": 3.421039,
        "29": 4.258966,
        "30": 2.410691,
        "31": 3.517902,
        "32": 2.246379,
        "33": 4.459555,
        "34": 4.49766,
        "35": 2.185169,
        "36": 2.955493,
        "37": 3.525217,
        "38": 5.164507,
        "39": 5.083124,
        "40": 3.809736,
        "41": 4.635914,
        "42": 5.27127,
        "43": 4.295511,
        "44": 4.03105,
        "45": 3.774485,
        "46": 3.081556,
        "47": 2.540496,
        "48": 7.075214,
        "49": 4.583057,
        "50": 3.931755,
        "51": 2.296711,
        "52": 0.958185,
        "53": 3.505092,
        "54": 1.285527,
        "55": 6.772944,
        "56": 3.570378
      }
    },
    "high": {
      "utilization_fraction": 0.8,
      "edge_latencies_ms": {
        "0": 3.744895,
        "1": 4.403426,
        "2": 5.233018,
        "3": 3.602987,
        "4": 4.705222,
        "5": 5.28306,
        "6": 2.777493,
        "7": 3.126606,
        "8": 5.299908,
        "9": 16.78438,
        "10": 3.773059,
        "11": 3.602613,
        "12": 14.861874,
        "13": 5.164647,
        "14": 3.104447,
        "15": 4.473534,
        "16": 2.198203,
        "17": 1.761028,
        "18": 5.657855,
        "19": 4.771582,
        "20": 5.199873,
        "21": 6.838104,
        "22": 3.751456,
        "23": 5.518311,
        "24": 4.930235,
        "25": 5.847631,
        "26": 2.907173,
        "27": 17.568421,
        "28": 3.42665,
        "29": 4.284296,
        "30": 2.42531,
        "31": 3.52667,
        "32": 2.255476,
        "33": 4.466561,
        "34": 4.500725,
        "35": 2.188503,
        "36": 2.982476,
        "37": 3.533135,
        "38": 5.172207,
        "39": 5.08866,
        "40": 3.816419,
        "41": 4.646372,
        "42": 5.275763,
        "43": 4.309821,
        "44": 4.037149,
        "45": 3.777987,
        "46": 3.085682,
        "47": 2.5694,
        "48": 7.07832,
        "49": 4.608832,
        "50": 3.942337,
        "51": 2.313287,
        "52": 0.961584,
        "53": 3.508869,
        "54": 1.289393,
        "55": 6.776135,
        "56": 3.577794
      }
    },
    "flash": {
      "utilization_fraction": 0.95,
      "edge_latencies_ms": {
        "0": 3.835292,
        "1": 4.420058,
        "2": 5.253285,
        "3": 3.64458,
        "4": 4.72956,
        "5": 5.309041,
        "6": 2.794672,
        "7": 3.146209,
        "8": 5.318783,
        "9": 17.185884,
        "10": 3.793627,
        "11": 3.617682,
        "12": 15.437217,
        "13": 5.232554,
        "14": 3.129918,
        "15": 4.537473,
        "16": 2.225517,
        "17": 1.787969,
        "18": 5.689214,
        "19": 4.786983,
        "20": 5.215439,
        "21": 6.931842,
        "22": 3.789789,
        "23": 5.652061,
        "24": 4.94879,
        "25": 5.865637,
        "26": 2.944436,
        "27": 17.765215,
        "28": 3.454708,
        "29": 4.410949,
        "30": 2.498405,
        "31": 3.570513,
        "32": 2.300966,
        "33": 4.501592,
        "34": 4.51605,
        "35": 2.205172,
        "36": 3.117391,
        "37": 3.572727,
        "38": 5.210711,
        "39": 5.116337,
        "40": 3.849829,
        "41": 4.698658,
        "42": 5.298229,
        "43": 4.38137,
        "44": 4.067645,
        "45": 3.795495,
        "46": 3.106313,
        "47": 2.71392,
        "48": 7.093854,
        "49": 4.737706,
        "50": 3.995246,
        "51": 2.396172,
        "52": 0.978583,
        "53": 3.527756,
        "54": 1.308724,
        "55": 6.792092,
        "56": 3.614872
      }
    }
  }
}