{
  "topology_id": 150,
  "load_conditions": {
    "low": {
      "utilization_fraction": 0.2,
      "edge_latencies_ms": {
        "0": 5.87438,
        "1": 5.293941,
        "2": 5.66728,
        "3": 5.789133,
        "4": 17.441983,
        "5": 3.411626,
        "6": 3.79004,
        "7": 6.904843,
        "8": 4.423925,
        "9": 4.306106,
        "10": 18.393691,
        "11": 4.197684,
        "12": 1.413175,
        "13": 23.84021,
        "14": 4.40927,
        "15": 5.99173
      }
    },
    "medium": {
      "utilization_fraction": 0.5,
      "edge_latencies_ms": {
        "0": 5.875841,
        "1": 5.294786,
        "2": 5.668591,
        "3": 5.791162,
        "4": 17.457749,
        "5": 3.412554,
        "6": 3.791608,
        "7": 6.917838,
        "8": 4.441106,
        "9": 4.307,
        "10": 18.401686,
        "11": 4.200632,
        "12": 1.415256,
        "13": 23.859149,
        "14": 4.411711,
        "15": 5.992618
      }
    },
    "high": {
      "utilization_fraction": 0.8,
      "edge_latencies_ms": {
        "0": 5.881688,
        "1": 5.298167,
        "2": 5.673834,
        "3": 5.799278,
        "4": 17.520815,
        "5": 3.416264,
        "6": 3.797879,
        "7": 6.969816,
        "8": 4.50983,
        "9": 4.310576,
        "10": 18.433667,
        "11": 4.212424,
        "12": 1.423578,
        "13": 23.934905,
        "14": 4.421474,
        "15": 5.996168
      }
    },
    "flash": {
      "utilization_fraction": 0.95,
      "edge_latencies_ms": {
        "0": 5.910918,
        "1": 5.315068,
        "2": 5.700052,
        "3": 5.83986,
        "4": 17.836141,
        "5": 3.434816,
        "6": 3.829231,
        "7": 7.229706,
        "8": 4.853449,
        "9": 4.328453,
        "10": 18.593571,
        "11": 4.271383,
        "12": 1.46519,
        "13": 24.313685,
        "14": 4.470288,
        "15": 6.013923
      }
    }
  }
}