{
  "topology_id": 302,
  "load_conditions": {
    "low": {
      "utilization_fraction": 0.2,
      "edge_latencies_ms": {
        "0": 6.199315,
        "1": 5.231609,
        "2": 6.524998,
        "3": 4.854421,
        "4": 5.019377,
        "5": 5.337281,
        "6": 2.54713,
        "7": 3.767343,
        "8": 7.598902,
        "9": 4.506639,
        "10": 1.113547,
        "11": 6.465581,
        "12": 5.924209,
        "13": 6.57262,
        "14": 1.858835,
        "15": 3.218723,
        "16": 1.158801,
        "17": 1.610781,
        "18": 4.36749,
        "19": 2.008306,
        "20": 2.09917,
        "21": 3.635228,
        "22": 3.210588,
        "23": 4.191794,
        "24": 1.813587,
        "25": 4.647244,
        "26": 1.878313,
        "27": 4.596576,
        "28": 3.849183,
        "29": 4.088326,
        "30": 3.692717,
        "31": 2.768812,
        "32": 1.263665,
        "33": 1.672992,
        "34": 4.649021,
        "35": 3.5454,
        "36": 5.942063,
        "37": 4.172025,
        "38": 6.691964,
        "39": 3.693847,
        "40": 4.365038,
        "41": 3.161842,
        "42": 2.524426,
        "43": 2.811977,
        "44": 4.43421,
        "45": 4.575692,
        "46": 5.147808,
        "47": 5.586874,
        "48": 4.116219,
        "49": 1.406253,
        "50": 3.758891,
        "51": 2.229776,
        "52": 4.42663,
        "53": 1.814962,
        "54": 1.966906,
        "55": 3.272672,
        "56": 1.519515,
        "57": 3.961051,
        "58": 2.629848,
        "59": 4.28388,
        "60": 3.131868,
        "61": 5.145104,
        "62": 3.638997,
        "63": 4.161596,
        "64": 4.848496,
        "65": 3.867466
      }
    },
    "medium": {
      "utilization_fraction": 0.5,
      "edge_latencies_ms": {
        "0": 6.200444,
        "1": 5.238459,
        "2": 6.526948,
        "3": 4.855181,
        "4": 5.021816,
        "5": 5.338657,
        "6": 2.550287,
        "7": 3.768437,
        "8": 7.612999,
        "9": 4.50782,
        "10": 1.114881,
        "11": 6.467268,
        "12": 5.925552,
        "13": 6.573609,
        "14": 1.860176,
        "15": 3.219507,
        "16": 1.159628,
        "17": 1.612522,
        "18": 4.370177,
        "19": 2.009756,
        "20": 2.101455,
        "21": 3.636023,
        "22": 3.211628,
        "23": 4.192701,
        "24": 1.818639,
        "25": 4.650568,
        "26": 1.879877,
        "27": 4.597728,
        "28": 3.865132,
        "29": 4.098044,
        "30": 3.693474,
        "31": 2.769773,
        "32": 1.264463,
        "33": 1.674241,
        "34": 4.650456,
        "35": 3.546254,
        "36": 5.943006,
        "37": 4.17346,
        "38": 6.69304,
        "39": 3.696634,
        "40": 4.367374,
        "41": 3.162593,
        "42": 2.525958,
        "43": 2.81321,
        "44": 4.435539,
        "45": 4.578014,
        "46": 5.148561,
        "47": 5.588373,
        "48": 4.117076,
        "49": 1.407418,
        "50": 3.759791,
        "51": 2.232179,
        "52": 4.428605,
        "53": 1.817324,
        "54": 1.968306,
        "55": 3.273618,
        "56": 1.521974,
        "57": 3.963091,
        "58": 2.630762,
        "59": 4.284928,
        "60": 3.13271,
        "61": 5.147292,
        "62": 3.646182,
        "63": 4.162686,
        "64": 4.849446,
        "65": 3.869703
      }
    },
    "high": {
      "utilization_fraction": 0.8,
      "edge_latencies_ms": {
        "0": 6.204962,
        "1": 5.265861,
        "2": 6.534751,
        "3": 4.858223,
        "4": 5.031574,
        "5": 5.344161,
        "6": 2.562913,
        "7": 3.772814,
        "8": 7.669388,
        "9": 4.512543,
        "10": 1.120221,
        "11": 6.474015,
        "12": 5.930925,
        "13": 6.577568,
        "14": 1.865543,
        "15": 3.22264,
        "16": 1.162938,
        "17": 1.619487,
        "18": 4.380926,
        "19": 2.015557,
        "20": 2.110599,
        "21": 3.639201,
        "22": 3.215789,
        "23": 4.196331,
        "24": 1.83885,
        "25": 4.663865,
        "26": 1.886132,
        "27": 4.602336,
        "28": 3.928928,
        "29": 4.136914,
        "30": 3.6965,
        "31": 2.773615,
        "32": 1.267658,
        "33": 1.679236,
        "34": 4.656195,
        "35": 3.549673,
        "36": 5.94678,
        "37": 4.179198,
        "38": 6.697344,
        "39": 3.707782,
        "40": 4.376721,
        "41": 3.1656,
        "42": 2.532085,
        "43": 2.818144,
        "44": 4.440855,
        "45": 4.587302,
        "46": 5.151575,
        "47": 5.59437,
        "48": 4.120504,
        "49": 1.412077,
        "50": 3.763394,
        "51": 2.241793,
        "52": 4.436503,
        "53": 1.826771,
        "54": 1.973907,
        "55": 3.277401,
        "56": 1.531811,
        "57": 3.97125,
        "58": 2.634419,
        "59": 4.289118,
        "60": 3.136079,
        "61": 5.156043,
        "62": 3.67492,
        "63": 4.167048,
        "64": 4.853245,
        "65": 3.878653
      }
    },
    "flash": {
      "utilization_fraction": 0.95,
      "edge_latencies_ms": {
        "0": 6.227551,
        "1": 5.40287,
        "2": 6.573765,
        "3": 4.873428,
        "4": 5.080365,
        "5": 5.371679,
        "6": 2.626043,
        "7": 3.794698,
        "8": 7.951333,
        "9": 4.536156,
        "10": 1.146918,
        "11": 6.50775,
        "12": 5.957787,
        "13": 6.597359,
        "14": 1.892376,
        "15": 3.238309,
        "16": 1.179488,
        "17": 1.654311,
        "18": 4.434671,
        "19": 2.044561,
        "20": 2.156316,
        "21": 3.655093,
        "22": 3.236591,
        "23": 4.214479,
        "24": 1.939904,
        "25": 4.730347,
        "26": 1.917406,
        "27": 4.625377,
        "28": 4.247907,
        "29": 4.331265,
        "30": 3.711632,
        "31": 2.792826,
        "32": 1.283633,
        "33": 1.70421,
        "34": 4.684893,
        "35": 3.566765,
        "36": 5.965649,
        "37": 4.207887,
        "38": 6.718866,
        "39": 3.763521,
        "40": 4.423453,
        "41": 3.180635,
        "42": 2.562722,
        "43": 2.842815,
        "44": 4.467432,
        "45": 4.633743,
        "46": 5.166643,
        "47": 5.624357,
        "48": 4.137644,
        "49": 1.435376,
        "50": 3.781407,
        "51": 2.289859,
        "52": 4.475995,
        "53": 1.874006,
        "54": 2.001913,
        "55": 3.29632,
        "56": 1.580997,
        "57": 4.012048,
        "58": 2.6527,
        "59": 4.310072,
        "60": 3.152923,
        "61": 5.199801,
        "62": 3.818609,
        "63": 4.188855,
        "64": 4.872243,
        "65": 3.923404
      }
    }
  }
}