{
  "topology_id": 186,
  "load_conditions": {
    "low": {
      "utilization_fraction": 0.2,
      "edge_latencies_ms": {
        "0": 5.055606,
        "1": 3.222236,
        "2": 4.00578,
        "3": 2.801955,
        "4": 1.490894,
        "5": 6.051826,
        "6": 2.919059,
        "7": 2.907064,
        "8": 1.867969,
        "9": 2.945188,
        "10": 3.987058,
        "11": 1.934883,
        "12": 2.826653,
        "13": 2.515499,
        "14": 4.850428,
        "15": 1.243279,
        "16": 4.023063,
        "17": 5.523667,
        "18": 4.11341,
        "19": 7.389831,
        "20": 2.434032,
        "21": 6.5906,
        "22": 6.390218,
        "23": 5.449454,
        "24": 5.708295,
        "25": 2.405116,
        "26": 3.608398,
        "27": 0.959298,
        "28": 2.514913,
        "29": 4.176095,
        "30": 1.792904,
        "31": 2.141893,
        "32": 3.447672,
        "33": 1.218333,
        "34": 3.907025,
        "35": 5.247773,
        "36": 4.142695,
        "37": 4.811613,
        "38": 5.249925,
        "39": 3.532984,
        "40": 3.437967,
        "41": 1.089799,
        "42": 2.459105,
        "43": 4.716638,
        "44": 3.886625,
        "45": 2.079825,
        "46": 5.075759,
        "47": 5.202976,
        "48": 6.114939,
        "49": 8.267079,
        "50": 1.573814,
        "51": 2.078865,
        "52": 5.115352,
        "53": 1.540555,
        "54": 4.575633,
        "55": 3.861984,
        "56": 1.471914,
        "57": 3.559967,
        "58": 5.039539,
        "59": 0.954775,
        "60": 3.045086,
        "61": 3.597572,
        "62": 1.6385,
        "63": 1.441446,
        "64": 8.52887,
        "65": 3.600853,
        "66": 3.277776,
        "67": 3.19398,
        "68": 1.273237,
        "69": 2.585361,
        "70": 5.487695,
        "71": 3.173449,
        "72": 4.46825,
        "73": 8.182247,
        "74": 4.786943,
        "75": 3.174285,
        "76": 6.973064,
        "77": 4.803521,
        "78": 2.58881,
        "79": 3.900759,
        "80": 5.876496,
        "81": 3.597454,
        "82": 4.134284,
        "83": 3.799325,
        "84": 4.37462,
        "85": 5.536499,
        "86": 3.014975,
        "87": 5.949745,
        "88": 5.376981,
        "89": 1.899819,
        "90": 1.755341,
        "91": 1.547913,
        "92": 2.556464,
        "93": 3.164672,
        "94": 5.934602,
        "95": 3.757883,
        "96": 4.104887,
        "97": 3.805655,
        "98": 1.960726,
        "99": 5.893296,
        "100": 5.132065,
        "101": 3.4402,
        "102": 6.182171,
        "103": 4.565716,
        "104": 8.13106,
        "105": 4.822187,
        "106": 4.978422,
        "107": 7.937825,
        "108": 4.439523,
        "109": 3.10161,
        "110": 4.020174,
        "111": 4.58626,
        "112": 3.613481,
        "113": 2.657376,
        "114": 4.479778,
        "115": 5.378417,
        "116": 1.883584,
        "117": 5.479684,
        "118": 2.109834,
        "119": 6.994571,
        "120": 4.397706,
        "121": 3.157734,
        "122": 4.748832,
        "123": 4.365397,
        "124": 2.430445,
        "125": 4.989622,
        "126": 1.859008,
        "127": 3.49168,
        "128": 2.063741,
        "129": 4.471164,
        "130": 5.740264,
        "131": 3.79819,
        "132": 5.765748,
        "133": 5.645094,
        "134": 2.769253,
        "135": 4.214961,
        "136": 4.45825,
        "137": 2.572124,
        "138": 0.894667,
        "139": 6.142746,
        "140": 5.946739,
        "141": 3.466652,
        "142": 1.941205,
        "143": 0.50079,
        "144": 3.11558,
        "145": 3.971617,
        "146": 3.666059,
        "147": 3.44619,
        "148": 2.081775,
        "149": 3.54467,
        "150": 3.955636,
        "151": 6.588326,
        "152": 2.689171,
        "153": 6.776294,
        "154": 5.500897,
        "155": 2.685373,
        "156": 2.555626,
        "157": 2.97011,
        "158": 1.14838,
        "159": 2.350665,
        "160": 2.631538,
        "161": 1.867238,
        "162": 1.435408,
        "163": 3.01311,
        "164": 4.357613,
        "165": 6.180746,
        "166": 4.023103,
        "167": 4.184757,
        "168": 1.251645,
        "169": 3.721077,
        "170": 3.271532,
        "171": 5.386879,
        "172": 3.68023,
        "173": 3.494529,
        "174": 3.923377,
        "175": 2.180842,
        "176": 5.053275,
        "177": 7.933401,
        "178": 2.942449,
        "179": 4.413498,
        "180": 3.238554,
        "181": 3.83472,
        "182": 4.001528,
        "183": 3.03048,
        "184": 6.128581,
        "185": 4.378712,
        "186": 3.984886,
        "187": 4.92382,
        "188": 4.062282
      }
    },
    "medium": {
      "utilization_fraction": 0.5,
      "edge_latencies_ms": {
        "0": 5.05841,
        "1": 3.223608,
        "2": 4.008485,
        "3": 2.804773,
        "4": 1.494149,
        "5": 6.054499,
        "6": 2.923468,
        "7": 2.911203,
        "8": 1.869904,
        "9": 2.946088,
        "10": 3.988125,
        "11": 1.936147,
        "12": 2.832943,
        "13": 2.516982,
        "14": 4.851407,
        "15": 1.244855,
        "16": 4.023842,
        "17": 5.52905,
        "18": 4.11443,
        "19": 7.392047,
        "20": 2.435468,
        "21": 6.592195,
        "22": 6.396916,
        "23": 5.451339,
        "24": 5.711741,
        "25": 2.406246,
        "26": 3.609456,
        "27": 0.962405,
        "28": 2.51596,
        "29": 4.178482,
        "30": 1.796537,
        "31": 2.14332,
        "32": 3.448638,
        "33": 1.219233,
        "34": 3.914206,
        "35": 5.248587,
        "36": 4.143485,
        "37": 4.812844,
        "38": 5.251643,
        "39": 3.536422,
        "40": 3.439633,
        "41": 1.092229,
        "42": 2.461076,
        "43": 4.718125,
        "44": 3.887593,
        "45": 2.081446,
        "46": 5.077986,
        "47": 5.204471,
        "48": 6.11684,
        "49": 8.283347,
        "50": 1.576804,
        "51": 2.084097,
        "52": 5.117643,
        "53": 1.541568,
        "54": 4.576903,
        "55": 3.863346,
        "56": 1.476218,
        "57": 3.560926,
        "58": 5.040317,
        "59": 0.956791,
        "60": 3.046395,
        "61": 3.599514,
        "62": 1.639606,
        "63": 1.447437,
        "64": 8.568971,
        "65": 3.601814,
        "66": 3.282717,
        "67": 3.195726,
        "68": 1.274066,
        "69": 2.586141,
        "70": 5.488503,
        "71": 3.174457,
        "72": 4.46918,
        "73": 8.19553,
        "74": 4.788836,
        "75": 3.176708,
        "76": 6.977806,
        "77": 4.804414,
        "78": 2.590486,
        "79": 3.902729,
        "80": 5.879961,
        "81": 3.598617,
        "82": 4.138226,
        "83": 3.80081,
        "84": 4.375408,
        "85": 5.537437,
        "86": 3.016184,
        "87": 5.950513,
        "88": 5.378605,
        "89": 1.900879,
        "90": 1.756781,
        "91": 1.549576,
        "92": 2.55744,
        "93": 3.167804,
        "94": 5.935676,
        "95": 3.75924,
        "96": 4.106094,
        "97": 3.807943,
        "98": 1.962345,
        "99": 5.894067,
        "100": 5.132867,
        "101": 3.441042,
        "102": 6.184214,
        "103": 4.569177,
        "104": 8.135075,
        "105": 4.823257,
        "106": 4.979678,
        "107": 7.939124,
        "108": 4.440732,
        "109": 3.103339,
        "110": 4.023194,
        "111": 4.587874,
        "112": 3.615423,
        "113": 2.660661,
        "114": 4.481182,
        "115": 5.382635,
        "116": 1.884354,
        "117": 5.480958,
        "118": 2.110821,
        "119": 7.000117,
        "120": 4.398703,
        "121": 3.15922,
        "122": 4.749873,
        "123": 4.366234,
        "124": 2.431284,
        "125": 4.990594,
        "126": 1.860023,
        "127": 3.496366,
        "128": 2.069752,
        "129": 4.476064,
        "130": 5.741082,
        "131": 3.801406,