{
  "topology_id": 332,
  "load_conditions": {
    "low": {
      "utilization_fraction": 0.2,
      "edge_latencies_ms": {
        "0": 4.162141,
        "1": 4.900002,
        "2": 4.624901,
        "3": 3.118412,
        "4": 8.047191,
        "5": 3.430243,
        "6": 4.402521,
        "7": 5.262885,
        "8": 4.131697,
        "9": 0.917199,
        "10": 2.385856,
        "11": 3.452241,
        "12": 13.383018,
        "13": 5.104404,
        "14": 4.726938,
        "15": 2.646497,
        "16": 4.497203,
        "17": 13.907657,
        "18": 3.285842,
        "19": 4.936205,
        "20": 13.203164,
        "21": 6.409763,
        "22": 1.298906,
        "23": 3.143697,
        "24": 5.952186,
        "25": 7.74982,
        "26": 3.831826,
        "27": 5.574535,
        "28": 6.180567,
        "29": 3.473525,
        "30": 4.540802,
        "31": 5.392468,
        "32": 1.543651,
        "33": 4.771473,
        "34": 1.806739,
        "35": 1.757204,
        "36": 9.973106,
        "37": 6.397443,
        "38": 5.12894,
        "39": 5.44131,
        "40": 6.282949,
        "41": 11.021316,
        "42": 5.538247,
        "43": 2.458517,
        "44": 8.340022,
        "45": 2.003893,
        "46": 1.918264,
        "47": 2.027582,
        "48": 4.076323,
        "49": 7.709857,
        "50": 3.921406,
        "51": 3.004608,
        "52": 2.030335,
        "53": 5.184372,
        "54": 1.688406
      }
    },
    "medium": {
      "utilization_fraction": 0.5,
      "edge_latencies_ms": {
        "0": 4.163715,
        "1": 4.905591,
        "2": 4.626881,
        "3": 3.119369,
        "4": 8.070606,
        "5": 3.431149,
        "6": 4.403278,
        "7": 5.263674,
        "8": 4.133908,
        "9": 0.918118,
        "10": 2.386698,
        "11": 3.453046,
        "12": 13.398233,
        "13": 5.105245,
        "14": 4.728176,
        "15": 2.652542,
        "16": 4.50194,
        "17": 13.919716,
        "18": 3.288355,
        "19": 4.93855,
        "20": 13.230858,
        "21": 6.411231,
        "22": 1.300579,
        "23": 3.1447,
        "24": 5.953475,
        "25": 7.770125,
        "26": 3.832587,
        "27": 5.576683,
        "28": 6.190785,
        "29": 3.475164,
        "30": 4.541755,
        "31": 5.393399,
        "32": 1.545019,
        "33": 4.774506,
        "34": 1.810719,
        "35": 1.758743,
        "36": 9.984934,
        "37": 6.413048,
        "38": 5.133176,
        "39": 5.442392,
        "40": 6.283923,
        "41": 11.038048,
        "42": 5.539476,
        "43": 2.459308,
        "44": 8.349143,
        "45": 2.00513,
        "46": 1.921677,
        "47": 2.029881,
        "48": 4.078758,
        "49": 7.713705,
        "50": 3.92451,
        "51": 3.00596,
        "52": 2.032499,
        "53": 5.185517,
        "54": 1.689322
      }
    },
    "high": {
      "utilization_fraction": 0.8,
      "edge_latencies_ms": {
        "0": 4.170012,
        "1": 4.927947,
        "2": 4.634803,
        "3": 3.123197,
        "4": 8.164269,
        "5": 3.434773,
        "6": 4.406305,
        "7": 5.266829,
        "8": 4.142752,
        "9": 0.921797,
        "10": 2.390064,
        "11": 3.456266,
        "12": 13.459097,
        "13": 5.10861,
        "14": 4.733128,
        "15": 2.676725,
        "16": 4.520887,
        "17": 13.96795,
        "18": 3.298408,
        "19": 4.947929,
        "20": 13.341634,
        "21": 6.417104,
        "22": 1.307272,
        "23": 3.148714,
        "24": 5.958632,
        "25": 7.851345,
        "26": 3.835633,
        "27": 5.585274,
        "28": 6.231658,
        "29": 3.481721,
        "30": 4.545566,
        "31": 5.397126,
        "32": 1.550488,
        "33": 4.786637,
        "34": 1.826639,
        "35": 1.764898,
        "36": 10.032249,
        "37": 6.47547,
        "38": 5.150116,
        "39": 5.446721,
        "40": 6.287819,
        "41": 11.104977,
        "42": 5.544389,
        "43": 2.462474,
        "44": 8.38563,
        "45": 2.010081,
        "46": 1.935328,
        "47": 2.039077,
        "48": 4.088499,
        "49": 7.729097,
        "50": 3.936928,
        "51": 3.011367,
        "52": 2.041151,
        "53": 5.190098,
        "54": 1.692989
      }
    },
    "flash": {
      "utilization_fraction": 0.95,
      "edge_latencies_ms": {
        "0": 4.201498,
        "1": 5.039724,
        "2": 4.674414,
        "3": 3.142339,
        "4": 8.632581,
        "5": 3.452893,
        "6": 4.421443,
        "7": 5.282602,
        "8": 4.186974,
        "9": 0.940189,
        "10": 2.406892,
        "11": 3.472367,
        "12": 13.763413,
        "13": 5.125434,
        "14": 4.757889,
        "15": 2.797641,
        "16": 4.615623,
        "17": 14.209119,
        "18": 3.348675,
        "19": 4.994823,
        "20": 13.895516,
        "21": 6.446466,
        "22": 1.340734,
        "23": 3.168782,
        "24": 5.984415,
        "25": 8.257448,
        "26": 3.850863,
        "27": 5.62823,
        "28": 6.436022,
        "29": 3.514507,
        "30": 4.564621,
        "31": 5.415758,
        "32": 1.577836,
        "33": 4.847295,
        "34": 1.906239,
        "35": 1.795675,
        "36": 10.268822,
        "37": 6.787579,
        "38": 5.23482,
        "39": 5.468365,
        "40": 6.307295,
        "41": 11.439622,
        "42": 5.568954,
        "43": 2.478302,
        "44": 8.568065,
        "45": 2.034834,
        "46": 2.003581,
        "47": 2.085054,
        "48": 4.137201,
        "49": 7.806061,
        "50": 3.999017,
        "51": 3.038404,
        "52": 2.084415,
        "53": 5.213004,
        "54": 1.711325
      }
    }
  }
}