{
  "topology_id": 230,
  "load_conditions": {
    "low": {
      "utilization_fraction": 0.2,
      "edge_latencies_ms": {
        "0": 1.728804,
        "1": 1.468433,
        "2": 3.17182,
        "3": 3.057966,
        "4": 3.88147,
        "5": 4.56131,
        "6": 4.470557,
        "7": 3.851477,
        "8": 2.603462,
        "9": 2.114343,
        "10": 3.975037,
        "11": 3.036904,
        "12": 5.354908,
        "13": 2.496534,
        "14": 2.362151,
        "15": 4.385104,
        "16": 3.040241,
        "17": 2.047746,
        "18": 4.27982,
        "19": 3.91067,
        "20": 2.134141,
        "21": 2.816281,
        "22": 4.355474,
        "23": 3.092356,
        "24": 3.569589,
        "25": 3.82786,
        "26": 2.272366,
        "27": 3.473455,
        "28": 2.808238,
        "29": 3.147949,
        "30": 3.588974,
        "31": 2.269463,
        "32": 3.447936,
        "33": 4.858929,
        "34": 6.011874,
        "35": 4.570667,
        "36": 7.013013,
        "37": 4.1799,
        "38": 7.412681,
        "39": 3.954248,
        "40": 4.095833,
        "41": 3.467366,
        "42": 2.455149,
        "43": 3.190367,
        "44": 3.198431,
        "45": 3.414061,
        "46": 3.493039,
        "47": 6.66064,
        "48": 3.525658,
        "49": 5.52924,
        "50": 3.848688,
        "51": 2.643007,
        "52": 3.342883,
        "53": 2.469057,
        "54": 4.326568,
        "55": 4.526513,
        "56": 3.470202,
        "57": 3.82485,
        "58": 6.239111,
        "59": 6.077645,
        "60": 16.112081,
        "61": 2.131265,
        "62": 7.257354,
        "63": 4.159936,
        "64": 4.390509,
        "65": 2.763152,
        "66": 17.105195,
        "67": 3.342326,
        "68": 4.829658,
        "69": 1.959278,
        "70": 5.368857,
        "71": 2.42081,
        "72": 1.637362,
        "73": 5.198821,
        "74": 6.008996,
        "75": 2.774138,
        "76": 3.034699,
        "77": 0.859182,
        "78": 6.534656,
        "79": 4.993616,
        "80": 3.973728,
        "81": 2.910057,
        "82": 2.099394,
        "83": 3.61881,
        "84": 3.215108,
        "85": 5.063482,
        "86": 3.412477,
        "87": 3.685484,
        "88": 2.307542,
        "89": 5.067837,
        "90": 4.52581,
        "91": 2.921143,
        "92": 4.662273,
        "93": 4.77059,
        "94": 3.086596,
        "95": 5.612914,
        "96": 4.550357,
        "97": 2.041736,
        "98": 5.59322,
        "99": 3.23401,
        "100": 4.907371,
        "101": 4.229062,
        "102": 2.859537,
        "103": 1.304832,
        "104": 4.166959,
        "105": 5.170168,
        "106": 2.496981,
        "107": 2.603573,
        "108": 12.058745,
        "109": 4.664067,
        "110": 4.540156,
        "111": 13.321401,
        "112": 3.673567,
        "113": 3.678204,
        "114": 1.913751,
        "115": 2.643579,
        "116": 4.243913,
        "117": 2.866969,
        "118": 2.672675,
        "119": 2.908042,
        "120": 1.764048,
        "121": 5.705054,
        "122": 3.122012,
        "123": 3.426575,
        "124": 8.531528,
        "125": 3.248454,
        "126": 2.163847,
        "127": 5.084212,
        "128": 7.584268,
        "129": 5.340806,
        "130": 4.012119,
        "131": 6.837842,
        "132": 2.886241,
        "133": 4.647984,
        "134": 2.924278,
        "135": 4.666277,
        "136": 4.353708,
        "137": 5.038466,
        "138": 5.671713,
        "139": 5.071321,
        "140": 5.462534,
        "141": 4.838173,
        "142": 5.377075,
        "143": 2.628842,
        "144": 4.883877,
        "145": 8.801335,
        "146": 4.220406,
        "147": 1.984766,
        "148": 1.896649,
        "149": 1.061413,
        "150": 5.156596,
        "151": 3.994075,
        "152": 2.702178,
        "153": 2.891054,
        "154": 1.816515,
        "155": 1.648739,
        "156": 4.066743,
        "157": 1.808639,
        "158": 3.401919,
        "159": 1.489893,
        "160": 2.375767,
        "161": 2.558187,
        "162": 1.560221,
        "163": 4.967384,
        "164": 3.724659,
        "165": 5.70508,
        "166": 3.103782,
        "167": 4.581841,
        "168": 5.629151,
        "169": 4.805657,
        "170": 3.413857,
        "171": 1.001319,
        "172": 3.775809,
        "173": 1.667921,
        "174": 2.236386,
        "175": 4.346112,
        "176": 1.705685,
        "177": 5.120897,
        "178": 1.50789,
        "179": 2.404611,
        "180": 4.032706
      }
    },
    "medium": {
      "utilization_fraction": 0.5,
      "edge_latencies_ms": {
        "0": 1.730432,
        "1": 1.469828,
        "2": 3.172696,
        "3": 3.059281,
        "4": 3.882442,
        "5": 4.563671,
        "6": 4.473588,
        "7": 3.852432,
        "8": 2.605541,
        "9": 2.115553,
        "10": 3.975975,
        "11": 3.043145,
        "12": 5.356658,
        "13": 2.500733,
        "14": 2.366417,
        "15": 4.388577,
        "16": 3.041354,
        "17": 2.051957,
        "18": 4.280668,
        "19": 3.911801,
        "20": 2.140607,
        "21": 2.817244,
        "22": 4.360216,
        "23": 3.093497,
        "24": 3.570656,
        "25": 3.828844,
        "26": 2.273347,
        "27": 3.474559,
        "28": 2.811985,
        "29": 3.149579,
        "30": 3.591561,
        "31": 2.273308,
        "32": 3.448973,
        "33": 4.860268,
        "34": 6.013447,
        "35": 4.572072,
        "36": 7.017029,
        "37": 4.180934,
        "38": 7.413489,
        "39": 3.956781,
        "40": 4.096654,
        "41": 3.4688,
        "42": 2.456647,
        "43": 3.191486,
        "44": 3.203284,
        "45": 3.415263,
        "46": 3.494031,
        "47": 6.661479,
        "48": 3.526442,
        "49": 5.53131,
        "50": 3.849963,
        "51": 2.644867,
        "52": 3.344044,
        "53": 2.472358,
        "54": 4.328535,
        "55": 4.527553,
        "56": 3.472202,
        "57": 3.827006,
        "58": 6.243972,
        "59": 6.088181,
        "60": 16.130373,
        "61": 2.138702,
        "62": 7.259582,
        "63": 4.168721,
        "64": 4.391393,
        "65": 2.763997,
        "66": 17.115838,
        "67": 3.344781,
        "68": 4.830624,
        "69": 1.960651,
        "70": 5.369751,
        "71": 2.42177,
        "72": 1.638287,
        "73": 5.200049,
        "74": 6.009905,
        "75": 2.774925,
        "76": 3.035657,
        "77": 0.861404,
        "78": 6.536776,
        "79": 4.9947,
        "80": 3.975118,
        "81": 2.910897,
        "82": 2.101156,
        "83": 3.619768,
        "84": 3.216395,
        "85": 5.064675,
        "86": 3.414001,
        "87": 3.686416,
        "88": 2.308647,
        "89": 5.070561,
        "90": 4.526618,
        "91": 2.922306,
        "92": 4.666276,
        "93": 4.771536,
        "94": 3.087992,
        "95": 5.613704,
        "96": 4.55138,
        "97": 2.043039,
        "98": 5.596237,
        "99": 3.234917,
        "100": 4.9083,
        "101": 4.230362,
        "102": 2.86101,
        "103": 1.306973,
        "104": 4.168353,
        "105": 5.170954,
        "106": 2.498535,
        "107": 2.604523,
        "108": 12.079213,
        "109": 4.669121,
        "110": 4.543026,
        "111": 13.334115,
        "112": 3.67462,
        "113": 3.67911,
        "114": 1.915201,
        "115": 2.64559,
        "116": 4.247127,
        "117": 2.868448,
        "118": 2.674011,
        "119": 2.909163,
        "120": 1.764812,
        "121": 5.706563,
        "122": 3.122962,
        "123": 3.427566,
        "124": 8.534122,
        "125": 3.25319,
        "126": 2.165465,
        "127": 5.085232,
        "128": 7.585834,
        "129": 5.35125,
        "130": 4.0139,
        "131": 6.839386,
        "132": 2.887037,
        "133": 4.64886,
        "134": 2.926833,
        "135": 4.668152,
        "136": 4.355699,
        "137": 5.040636,
        "138": 5.672876,
        "139": 5.072942,