{
  "topology_id": 118,
  "load_conditions": {
    "low": {
      "utilization_fraction": 0.2,
      "edge_latencies_ms": {
        "0": 3.711684,
        "1": 5.633879,
        "2": 4.07513,
        "3": 4.451261,
        "4": 4.660605,
        "5": 3.48352,
        "6": 4.962324,
        "7": 17.663841,
        "8": 5.037913,
        "9": 3.213137,
        "10": 12.811675,
        "11": 11.13212,
        "12": 5.339882,
        "13": 6.012938,
        "14": 5.193139,
        "15": 5.68258,
        "16": 5.269863,
        "17": 6.318266,
        "18": 6.073465,
        "19": 5.542582,
        "20": 2.49395,
        "21": 6.788356,
        "22": 2.535192,
        "23": 12.005805,
        "24": 3.331977,
        "25": 3.785185,
        "26": 14.661889,
        "27": 2.40617,
        "28": 4.070587,
        "29": 4.629051,
        "30": 5.579717,
        "31": 1.400478,
        "32": 6.308591,
        "33": 12.790994,
        "34": 2.599345,
        "35": 5.284604,
        "36": 1.896852,
        "37": 2.956359,
        "38": 13.741913,
        "39": 5.43798,
        "40": 1.513862,
        "41": 5.257635,
        "42": 2.66112,
        "43": 2.91011,
        "44": 1.297067,
        "45": 3.492398,
        "46": 1.551699,
        "47": 1.206445,
        "48": 1.966297,
        "49": 4.948173,
        "50": 3.527299,
        "51": 3.076081,
        "52": 1.574451,
        "53": 1.64409,
        "54": 4.381451,
        "55": 4.20173,
        "56": 3.695439,
        "57": 2.421963,
        "58": 2.049974,
        "59": 2.774776,
        "60": 3.419103,
        "61": 3.016341,
        "62": 3.495199,
        "63": 3.789994,
        "64": 2.911966,
        "65": 5.134983,
        "66": 6.342951,
        "67": 2.424366,
        "68": 6.174989,
        "69": 3.565807,
        "70": 6.250364,
        "71": 5.038564,
        "72": 6.147723,
        "73": 4.67371,
        "74": 5.343018,
        "75": 6.612136,
        "76": 5.937606,
        "77": 6.71737,
        "78": 3.388322,
        "79": 1.499247,
        "80": 2.13979,
        "81": 5.431445,
        "82": 6.605372,
        "83": 5.191887,
        "84": 4.691352,
        "85": 2.126833,
        "86": 6.325927,
        "87": 6.111913,
        "88": 2.05301,
        "89": 3.30287,
        "90": 5.894691,
        "91": 6.170476,
        "92": 2.279175,
        "93": 4.248649,
        "94": 4.907171,
        "95": 4.398434,
        "96": 7.389482,
        "97": 9.105613,
        "98": 5.332773,
        "99": 3.811015,
        "100": 4.027325,
        "101": 4.629436,
        "102": 1.94092,
        "103": 3.578472,
        "104": 7.170306,
        "105": 6.157201,
        "106": 2.688347,
        "107": 3.448397,
        "108": 4.95784,
        "109": 2.823957,
        "110": 4.901675,
        "111": 3.408365,
        "112": 2.646143,
        "113": 2.418674,
        "114": 4.176323,
        "115": 4.071997,
        "116": 3.857622,
        "117": 3.577006,
        "118": 4.636212,
        "119": 4.462175,
        "120": 2.608923,
        "121": 3.014064,
        "122": 4.848137,
        "123": 4.911821
      }
    },
    "medium": {
      "utilization_fraction": 0.5,
      "edge_latencies_ms": {
        "0": 3.71316,
        "1": 5.634795,
        "2": 4.078508,
        "3": 4.452173,
        "4": 4.664151,
        "5": 3.484936,
        "6": 4.964327,
        "7": 17.705445,
        "8": 5.039129,
        "9": 3.216087,
        "10": 12.822811,
        "11": 11.140089,
        "12": 5.34346,
        "13": 6.014258,
        "14": 5.194786,
        "15": 5.683388,
        "16": 5.27095,
        "17": 6.320846,
        "18": 6.07749,
        "19": 5.543906,
        "20": 2.496639,
        "21": 6.795536,
        "22": 2.536048,
        "23": 12.030176,
        "24": 3.335501,
        "25": 3.786792,
        "26": 14.673183,
        "27": 2.407507,
        "28": 4.071879,
        "29": 4.630287,
        "30": 5.581783,
        "31": 1.404726,
        "32": 6.313595,
        "33": 12.799713,
        "34": 2.600812,
        "35": 5.287394,
        "36": 1.898359,
        "37": 2.958926,
        "38": 13.753551,
        "39": 5.43931,
        "40": 1.514668,
        "41": 5.259401,
        "42": 2.662478,
        "43": 2.911983,
        "44": 1.298473,
        "45": 3.493724,
        "46": 1.552579,
        "47": 1.207561,
        "48": 1.968628,
        "49": 4.949092,
        "50": 3.530293,
        "51": 3.077457,
        "52": 1.575814,
        "53": 1.646314,
        "54": 4.382276,
        "55": 4.204961,
        "56": 3.696456,
        "57": 2.42283,
        "58": 2.052151,
        "59": 2.781991,
        "60": 3.421503,
        "61": 3.017898,
        "62": 3.496043,
        "63": 3.790914,
        "64": 2.916611,
        "65": 5.135922,
        "66": 6.344013,
        "67": 2.42672,
        "68": 6.176561,
        "69": 3.567553,
        "70": 6.251211,
        "71": 5.039438,
        "72": 6.149898,
        "73": 4.675455,
        "74": 5.344476,
        "75": 6.613117,
        "76": 5.93843,
        "77": 6.718775,
        "78": 3.390463,
        "79": 1.500221,
        "80": 2.14104,
        "81": 5.437622,
        "82": 6.606558,
        "83": 5.19441,
        "84": 4.692463,
        "85": 2.12762,
        "86": 6.328123,
        "87": 6.157478,
        "88": 2.0543,
        "89": 3.30751,
        "90": 5.896086,
        "91": 6.171469,
        "92": 2.280523,
        "93": 4.251233,
        "94": 4.908613,
        "95": 4.40017,
        "96": 7.390288,
        "97": 9.109384,
        "98": 5.333698,
        "99": 3.812199,
        "100": 4.03208,
        "101": 4.632075,
        "102": 1.942777,
        "103": 3.579445,
        "104": 7.232971,
        "105": 6.159891,
        "106": 2.68933,
        "107": 3.451357,
        "108": 4.96034,
        "109": 2.825825,
        "110": 4.902957,
        "111": 3.409835,
        "112": 2.648151,
        "113": 2.419574,
        "114": 4.181162,
        "115": 4.073388,
        "116": 3.858891,
        "117": 3.579557,
        "118": 4.637376,
        "119": 4.463,
        "120": 2.609675,
        "121": 3.016181,
        "122": 4.849056,
        "123": 4.912601
      }
    },
    "high": {
      "utilization_fraction": 0.8,
      "edge_latencies_ms": {
        "0": 3.719067,
        "1": 5.638459,
        "2": 4.092018,
        "3": 4.45582,
        "4": 4.678335,
        "5": 3.490602,
        "6": 4.972338,
        "7": 17.871859,
        "8": 5.043991,
        "9": 3.22789,
        "10": 12.867359,
        "11": 11.171965,
        "12": 5.357773,
        "13": 6.019537,
        "14": 5.201376,
        "15": 5.686622,
        "16": 5.275296,
        "17": 6.331165,
        "18": 6.093594,
        "19": 5.549202,
        "20": 2.507395,
        "21": 6.824254,
        "22": 2.539474,
        "23": 12.127661,
        "24": 3.349597,
        "25": 3.793217,
        "26": 14.718357,
        "27": 2.412858,
        "28": 4.077046,
        "29": 4.635229,
        "30": 5.590049,
        "31": 1.421717,
        "32": 6.333613,
        "33": 12.834592,
        "34": 2.606682,
        "35": 5.298556,
        "36": 1.904388,
        "37": 2.969194,
        "38": 13.800105,
        "39": 5.444629,
        "40": 1.517893,
        "41": 5.266467,
        "42": 2.66791,
        "43": 2.919474,
        "44": 1.304095,
        "45": 3.499028,
        "46": 1.556099,
        "47": 1.212028,
        "48": 1.977952,
        "49": 4.952767,
        "50": 3.54227,
        "51": 3.08296,
        "52": 1.581266,
        "53": 1.65521,
        "54": 4.385575,
        "55": 4.217886,
        "56": 3.70052,
        "57": 2.4263,
        "58": 2.060862,
        "59": 2.810851,
        "60": 3.431102,
        "61": 3.024129,
        "62": 3.49942,
        "63": 3.794593,
        "64": 2.935188,
        "65": 5.139677,
        "66": 6.348261,
        "67": 2.436134,
        "68": 6.18285,
        "69": 3.574534,
        "70": 6.2546,
        "71": 5.042937,
        "72": 6.158598,