{
  "topology_id": 174,
  "load_conditions": {
    "low": {
      "utilization_fraction": 0.2,
      "edge_latencies_ms": {
        "0": 4.282783,
        "1": 1.211936,
        "2": 3.35577,
        "3": 1.945474,
        "4": 1.162953,
        "5": 1.079794,
        "6": 3.14789,
        "7": 2.076758,
        "8": 2.758904,
        "9": 2.415533,
        "10": 2.058862,
        "11": 5.69693,
        "12": 2.954649,
        "13": 2.019811,
        "14": 4.044575,
        "15": 3.118475,
        "16": 1.542342,
        "17": 5.303404,
        "18": 3.290709,
        "19": 1.072195,
        "20": 3.198115,
        "21": 3.033998,
        "22": 3.312802,
        "23": 3.444703,
        "24": 4.355799,
        "25": 1.257144,
        "26": 3.875987,
        "27": 3.642965,
        "28": 4.225707,
        "29": 0.996987,
        "30": 3.251804,
        "31": 1.880405,
        "32": 3.960416,
        "33": 4.891049,
        "34": 4.267165,
        "35": 3.585041,
        "36": 3.310063,
        "37": 2.154604,
        "38": 1.679399,
        "39": 2.690287,
        "40": 3.267192,
        "41": 3.377822,
        "42": 3.370487,
        "43": 2.17957,
        "44": 1.168209,
        "45": 5.188915,
        "46": 3.744978,
        "47": 5.825403,
        "48": 1.536491,
        "49": 4.973538,
        "50": 3.700258,
        "51": 5.284084,
        "52": 2.902092,
        "53": 4.087884,
        "54": 3.684105,
        "55": 4.23657,
        "56": 3.176153,
        "57": 2.661819,
        "58": 2.574037,
        "59": 3.302316,
        "60": 2.5004,
        "61": 4.264732,
        "62": 4.159874,
        "63": 6.237807,
        "64": 2.932523,
        "65": 2.608974,
        "66": 5.240739,
        "67": 1.943822,
        "68": 1.573256,
        "69": 5.229519,
        "70": 6.19802,
        "71": 4.261984,
        "72": 3.958208,
        "73": 4.33656,
        "74": 5.920471,
        "75": 3.054539,
        "76": 12.066632,
        "77": 10.826594,
        "78": 2.577429,
        "79": 3.587058,
        "80": 6.565754,
        "81": 1.916719,
        "82": 6.746464,
        "83": 8.119518,
        "84": 2.693085,
        "85": 2.817317,
        "86": 6.036331,
        "87": 2.6843,
        "88": 4.140709,
        "89": 4.829874,
        "90": 3.276203,
        "91": 4.157658,
        "92": 3.578087,
        "93": 4.993803,
        "94": 3.097485,
        "95": 5.088321,
        "96": 4.568773,
        "97": 4.134714,
        "98": 2.894726,
        "99": 3.800368,
        "100": 1.20183,
        "101": 5.189897,
        "102": 4.321028,
        "103": 6.992776,
        "104": 3.65303,
        "105": 5.743321,
        "106": 5.753371,
        "107": 4.826342,
        "108": 2.840038,
        "109": 4.857591,
        "110": 4.542186,
        "111": 5.169455,
        "112": 4.683841,
        "113": 4.608807,
        "114": 3.747277,
        "115": 2.472646,
        "116": 3.341296,
        "117": 1.560207,
        "118": 3.964968,
        "119": 2.509548,
        "120": 3.219596,
        "121": 2.673923,
        "122": 4.120915,
        "123": 4.912152,
        "124": 0.920689,
        "125": 2.668098,
        "126": 3.146186,
        "127": 4.089969,
        "128": 3.792075,
        "129": 4.478863,
        "130": 8.668707,
        "131": 2.276599,
        "132": 5.308995,
        "133": 4.802753,
        "134": 5.198448,
        "135": 4.695742,
        "136": 1.973913,
        "137": 3.511192,
        "138": 6.989155,
        "139": 5.749761,
        "140": 3.641568,
        "141": 3.397321,
        "142": 2.793158,
        "143": 1.63523,
        "144": 5.075693,
        "145": 6.782959,
        "146": 4.56337,
        "147": 4.102761,
        "148": 4.090898,
        "149": 3.967444,
        "150": 4.413587,
        "151": 6.263891,
        "152": 4.970579,
        "153": 4.194829,
        "154": 4.711527,
        "155": 5.202253,
        "156": 3.936324,
        "157": 2.009009,
        "158": 3.680767,
        "159": 3.001204,
        "160": 5.404609,
        "161": 7.512506,
        "162": 2.090695,
        "163": 4.259074,
        "164": 3.736553,
        "165": 3.568926,
        "166": 3.631694,
        "167": 3.484824,
        "168": 3.902574,
        "169": 5.310244,
        "170": 6.273968,
        "171": 4.182781,
        "172": 4.368526,
        "173": 4.364748
      }
    },
    "medium": {
      "utilization_fraction": 0.5,
      "edge_latencies_ms": {
        "0": 4.287717,
        "1": 1.212827,
        "2": 3.356559,
        "3": 1.947261,
        "4": 1.163765,
        "5": 1.081306,
        "6": 3.150118,
        "7": 2.079851,
        "8": 2.759857,
        "9": 2.416692,
        "10": 2.06033,
        "11": 5.698091,
        "12": 2.956201,
        "13": 2.022109,
        "14": 4.046765,
        "15": 3.12397,
        "16": 1.543344,
        "17": 5.304819,
        "18": 3.291643,
        "19": 1.075722,
        "20": 3.199131,
        "21": 3.035059,
        "22": 3.313929,
        "23": 3.445462,
        "24": 4.360413,
        "25": 1.258453,
        "26": 3.877611,
        "27": 3.647611,
        "28": 4.226615,
        "29": 0.998071,
        "30": 3.252686,
        "31": 1.88193,
        "32": 3.96123,
        "33": 4.892886,
        "34": 4.267964,
        "35": 3.586758,
        "36": 3.316961,
        "37": 2.159293,
        "38": 1.68107,
        "39": 2.692154,
        "40": 3.268496,
        "41": 3.382976,
        "42": 3.372677,
        "43": 2.180407,
        "44": 1.168985,
        "45": 5.189877,
        "46": 3.745896,
        "47": 5.826398,
        "48": 1.538002,
        "49": 4.974431,
        "50": 3.702004,
        "51": 5.285151,
        "52": 2.903652,
        "53": 4.091578,
        "54": 3.685732,
        "55": 4.238069,
        "56": 3.177169,
        "57": 2.662802,
        "58": 2.57505,
        "59": 3.303814,
        "60": 2.505093,
        "61": 4.265661,
        "62": 4.160863,
        "63": 6.238736,
        "64": 2.934644,
        "65": 2.610855,
        "66": 5.242121,
        "67": 1.945228,
        "68": 1.574386,
        "69": 5.236443,
        "70": 6.19881,
        "71": 4.264869,
        "72": 3.959037,
        "73": 4.33854,
        "74": 5.921434,
        "75": 3.055723,
        "76": 12.121755,
        "77": 10.841058,
        "78": 2.578797,
        "79": 3.588088,
        "80": 6.566699,
        "81": 1.918235,
        "82": 6.74808,
        "83": 8.163586,
        "84": 2.697414,
        "85": 2.82005,
        "86": 6.037108,
        "87": 2.686073,
        "88": 4.143562,
        "89": 4.831173,
        "90": 3.277365,
        "91": 4.163221,
        "92": 3.584613,
        "93": 4.996169,
        "94": 3.098839,
        "95": 5.090341,
        "96": 4.570723,
        "97": 4.137371,
        "98": 2.895706,
        "99": 3.802737,
        "100": 1.205086,
        "101": 5.19482,
        "102": 4.323881,
        "103": 6.994231,
        "104": 3.654853,
        "105": 5.744736,
        "106": 5.754404,
        "107": 4.829111,
        "108": 2.842047,
        "109": 4.860091,
        "110": 4.543613,
        "111": 5.170478,
        "112": 4.686417,
        "113": 4.609674,
        "114": 3.748083,
        "115": 2.47693,
        "116": 3.342051,
        "117": 1.562026,
        "118": 3.969862,
        "119": 2.510681,
        "120": 3.221318,
        "121": 2.675382,
        "122": 4.124616,
        "123": 4.912928,
        "124": 0.921442,
        "125": 2.6692,
        "126": 3.147244,
        "127": 4.095266,
        "128": 3.797471,
        "129": 4.481265,
        "130": 8.669649,
        "131": 2.278289,
        "132": 5.314159,
        "133": 4.803976,
        "134": 5.200427,
        "135": 4.698055,
        "136": 1.977473,
        "137": 3.511988,
        "138": 6.990408,
        "139": 5.751489,
        "140": 3.642465,
        "141": 3.398457,
        "142": 2.793908,
        "143": 1.637281,
        "144": 5.076618,
        "145": 6.784038,
        "146": 4.570498,