{
  "topology_id": 415,
  "load_conditions": {
    "low": {
      "utilization_fraction": 0.2,
      "edge_latencies_ms": {
        "0": 2.098971,
        "1": 7.749362,
        "2": 5.338249,
        "3": 3.184223,
        "4": 4.687224,
        "5": 3.443903,
        "6": 3.124769,
        "7": 7.46177,
        "8": 3.413452,
        "9": 8.531795,
        "10": 3.874637,
        "11": 4.720707,
        "12": 9.51255,
        "13": 5.751297,
        "14": 2.890787,
        "15": 4.710433,
        "16": 3.115193,
        "17": 3.976502,
        "18": 6.532594,
        "19": 5.894617,
        "20": 4.367022,
        "21": 2.876506,
        "22": 5.573963,
        "23": 3.634439,
        "24": 2.628979,
        "25": 3.391218,
        "26": 7.481486,
        "27": 3.101798,
        "28": 3.598432,
        "29": 6.821399
      }
    },
    "medium": {
      "utilization_fraction": 0.5,
      "edge_latencies_ms": {
        "0": 2.100669,
        "1": 7.750623,
        "2": 5.341564,
        "3": 3.185743,
        "4": 4.68917,
        "5": 3.444745,
        "6": 3.126002,
        "7": 7.475545,
        "8": 3.417558,
        "9": 8.57644,
        "10": 3.875562,
        "11": 4.723658,
        "12": 9.520981,
        "13": 5.752251,
        "14": 2.893404,
        "15": 4.711508,
        "16": 3.117443,
        "17": 3.979473,
        "18": 6.53403,
        "19": 5.895595,
        "20": 4.368931,
        "21": 2.87782,
        "22": 5.576741,
        "23": 3.635524,
        "24": 2.630373,
        "25": 3.392518,
        "26": 7.482467,
        "27": 3.103071,
        "28": 3.59945,
        "29": 6.822762
      }
    },
    "high": {
      "utilization_fraction": 0.8,
      "edge_latencies_ms": {
        "0": 2.107462,
        "1": 7.75567,
        "2": 5.354823,
        "3": 3.191822,
        "4": 4.696955,
        "5": 3.448113,
        "6": 3.130937,
        "7": 7.530644,
        "8": 3.433983,
        "9": 8.755022,
        "10": 3.879262,
        "11": 4.735459,
        "12": 9.554706,
        "13": 5.756068,
        "14": 2.903872,
        "15": 4.715808,
        "16": 3.126443,
        "17": 3.991354,
        "18": 6.539774,
        "19": 5.899506,
        "20": 4.376567,
        "21": 2.883074,
        "22": 5.58785,
        "23": 3.639864,
        "24": 2.635951,
        "25": 3.397719,
        "26": 7.486392,
        "27": 3.108162,
        "28": 3.603523,
        "29": 6.828212
      }
    },
    "flash": {
      "utilization_fraction": 0.95,
      "edge_latencies_ms": {
        "0": 2.141422,
        "1": 7.780905,
        "2": 5.421122,
        "3": 3.22222,
        "4": 4.735882,
        "5": 3.464954,
        "6": 3.155607,
        "7": 7.80614,
        "8": 3.516104,
        "9": 9.647932,
        "10": 3.897764,
        "11": 4.794465,
        "12": 9.723328,
        "13": 5.77515,
        "14": 2.956214,
        "15": 4.73731,
        "16": 3.171441,
        "17": 4.05076,
        "18": 6.568492,
        "19": 5.919062,
        "20": 4.414744,
        "21": 2.909343,
        "22": 5.643395,
        "23": 3.66156,
        "24": 2.663836,
        "25": 3.423724,
        "26": 7.506016,
        "27": 3.133622,
        "28": 3.623888,
        "29": 6.855465
      }
    }
  }
}