{
  "topology_id": 50,
  "load_conditions": {
    "low": {
      "utilization_fraction": 0.2,
      "edge_latencies_ms": {
        "0": 7.422081,
        "1": 2.50652,
        "2": 4.758428,
        "3": 8.530099,
        "4": 7.256614,
        "5": 9.343589,
        "6": 10.4759,
        "7": 3.144649,
        "8": 7.862017,
        "9": 4.512616,
        "10": 5.247964,
        "11": 2.430202,
        "12": 1.552292,
        "13": 2.407014,
        "14": 10.037251,
        "15": 5.333505,
        "16": 6.749909,
        "17": 15.758961,
        "18": 3.252209,
        "19": 4.008441,
        "20": 6.189697,
        "21": 7.648672,
        "22": 3.347777,
        "23": 3.105458,
        "24": 7.587383,
        "25": 5.141024,
        "26": 4.411431,
        "27": 6.350392,
        "28": 2.674071,
        "29": 6.557587,
        "30": 1.449521,
        "31": 2.900532,
        "32": 3.325256
      }
    },
    "medium": {
      "utilization_fraction": 0.5,
      "edge_latencies_ms": {
        "0": 7.423035,
        "1": 2.511111,
        "2": 4.759406,
        "3": 8.544402,
        "4": 7.299992,
        "5": 9.356602,
        "6": 10.483827,
        "7": 3.154267,
        "8": 7.871216,
        "9": 4.514766,
        "10": 5.249353,
        "11": 2.432821,
        "12": 1.553223,
        "13": 2.407902,
        "14": 10.044837,
        "15": 5.340678,
        "16": 6.75068,
        "17": 15.773609,
        "18": 3.253147,
        "19": 4.049602,
        "20": 6.191494,
        "21": 7.649924,
        "22": 3.349261,
        "23": 3.106308,
        "24": 7.588442,
        "25": 5.142757,
        "26": 4.413394,
        "27": 6.352293,
        "28": 2.674909,
        "29": 6.575381,
        "30": 1.451004,
        "31": 2.902041,
        "32": 3.326608
      }
    },
    "high": {
      "utilization_fraction": 0.8,
      "edge_latencies_ms": {
        "0": 7.426851,
        "1": 2.529476,
        "2": 4.763317,
        "3": 8.601611,
        "4": 7.473506,
        "5": 9.408652,
        "6": 10.515535,
        "7": 3.192739,
        "8": 7.90801,
        "9": 4.523365,
        "10": 5.254911,
        "11": 2.443297,
        "12": 1.556947,
        "13": 2.411455,
        "14": 10.07518,
        "15": 5.369368,
        "16": 6.753766,
        "17": 15.832205,
        "18": 3.256896,
        "19": 4.214246,
        "20": 6.198683,
        "21": 7.654934,
        "22": 3.355198,
        "23": 3.109708,
        "24": 7.592681,
        "25": 5.14969,
        "26": 4.421245,
        "27": 6.359896,
        "28": 2.678258,
        "29": 6.64656,
        "30": 1.456937,
        "31": 2.908075,
        "32": 3.332014
      }
    },
    "flash": {
      "utilization_fraction": 0.95,
      "edge_latencies_ms": {
        "0": 7.445932,
        "1": 2.621301,
        "2": 4.782871,
        "3": 8.88766,
        "4": 8.341074,
        "5": 9.6689,
        "6": 10.674077,
        "7": 3.385102,
        "8": 8.091978,
        "9": 4.566363,
        "10": 5.282698,
        "11": 2.495678,
        "12": 1.575566,
        "13": 2.42922,
        "14": 10.226892,
        "15": 5.512819,
        "16": 6.769192,
        "17": 16.125181,
        "18": 3.275641,
        "19": 5.037464,
        "20": 6.234626,
        "21": 7.67998,
        "22": 3.384879,
        "23": 3.126707,
        "24": 7.613874,
        "25": 5.184356,
        "26": 4.460501,
        "27": 6.397911,
        "28": 2.695005,
        "29": 7.002451,
        "30": 1.486601,
        "31": 2.938245,
        "32": 3.359046
      }
    }
  }
}