{
  "topology_id": 478,
  "load_conditions": {
    "low": {
      "utilization_fraction": 0.2,
      "edge_latencies_ms": {
        "0": 2.804668,
        "1": 3.728354,
        "2": 5.496559,
        "3": 2.153803,
        "4": 3.090664,
        "5": 2.033293,
        "6": 2.804788,
        "7": 2.057866,
        "8": 4.228405,
        "9": 4.501875,
        "10": 3.164641,
        "11": 2.455082,
        "12": 3.462579,
        "13": 1.829646,
        "14": 2.180499,
        "15": 2.813496,
        "16": 2.489766,
        "17": 4.073332,
        "18": 2.61381,
        "19": 3.822393,
        "20": 3.270953,
        "21": 4.261911,
        "22": 2.792671,
        "23": 2.749438,
        "24": 12.171162,
        "25": 4.689361,
        "26": 2.795882,
        "27": 3.302532,
        "28": 3.406745,
        "29": 3.065157,
        "30": 3.675626,
        "31": 2.90561,
        "32": 3.292595,
        "33": 2.442058,
        "34": 1.869943,
        "35": 6.076031,
        "36": 6.093829,
        "37": 5.348839,
        "38": 4.983336,
        "39": 2.023419,
        "40": 4.778712,
        "41": 3.620887,
        "42": 13.078083,
        "43": 1.682495,
        "44": 3.883867,
        "45": 3.729185,
        "46": 3.92526,
        "47": 2.971367,
        "48": 1.593314,
        "49": 3.052841,
        "50": 2.452853,
        "51": 2.600756,
        "52": 4.428266,
        "53": 4.112291,
        "54": 6.348595,
        "55": 4.65819,
        "56": 1.697679,
        "57": 2.663574,
        "58": 2.848641,
        "59": 3.285522,
        "60": 4.176987,
        "61": 4.318515,
        "62": 4.516501,
        "63": 2.84224,
        "64": 1.943022,
        "65": 5.160788,
        "66": 3.218587,
        "67": 3.583489,
        "68": 1.89594,
        "69": 3.743358,
        "70": 5.037898,
        "71": 4.669068,
        "72": 2.24972,
        "73": 1.837425,
        "74": 5.41017,
        "75": 4.055882,
        "76": 6.158506,
        "77": 4.656234,
        "78": 4.058931,
        "79": 3.438165,
        "80": 1.250318,
        "81": 2.502127,
        "82": 3.46766,
        "83": 2.972573,
        "84": 1.900952,
        "85": 4.015403,
        "86": 3.76873,
        "87": 2.076548,
        "88": 3.363307,
        "89": 4.564171,
        "90": 3.149324,
        "91": 2.135,
        "92": 3.863022,
        "93": 4.080675,
        "94": 5.365376,
        "95": 4.188331,
        "96": 5.074658,
        "97": 3.500965,
        "98": 2.528165,
        "99": 2.336617,
        "100": 3.914338,
        "101": 1.669449
      }
    },
    "medium": {
      "utilization_fraction": 0.5,
      "edge_latencies_ms": {
        "0": 2.80548,
        "1": 3.731303,
        "2": 5.50105,
        "3": 2.156048,
        "4": 3.093125,
        "5": 2.03566,
        "6": 2.808001,
        "7": 2.063497,
        "8": 4.229363,
        "9": 4.504228,
        "10": 3.165559,
        "11": 2.458811,
        "12": 3.463888,
        "13": 1.831555,
        "14": 2.181436,
        "15": 2.81588,
        "16": 2.49305,
        "17": 4.075143,
        "18": 2.616983,
        "19": 3.824593,
        "20": 3.275281,
        "21": 4.263302,
        "22": 2.793998,
        "23": 2.750337,
        "24": 12.17902,
        "25": 4.690477,
        "26": 2.796716,
        "27": 3.303634,
        "28": 3.407734,
        "29": 3.066244,
        "30": 3.676712,
        "31": 2.908087,
        "32": 3.293676,
        "33": 2.443638,
        "34": 1.872653,
        "35": 6.080034,
        "36": 6.094613,
        "37": 5.350451,
        "38": 4.984657,
        "39": 2.024953,
        "40": 4.779615,
        "41": 3.622169,
        "42": 13.087379,
        "43": 1.685151,
        "44": 3.884915,
        "45": 3.733465,
        "46": 3.926859,
        "47": 2.974031,
        "48": 1.594153,
        "49": 3.054574,
        "50": 2.454696,
        "51": 2.602329,
        "52": 4.429632,
        "53": 4.114784,
        "54": 6.362513,
        "55": 4.659083,
        "56": 1.698517,
        "57": 2.674784,
        "58": 2.849455,
        "59": 3.294042,
        "60": 4.182605,
        "61": 4.32266,
        "62": 4.517291,
        "63": 2.843465,
        "64": 1.948456,
        "65": 5.164531,
        "66": 3.220782,
        "67": 3.584869,
        "68": 1.897131,
        "69": 3.744681,
        "70": 5.041514,
        "71": 4.671338,
        "72": 2.25274,
        "73": 1.838617,
        "74": 5.411831,
        "75": 4.057069,
        "76": 6.16005,
        "77": 4.657549,
        "78": 4.05986,
        "79": 3.438936,
        "80": 1.251133,
        "81": 2.509223,
        "82": 3.468466,
        "83": 2.976653,
        "84": 1.904369,
        "85": 4.016317,
        "86": 3.774342,
        "87": 2.07808,
        "88": 3.364111,
        "89": 4.565558,
        "90": 3.150503,
        "91": 2.135892,
        "92": 3.86407,
        "93": 4.087122,
        "94": 5.366454,
        "95": 4.189784,
        "96": 5.07621,
        "97": 3.502214,
        "98": 2.528968,
        "99": 2.338184,
        "100": 3.915589,
        "101": 1.670761
      }
    },
    "high": {
      "utilization_fraction": 0.8,
      "edge_latencies_ms": {
        "0": 2.808727,
        "1": 3.7431,
        "2": 5.519014,
        "3": 2.16503,
        "4": 3.10297,
        "5": 2.045128,
        "6": 2.820852,
        "7": 2.086021,
        "8": 4.233196,
        "9": 4.513642,
        "10": 3.169235,
        "11": 2.473726,
        "12": 3.469124,
        "13": 1.839189,
        "14": 2.185181,
        "15": 2.825416,
        "16": 2.506189,
        "17": 4.082389,
        "18": 2.629675,
        "19": 3.833392,
        "20": 3.292594,
        "21": 4.26887,
        "22": 2.799307,
        "23": 2.753933,
        "24": 12.210451,
        "25": 4.694941,
        "26": 2.80005,
        "27": 3.308042,
        "28": 3.411688,
        "29": 3.070592,
        "30": 3.681057,
        "31": 2.917993,
        "32": 3.298001,
        "33": 2.449956,
        "34": 1.883492,
        "35": 6.096047,
        "36": 6.097751,
        "37": 5.356899,
        "38": 4.989942,
        "39": 2.031089,
        "40": 4.783227,
        "41": 3.627296,
        "42": 13.124562,
        "43": 1.695772,
        "44": 3.88911,
        "45": 3.750587,
        "46": 3.933256,
        "47": 2.984687,
        "48": 1.597507,
        "49": 3.061507,
        "50": 2.462071,
        "51": 2.608619,
        "52": 4.435099,
        "53": 4.124756,
        "54": 6.418184,
        "55": 4.662655,
        "56": 1.701871,
        "57": 2.719625,
        "58": 2.852713,
        "59": 3.32812,
        "60": 4.205074,
        "61": 4.339238,
        "62": 4.520455,
        "63": 2.848363,
        "64": 1.970188,
        "65": 5.179506,
        "66": 3.229564,
        "67": 3.590388,
        "68": 1.901895,
        "69": 3.749973,
        "70": 5.055981,
        "71": 4.680415,
        "72": 2.264819,
        "73": 1.843384,
        "74": 5.418475,
        "75": 4.061818,
        "76": 6.166223,
        "77": 4.662808,
        "78": 4.063575,
        "79": 3.442019,
        "80": 1.254391,
        "81": 2.537609,
        "82": 3.47169,
        "83": 2.992973,
        "84": 1.918036,
        "85": 4.019973,
        "86": 3.796792,
        "87": 2.084208,
        "88": 3.367327,
        "89": 4.571107,
        "90": 3.15522,
        "91": 2.139461,
        "92": 3.868261,
        "93": 4.112909,
        "94": 5.370768,
        "95": 4.195595,
        "96": 5.082417,
        "97": 3.507209,
        "98": 2.532182,
        "99": 2.344449,
        "100": 3.92059,
        "101": 1.676011
      }
    },
    "flash": {
      "utilization_fraction": 0.95,
      "edge_latencies_ms": {
        "0": 2.824961,
        "1": 3.802083,
        "2": 5.608833,
        "3": 2.209939,
        "4": 3.152194,
        "5": 2.09247,
        "6": 2.885109,
        "7": 2.198641,
        "8": 4.25236,
        "9": 4.560709,
        "10": 3.187612,
        "11": 2.5483,
        "12": 3.495304,