{
  "topology_id": 213,
  "load_conditions": {
    "low": {
      "utilization_fraction": 0.2,
      "edge_latencies_ms": {
        "0": 4.437721,
        "1": 2.097107,
        "2": 4.826406,
        "3": 2.655118,
        "4": 3.052016,
        "5": 3.344244,
        "6": 2.11812,
        "7": 4.471559,
        "8": 1.983601,
        "9": 3.915996,
        "10": 3.882967,
        "11": 3.512981,
        "12": 3.049917,
        "13": 2.710239,
        "14": 2.704661,
        "15": 4.109815,
        "16": 0.909166,
        "17": 2.78737,
        "18": 4.018182,
        "19": 6.049538,
        "20": 4.836796,
        "21": 3.427534,
        "22": 4.296389,
        "23": 2.260978,
        "24": 2.97006,
        "25": 3.755018,
        "26": 2.424911,
        "27": 3.571082,
        "28": 3.42916,
        "29": 2.592172,
        "30": 2.812135,
        "31": 4.774879,
        "32": 2.060012,
        "33": 1.11009,
        "34": 3.883218,
        "35": 3.388973,
        "36": 2.611645,
        "37": 3.207805,
        "38": 3.730971,
        "39": 5.447079,
        "40": 3.076546,
        "41": 2.221159,
        "42": 2.59626,
        "43": 4.403479,
        "44": 3.680299,
        "45": 1.137638,
        "46": 1.746916,
        "47": 4.691249,
        "48": 4.367982,
        "49": 2.895916,
        "50": 3.519612,
        "51": 5.762712,
        "52": 1.738575,
        "53": 2.188079,
        "54": 3.765836,
        "55": 2.279414,
        "56": 1.850347,
        "57": 2.326168,
        "58": 2.567931,
        "59": 3.749757,
        "60": 4.589634,
        "61": 3.129429,
        "62": 3.754866,
        "63": 2.067677,
        "64": 10.073358,
        "65": 6.291315,
        "66": 3.197558,
        "67": 4.753729,
        "68": 4.36797,
        "69": 2.261535,
        "70": 7.355328,
        "71": 3.695615,
        "72": 4.277779,
        "73": 6.793957,
        "74": 5.787144,
        "75": 3.553392,
        "76": 5.95155,
        "77": 4.631927,
        "78": 2.08261,
        "79": 1.25282,
        "80": 2.350349,
        "81": 4.646239,
        "82": 5.795004,
        "83": 3.507538,
        "84": 3.881982,
        "85": 4.178636,
        "86": 2.491687,
        "87": 3.40828,
        "88": 3.126546,
        "89": 1.70418,
        "90": 4.147134,
        "91": 5.90748,
        "92": 6.245579,
        "93": 6.746983,
        "94": 5.420169,
        "95": 6.937127,
        "96": 6.324679,
        "97": 5.792787,
        "98": 7.162135,
        "99": 7.623135,
        "100": 5.064584,
        "101": 3.537616,
        "102": 6.282683,
        "103": 3.184001,
        "104": 3.190183,
        "105": 2.468555,
        "106": 1.408122,
        "107": 2.516,
        "108": 3.019158,
        "109": 4.315192,
        "110": 3.187227,
        "111": 1.994615,
        "112": 1.431364,
        "113": 4.024405,
        "114": 4.00939,
        "115": 3.513009,
        "116": 4.869308,
        "117": 3.936665,
        "118": 3.890355,
        "119": 3.053268,
        "120": 2.872942,
        "121": 3.873125,
        "122": 3.101634,
        "123": 2.593884,
        "124": 5.257366,
        "125": 4.713993,
        "126": 3.057844,
        "127": 2.899537,
        "128": 4.268005,
        "129": 3.496385,
        "130": 3.612875,
        "131": 2.001401,
        "132": 4.138038,
        "133": 4.121856,
        "134": 5.343378,
        "135": 1.525508,
        "136": 4.532227,
        "137": 2.672535,
        "138": 5.58029,
        "139": 1.689022,
        "140": 3.316917,
        "141": 2.822535,
        "142": 4.946544,
        "143": 2.614464,
        "144": 1.928769,
        "145": 3.433962,
        "146": 8.162209,
        "147": 3.33144,
        "148": 5.088343,
        "149": 3.618017,
        "150": 5.283693,
        "151": 3.122148,
        "152": 3.771121,
        "153": 2.860897,
        "154": 4.636422,
        "155": 3.120058,
        "156": 10.176541,
        "157": 5.52153,
        "158": 4.782483,
        "159": 4.622763,
        "160": 4.332013,
        "161": 3.991576,
        "162": 5.149144,
        "163": 4.421588,
        "164": 2.042343,
        "165": 4.123797,
        "166": 4.401779,
        "167": 1.902254,
        "168": 4.981356,
        "169": 5.666836,
        "170": 6.209669,
        "171": 7.555875,
        "172": 7.080402,
        "173": 7.504929,
        "174": 3.434674,
        "175": 3.259256,
        "176": 1.555145,
        "177": 4.43477,
        "178": 2.826283,
        "179": 4.124632,
        "180": 4.466578,
        "181": 5.809529,
        "182": 0.878838,
        "183": 2.957625,
        "184": 2.690319,
        "185": 2.078939,
        "186": 2.657902,
        "187": 1.188308
      }
    },
    "medium": {
      "utilization_fraction": 0.5,
      "edge_latencies_ms": {
        "0": 4.438867,
        "1": 2.098038,
        "2": 4.827385,
        "3": 2.656908,
        "4": 3.053585,
        "5": 3.345652,
        "6": 2.118902,
        "7": 4.472948,
        "8": 1.98808,
        "9": 3.923198,
        "10": 3.88411,
        "11": 3.519214,
        "12": 3.051257,
        "13": 2.712259,
        "14": 2.705519,
        "15": 4.112012,
        "16": 0.910023,
        "17": 2.788279,
        "18": 4.019112,
        "19": 6.050998,
        "20": 4.840205,
        "21": 3.428447,
        "22": 4.297407,
        "23": 2.262167,
        "24": 2.974897,
        "25": 3.756892,
        "26": 2.425731,
        "27": 3.573344,
        "28": 3.429915,
        "29": 2.593049,
        "30": 2.812947,
        "31": 4.775861,
        "32": 2.062218,
        "33": 1.112102,
        "34": 3.883985,
        "35": 3.390415,
        "36": 2.613882,
        "37": 3.208614,
        "38": 3.732115,
        "39": 5.45021,
        "40": 3.077831,
        "41": 2.222145,
        "42": 2.597127,
        "43": 4.404399,
        "44": 3.681079,
        "45": 1.138934,
        "46": 1.747764,
        "47": 4.697311,
        "48": 4.369055,
        "49": 2.898031,
        "50": 3.521529,
        "51": 5.764765,
        "52": 1.739444,
        "53": 2.188929,
        "54": 3.767096,
        "55": 2.280226,
        "56": 1.851103,
        "57": 2.32852,
        "58": 2.572351,
        "59": 3.751159,
        "60": 4.591542,
        "61": 3.130621,
        "62": 3.756313,
        "63": 2.068843,
        "64": 10.08607,
        "65": 6.33451,
        "66": 3.198607,
        "67": 4.754837,
        "68": 4.369413,
        "69": 2.262407,
        "70": 7.363888,
        "71": 3.69645,
        "72": 4.278589,
        "73": 6.796687,
        "74": 5.789822,
        "75": 3.554735,
        "76": 5.952631,
        "77": 4.63283,
        "78": 2.083752,
        "79": 1.253588,
        "80": 2.352784,
        "81": 4.648005,
        "82": 5.797815,
        "83": 3.509065,
        "84": 3.883402,
        "85": 4.183889,
        "86": 2.492551,
        "87": 3.409138,
        "88": 3.127581,
        "89": 1.705288,
        "90": 4.148118,
        "91": 5.908255,
        "92": 6.247018,
        "93": 6.747982,
        "94": 5.421028,
        "95": 6.93813,
        "96": 6.326628,
        "97": 5.794244,
        "98": 7.163294,
        "99": 7.624281,
        "100": 5.06938,
        "101": 3.540317,
        "102": 6.283525,
        "103": 3.185289,
        "104": 3.190958,
        "105": 2.471214,
        "106": 1.40956,
        "107": 2.519628,
        "108": 3.019978,
        "109": 4.321012,
        "110": 3.188665,
        "111": 1.995612,
        "112": 1.43215,
        "113": 4.025544,
        "114": 4.010965,
        "115": 3.514702,
        "116": 4.870131,
        "117": 3.940165,
        "118": 3.891597,
        "119": 3.054171,
        "120": 2.874171,
        "121": 3.874848,
        "122": 3.103125,
        "123": 2.598032,
        "124": 5.258418,
        "125": 4.722781,
        "126": 3.060098,
        "127": 2.90031,
        "128": 4.268848,
        "129": 3.500342,
        "130": 3.615439,
        "131": 2.002482,
        "132": 4.141345,