{
  "topology_id": 384,
  "load_conditions": {
    "low": {
      "utilization_fraction": 0.2,
      "edge_latencies_ms": {
        "0": 3.940157,
        "1": 5.122687,
        "2": 3.162279,
        "3": 3.503714,
        "4": 3.763844,
        "5": 3.416982,
        "6": 3.489192,
        "7": 2.570468,
        "8": 3.614598,
        "9": 6.260252,
        "10": 2.99861,
        "11": 8.79087,
        "12": 2.013547,
        "13": 2.801153,
        "14": 4.598772,
        "15": 4.198651,
        "16": 4.034144,
        "17": 3.978172,
        "18": 5.939176,
        "19": 2.172825,
        "20": 2.283179,
        "21": 4.258085,
        "22": 3.103928,
        "23": 1.516431,
        "24": 9.572921,
        "25": 2.055389,
        "26": 7.445537,
        "27": 3.430803,
        "28": 2.875891,
        "29": 5.695883,
        "30": 5.110233,
        "31": 6.894342,
        "32": 9.583086,
        "33": 3.98942,
        "34": 2.650556,
        "35": 6.48544,
        "36": 3.001688,
        "37": 1.891066,
        "38": 3.920155,
        "39": 4.54142,
        "40": 4.688941,
        "41": 5.279844
      }
    },
    "medium": {
      "utilization_fraction": 0.5,
      "edge_latencies_ms": {
        "0": 3.945812,
        "1": 5.123657,
        "2": 3.163301,
        "3": 3.504491,
        "4": 3.76527,
        "5": 3.418073,
        "6": 3.490718,
        "7": 2.574428,
        "8": 3.61544,
        "9": 6.26199,
        "10": 3.001617,
        "11": 8.799026,
        "12": 2.014357,
        "13": 2.808621,
        "14": 4.603098,
        "15": 4.202451,
        "16": 4.035462,
        "17": 3.979158,
        "18": 5.94776,
        "19": 2.174942,
        "20": 2.284649,
        "21": 4.261268,
        "22": 3.105057,
        "23": 1.521214,
        "24": 9.581171,
        "25": 2.056177,
        "26": 7.459092,
        "27": 3.431725,
        "28": 2.878683,
        "29": 5.697919,
        "30": 5.112077,
        "31": 6.930884,
        "32": 9.592036,
        "33": 3.990879,
        "34": 2.65136,
        "35": 6.486404,
        "36": 3.002636,
        "37": 1.895614,
        "38": 3.922111,
        "39": 4.546473,
        "40": 4.690128,
        "41": 5.282176
      }
    },
    "high": {
      "utilization_fraction": 0.8,
      "edge_latencies_ms": {
        "0": 3.968432,
        "1": 5.12754,
        "2": 3.167387,
        "3": 3.507598,
        "4": 3.770976,
        "5": 3.422437,
        "6": 3.496822,
        "7": 2.590268,
        "8": 3.61881,
        "9": 6.268944,
        "10": 3.013643,
        "11": 8.831651,
        "12": 2.017597,
        "13": 2.838493,
        "14": 4.620403,
        "15": 4.217647,
        "16": 4.040735,
        "17": 3.983102,
        "18": 5.982096,
        "19": 2.18341,
        "20": 2.290527,
        "21": 4.274003,
        "22": 3.109574,
        "23": 1.540344,
        "24": 9.614173,
        "25": 2.059327,
        "26": 7.51331,
        "27": 3.435413,
        "28": 2.88985,
        "29": 5.706065,
        "30": 5.119454,
        "31": 7.077051,
        "32": 9.62784,
        "33": 3.996714,
        "34": 2.65458,
        "35": 6.49026,
        "36": 3.006431,
        "37": 1.913805,
        "38": 3.929937,
        "39": 4.566688,
        "40": 4.694879,
        "41": 5.291503
      }
    },
    "flash": {
      "utilization_fraction": 0.95,
      "edge_latencies_ms": {
        "0": 4.081529,
        "1": 5.146952,
        "2": 3.187821,
        "3": 3.523136,
        "4": 3.799504,
        "5": 3.444258,
        "6": 3.52734,
        "7": 2.669467,
        "8": 3.635661,
        "9": 6.30371,
        "10": 3.073777,
        "11": 8.994777,
        "12": 2.033796,
        "13": 2.987851,
        "14": 4.706925,
        "15": 4.293629,
        "16": 4.067097,
        "17": 4.002822,
        "18": 6.153777,
        "19": 2.225749,
        "20": 2.319917,
        "21": 4.337674,
        "22": 3.132158,
        "23": 1.635994,
        "24": 9.77918,
        "25": 2.075076,
        "26": 7.784403,
        "27": 3.453854,
        "28": 2.94569,
        "29": 5.746791,
        "30": 5.15634,
        "31": 7.807888,
        "32": 9.806859,
        "33": 4.025889,
        "34": 2.670677,
        "35": 6.509541,
        "36": 3.025406,
        "37": 2.004762,
        "38": 3.969064,
        "39": 4.667762,
        "40": 4.71863,
        "41": 5.338138
      }
    }
  }
}