{
  "topology_id": 379,
  "load_conditions": {
    "low": {
      "utilization_fraction": 0.2,
      "edge_latencies_ms": {
        "0": 4.627592,
        "1": 6.201568,
        "2": 16.775028,
        "3": 13.741045,
        "4": 4.712723,
        "5": 9.85076,
        "6": 10.326069,
        "7": 9.375777,
        "8": 5.977754,
        "9": 3.517373,
        "10": 3.235687,
        "11": 6.182288,
        "12": 3.588075,
        "13": 5.866592,
        "14": 4.753927,
        "15": 2.116511,
        "16": 2.751467,
        "17": 2.712516,
        "18": 7.29077,
        "19": 5.491123,
        "20": 8.677966,
        "21": 5.322532,
        "22": 4.99165,
        "23": 2.882567,
        "24": 3.213921,
        "25": 3.075786,
        "26": 1.878614,
        "27": 1.424421,
        "28": 5.620655,
        "29": 3.707689,
        "30": 13.823274,
        "31": 4.927142,
        "32": 5.517701,
        "33": 3.270182,
        "34": 6.233663,
        "35": 2.817854,
        "36": 4.43488,
        "37": 4.584828,
        "38": 5.810592,
        "39": 2.37223,
        "40": 2.012979,
        "41": 4.147126,
        "42": 3.987534,
        "43": 4.473083,
        "44": 3.756232,
        "45": 7.933743
      }
    },
    "medium": {
      "utilization_fraction": 0.5,
      "edge_latencies_ms": {
        "0": 4.630141,
        "1": 6.203644,
        "2": 16.787279,
        "3": 13.80794,
        "4": 4.714113,
        "5": 9.865283,
        "6": 10.354471,
        "7": 9.41916,
        "8": 5.978968,
        "9": 3.518154,
        "10": 3.239936,
        "11": 6.188091,
        "12": 3.58929,
        "13": 5.868502,
        "14": 4.755472,
        "15": 2.117702,
        "16": 2.754708,
        "17": 2.714081,
        "18": 7.29158,
        "19": 5.492094,
        "20": 8.691742,
        "21": 5.3252,
        "22": 4.994106,
        "23": 2.883486,
        "24": 3.21508,
        "25": 3.08039,
        "26": 1.879511,
        "27": 1.426358,
        "28": 5.622969,
        "29": 3.7115,
        "30": 13.872264,
        "31": 4.932951,
        "32": 5.518562,
        "33": 3.27147,
        "34": 6.234844,
        "35": 2.818756,
        "36": 4.437298,
        "37": 4.58568,
        "38": 5.813961,
        "39": 2.37745,
        "40": 2.014187,
        "41": 4.148616,
        "42": 3.989013,
        "43": 4.475218,
        "44": 3.757476,
        "45": 7.934912
      }
    },
    "high": {
      "utilization_fraction": 0.8,
      "edge_latencies_ms": {
        "0": 4.640336,
        "1": 6.211946,
        "2": 16.836284,
        "3": 14.075519,
        "4": 4.719671,
        "5": 9.923379,
        "6": 10.468078,
        "7": 9.592691,
        "8": 5.983821,
        "9": 3.521278,
        "10": 3.256931,
        "11": 6.211302,
        "12": 3.594152,
        "13": 5.876141,
        "14": 4.761653,
        "15": 2.122466,
        "16": 2.767673,
        "17": 2.720343,
        "18": 7.294823,
        "19": 5.495976,
        "20": 8.746844,
        "21": 5.33587,
        "22": 5.00393,
        "23": 2.887164,
        "24": 3.219713,
        "25": 3.098808,
        "26": 1.883099,
        "27": 1.434106,
        "28": 5.632226,
        "29": 3.726743,
        "30": 14.068224,
        "31": 4.956188,
        "32": 5.522005,
        "33": 3.276621,
        "34": 6.239572,
        "35": 2.822363,
        "36": 4.446968,
        "37": 4.589088,
        "38": 5.827438,
        "39": 2.398331,
        "40": 2.019019,
        "41": 4.154573,
        "42": 3.994928,
        "43": 4.483759,
        "44": 3.76245,
        "45": 7.939589
      }
    },
    "flash": {
      "utilization_fraction": 0.95,
      "edge_latencies_ms": {
        "0": 4.691315,
        "1": 6.253457,
        "2": 17.08131,
        "3": 15.413412,
        "4": 4.747462,
        "5": 10.213856,
        "6": 11.036118,
        "7": 10.460349,
        "8": 6.00809,
        "9": 3.5369,
        "10": 3.341904,
        "11": 6.327356,
        "12": 3.618458,
        "13": 5.914339,
        "14": 4.792557,
        "15": 2.146282,
        "16": 2.832498,
        "17": 2.751655,
        "18": 7.311034,
        "19": 5.515388,
        "20": 9.022352,
        "21": 5.389221,
        "22": 5.053052,
        "23": 2.905553,
        "24": 3.24288,
        "25": 3.190896,
        "26": 1.90104,
        "27": 1.472844,
        "28": 5.678509,
        "29": 3.802956,
        "30": 15.048022,
        "31": 5.072374,
        "32": 5.539224,
        "33": 3.302378,
        "34": 6.26321,
        "35": 2.840401,
        "36": 4.495321,
        "37": 4.606127,
        "38": 5.894824,
        "39": 2.502732,
        "40": 2.043179,
        "41": 4.184361,
        "42": 4.024504,
        "43": 4.526466,
        "44": 3.78732,
        "45": 7.962974
      }
    }
  }
}