{
  "topology_id": 259,
  "load_conditions": {
    "low": {
      "utilization_fraction": 0.2,
      "edge_latencies_ms": {
        "0": 4.966299,
        "1": 4.614245,
        "2": 7.110783,
        "3": 6.041407,
        "4": 1.018581,
        "5": 2.094914,
        "6": 4.931735,
        "7": 3.888956,
        "8": 6.007995,
        "9": 4.014719,
        "10": 2.705309,
        "11": 7.297577,
        "12": 3.101511,
        "13": 5.277567,
        "14": 3.416753,
        "15": 4.671737,
        "16": 4.916235,
        "17": 1.812041,
        "18": 1.700014,
        "19": 2.919407,
        "20": 5.023363,
        "21": 3.19884,
        "22": 5.245033,
        "23": 2.657376,
        "24": 2.574828,
        "25": 2.421757,
        "26": 2.291565,
        "27": 3.525365,
        "28": 3.228443,
        "29": 1.54915,
        "30": 4.040049,
        "31": 1.531847,
        "32": 4.995078,
        "33": 3.768964,
        "34": 2.435078,
        "35": 4.397322,
        "36": 2.885272,
        "37": 2.756626,
        "38": 5.060072,
        "39": 2.704621,
        "40": 5.261582,
        "41": 2.852066,
        "42": 2.048095,
        "43": 3.551862,
        "44": 4.249406,
        "45": 2.072403,
        "46": 5.783894,
        "47": 3.258565,
        "48": 6.485808,
        "49": 2.217737,
        "50": 3.55322,
        "51": 3.05727,
        "52": 3.12632,
        "53": 3.184286,
        "54": 5.248306,
        "55": 4.649727,
        "56": 3.071237,
        "57": 5.426712,
        "58": 7.383118,
        "59": 3.567518,
        "60": 1.651718,
        "61": 3.602151
      }
    },
    "medium": {
      "utilization_fraction": 0.5,
      "edge_latencies_ms": {
        "0": 4.967859,
        "1": 4.617563,
        "2": 7.123043,
        "3": 6.049022,
        "4": 1.021432,
        "5": 2.096855,
        "6": 4.93264,
        "7": 3.890639,
        "8": 6.009857,
        "9": 4.016968,
        "10": 2.708083,
        "11": 7.313059,
        "12": 3.102696,
        "13": 5.279338,
        "14": 3.417979,
        "15": 4.672521,
        "16": 4.917673,
        "17": 1.812901,
        "18": 1.700822,
        "19": 2.922894,
        "20": 5.026312,
        "21": 3.201607,
        "22": 5.246106,
        "23": 2.658265,
        "24": 2.577049,
        "25": 2.422652,
        "26": 2.292326,
        "27": 3.528714,
        "28": 3.229738,
        "29": 1.550219,
        "30": 4.040889,
        "31": 1.532784,
        "32": 4.995907,
        "33": 3.77085,
        "34": 2.436658,
        "35": 4.398287,
        "36": 2.886526,
        "37": 2.757459,
        "38": 5.061924,
        "39": 2.709711,
        "40": 5.267581,
        "41": 2.852816,
        "42": 2.052697,
        "43": 3.55278,
        "44": 4.250267,
        "45": 2.079148,
        "46": 5.786359,
        "47": 3.260112,
        "48": 6.491383,
        "49": 2.218558,
        "50": 3.554219,
        "51": 3.058965,
        "52": 3.127291,
        "53": 3.185198,
        "54": 5.249348,
        "55": 4.652248,
        "56": 3.073572,
        "57": 5.427527,
        "58": 7.384406,
        "59": 3.568884,
        "60": 1.654158,
        "61": 3.603424
      }
    },
    "high": {
      "utilization_fraction": 0.8,
      "edge_latencies_ms": {
        "0": 4.974097,
        "1": 4.630833,
        "2": 7.172081,
        "3": 6.07948,
        "4": 1.032835,
        "5": 2.104621,
        "6": 4.936261,
        "7": 3.897369,
        "8": 6.017306,
        "9": 4.025966,
        "10": 2.719181,
        "11": 7.374986,
        "12": 3.107438,
        "13": 5.286421,
        "14": 3.422882,
        "15": 4.675656,
        "16": 4.923423,
        "17": 1.81634,
        "18": 1.704056,
        "19": 2.936843,
        "20": 5.038109,
        "21": 3.212677,
        "22": 5.250398,
        "23": 2.661821,
        "24": 2.585934,
        "25": 2.426234,
        "26": 2.295367,
        "27": 3.542109,
        "28": 3.234919,
        "29": 1.554498,
        "30": 4.044249,
        "31": 1.536532,
        "32": 4.999226,
        "33": 3.778396,
        "34": 2.442978,
        "35": 4.402147,
        "36": 2.891541,
        "37": 2.760788,
        "38": 5.069334,
        "39": 2.730074,
        "40": 5.291575,
        "41": 2.855816,
        "42": 2.071106,
        "43": 3.556452,
        "44": 4.253713,
        "45": 2.106128,
        "46": 5.796219,
        "47": 3.2663,
        "48": 6.513683,
        "49": 2.221841,
        "50": 3.558215,
        "51": 3.065745,
        "52": 3.131179,
        "53": 3.188845,
        "54": 5.253515,
        "55": 4.662335,
        "56": 3.082912,
        "57": 5.430784,
        "58": 7.389559,
        "59": 3.574349,
        "60": 1.66392,
        "61": 3.608515
      }
    },
    "flash": {
      "utilization_fraction": 0.95,
      "edge_latencies_ms": {
        "0": 5.005285,
        "1": 4.697181,
        "2": 7.417276,
        "3": 6.231771,
        "4": 1.089848,
        "5": 2.143451,
        "6": 4.954365,
        "7": 3.931018,
        "8": 6.054552,
        "9": 4.070954,
        "10": 2.774666,
        "11": 7.684618,
        "12": 3.131146,
        "13": 5.32184,
        "14": 3.447395,
        "15": 4.691333,
        "16": 4.952176,
        "17": 1.833538,
        "18": 1.720226,
        "19": 3.006588,
        "20": 5.097096,
        "21": 3.268025,
        "22": 5.271858,
        "23": 2.679605,
        "24": 2.630358,
        "25": 2.444144,
        "26": 2.310576,
        "27": 3.609086,
        "28": 3.260823,
        "29": 1.575889,
        "30": 4.061048,
        "31": 1.555274,
        "32": 5.015821,
        "33": 3.816126,
        "34": 2.474575,
        "35": 4.421447,
        "36": 2.916617,
        "37": 2.777435,
        "38": 5.106383,
        "39": 2.831888,
        "40": 5.411549,
        "41": 2.870818,
        "42": 2.163147,
        "43": 3.57481,
        "44": 4.27094,
        "45": 2.24103,
        "46": 5.845518,
        "47": 3.29724,
        "48": 6.625187,
        "49": 2.238256,
        "50": 3.578195,
        "51": 3.099645,
        "52": 3.150614,
        "53": 3.207083,
        "54": 5.274348,
        "55": 4.71277,
        "56": 3.12961,
        "57": 5.447073,
        "58": 7.415326,
        "59": 3.601675,
        "60": 1.712725,
        "61": 3.633967
      }
    }
  }
}