{
  "topology_id": 387,
  "load_conditions": {
    "low": {
      "utilization_fraction": 0.2,
      "edge_latencies_ms": {
        "0": 5.623965,
        "1": 4.102934,
        "2": 4.067593,
        "3": 5.425644,
        "4": 4.265283,
        "5": 7.353674,
        "6": 2.287627,
        "7": 6.465109,
        "8": 3.671674,
        "9": 2.046607,
        "10": 0.590204,
        "11": 3.27574,
        "12": 4.811769,
        "13": 3.816197,
        "14": 2.517732
      }
    },
    "medium": {
      "utilization_fraction": 0.5,
      "edge_latencies_ms": {
        "0": 5.625018,
        "1": 4.103931,
        "2": 4.068558,
        "3": 5.433431,
        "4": 4.266304,
        "5": 7.361626,
        "6": 2.28962,
        "7": 6.484572,
        "8": 3.677167,
        "9": 2.047495,
        "10": 0.592735,
        "11": 3.276676,
        "12": 4.81254,
        "13": 3.817061,
        "14": 2.518548
      }
    },
    "high": {
      "utilization_fraction": 0.8,
      "edge_latencies_ms": {
        "0": 5.62923,
        "1": 4.10792,
        "2": 4.072419,
        "3": 5.464577,
        "4": 4.270388,
        "5": 7.393434,
        "6": 2.297591,
        "7": 6.562425,
        "8": 3.699139,
        "9": 2.051044,
        "10": 0.60286,
        "11": 3.28042,
        "12": 4.815623,
        "13": 3.820519,
        "14": 2.52181
      }
    },
    "flash": {
      "utilization_fraction": 0.95,
      "edge_latencies_ms": {
        "0": 5.650292,
        "1": 4.127866,
        "2": 4.091725,
        "3": 5.620309,
        "4": 4.290809,
        "5": 7.552476,
        "6": 2.337444,
        "7": 6.95169,
        "8": 3.809,
        "9": 2.068793,
        "10": 0.653484,
        "11": 3.29914,
        "12": 4.831039,
        "13": 3.837805,
        "14": 2.538124
      }
    }
  }
}