{
  "topology_id": 224,
  "load_conditions": {
    "low": {
      "utilization_fraction": 0.2,
      "edge_latencies_ms": {
        "0": 0.85286,
        "1": 2.812128,
        "2": 5.63178,
        "3": 3.655966,
        "4": 4.270198,
        "5": 4.42017,
        "6": 3.20542,
        "7": 2.426865,
        "8": 2.49293,
        "9": 2.343475,
        "10": 2.837352,
        "11": 3.765196,
        "12": 4.385785,
        "13": 3.583032,
        "14": 4.35548,
        "15": 3.877776,
        "16": 3.494321,
        "17": 3.682311,
        "18": 2.385987,
        "19": 2.30673,
        "20": 3.4441,
        "21": 4.610738,
        "22": 4.272406,
        "23": 4.801531,
        "24": 5.0639,
        "25": 4.264385,
        "26": 5.599116,
        "27": 1.136685,
        "28": 2.321202,
        "29": 2.692193,
        "30": 3.428755,
        "31": 1.27107,
        "32": 4.519363,
        "33": 2.63053,
        "34": 2.423504,
        "35": 4.783792,
        "36": 4.417934,
        "37": 3.538207,
        "38": 2.903305,
        "39": 3.67565,
        "40": 2.175667,
        "41": 0.680893,
        "42": 3.485339,
        "43": 3.725334,
        "44": 2.440043,
        "45": 2.45445,
        "46": 3.756328,
        "47": 4.412233,
        "48": 3.576496,
        "49": 4.762239,
        "50": 5.508348,
        "51": 5.290805,
        "52": 1.589784,
        "53": 1.34997,
        "54": 5.659909,
        "55": 3.525833,
        "56": 5.400482,
        "57": 5.43821,
        "58": 6.849414,
        "59": 3.64916,
        "60": 5.457943,
        "61": 4.943952,
        "62": 1.643524,
        "63": 4.220654,
        "64": 5.613911,
        "65": 3.373989,
        "66": 1.189698,
        "67": 2.364594,
        "68": 2.194373,
        "69": 6.536719,
        "70": 5.175734,
        "71": 4.200314,
        "72": 2.681161,
        "73": 4.027715,
        "74": 4.529691,
        "75": 5.379591,
        "76": 7.453671,
        "77": 4.922189,
        "78": 5.771332,
        "79": 3.049724,
        "80": 4.892419,
        "81": 5.613324,
        "82": 7.045572,
        "83": 3.307188,
        "84": 4.006816,
        "85": 2.452717,
        "86": 2.033986,
        "87": 3.364464,
        "88": 5.124714,
        "89": 4.03349,
        "90": 2.777003,
        "91": 3.422152,
        "92": 6.209801,
        "93": 5.213548,
        "94": 5.965837,
        "95": 1.444483,
        "96": 3.055861,
        "97": 5.652717,
        "98": 5.163873,
        "99": 3.276552,
        "100": 3.514734,
        "101": 1.915205,
        "102": 5.925204,
        "103": 6.040919,
        "104": 3.706856,
        "105": 4.128438,
        "106": 1.549552,
        "107": 3.078549,
        "108": 3.578391,
        "109": 1.33795,
        "110": 3.058558,
        "111": 2.278789,
        "112": 5.209303,
        "113": 6.554113,
        "114": 2.50003,
        "115": 4.022984,
        "116": 2.194207,
        "117": 3.056729,
        "118": 1.207855,
        "119": 5.542633,
        "120": 1.940905,
        "121": 2.292555,
        "122": 3.19197,
        "123": 4.363224,
        "124": 2.67342,
        "125": 4.671516,
        "126": 3.516119,
        "127": 1.04026,
        "128": 2.581939,
        "129": 2.668241,
        "130": 3.863815,
        "131": 4.417098,
        "132": 2.320363,
        "133": 5.048307,
        "134": 2.481485,
        "135": 4.543554,
        "136": 4.318499,
        "137": 3.072824,
        "138": 5.979828,
        "139": 3.662456,
        "140": 4.659113,
        "141": 3.575514,
        "142": 4.355987,
        "143": 3.593985,
        "144": 1.100798,
        "145": 4.53992,
        "146": 4.315431,
        "147": 2.244609,
        "148": 1.8398,
        "149": 4.080359,
        "150": 2.603938,
        "151": 6.381784,
        "152": 4.665926,
        "153": 5.543048,
        "154": 6.381699,
        "155": 6.218756,
        "156": 5.192862,
        "157": 4.881184,
        "158": 5.649624,
        "159": 3.902056,
        "160": 5.424317,
        "161": 3.573427,
        "162": 4.809462,
        "163": 0.800225,
        "164": 1.772001,
        "165": 1.578613
      }
    },
    "medium": {
      "utilization_fraction": 0.5,
      "edge_latencies_ms": {
        "0": 0.86015,
        "1": 2.816427,
        "2": 5.634525,
        "3": 3.656835,
        "4": 4.272451,
        "5": 4.420934,
        "6": 3.209168,
        "7": 2.428198,
        "8": 2.493991,
        "9": 2.347378,
        "10": 2.840765,
        "11": 3.766808,
        "12": 4.387513,
        "13": 3.58382,
        "14": 4.356424,
        "15": 3.879723,
        "16": 3.500897,
        "17": 3.683915,
        "18": 2.388447,
        "19": 2.308012,
        "20": 3.446144,
        "21": 4.614026,
        "22": 4.27379,
        "23": 4.803092,
        "24": 5.065255,
        "25": 4.268282,
        "26": 5.602519,
        "27": 1.137647,
        "28": 2.322503,
        "29": 2.694581,
        "30": 3.430179,
        "31": 1.272919,
        "32": 4.520822,
        "33": 2.631887,
        "34": 2.424624,
        "35": 4.784719,
        "36": 4.418705,
        "37": 3.539038,
        "38": 2.905139,
        "39": 3.676915,
        "40": 2.176834,
        "41": 0.682435,
        "42": 3.492802,
        "43": 3.727695,
        "44": 2.441286,
        "45": 2.455703,
        "46": 3.757303,
        "47": 4.413523,
        "48": 3.577629,
        "49": 4.763462,
        "50": 5.510039,
        "51": 5.291761,
        "52": 1.590815,
        "53": 1.351427,
        "54": 5.661289,
        "55": 3.533825,
        "56": 5.402889,
        "57": 5.440285,
        "58": 6.921532,
        "59": 3.657793,
        "60": 5.46134,
        "61": 4.947067,
        "62": 1.64514,
        "63": 4.221703,
        "64": 5.61519,
        "65": 3.37583,
        "66": 1.190512,
        "67": 2.368092,
        "68": 2.19676,
        "69": 6.540754,
        "70": 5.176644,
        "71": 4.201421,
        "72": 2.683093,
        "73": 4.03911,
        "74": 4.530739,
        "75": 5.380831,
        "76": 7.454846,
        "77": 4.923112,
        "78": 5.772194,
        "79": 3.053173,
        "80": 4.895656,
        "81": 5.615633,
        "82": 7.046518,
        "83": 3.308372,
        "84": 4.01017,
        "85": 2.45471,
        "86": 2.035235,
        "87": 3.365712,
        "88": 5.125565,
        "89": 4.036018,
        "90": 2.781291,
        "91": 3.423938,
        "92": 6.212356,
        "93": 5.214699,
        "94": 5.966849,
        "95": 1.445534,
        "96": 3.057362,
        "97": 5.654421,
        "98": 5.166144,
        "99": 3.278735,
        "100": 3.516509,
        "101": 1.916238,
        "102": 5.944553,
        "103": 6.051201,
        "104": 3.708517,
        "105": 4.191304,
        "106": 1.550347,
        "107": 3.079976,
        "108": 3.580721,
        "109": 1.338759,
        "110": 3.063854,
        "111": 2.282905,
        "112": 5.210971,
        "113": 6.55903,
        "114": 2.504366,
        "115": 4.02464,
        "116": 2.195965,
        "117": 3.058817,
        "118": 1.213275,
        "119": 5.544255,
        "120": 1.94207,
        "121": 2.293309,
        "122": 3.192966,
        "123": 4.368409,
        "124": 2.674529,
        "125": 4.673479,
        "126": 3.517295,
        "127": 1.041408,
        "128": 2.582732,
        "129": 2.669058,
        "130": 3.864653,
        "131": 4.418327,
        "132": 2.321396,
        "133": 5.050466,
        "134": 2.482323,
        "135": 4.544353,
        "136": 4.319404,
        "137": 3.074553,
        "138": 5.980646,
        "139": 3.664219,
        "140": 4.662141,
        "141": 3.576549,
        "142": 4.357159,
        "143": 3.59477,
        "144": 1.103291,
        "145": 4.540713,
        "146": 4.317019,
        "147": 2.246053,
        "148": 1.840643,
        "149": 4.082375,
        "150": 2.605009,
        "151": 6.382793,
        "152": 4.668567,
        "153": 5.544439,
        "154": 6.385047,