{
  "topology_id": 14,
  "load_conditions": {
    "low": {
      "utilization_fraction": 0.2,
      "edge_latencies_ms": {
        "0": 6.780071,
        "1": 3.785066,
        "2": 5.479509,
        "3": 1.800885,
        "4": 7.351954,
        "5": 4.866961,
        "6": 6.199318,
        "7": 5.951206,
        "8": 4.462681,
        "9": 5.840724,
        "10": 3.534849,
        "11": 4.968544,
        "12": 4.488314,
        "13": 4.856667,
        "14": 4.356713,
        "15": 3.075078,
        "16": 4.38315,
        "17": 4.845081,
        "18": 4.453275,
        "19": 4.786093,
        "20": 5.078299,
        "21": 2.404018,
        "22": 3.999831,
        "23": 3.969954,
        "24": 4.029854,
        "25": 4.880582,
        "26": 4.316,
        "27": 8.571404,
        "28": 5.474625,
        "29": 4.538566,
        "30": 1.926564,
        "31": 5.645881,
        "32": 4.395036,
        "33": 2.585444,
        "34": 6.484846,
        "35": 0.859109,
        "36": 6.478025,
        "37": 3.06997,
        "38": 2.616009,
        "39": 5.95655,
        "40": 1.793928,
        "41": 2.971811,
        "42": 3.834212,
        "43": 6.381754,
        "44": 3.852922,
        "45": 7.737223,
        "46": 4.460851,
        "47": 3.440861,
        "48": 1.547199,
        "49": 2.094421,
        "50": 3.309107,
        "51": 5.866056,
        "52": 3.581188,
        "53": 3.131797,
        "54": 4.841779,
        "55": 4.371447,
        "56": 4.176907,
        "57": 4.78702,
        "58": 4.895923,
        "59": 6.093876,
        "60": 6.935063,
        "61": 5.130549,
        "62": 2.903905,
        "63": 4.23268,
        "64": 5.216316,
        "65": 2.489013,
        "66": 5.476001,
        "67": 3.175998,
        "68": 5.695633,
        "69": 9.654284,
        "70": 4.802183,
        "71": 5.675698,
        "72": 1.888277,
        "73": 4.002038,
        "74": 6.651498,
        "75": 6.18465,
        "76": 2.403874,
        "77": 5.333733,
        "78": 5.479149,
        "79": 5.033869,
        "80": 7.070946,
        "81": 3.981633,
        "82": 3.756591,
        "83": 1.485122,
        "84": 3.176,
        "85": 3.629094,
        "86": 1.445224,
        "87": 4.836096,
        "88": 7.445807,
        "89": 3.660146,
        "90": 5.510312,
        "91": 3.071344,
        "92": 2.638354,
        "93": 11.202135,
        "94": 4.315154,
        "95": 4.421249,
        "96": 5.179845,
        "97": 3.569611,
        "98": 5.675354,
        "99": 5.999714,
        "100": 4.414161,
        "101": 6.036225,
        "102": 3.357286,
        "103": 7.606469,
        "104": 2.052683,
        "105": 7.435902,
        "106": 4.492226,
        "107": 2.089484,
        "108": 1.095665,
        "109": 3.318492,
        "110": 3.040917,
        "111": 1.911895,
        "112": 4.9807,
        "113": 3.899862,
        "114": 0.654825,
        "115": 2.064026,
        "116": 0.990101,
        "117": 3.50236,
        "118": 3.091022,
        "119": 5.008107,
        "120": 9.142021,
        "121": 3.118465,
        "122": 2.652161,
        "123": 1.283368,
        "124": 6.447095,
        "125": 8.007777,
        "126": 15.821175,
        "127": 5.471806,
        "128": 1.831998,
        "129": 2.865652,
        "130": 3.97758,
        "131": 3.903171,
        "132": 4.061664,
        "133": 5.1491,
        "134": 2.381705,
        "135": 2.33592,
        "136": 3.380922,
        "137": 5.997322,
        "138": 4.022465,
        "139": 4.269828,
        "140": 6.381872,
        "141": 6.2752,
        "142": 6.282996,
        "143": 2.779296,
        "144": 3.16976,
        "145": 3.902878,
        "146": 4.155486,
        "147": 3.274419,
        "148": 1.865216,
        "149": 5.311844,
        "150": 6.472529,
        "151": 6.788393,
        "152": 5.242345,
        "153": 4.796447,
        "154": 2.580228,
        "155": 4.797945,
        "156": 3.412936,
        "157": 3.729665,
        "158": 6.365606,
        "159": 4.811644,
        "160": 2.484209,
        "161": 1.410941,
        "162": 2.903384,
        "163": 1.316711,
        "164": 2.645388,
        "165": 3.284431,
        "166": 5.55439,
        "167": 7.113647,
        "168": 3.169609,
        "169": 6.446184,
        "170": 4.414956,
        "171": 1.200629,
        "172": 3.102221,
        "173": 4.068743,
        "174": 2.296913,
        "175": 2.6542,
        "176": 4.595884
      }
    },
    "medium": {
      "utilization_fraction": 0.5,
      "edge_latencies_ms": {
        "0": 6.781947,
        "1": 3.786036,
        "2": 5.480441,
        "3": 1.802176,
        "4": 7.352749,
        "5": 4.867803,
        "6": 6.200099,
        "7": 5.955197,
        "8": 4.463782,
        "9": 5.842263,
        "10": 3.535851,
        "11": 4.969537,
        "12": 4.489942,
        "13": 4.858032,
        "14": 4.359513,
        "15": 3.076273,
        "16": 4.385173,
        "17": 4.849037,
        "18": 4.454605,
        "19": 4.787195,
        "20": 5.081835,
        "21": 2.40484,
        "22": 4.000756,
        "23": 3.971596,
        "24": 4.031758,
        "25": 4.881594,
        "26": 4.317037,
        "27": 8.572866,
        "28": 5.478772,
        "29": 4.541463,
        "30": 1.92732,
        "31": 5.647872,
        "32": 4.396287,
        "33": 2.591466,
        "34": 6.491367,
        "35": 0.860263,
        "36": 6.480148,
        "37": 3.071352,
        "38": 2.617051,
        "39": 5.957506,
        "40": 1.796625,
        "41": 2.972574,
        "42": 3.834997,
        "43": 6.384755,
        "44": 3.854735,
        "45": 7.738349,
        "46": 4.461831,
        "47": 3.441627,
        "48": 1.548219,
        "49": 2.095194,
        "50": 3.310977,
        "51": 5.86719,
        "52": 3.583972,
        "53": 3.13304,
        "54": 4.842673,
        "55": 4.37236,
        "56": 4.183871,
        "57": 4.788244,
        "58": 4.94185,
        "59": 6.096785,
        "60": 6.939204,
        "61": 5.131752,
        "62": 2.906432,
        "63": 4.234298,
        "64": 5.217086,
        "65": 2.490019,
        "66": 5.476793,
        "67": 3.177296,
        "68": 5.696443,
        "69": 9.65674,
        "70": 4.803448,
        "71": 5.678822,
        "72": 1.890511,
        "73": 4.004861,
        "74": 6.652523,
        "75": 6.188057,
        "76": 2.410561,
        "77": 5.341124,
        "78": 5.484381,
        "79": 5.036334,
        "80": 7.072216,
        "81": 3.98345,
        "82": 3.758241,
        "83": 1.489565,
        "84": 3.177271,
        "85": 3.630136,
        "86": 1.446435,
        "87": 4.837113,
        "88": 7.447251,
        "89": 3.664537,
        "90": 5.511717,
        "91": 3.07497,
        "92": 2.64481,
        "93": 11.221172,
        "94": 4.31606,
        "95": 4.422772,
        "96": 5.180743,
        "97": 3.570656,
        "98": 5.678257,
        "99": 6.000603,
        "100": 4.415147,
        "101": 6.038679,
        "102": 3.358102,
        "103": 7.614716,
        "104": 2.058512,
        "105": 7.43678,
        "106": 4.496287,
        "107": 2.090399,
        "108": 1.099867,
        "109": 3.31945,
        "110": 3.042047,
        "111": 1.912887,
        "112": 4.981726,
        "113": 3.901008,
        "114": 0.657659,
        "115": 2.065328,
        "116": 0.993035,
        "117": 3.504676,
        "118": 3.096896,
        "119": 5.010281,
        "120": 9.14308,
        "121": 3.119402,
        "122": 2.653049,
        "123": 1.285488,
        "124": 6.455333,
        "125": 8.036422,
        "126": 15.833889,
        "127": 5.4726,
        "128": 1.832878,
        "129": 2.868137,
        "130": 3.978993,
        "131": 3.904214,
        "132": 4.062976,
        "133": 5.150271,
        "134": 2.382953,
        "135": 2.340926,
        "136": 3.382353,
        "137": 5.999272,
        "138": 4.024209,
        "139": 4.270712,
        "140": 6.385155,
        "141": 6.277213,
        "142": 6.283782,
        "143": 2.780662,