{
  "topology_id": 442,
  "load_conditions": {
    "low": {
      "utilization_fraction": 0.2,
      "edge_latencies_ms": {
        "0": 2.408482,
        "1": 3.407234,
        "2": 3.056062,
        "3": 3.004054,
        "4": 8.036744,
        "5": 1.665944,
        "6": 4.15658,
        "7": 3.810148,
        "8": 13.101046,
        "9": 11.811148,
        "10": 4.24328,
        "11": 3.811381,
        "12": 6.574095,
        "13": 6.063371,
        "14": 2.347531,
        "15": 4.80875,
        "16": 4.460212,
        "17": 1.582794,
        "18": 3.061712,
        "19": 15.34805,
        "20": 3.107499,
        "21": 6.495063,
        "22": 3.624647,
        "23": 5.262958,
        "24": 12.196045,
        "25": 11.77425,
        "26": 3.605171,
        "27": 12.992246,
        "28": 3.170063,
        "29": 17.696164,
        "30": 4.13407,
        "31": 3.459656,
        "32": 3.420587,
        "33": 5.793434,
        "34": 6.414228,
        "35": 3.470761,
        "36": 3.599453,
        "37": 3.015874,
        "38": 3.935222,
        "39": 4.364769,
        "40": 2.434051,
        "41": 3.18941,
        "42": 15.547965,
        "43": 1.032535,
        "44": 5.975892,
        "45": 2.762233,
        "46": 1.567128,
        "47": 13.151568,
        "48": 4.251578,
        "49": 2.750149,
        "50": 3.607283,
        "51": 5.276148,
        "52": 4.787102,
        "53": 2.811621,
        "54": 1.926503,
        "55": 1.736063,
        "56": 3.208481,
        "57": 3.406188,
        "58": 5.67709,
        "59": 2.191148,
        "60": 2.827966,
        "61": 4.412738,
        "62": 1.450913,
        "63": 3.678472,
        "64": 3.110467,
        "65": 1.479558,
        "66": 1.759733,
        "67": 3.593567,
        "68": 5.357533,
        "69": 4.686925,
        "70": 2.174826,
        "71": 4.34643,
        "72": 3.326359,
        "73": 6.09861,
        "74": 4.468501,
        "75": 4.838944,
        "76": 1.945202,
        "77": 3.69694,
        "78": 2.452492
      }
    },
    "medium": {
      "utilization_fraction": 0.5,
      "edge_latencies_ms": {
        "0": 2.409923,
        "1": 3.40861,
        "2": 3.057934,
        "3": 3.004888,
        "4": 8.046455,
        "5": 1.668007,
        "6": 4.158035,
        "7": 3.811758,
        "8": 13.111772,
        "9": 11.819764,
        "10": 4.244478,
        "11": 3.812666,
        "12": 6.575826,
        "13": 6.065148,
        "14": 2.348676,
        "15": 4.809656,
        "16": 4.46212,
        "17": 1.583911,
        "18": 3.063634,
        "19": 15.374115,
        "20": 3.108467,
        "21": 6.498314,
        "22": 3.626419,
        "23": 5.264124,
        "24": 12.21841,
        "25": 11.783369,
        "26": 3.606121,
        "27": 13.001108,
        "28": 3.172037,
        "29": 17.74027,
        "30": 4.138124,
        "31": 3.461207,
        "32": 3.421412,
        "33": 5.799169,
        "34": 6.415759,
        "35": 3.471726,
        "36": 3.600476,
        "37": 3.016779,
        "38": 3.937892,
        "39": 4.365703,
        "40": 2.435618,
        "41": 3.192626,
        "42": 15.561561,
        "43": 1.034073,
        "44": 5.977005,
        "45": 2.763967,
        "46": 1.568455,
        "47": 13.172756,
        "48": 4.252876,
        "49": 2.752682,
        "50": 3.608313,
        "51": 5.277131,
        "52": 4.788853,
        "53": 2.814882,
        "54": 1.927339,
        "55": 1.737375,
        "56": 3.209375,
        "57": 3.408889,
        "58": 5.679022,
        "59": 2.192049,
        "60": 2.831429,
        "61": 4.413534,
        "62": 1.452109,
        "63": 3.681656,
        "64": 3.111479,
        "65": 1.480854,
        "66": 1.760667,
        "67": 3.596611,
        "68": 5.360178,
        "69": 4.688282,
        "70": 2.176022,
        "71": 4.347969,
        "72": 3.328113,
        "73": 6.099424,
        "74": 4.469368,
        "75": 4.839709,
        "76": 1.947424,
        "77": 3.697844,
        "78": 2.454384
      }
    },
    "high": {
      "utilization_fraction": 0.8,
      "edge_latencies_ms": {
        "0": 2.41569,
        "1": 3.414117,
        "2": 3.065426,
        "3": 3.008225,
        "4": 8.085298,
        "5": 1.676258,
        "6": 4.163853,
        "7": 3.818198,
        "8": 13.154678,
        "9": 11.854227,
        "10": 4.249268,
        "11": 3.817809,
        "12": 6.582752,
        "13": 6.072257,
        "14": 2.353258,
        "15": 4.813277,
        "16": 4.469755,
        "17": 1.588377,
        "18": 3.071325,
        "19": 15.478374,
        "20": 3.112338,
        "21": 6.511319,
        "22": 3.633507,
        "23": 5.268788,
        "24": 12.307868,
        "25": 11.819844,
        "26": 3.60992,
        "27": 13.036556,
        "28": 3.179932,
        "29": 17.916692,
        "30": 4.154341,
        "31": 3.467411,
        "32": 3.424712,
        "33": 5.822108,
        "34": 6.421881,
        "35": 3.475582,
        "36": 3.60457,
        "37": 3.020398,
        "38": 3.94857,
        "39": 4.369438,
        "40": 2.44189,
        "41": 3.205493,
        "42": 15.615947,
        "43": 1.040226,
        "44": 5.981454,
        "45": 2.770905,
        "46": 1.573761,
        "47": 13.25751,
        "48": 4.258067,
        "49": 2.762813,
        "50": 3.612433,
        "51": 5.281063,
        "52": 4.795861,
        "53": 2.827929,
        "54": 1.930686,
        "55": 1.742622,
        "56": 3.21295,
        "57": 3.419691,
        "58": 5.68675,
        "59": 2.195655,
        "60": 2.845279,
        "61": 4.416718,
        "62": 1.456894,
        "63": 3.694392,
        "64": 3.11553,
        "65": 1.486038,
        "66": 1.764402,
        "67": 3.608791,
        "68": 5.37076,
        "69": 4.69371,
        "70": 2.180806,
        "71": 4.354124,
        "72": 3.335127,
        "73": 6.102683,
        "74": 4.472835,
        "75": 4.84277,
        "76": 1.956313,
        "77": 3.701458,
        "78": 2.461952
      }
    },
    "flash": {
      "utilization_fraction": 0.95,
      "edge_latencies_ms": {
        "0": 2.444522,
        "1": 3.441649,
        "2": 3.102882,
        "3": 3.024911,
        "4": 8.279511,
        "5": 1.717513,
        "6": 4.192945,
        "7": 3.850397,
        "8": 13.369204,
        "9": 12.026547,
        "10": 4.273221,
        "11": 3.84352,
        "12": 6.617379,
        "13": 6.107797,
        "14": 2.376166,
        "15": 4.831382,
        "16": 4.507925,
        "17": 1.610709,
        "18": 3.10978,
        "19": 15.999668,
        "20": 3.131696,
        "21": 6.576343,
        "22": 3.668945,
        "23": 5.29211,
        "24": 12.755157,
        "25": 12.002218,
        "26": 3.628917,
        "27": 13.213796,
        "28": 3.219408,
        "29": 18.798805,
        "30": 4.235422,
        "31": 3.498428,
        "32": 3.441212,
        "33": 5.936803,
        "34": 6.452492,
        "35": 3.494865,
        "36": 3.625037,
        "37": 3.038492,
        "38": 4.001963,
        "39": 4.388113,
        "40": 2.473246,
        "41": 3.269827,
        "42": 15.887877,
        "43": 1.070991,
        "44": 6.003699,
        "45": 2.805594,
        "46": 1.600292,
        "47": 13.681276,
        "48": 4.284025,
        "49": 2.81347,
        "50": 3.633033,
        "51": 5.300719,
        "52": 4.830897,
        "53": 2.893164,
        "54": 1.947418,
        "55": 1.768859,
        "56": 3.230823,
        "57": 3.4737,
        "58": 5.725392,
        "59": 2.213685,
        "60": 2.914531,
        "61": 4.43264,
        "62": 1.480819,
        "63": 3.758069,
        "64": 3.135784,
        "65": 1.511959,
        "66": 1.783078,
        "67": 3.66969,
        "68": 5.423668,
        "69": 4.720851,
        "70": 2.204727,
        "71": 4.384901,
        "72": 3.370198,
        "73": 6.118974,
        "74": 4.49017,
        "75": 4.858076,
        "76": 2.00076,
        "77": 3.719532,
        "78": 2.499794
      }
    }
  }
}