{
  "topology_id": 233,
  "load_conditions": {
    "low": {
      "utilization_fraction": 0.2,
      "edge_latencies_ms": {
        "0": 5.941169,
        "1": 2.638074,
        "2": 3.410903,
        "3": 6.420618,
        "4": 4.24799,
        "5": 7.73661,
        "6": 5.755833,
        "7": 5.777892,
        "8": 2.431863,
        "9": 3.726644,
        "10": 1.842765,
        "11": 2.576864,
        "12": 4.305646,
        "13": 2.473377,
        "14": 11.087931,
        "15": 11.995245,
        "16": 15.152065,
        "17": 1.511881,
        "18": 3.162063,
        "19": 5.617118,
        "20": 4.946858,
        "21": 2.834612,
        "22": 1.251551,
        "23": 7.381886,
        "24": 8.174897,
        "25": 4.275054,
        "26": 6.402703,
        "27": 5.431328,
        "28": 2.381404
      }
    },
    "medium": {
      "utilization_fraction": 0.5,
      "edge_latencies_ms": {
        "0": 5.942061,
        "1": 2.64069,
        "2": 3.411785,
        "3": 6.421567,
        "4": 4.248941,
        "5": 7.746208,
        "6": 5.756832,
        "7": 5.788872,
        "8": 2.433689,
        "9": 3.7274,
        "10": 1.843734,
        "11": 2.57794,
        "12": 4.307374,
        "13": 2.475,
        "14": 11.102515,
        "15": 12.009876,
        "16": 15.161312,
        "17": 1.514513,
        "18": 3.164904,
        "19": 5.618576,
        "20": 4.947781,
        "21": 2.835426,
        "22": 1.252409,
        "23": 7.383816,
        "24": 8.175932,
        "25": 4.275805,
        "26": 6.406206,
        "27": 5.434819,
        "28": 2.382994
      }
    },
    "high": {
      "utilization_fraction": 0.8,
      "edge_latencies_ms": {
        "0": 5.945626,
        "1": 2.651152,
        "2": 3.415314,
        "3": 6.425361,
        "4": 4.252746,
        "5": 7.784601,
        "6": 5.760825,
        "7": 5.83279,
        "8": 2.440993,
        "9": 3.730425,
        "10": 1.847608,
        "11": 2.582243,
        "12": 4.314284,
        "13": 2.48149,
        "14": 11.16085,
        "15": 12.0684,
        "16": 15.198303,
        "17": 1.525043,
        "18": 3.176267,
        "19": 5.624407,
        "20": 4.951474,
        "21": 2.838684,
        "22": 1.255842,
        "23": 7.39154,
        "24": 8.180073,
        "25": 4.27881,
        "26": 6.420219,
        "27": 5.448783,
        "28": 2.389354
      }
    },
    "flash": {
      "utilization_fraction": 0.95,
      "edge_latencies_ms": {
        "0": 5.963452,
        "1": 2.703465,
        "2": 3.432957,
        "3": 6.444334,
        "4": 4.271772,
        "5": 7.976563,
        "6": 5.780793,
        "7": 6.052384,
        "8": 2.477516,
        "9": 3.74555,
        "10": 1.866981,
        "11": 2.603763,
        "12": 4.348835,
        "13": 2.513942,
        "14": 11.452524,
        "15": 12.361023,
        "16": 15.383256,
        "17": 1.57769,
        "18": 3.233083,
        "19": 5.653564,
        "20": 4.969939,
        "21": 2.854971,
        "22": 1.273005,
        "23": 7.430155,
        "24": 8.200774,
        "25": 4.293834,
        "26": 6.490285,
        "27": 5.518602,
        "28": 2.421156
      }
    }
  }
}