{
  "topology_id": 95,
  "load_conditions": {
    "low": {
      "utilization_fraction": 0.2,
      "edge_latencies_ms": {
        "0": 6.25124,
        "1": 3.398155,
        "2": 7.250738,
        "3": 2.958086,
        "4": 4.730963,
        "5": 5.600054,
        "6": 3.244593,
        "7": 5.526935,
        "8": 3.005458,
        "9": 15.700762,
        "10": 2.457205,
        "11": 4.071141,
        "12": 4.570883,
        "13": 2.35046,
        "14": 4.066647,
        "15": 5.479341,
        "16": 4.79423,
        "17": 2.876606,
        "18": 2.409665,
        "19": 16.892413,
        "20": 3.313687,
        "21": 2.235502,
        "22": 1.533375,
        "23": 4.357978,
        "24": 11.455965,
        "25": 4.660625,
        "26": 14.52133,
        "27": 3.896966,
        "28": 0.91456,
        "29": 3.696217,
        "30": 5.987976,
        "31": 2.405644,
        "32": 13.890392,
        "33": 3.871213,
        "34": 3.721474,
        "35": 1.646008,
        "36": 1.386976,
        "37": 6.104294,
        "38": 2.658373,
        "39": 3.87771,
        "40": 5.641486,
        "41": 2.646065,
        "42": 7.281611,
        "43": 11.318824,
        "44": 2.843525,
        "45": 3.292833,
        "46": 2.170842,
        "47": 3.07907,
        "48": 4.852549,
        "49": 1.984914,
        "50": 6.563532,
        "51": 3.482887,
        "52": 4.083819,
        "53": 5.299772,
        "54": 6.315527,
        "55": 6.843557,
        "56": 3.122526,
        "57": 6.938655,
        "58": 2.860778,
        "59": 3.35859,
        "60": 3.375639,
        "61": 2.9639,
        "62": 4.303139,
        "63": 2.868825,
        "64": 4.438899,
        "65": 1.225544,
        "66": 3.529098,
        "67": 2.26758,
        "68": 4.622036
      }
    },
    "medium": {
      "utilization_fraction": 0.5,
      "edge_latencies_ms": {
        "0": 6.254002,
        "1": 3.399275,
        "2": 7.257992,
        "3": 2.961817,
        "4": 4.733915,
        "5": 5.601413,
        "6": 3.246105,
        "7": 5.53111,
        "8": 3.007952,
        "9": 15.708976,
        "10": 2.458078,
        "11": 4.076579,
        "12": 4.572211,
        "13": 2.351574,
        "14": 4.067434,
        "15": 5.480154,
        "16": 4.795505,
        "17": 2.8801,
        "18": 2.413406,
        "19": 16.90052,
        "20": 3.31565,
        "21": 2.238084,
        "22": 1.534463,
        "23": 4.358803,
        "24": 11.502333,
        "25": 4.661638,
        "26": 14.528929,
        "27": 3.899605,
        "28": 0.91592,
        "29": 3.701356,
        "30": 5.988987,
        "31": 2.407299,
        "32": 13.898394,
        "33": 3.873965,
        "34": 3.723458,
        "35": 1.647067,
        "36": 1.38814,
        "37": 6.105487,
        "38": 2.659641,
        "39": 3.8793,
        "40": 5.642585,
        "41": 2.647123,
        "42": 7.312765,
        "43": 11.338167,
        "44": 2.844297,
        "45": 3.294928,
        "46": 2.171723,
        "47": 3.081901,
        "48": 4.853441,
        "49": 1.985853,
        "50": 6.564494,
        "51": 3.485052,
        "52": 4.084756,
        "53": 5.301796,
        "54": 6.316283,
        "55": 6.844739,
        "56": 3.123635,
        "57": 6.942456,
        "58": 2.861551,
        "59": 3.36116,
        "60": 3.376429,
        "61": 2.964867,
        "62": 4.303923,
        "63": 2.873401,
        "64": 4.44191,
        "65": 1.226407,
        "66": 3.530026,
        "67": 2.269112,
        "68": 4.62383
      }
    },
    "high": {
      "utilization_fraction": 0.8,
      "edge_latencies_ms": {
        "0": 6.265051,
        "1": 3.403754,
        "2": 7.28701,
        "3": 2.976743,
        "4": 4.745725,
        "5": 5.606848,
        "6": 3.252156,
        "7": 5.547808,
        "8": 3.017924,
        "9": 15.741834,
        "10": 2.46157,
        "11": 4.098329,
        "12": 4.577527,
        "13": 2.356028,
        "14": 4.070581,
        "15": 5.483407,
        "16": 4.800604,
        "17": 2.894076,
        "18": 2.428371,
        "19": 16.93295,
        "20": 3.323502,
        "21": 2.248414,
        "22": 1.538814,
        "23": 4.362101,
        "24": 11.687803,
        "25": 4.66569,
        "26": 14.559326,
        "27": 3.91016,
        "28": 0.921359,
        "29": 3.721912,
        "30": 5.993032,
        "31": 2.413921,
        "32": 13.930398,
        "33": 3.884976,
        "34": 3.731396,
        "35": 1.651305,
        "36": 1.392795,
        "37": 6.11026,
        "38": 2.664715,
        "39": 3.885658,
        "40": 5.64698,
        "41": 2.651355,
        "42": 7.437382,
        "43": 11.415538,
        "44": 2.847386,
        "45": 3.303311,
        "46": 2.175246,
        "47": 3.093224,
        "48": 4.85701,
        "49": 1.989613,
        "50": 6.568346,
        "51": 3.493713,
        "52": 4.088505,
        "53": 5.309891,
        "54": 6.319304,
        "55": 6.849469,
        "56": 3.128071,
        "57": 6.95766,
        "58": 2.864644,
        "59": 3.37144,
        "60": 3.379591,
        "61": 2.968733,
        "62": 4.307058,
        "63": 2.891703,
        "64": 4.453956,
        "65": 1.229861,
        "66": 3.533738,
        "67": 2.275242,
        "68": 4.631007
      }
    },
    "flash": {
      "utilization_fraction": 0.95,
      "edge_latencies_ms": {
        "0": 6.320295,
        "1": 3.426149,
        "2": 7.4321,
        "3": 3.051374,
        "4": 4.804772,
        "5": 5.634022,
        "6": 3.282409,
        "7": 5.631303,
        "8": 3.067787,
        "9": 15.906126,
        "10": 2.479028,
        "11": 4.207079,
        "12": 4.604105,
        "13": 2.378299,
        "14": 4.086315,
        "15": 5.49967,
        "16": 4.826099,
        "17": 2.963957,
        "18": 2.503193,
        "19": 17.095098,
        "20": 3.362762,
        "21": 2.300063,
        "22": 1.560568,
        "23": 4.37859,
        "24": 12.615156,
        "25": 4.685948,
        "26": 14.711309,
        "27": 3.962932,
        "28": 0.948555,
        "29": 3.824692,
        "30": 6.013257,
        "31": 2.44703,
        "32": 14.09042,
        "33": 3.94003,
        "34": 3.771081,
        "35": 1.672491,
        "36": 1.416071,
        "37": 6.134125,
        "38": 2.690085,
        "39": 3.917451,
        "40": 5.668955,
        "41": 2.672514,
        "42": 8.060466,
        "43": 11.802396,
        "44": 2.862832,
        "45": 3.345222,
        "46": 2.19286,
        "47": 3.149839,
        "48": 4.874854,
        "49": 2.00841,
        "50": 6.587603,
        "51": 3.537018,
        "52": 4.107252,
        "53": 5.350366,
        "54": 6.334412,
        "55": 6.873117,
        "56": 3.150251,
        "57": 7.033681,
        "58": 2.880111,
        "59": 3.422842,
        "60": 3.3954,
        "61": 2.988062,
        "62": 4.32273,
        "63": 2.983212,
        "64": 4.514186,
        "65": 1.247131,
        "66": 3.552298,
        "67": 2.305891,
        "68": 4.666887
      }
    }
  }
}