{
  "topology_id": 270,
  "load_conditions": {
    "low": {
      "utilization_fraction": 0.2,
      "edge_latencies_ms": {
        "0": 3.70064,
        "1": 3.076334,
        "2": 5.456427,
        "3": 3.286176,
        "4": 4.172285,
        "5": 7.988518,
        "6": 4.049882,
        "7": 6.327418,
        "8": 6.949189,
        "9": 5.934767,
        "10": 11.427725,
        "11": 4.712869,
        "12": 5.801327,
        "13": 5.56104,
        "14": 6.581001,
        "15": 3.914129,
        "16": 2.628775,
        "17": 3.042822,
        "18": 4.324046,
        "19": 3.84141,
        "20": 5.006378
      }
    },
    "medium": {
      "utilization_fraction": 0.5,
      "edge_latencies_ms": {
        "0": 3.701992,
        "1": 3.078257,
        "2": 5.457715,
        "3": 3.28893,
        "4": 4.17305,
        "5": 7.9988,
        "6": 4.051592,
        "7": 6.336476,
        "8": 6.958055,
        "9": 5.940275,
        "10": 11.438799,
        "11": 4.713839,
        "12": 5.802559,
        "13": 5.561815,
        "14": 6.582065,
        "15": 3.915124,
        "16": 2.629854,
        "17": 3.04405,
        "18": 4.327536,
        "19": 3.842942,
        "20": 5.007189
      }
    },
    "high": {
      "utilization_fraction": 0.8,
      "edge_latencies_ms": {
        "0": 3.707401,
        "1": 3.085949,
        "2": 5.462869,
        "3": 3.29995,
        "4": 4.176108,
        "5": 8.039931,
        "6": 4.058431,
        "7": 6.372709,
        "8": 6.993518,
        "9": 5.962304,
        "10": 11.483097,
        "11": 4.717722,
        "12": 5.807487,
        "13": 5.564916,
        "14": 6.586322,
        "15": 3.919104,
        "16": 2.634173,
        "17": 3.048964,
        "18": 4.341498,
        "19": 3.849072,
        "20": 5.010434
      }
    },
    "flash": {
      "utilization_fraction": 0.95,
      "edge_latencies_ms": {
        "0": 3.734444,
        "1": 3.124413,
        "2": 5.488638,
        "3": 3.355046,
        "4": 4.191401,
        "5": 8.245585,
        "6": 4.092627,
        "7": 6.553872,
        "8": 7.170835,
        "9": 6.07245,
        "10": 11.704584,
        "11": 4.737134,
        "12": 5.832127,
        "13": 5.58042,
        "14": 6.607609,
        "15": 3.939008,
        "16": 2.655766,
        "17": 3.073531,
        "18": 4.41131,
        "19": 3.879719,
        "20": 5.026655
      }
    }
  }
}