{
  "topology_id": 235,
  "load_conditions": {
    "low": {
      "utilization_fraction": 0.2,
      "edge_latencies_ms": {
        "0": 5.86577,
        "1": 4.624221,
        "2": 3.816722,
        "3": 3.14935,
        "4": 2.945602,
        "5": 5.723157,
        "6": 4.879306,
        "7": 7.403465,
        "8": 5.393011,
        "9": 7.977055,
        "10": 6.825432,
        "11": 3.133717,
        "12": 5.136321,
        "13": 4.968544,
        "14": 6.177336,
        "15": 7.785696,
        "16": 2.895625,
        "17": 3.395131,
        "18": 16.40267,
        "19": 10.369775,
        "20": 5.934617,
        "21": 7.031666,
        "22": 4.743773,
        "23": 7.030843,
        "24": 4.300147,
        "25": 1.30046,
        "26": 7.647237,
        "27": 7.779229,
        "28": 2.841976,
        "29": 5.929688,
        "30": 7.534393,
        "31": 7.154311,
        "32": 5.823525,
        "33": 6.532411,
        "34": 7.850522,
        "35": 3.908343,
        "36": 2.186452,
        "37": 4.141474,
        "38": 4.236267,
        "39": 9.268519,
        "40": 3.84577,
        "41": 2.361623,
        "42": 4.109774,
        "43": 4.90724,
        "44": 4.15484,
        "45": 4.298924,
        "46": 2.215627,
        "47": 2.844477,
        "48": 4.49134,
        "49": 3.23857,
        "50": 3.173657,
        "51": 3.017134,
        "52": 1.199066,
        "53": 1.834249,
        "54": 6.459588,
        "55": 2.421442,
        "56": 11.517865,
        "57": 3.511301,
        "58": 1.862013,
        "59": 4.514704,
        "60": 4.349641,
        "61": 3.001797,
        "62": 1.1102,
        "63": 2.963291,
        "64": 3.122104,
        "65": 2.964694,
        "66": 2.958442,
        "67": 4.04271,
        "68": 3.853739,
        "69": 1.519321,
        "70": 3.778921,
        "71": 5.088068,
        "72": 4.318339,
        "73": 1.633604,
        "74": 6.41435,
        "75": 2.917007,
        "76": 8.950227,
        "77": 4.04203,
        "78": 5.071393,
        "79": 5.083787,
        "80": 2.204226,
        "81": 2.680735,
        "82": 4.176216,
        "83": 2.83866,
        "84": 1.923649,
        "85": 3.676889,
        "86": 3.933261,
        "87": 3.623411,
        "88": 1.732072,
        "89": 8.02158,
        "90": 3.30984,
        "91": 2.664648,
        "92": 4.310604,
        "93": 5.240108,
        "94": 5.040222,
        "95": 5.03609
      }
    },
    "medium": {
      "utilization_fraction": 0.5,
      "edge_latencies_ms": {
        "0": 5.866728,
        "1": 4.62514,
        "2": 3.819595,
        "3": 3.150333,
        "4": 2.947076,
        "5": 5.724839,
        "6": 4.880388,
        "7": 7.404685,
        "8": 5.393774,
        "9": 7.978404,
        "10": 6.826508,
        "11": 3.13641,
        "12": 5.138088,
        "13": 4.969571,
        "14": 6.178199,
        "15": 7.786872,
        "16": 2.896734,
        "17": 3.399369,
        "18": 16.456756,
        "19": 10.381218,
        "20": 5.947385,
        "21": 7.03254,
        "22": 4.747454,
        "23": 7.033649,
        "24": 4.307397,
        "25": 1.301262,
        "26": 7.648953,
        "27": 7.780062,
        "28": 2.843262,
        "29": 5.931557,
        "30": 7.54032,
        "31": 7.156098,
        "32": 5.824803,
        "33": 6.54973,
        "34": 7.858579,
        "35": 3.909263,
        "36": 2.187353,
        "37": 4.142972,
        "38": 4.238174,
        "39": 9.276048,
        "40": 3.847063,
        "41": 2.362424,
        "42": 4.111282,
        "43": 4.908444,
        "44": 4.156158,
        "45": 4.30009,
        "46": 2.216452,
        "47": 2.84541,
        "48": 4.492168,
        "49": 3.244294,
        "50": 3.177929,
        "51": 3.018504,
        "52": 1.200381,
        "53": 1.837495,
        "54": 6.461174,
        "55": 2.422808,
        "56": 11.528057,
        "57": 3.512691,
        "58": 1.863599,
        "59": 4.516416,
        "60": 4.350812,
        "61": 3.003839,
        "62": 1.111585,
        "63": 2.96447,
        "64": 3.12301,
        "65": 2.965685,
        "66": 2.963135,
        "67": 4.043592,
        "68": 3.854635,
        "69": 1.520488,
        "70": 3.784153,
        "71": 5.089169,
        "72": 4.320474,
        "73": 1.638875,
        "74": 6.416718,
        "75": 2.917878,
        "76": 8.952118,
        "77": 4.04313,
        "78": 5.073353,
        "79": 5.084993,
        "80": 2.205095,
        "81": 2.682058,
        "82": 4.17977,
        "83": 2.84021,
        "84": 1.925253,
        "85": 3.677717,
        "86": 3.934391,
        "87": 3.624956,
        "88": 1.73753,
        "89": 8.023222,
        "90": 3.311575,
        "91": 2.665987,
        "92": 4.31164,
        "93": 5.244415,
        "94": 5.041256,
        "95": 5.038145
      }
    },
    "high": {
      "utilization_fraction": 0.8,
      "edge_latencies_ms": {
        "0": 5.870558,
        "1": 4.628816,
        "2": 3.831087,
        "3": 3.154265,
        "4": 2.952974,
        "5": 5.731565,
        "6": 4.884714,
        "7": 7.409569,
        "8": 5.396822,
        "9": 7.983801,
        "10": 6.830812,
        "11": 3.147182,
        "12": 5.145158,
        "13": 4.97368,
        "14": 6.181652,
        "15": 7.791575,
        "16": 2.901169,
        "17": 3.416324,
        "18": 16.673102,
        "19": 10.426991,
        "20": 5.998459,
        "21": 7.036034,
        "22": 4.762176,
        "23": 7.044873,
        "24": 4.336396,
        "25": 1.304469,
        "26": 7.655816,
        "27": 7.783398,
        "28": 2.848407,
        "29": 5.93903,
        "30": 7.564026,
        "31": 7.163247,
        "32": 5.829917,
        "33": 6.619002,
        "34": 7.890805,
        "35": 3.912943,
        "36": 2.190956,
        "37": 4.148965,
        "38": 4.245801,
        "39": 9.306164,
        "40": 3.852235,
        "41": 2.365627,
        "42": 4.117317,
        "43": 4.913258,
        "44": 4.161433,
        "45": 4.304756,
        "46": 2.219752,
        "47": 2.849139,
        "48": 4.495479,
        "49": 3.267191,
        "50": 3.195018,
        "51": 3.023983,
        "52": 1.20564,
        "53": 1.850482,
        "54": 6.46752,
        "55": 2.428269,
        "56": 11.568827,
        "57": 3.518251,
        "58": 1.869945,
        "59": 4.523266,
        "60": 4.355493,
        "61": 3.012008,
        "62": 1.117124,
        "63": 2.969183,
        "64": 3.126635,
        "65": 2.96965,
        "66": 2.98191,
        "67": 4.047123,
        "68": 3.85822,
        "69": 1.525157,
        "70": 3.805081,
        "71": 5.093571,
        "72": 4.329015,
        "73": 1.65996,
        "74": 6.426189,
        "75": 2.921361,
        "76": 8.959684,
        "77": 4.047528,
        "78": 5.081195,
        "79": 5.089817,
        "80": 2.208573,
        "81": 2.687351,
        "82": 4.193984,
        "83": 2.846407,
        "84": 1.931671,
        "85": 3.68103,
        "86": 3.938911,
        "87": 3.631139,
        "88": 1.759362,
        "89": 8.029792,
        "90": 3.318516,
        "91": 2.671346,
        "92": 4.315785,
        "93": 5.261644,
        "94": 5.045396,
        "95": 5.046362
      }
    },
    "flash": {
      "utilization_fraction": 0.95,
      "edge_latencies_ms": {
        "0": 5.889713,
        "1": 4.647198,
        "2": 3.888548,
        "3": 3.173926,
        "4": 2.982461,
        "5": 5.765195,
        "6": 4.906346,
        "7": 7.433988,
        "8": 5.412066,
        "9": 8.010788,
        "10": 6.852333,
        "11": 3.201044,
        "12": 5.180505,
        "13": 4.994223,
        "14": 6.198915,
        "15": 7.815092,
        "16": 2.923344,
        "17": 3.501095,
        "18": 17.754831,
        "19": 10.655854,
        "20": 6.253826,
        "21": 7.053502,
        "22": 4.835785,
        "23": 7.100993,
        "24": 4.481392,
        "25": 1.320505,
        "26": 7.690132,
        "27": 7.800076,
        "28": 2.87413,
        "29": 5.976395,
        "30": 7.682555,