{
  "topology_id": 289,
  "load_conditions": {
    "low": {
      "utilization_fraction": 0.2,
      "edge_latencies_ms": {
        "0": 3.240147,
        "1": 2.860825,
        "2": 3.953341,
        "3": 4.398241,
        "4": 3.954423,
        "5": 8.008533,
        "6": 3.308742,
        "7": 3.630846,
        "8": 9.767226,
        "9": 3.147023,
        "10": 5.018803,
        "11": 11.4332,
        "12": 2.702942,
        "13": 1.769952,
        "14": 10.520842,
        "15": 1.937754,
        "16": 0.640739,
        "17": 5.463808,
        "18": 5.869723,
        "19": 3.966097,
        "20": 4.177575,
        "21": 5.403138,
        "22": 3.293115,
        "23": 4.961447,
        "24": 4.363575,
        "25": 1.546457,
        "26": 3.371137,
        "27": 2.415932,
        "28": 1.101703,
        "29": 2.53126,
        "30": 0.998975,
        "31": 4.737012,
        "32": 1.731211,
        "33": 5.665534,
        "34": 2.440371,
        "35": 3.838036,
        "36": 4.098193,
        "37": 1.209951,
        "38": 3.284788,
        "39": 2.726015,
        "40": 4.992405,
        "41": 7.219879,
        "42": 5.737894,
        "43": 2.572709,
        "44": 3.13712,
        "45": 4.305341,
        "46": 3.811525,
        "47": 5.624001,
        "48": 3.163829,
        "49": 2.756495,
        "50": 3.926243,
        "51": 4.533398,
        "52": 4.599394,
        "53": 5.683899,
        "54": 8.366884,
        "55": 5.834355,
        "56": 3.817575,
        "57": 6.283242,
        "58": 5.018896,
        "59": 2.464951,
        "60": 1.102303,
        "61": 3.569366,
        "62": 6.795463
      }
    },
    "medium": {
      "utilization_fraction": 0.5,
      "edge_latencies_ms": {
        "0": 3.241059,
        "1": 2.861751,
        "2": 3.985854,
        "3": 4.400308,
        "4": 3.955764,
        "5": 8.034208,
        "6": 3.309794,
        "7": 3.634699,
        "8": 9.780668,
        "9": 3.193382,
        "10": 5.022292,
        "11": 11.447417,
        "12": 2.703865,
        "13": 1.774464,
        "14": 10.537112,
        "15": 1.93877,
        "16": 0.64174,
        "17": 5.464566,
        "18": 5.870833,
        "19": 3.97218,
        "20": 4.179038,
        "21": 5.407907,
        "22": 3.3007,
        "23": 4.962593,
        "24": 4.364674,
        "25": 1.548885,
        "26": 3.372656,
        "27": 2.420981,
        "28": 1.106813,
        "29": 2.532333,
        "30": 1.000492,
        "31": 4.744094,
        "32": 1.73273,
        "33": 5.667794,
        "34": 2.443307,
        "35": 3.85998,
        "36": 4.103966,
        "37": 1.210778,
        "38": 3.291848,
        "39": 2.726894,
        "40": 5.014738,
        "41": 7.23065,
        "42": 5.73972,
        "43": 2.574885,
        "44": 3.178942,
        "45": 4.307538,
        "46": 3.812726,
        "47": 5.62701,
        "48": 3.165167,
        "49": 2.758151,
        "50": 3.946732,
        "51": 4.535076,
        "52": 4.603785,
        "53": 5.684863,
        "54": 8.368709,
        "55": 5.835115,
        "56": 3.821539,
        "57": 6.284429,
        "58": 5.019663,
        "59": 2.465852,
        "60": 1.103129,
        "61": 3.570646,
        "62": 6.797688
      }
    },
    "high": {
      "utilization_fraction": 0.8,
      "edge_latencies_ms": {
        "0": 3.24471,
        "1": 2.865459,
        "2": 4.115905,
        "3": 4.408576,
        "4": 3.961128,
        "5": 8.136908,
        "6": 3.314005,
        "7": 3.650113,
        "8": 9.834435,
        "9": 3.378818,
        "10": 5.036247,
        "11": 11.504286,
        "12": 2.707558,
        "13": 1.792513,
        "14": 10.602191,
        "15": 1.942838,
        "16": 0.645745,
        "17": 5.467598,
        "18": 5.875274,
        "19": 3.996512,
        "20": 4.184889,
        "21": 5.426982,
        "22": 3.331041,
        "23": 4.967178,
        "24": 4.369071,
        "25": 1.558594,
        "26": 3.378731,
        "27": 2.441178,
        "28": 1.127256,
        "29": 2.536626,
        "30": 1.00656,
        "31": 4.772422,
        "32": 1.738807,
        "33": 5.676838,
        "34": 2.455052,
        "35": 3.947758,
        "36": 4.127062,
        "37": 1.214087,
        "38": 3.32009,
        "39": 2.730409,
        "40": 5.104069,
        "41": 7.273735,
        "42": 5.747023,
        "43": 2.583589,
        "44": 3.346232,
        "45": 4.316328,
        "46": 3.817531,
        "47": 5.639046,
        "48": 3.170515,
        "49": 2.764775,
        "50": 4.028687,
        "51": 4.541788,
        "52": 4.621349,
        "53": 5.68872,
        "54": 8.37601,
        "55": 5.838155,
        "56": 3.837394,
        "57": 6.289178,
        "58": 5.022731,
        "59": 2.469454,
        "60": 1.106436,
        "61": 3.575767,
        "62": 6.806589
      }
    },
    "flash": {
      "utilization_fraction": 0.95,
      "edge_latencies_ms": {
        "0": 3.262964,
        "1": 2.883998,
        "2": 4.76616,
        "3": 4.449917,
        "4": 3.98795,
        "5": 8.65041,
        "6": 3.335057,
        "7": 3.727181,
        "8": 10.103268,
        "9": 4.305998,
        "10": 5.10602,
        "11": 11.788631,
        "12": 2.726019,
        "13": 1.882758,
        "14": 10.927588,
        "15": 1.963174,
        "16": 0.66577,
        "17": 5.482756,
        "18": 5.89748,
        "19": 4.118173,
        "20": 4.214146,
        "21": 5.522355,
        "22": 3.482743,
        "23": 4.990101,
        "24": 4.391053,
        "25": 1.607141,
        "26": 3.409105,
        "27": 2.542163,
        "28": 1.229467,
        "29": 2.558092,
        "30": 1.0369,
        "31": 4.914063,
        "32": 1.769193,
        "33": 5.722053,
        "34": 2.513779,
        "35": 4.386649,
        "36": 4.24254,
        "37": 1.230632,
        "38": 3.461299,
        "39": 2.747983,
        "40": 5.550725,
        "41": 7.489157,
        "42": 5.78354,
        "43": 2.62711,
        "44": 4.182683,
        "45": 4.360275,
        "46": 3.841554,
        "47": 5.699225,
        "48": 3.197259,
        "49": 2.797893,
        "50": 4.43846,
        "51": 4.57535,
        "52": 4.709168,
        "53": 5.708006,
        "54": 8.412512,
        "55": 5.853353,
        "56": 3.916671,
        "57": 6.312921,
        "58": 5.038069,
        "59": 2.487467,
        "60": 1.122971,
        "61": 3.601369,
        "62": 6.851097
      }
    }
  }
}