{
  "topology_id": 1,
  "load_conditions": {
    "low": {
      "utilization_fraction": 0.2,
      "edge_latencies_ms": {
        "0": 19.490429,
        "1": 12.752953,
        "2": 1.870341,
        "3": 5.421455,
        "4": 7.93372,
        "5": 18.800735,
        "6": 14.850984,
        "7": 13.162524,
        "8": 15.740291,
        "9": 6.096512,
        "10": 6.980281,
        "11": 9.722708,
        "12": 5.990413,
        "13": 5.175441,
        "14": 1.901375,
        "15": 9.023075,
        "16": 11.052509,
        "17": 14.692266,
        "18": 13.187351
      }
    },
    "medium": {
      "utilization_fraction": 0.5,
      "edge_latencies_ms": {
        "0": 19.491716,
        "1": 12.761813,
        "2": 1.871362,
        "3": 5.42582,
        "4": 7.944879,
        "5": 18.802939,
        "6": 14.853937,
        "7": 13.170095,
        "8": 15.741165,
        "9": 6.116048,
        "10": 6.981125,
        "11": 9.730833,
        "12": 5.991652,
        "13": 5.191763,
        "14": 1.9055,
        "15": 9.032302,
        "16": 11.060035,
        "17": 14.699064,
        "18": 13.209403
      }
    },
    "high": {
      "utilization_fraction": 0.8,
      "edge_latencies_ms": {
        "0": 19.496866,
        "1": 12.797253,
        "2": 1.875449,
        "3": 5.443282,
        "4": 7.989515,
        "5": 18.811755,
        "6": 14.865747,
        "7": 13.20038,
        "8": 15.744659,
        "9": 6.194194,
        "10": 6.984501,
        "11": 9.763332,
        "12": 5.996609,
        "13": 5.257051,
        "14": 1.922,
        "15": 9.069207,
        "16": 11.09014,
        "17": 14.726255,
        "18": 13.297612
      }
    },
    "flash": {
      "utilization_fraction": 0.95,
      "edge_latencies_ms": {
        "0": 19.522612,
        "1": 12.974454,
        "2": 1.895882,
        "3": 5.530587,
        "4": 8.212696,
        "5": 18.855836,
        "6": 14.924797,
        "7": 13.351803,
        "8": 15.76213,
        "9": 6.584921,
        "10": 7.001379,
        "11": 9.925828,
        "12": 6.021393,
        "13": 5.583493,
        "14": 2.004499,
        "15": 9.253731,
        "16": 11.240667,
        "17": 14.862211,
        "18": 13.738659
      }
    }
  }
}