{
  "topology_id": 119,
  "load_conditions": {
    "low": {
      "utilization_fraction": 0.2,
      "edge_latencies_ms": {
        "0": 4.875191,
        "1": 3.385637,
        "2": 4.847753,
        "3": 5.794735,
        "4": 4.659469,
        "5": 1.394626,
        "6": 5.717319,
        "7": 2.598718,
        "8": 1.894537,
        "9": 3.842907,
        "10": 4.617561,
        "11": 2.441516,
        "12": 4.928516,
        "13": 11.838529,
        "14": 2.856051,
        "15": 2.496229,
        "16": 2.771199,
        "17": 2.330844,
        "18": 3.598341,
        "19": 10.217026,
        "20": 14.323023,
        "21": 3.03311,
        "22": 3.960415,
        "23": 3.783035,
        "24": 3.478391,
        "25": 4.276732,
        "26": 5.182527,
        "27": 3.360831,
        "28": 4.691047,
        "29": 5.189357,
        "30": 1.817559,
        "31": 5.548079,
        "32": 1.047196,
        "33": 3.453646,
        "34": 7.049051,
        "35": 3.829199,
        "36": 5.492936,
        "37": 4.109041,
        "38": 3.599763,
        "39": 3.115411
      }
    },
    "medium": {
      "utilization_fraction": 0.5,
      "edge_latencies_ms": {
        "0": 4.876235,
        "1": 3.386995,
        "2": 4.849909,
        "3": 5.795523,
        "4": 4.661523,
        "5": 1.397159,
        "6": 5.719516,
        "7": 2.59986,
        "8": 1.895531,
        "9": 3.845914,
        "10": 4.619043,
        "11": 2.44292,
        "12": 4.929398,
        "13": 11.858924,
        "14": 2.856823,
        "15": 2.497016,
        "16": 2.772928,
        "17": 2.331709,
        "18": 3.59928,
        "19": 10.24399,
        "20": 14.352523,
        "21": 3.034231,
        "22": 3.961431,
        "23": 3.784823,
        "24": 3.484614,
        "25": 4.280309,
        "26": 5.183482,
        "27": 3.365266,
        "28": 4.692353,
        "29": 5.190449,
        "30": 1.819025,
        "31": 5.548855,
        "32": 1.048663,
        "33": 3.455037,
        "34": 7.055643,
        "35": 3.830478,
        "36": 5.493731,
        "37": 4.11125,
        "38": 3.601796,
        "39": 3.116403
      }
    },
    "high": {
      "utilization_fraction": 0.8,
      "edge_latencies_ms": {
        "0": 4.880411,
        "1": 3.39243,
        "2": 4.858534,
        "3": 5.798673,
        "4": 4.66974,
        "5": 1.407291,
        "6": 5.728302,
        "7": 2.604426,
        "8": 1.89951,
        "9": 3.857943,
        "10": 4.624972,
        "11": 2.448533,
        "12": 4.932925,
        "13": 11.940501,
        "14": 2.859907,
        "15": 2.500163,
        "16": 2.779845,
        "17": 2.335166,
        "18": 3.603036,
        "19": 10.351847,
        "20": 14.47052,
        "21": 3.038715,
        "22": 3.965497,
        "23": 3.791973,
        "24": 3.509508,
        "25": 4.294618,
        "26": 5.187303,
        "27": 3.383009,
        "28": 4.697576,
        "29": 5.194814,
        "30": 1.82489,
        "31": 5.551958,
        "32": 1.05453,
        "33": 3.460601,
        "34": 7.082011,
        "35": 3.835593,
        "36": 5.496911,
        "37": 4.120086,
        "38": 3.609926,
        "39": 3.120368
      }
    },
    "flash": {
      "utilization_fraction": 0.95,
      "edge_latencies_ms": {
        "0": 4.901288,
        "1": 3.419605,
        "2": 4.901655,
        "3": 5.814422,
        "4": 4.710822,
        "5": 1.457951,
        "6": 5.772232,
        "7": 2.627257,
        "8": 1.919402,
        "9": 3.918087,
        "10": 4.654614,
        "11": 2.476597,
        "12": 4.950562,
        "13": 12.348388,
        "14": 2.87533,
        "15": 2.515898,
        "16": 2.81443,
        "17": 2.352451,
        "18": 3.621815,
        "19": 10.89113,
        "20": 15.060505,
        "21": 3.061137,
        "22": 3.985823,
        "23": 3.827722,
        "24": 3.633976,
        "25": 4.366162,
        "26": 5.206405,
        "27": 3.471722,
        "28": 4.723689,
        "29": 5.216642,
        "30": 1.854215,
        "31": 5.567474,
        "32": 1.083867,
        "33": 3.488419,
        "34": 7.213849,
        "35": 3.861171,
        "36": 5.512812,
        "37": 4.164265,
        "38": 3.650578,
        "39": 3.140195
      }
    }
  }
}