{
  "topology_id": 38,
  "load_conditions": {
    "low": {
      "utilization_fraction": 0.2,
      "edge_latencies_ms": {
        "0": 3.34178,
        "1": 2.61537,
        "2": 1.970928,
        "3": 3.546817,
        "4": 1.793435,
        "5": 4.292143,
        "6": 3.779958,
        "7": 7.472876,
        "8": 3.288101,
        "9": 5.120227,
        "10": 1.684138,
        "11": 4.407976,
        "12": 4.033428,
        "13": 3.509731,
        "14": 5.937212,
        "15": 3.008138,
        "16": 2.187989,
        "17": 1.518155,
        "18": 4.408431,
        "19": 2.741417,
        "20": 4.174334,
        "21": 3.522596,
        "22": 3.374084,
        "23": 4.378158,
        "24": 3.000993,
        "25": 3.672167,
        "26": 5.065269,
        "27": 4.580577,
        "28": 1.318195,
        "29": 2.448748,
        "30": 5.042386,
        "31": 6.8319,
        "32": 2.927593,
        "33": 2.940946,
        "34": 2.567573,
        "35": 3.71632,
        "36": 2.788942,
        "37": 3.976142,
        "38": 2.881739,
        "39": 3.720964,
        "40": 5.68258,
        "41": 9.202756,
        "42": 4.47814,
        "43": 10.043679,
        "44": 6.318777,
        "45": 1.737629,
        "46": 5.791871,
        "47": 2.693067,
        "48": 1.475218,
        "49": 3.910793,
        "50": 2.471833,
        "51": 4.294066,
        "52": 1.39446,
        "53": 2.691042,
        "54": 3.70588,
        "55": 5.307751,
        "56": 3.119724,
        "57": 3.641666,
        "58": 4.095247,
        "59": 5.272448,
        "60": 5.66032,
        "61": 4.125532,
        "62": 2.691982,
        "63": 7.174394,
        "64": 3.855118,
        "65": 2.192039,
        "66": 2.980288,
        "67": 3.438663,
        "68": 2.648192,
        "69": 5.120186,
        "70": 7.908593,
        "71": 5.163446,
        "72": 4.279021,
        "73": 1.640622,
        "74": 2.018184,
        "75": 3.5115,
        "76": 3.914331,
        "77": 2.051103,
        "78": 8.963346,
        "79": 3.721229,
        "80": 3.653378,
        "81": 3.116843,
        "82": 5.75219,
        "83": 4.786647,
        "84": 7.008782,
        "85": 2.843426,
        "86": 2.848048,
        "87": 5.978925,
        "88": 1.631024,
        "89": 4.272267,
        "90": 3.813626,
        "91": 3.351235,
        "92": 3.890872,
        "93": 4.129494,
        "94": 4.108499,
        "95": 2.981798,
        "96": 5.06333,
        "97": 4.884217,
        "98": 3.489399,
        "99": 4.232617,
        "100": 3.789761,
        "101": 6.289678,
        "102": 5.934328
      }
    },
    "medium": {
      "utilization_fraction": 0.5,
      "edge_latencies_ms": {
        "0": 3.343075,
        "1": 2.616173,
        "2": 1.971936,
        "3": 3.547739,
        "4": 1.794425,
        "5": 4.317587,
        "6": 3.781859,
        "7": 7.474337,
        "8": 3.29202,
        "9": 5.121771,
        "10": 1.685089,
        "11": 4.409223,
        "12": 4.034248,
        "13": 3.512657,
        "14": 5.9407,
        "15": 3.009513,
        "16": 2.188836,
        "17": 1.519088,
        "18": 4.410741,
        "19": 2.74226,
        "20": 4.175311,
        "21": 3.523377,
        "22": 3.374975,
        "23": 4.381317,
        "24": 3.002973,
        "25": 3.674033,
        "26": 5.067255,
        "27": 4.581492,
        "28": 1.31922,
        "29": 2.449785,
        "30": 5.046278,
        "31": 6.844787,
        "32": 2.928496,
        "33": 2.942631,
        "34": 2.569394,
        "35": 3.720885,
        "36": 2.790643,
        "37": 3.977349,
        "38": 2.88273,
        "39": 3.724963,
        "40": 5.68447,
        "41": 9.221958,
        "42": 4.47927,
        "43": 10.0512,
        "44": 6.319852,
        "45": 1.739622,
        "46": 5.793141,
        "47": 2.697115,
        "48": 1.476027,
        "49": 3.914637,
        "50": 2.474251,
        "51": 4.295115,
        "52": 1.397185,
        "53": 2.691795,
        "54": 3.707236,
        "55": 5.309175,
        "56": 3.121227,
        "57": 3.645601,
        "58": 4.09664,
        "59": 5.276262,
        "60": 5.664,
        "61": 4.126442,
        "62": 2.692915,
        "63": 7.184129,
        "64": 3.856117,
        "65": 2.193593,
        "66": 2.982025,
        "67": 3.440346,
        "68": 2.649266,
        "69": 5.121027,
        "70": 7.909894,
        "71": 5.164273,
        "72": 4.280126,
        "73": 1.64156,
        "74": 2.021156,
        "75": 3.513478,
        "76": 3.920979,
        "77": 2.053409,
        "78": 8.988082,
        "79": 3.72234,
        "80": 3.655818,
        "81": 3.117699,
        "82": 5.753204,
        "83": 4.788895,
        "84": 7.009671,
        "85": 2.844328,
        "86": 2.848803,
        "87": 5.979721,
        "88": 1.632338,
        "89": 4.274324,
        "90": 3.815108,
        "91": 3.352787,
        "92": 3.893152,
        "93": 4.131341,
        "94": 4.110396,
        "95": 2.984011,
        "96": 5.066868,
        "97": 4.886227,
        "98": 3.490277,
        "99": 4.233644,
        "100": 3.79108,
        "101": 6.290834,
        "102": 5.935151
      }
    },
    "high": {
      "utilization_fraction": 0.8,
      "edge_latencies_ms": {
        "0": 3.348252,
        "1": 2.619385,
        "2": 1.975966,
        "3": 3.551427,
        "4": 1.798385,
        "5": 4.419364,
        "6": 3.789461,
        "7": 7.480181,
        "8": 3.307695,
        "9": 5.127946,
        "10": 1.688892,
        "11": 4.414213,
        "12": 4.037526,
        "13": 3.524358,
        "14": 5.954652,
        "15": 3.015012,
        "16": 2.192222,
        "17": 1.522822,
        "18": 4.419981,
        "19": 2.745636,
        "20": 4.179219,
        "21": 3.5265,
        "22": 3.378541,
        "23": 4.393953,
        "24": 3.010894,
        "25": 3.6815,
        "26": 5.075199,
        "27": 4.585152,
        "28": 1.323317,
        "29": 2.453933,
        "30": 5.061849,
        "31": 6.896338,
        "32": 2.932106,
        "33": 2.949372,
        "34": 2.576676,
        "35": 3.739148,
        "36": 2.797447,
        "37": 3.982178,
        "38": 2.886693,
        "39": 3.740956,
        "40": 5.692029,
        "41": 9.298765,
        "42": 4.483787,
        "43": 10.081284,
        "44": 6.324155,
        "45": 1.747594,
        "46": 5.798221,
        "47": 2.713309,
        "48": 1.479264,
        "49": 3.930015,
        "50": 2.483921,
        "51": 4.299312,
        "52": 1.408085,
        "53": 2.694808,
        "54": 3.712658,
        "55": 5.314871,
        "56": 3.127238,
        "57": 3.661338,
        "58": 4.102214,
        "59": 5.291519,
        "60": 5.678718,
        "61": 4.130082,
        "62": 2.696645,
        "63": 7.223066,
        "64": 3.860112,
        "65": 2.19981,
        "66": 2.98897,
        "67": 3.447079,
        "68": 2.653561,
        "69": 5.12439,
        "70": 7.915099,
        "71": 5.16758,
        "72": 4.284545,
        "73": 1.645315,
        "74": 2.033042,
        "75": 3.521387,
        "76": 3.947571,
        "77": 2.062634,
        "78": 9.087025,
        "79": 3.726786,
        "80": 3.665581,
        "81": 3.121125,
        "82": 5.757258,
        "83": 4.797884,
        "84": 7.013227,
        "85": 2.847938,
        "86": 2.851823,
        "87": 5.982905,
        "88": 1.637593,
        "89": 4.282553,
        "90": 3.821035,
        "91": 3.358998,
        "92": 3.902271,
        "93": 4.138728,
        "94": 4.117982,
        "95": 2.99286,
        "96": 5.081016,
        "97": 4.894266,
        "98": 3.493791,
        "99": 4.237748,
        "100": 3.796357,
        "101": 6.295459,
        "102": 5.938441
      }
    },
    "flash": {
      "utilization_fraction": 0.95,
      "edge_latencies_ms": {
        "0": 3.374137,
        "1": 2.635445,
        "2": 1.996115,
        "3": 3.569865,
        "4": 1.818183,
        "5": 4.928249,
        "6": 3.827473,
        "7": 7.5094,
        "8": 3.386072,
        "9": 5.158822,