{
  "topology_id": 381,
  "load_conditions": {
    "low": {
      "utilization_fraction": 0.2,
      "edge_latencies_ms": {
        "0": 2.439472,
        "1": 2.883479,
        "2": 3.192075,
        "3": 2.897502,
        "4": 10.423996,
        "5": 5.850071,
        "6": 9.393401,
        "7": 12.639503,
        "8": 13.153285,
        "9": 6.544325,
        "10": 8.239103,
        "11": 16.426892,
        "12": 13.825179,
        "13": 3.681288,
        "14": 21.592031,
        "15": 4.391833,
        "16": 18.709377,
        "17": 7.093884,
        "18": 6.393546,
        "19": 6.567655,
        "20": 5.379555,
        "21": 4.329871,
        "22": 5.856603,
        "23": 2.066702,
        "24": 2.781566
      }
    },
    "medium": {
      "utilization_fraction": 0.5,
      "edge_latencies_ms": {
        "0": 2.441698,
        "1": 2.884582,
        "2": 3.194847,
        "3": 2.901396,
        "4": 10.433962,
        "5": 5.852498,
        "6": 9.40322,
        "7": 12.649689,
        "8": 13.175651,
        "9": 6.545251,
        "10": 8.23988,
        "11": 16.436932,
        "12": 13.83585,
        "13": 3.682607,
        "14": 21.603412,
        "15": 4.392726,
        "16": 18.758032,
        "17": 7.094757,
        "18": 6.394355,
        "19": 6.568765,
        "20": 5.410597,
        "21": 4.336583,
        "22": 5.857585,
        "23": 2.06749,
        "24": 2.782415
      }
    },
    "high": {
      "utilization_fraction": 0.8,
      "edge_latencies_ms": {
        "0": 2.450604,
        "1": 2.888993,
        "2": 3.205932,
        "3": 2.916971,
        "4": 10.473829,
        "5": 5.862207,
        "6": 9.442493,
        "7": 12.690433,
        "8": 13.265114,
        "9": 6.548954,
        "10": 8.242988,
        "11": 16.477089,
        "12": 13.878535,
        "13": 3.687882,
        "14": 21.648936,
        "15": 4.396298,
        "16": 18.952649,
        "17": 7.098248,
        "18": 6.397593,
        "19": 6.573202,
        "20": 5.534767,
        "21": 4.363428,
        "22": 5.861514,
        "23": 2.070642,
        "24": 2.78581
      }
    },
    "flash": {
      "utilization_fraction": 0.95,
      "edge_latencies_ms": {
        "0": 2.495133,
        "1": 2.911048,
        "2": 3.261359,
        "3": 2.994846,
        "4": 10.673162,
        "5": 5.910752,
        "6": 9.638857,
        "7": 12.894153,
        "8": 13.712429,
        "9": 6.567471,
        "10": 8.258527,
        "11": 16.677879,
        "12": 14.091959,
        "13": 3.714256,
        "14": 21.876558,
        "15": 4.414157,
        "16": 19.925738,
        "17": 7.115707,
        "18": 6.41378,
        "19": 6.595388,
        "20": 6.155617,
        "21": 4.497655,
        "22": 5.881158,
        "23": 2.086402,
        "24": 2.802787
      }
    }
  }
}