{
  "topology_id": 68,
  "load_conditions": {
    "low": {
      "utilization_fraction": 0.2,
      "edge_latencies_ms": {
        "0": 4.562817,
        "1": 2.800783,
        "2": 4.892712,
        "3": 3.59224,
        "4": 3.60311,
        "5": 2.218979,
        "6": 3.790429,
        "7": 3.311096,
        "8": 1.730964,
        "9": 5.810073,
        "10": 4.741439,
        "11": 2.55922,
        "12": 3.084553,
        "13": 4.17742,
        "14": 2.543228,
        "15": 2.385055,
        "16": 7.8657,
        "17": 3.979954,
        "18": 1.751464,
        "19": 3.346078,
        "20": 2.350854,
        "21": 5.545154,
        "22": 2.11209,
        "23": 3.559617,
        "24": 7.756865,
        "25": 0.386217,
        "26": 4.849347,
        "27": 3.55732,
        "28": 3.804366,
        "29": 1.830887,
        "30": 4.820481,
        "31": 5.956292,
        "32": 13.127387,
        "33": 4.959283,
        "34": 2.974814,
        "35": 3.652807,
        "36": 4.251361,
        "37": 3.962765,
        "38": 3.265459,
        "39": 5.530617,
        "40": 1.662443,
        "41": 6.959621,
        "42": 10.497886,
        "43": 11.507815,
        "44": 5.32722,
        "45": 5.594116,
        "46": 5.33777,
        "47": 6.22059,
        "48": 3.093787,
        "49": 4.113982,
        "50": 2.67537,
        "51": 1.403858,
        "52": 3.350923,
        "53": 1.813442,
        "54": 9.915594,
        "55": 4.419894,
        "56": 3.44059,
        "57": 11.257703,
        "58": 2.688131,
        "59": 3.274947,
        "60": 4.504243,
        "61": 1.821056,
        "62": 2.694931,
        "63": 2.62314,
        "64": 5.621258,
        "65": 3.849699,
        "66": 4.677823,
        "67": 5.378745,
        "68": 3.885439,
        "69": 2.577269,
        "70": 4.284222,
        "71": 4.738022,
        "72": 5.264396,
        "73": 4.317847,
        "74": 6.054323,
        "75": 2.343162,
        "76": 2.578215,
        "77": 1.772946,
        "78": 3.329707,
        "79": 1.950256,
        "80": 2.720506,
        "81": 2.429695,
        "82": 2.092648,
        "83": 6.074932,
        "84": 2.116505,
        "85": 5.803758,
        "86": 6.714163
      }
    },
    "medium": {
      "utilization_fraction": 0.5,
      "edge_latencies_ms": {
        "0": 4.564569,
        "1": 2.801598,
        "2": 4.896001,
        "3": 3.593563,
        "4": 3.60858,
        "5": 2.219841,
        "6": 3.798133,
        "7": 3.312411,
        "8": 1.731762,
        "9": 5.818035,
        "10": 4.7426,
        "11": 2.560092,
        "12": 3.085445,
        "13": 4.183455,
        "14": 2.544275,
        "15": 2.387252,
        "16": 7.926563,
        "17": 3.981296,
        "18": 1.75384,
        "19": 3.347503,
        "20": 2.35219,
        "21": 5.551836,
        "22": 2.11356,
        "23": 3.561025,
        "24": 7.771211,
        "25": 0.387137,
        "26": 4.850547,
        "27": 3.55966,
        "28": 3.805172,
        "29": 1.832409,
        "30": 4.823209,
        "31": 5.957569,
        "32": 13.152751,
        "33": 4.960075,
        "34": 2.975872,
        "35": 3.653836,
        "36": 4.252688,
        "37": 3.966018,
        "38": 3.269028,
        "39": 5.532389,
        "40": 1.663486,
        "41": 6.960441,
        "42": 10.50654,
        "43": 11.516288,
        "44": 5.328658,
        "45": 5.596206,
        "46": 5.338788,
        "47": 6.224117,
        "48": 3.09564,
        "49": 4.115487,
        "50": 2.678766,
        "51": 1.4086,
        "52": 3.351887,
        "53": 1.814923,
        "54": 9.928291,
        "55": 4.424914,
        "56": 3.441392,
        "57": 11.266035,
        "58": 2.688971,
        "59": 3.27576,
        "60": 4.505212,
        "61": 1.822914,
        "62": 2.69667,
        "63": 2.625623,
        "64": 5.622038,
        "65": 3.85264,
        "66": 4.67858,
        "67": 5.379531,
        "68": 3.887038,
        "69": 2.578576,
        "70": 4.290842,
        "71": 4.738889,
        "72": 5.265588,
        "73": 4.318998,
        "74": 6.055189,
        "75": 2.344293,
        "76": 2.580141,
        "77": 1.773838,
        "78": 3.330617,
        "79": 1.951305,
        "80": 2.72235,
        "81": 2.43068,
        "82": 2.094049,
        "83": 6.077089,
        "84": 2.117881,
        "85": 5.805307,
        "86": 6.715983
      }
    },
    "high": {
      "utilization_fraction": 0.8,
      "edge_latencies_ms": {
        "0": 4.571577,
        "1": 2.804855,
        "2": 4.909158,
        "3": 3.598855,
        "4": 3.630462,
        "5": 2.223286,
        "6": 3.82895,
        "7": 3.317668,
        "8": 1.734953,
        "9": 5.849882,
        "10": 4.747242,
        "11": 2.56358,
        "12": 3.089014,
        "13": 4.207593,
        "14": 2.548461,
        "15": 2.39604,
        "16": 8.170016,
        "17": 3.986665,
        "18": 1.763342,
        "19": 3.353202,
        "20": 2.357531,
        "21": 5.578568,
        "22": 2.119437,
        "23": 3.566655,
        "24": 7.828594,
        "25": 0.39082,
        "26": 4.855346,
        "27": 3.569018,
        "28": 3.808397,
        "29": 1.838498,
        "30": 4.834124,
        "31": 5.962679,
        "32": 13.25421,
        "33": 4.963243,
        "34": 2.980106,
        "35": 3.657954,
        "36": 4.257994,
        "37": 3.979028,
        "38": 3.283306,
        "39": 5.539475,
        "40": 1.667659,
        "41": 6.963722,
        "42": 10.541154,
        "43": 11.550179,
        "44": 5.334409,
        "45": 5.604567,
        "46": 5.34286,
        "47": 6.238227,
        "48": 3.10305,
        "49": 4.12151,
        "50": 2.692348,
        "51": 1.427571,
        "52": 3.355741,
        "53": 1.820849,
        "54": 9.979078,
        "55": 4.444994,
        "56": 3.444603,
        "57": 11.299364,
        "58": 2.692328,
        "59": 3.279011,
        "60": 4.50909,
        "61": 1.830346,
        "62": 2.703626,
        "63": 2.635553,
        "64": 5.625156,
        "65": 3.864401,
        "66": 4.681606,
        "67": 5.382674,
        "68": 3.893436,
        "69": 2.583804,
        "70": 4.317323,
        "71": 4.742356,
        "72": 5.270354,
        "73": 4.323598,
        "74": 6.058652,
        "75": 2.348815,
        "76": 2.587846,
        "77": 1.777407,
        "78": 3.334255,
        "79": 1.955502,
        "80": 2.729728,
        "81": 2.434617,
        "82": 2.099652,
        "83": 6.085715,
        "84": 2.123384,
        "85": 5.811504,
        "86": 6.723264
      }
    },
    "flash": {
      "utilization_fraction": 0.95,
      "edge_latencies_ms": {
        "0": 4.606613,
        "1": 2.821142,
        "2": 4.974944,
        "3": 3.625315,
        "4": 3.739869,
        "5": 2.240514,
        "6": 3.983037,
        "7": 3.343955,
        "8": 1.750911,
        "9": 6.009117,
        "10": 4.770455,
        "11": 2.581019,
        "12": 3.106857,
        "13": 4.328283,
        "14": 2.569392,
        "15": 2.43998,
        "16": 9.387277,
        "17": 4.013507,
        "18": 1.810852,
        "19": 3.381697,
        "20": 2.384235,
        "21": 5.712225,
        "22": 2.148822,
        "23": 3.594806,
        "24": 8.115506,
        "25": 0.409234,
        "26": 4.879344,
        "27": 3.615809,
        "28": 3.82452,
        "29": 1.868945,
        "30": 4.8887,
        "31": 5.988227,
        "32": 13.761506,
        "33": 4.979079,
        "34": 3.001277,
        "35": 3.678543,
        "36": 4.284528,
        "37": 4.044081,
        "38": 3.354696,
        "39": 5.574908,
        "40": 1.688525,
        "41": 6.980124,
        "42": 10.714228,
        "43": 11.719633,
        "44": 5.363166,
        "45": 5.646369,
        "46": 5.363216,
        "47": 6.308776,
        "48": 3.140101,
        "49": 4.151624,
        "50": 2.760263,
        "51": 1.522426,
        "52": 3.37501,
        "53": 1.850475,
        "54": 10.233015,
        "55": 4.545394,
        "56": 3.460658,
        "57": 11.466007,