{
  "topology_id": 117,
  "load_conditions": {
    "low": {
      "utilization_fraction": 0.2,
      "edge_latencies_ms": {
        "0": 2.758853,
        "1": 4.279269,
        "2": 2.154123,
        "3": 1.169066,
        "4": 14.568422,
        "5": 5.157864,
        "6": 3.224785,
        "7": 5.246368,
        "8": 1.941706,
        "9": 4.784856,
        "10": 2.260401,
        "11": 1.838963,
        "12": 4.580209,
        "13": 6.859405,
        "14": 5.700125,
        "15": 2.963127,
        "16": 3.290106,
        "17": 2.53993,
        "18": 3.156677,
        "19": 6.461844,
        "20": 3.151232,
        "21": 8.044494,
        "22": 5.972606,
        "23": 5.689987,
        "24": 4.690553,
        "25": 3.522094,
        "26": 12.218101,
        "27": 3.090845,
        "28": 4.653445,
        "29": 3.814059,
        "30": 4.420275,
        "31": 7.298679,
        "32": 2.030423,
        "33": 5.075974,
        "34": 3.89859,
        "35": 4.943657,
        "36": 11.680688,
        "37": 5.748157,
        "38": 5.253505,
        "39": 6.876877,
        "40": 1.03256,
        "41": 3.396329,
        "42": 3.163065,
        "43": 3.284867,
        "44": 3.003989,
        "45": 3.361807,
        "46": 2.635665,
        "47": 2.033304,
        "48": 2.463362,
        "49": 2.110437,
        "50": 1.50434,
        "51": 2.349885,
        "52": 4.668841,
        "53": 2.92471,
        "54": 2.09552,
        "55": 2.269097,
        "56": 1.480218,
        "57": 4.372267,
        "58": 6.545826,
        "59": 3.029815,
        "60": 3.413009,
        "61": 3.091564,
        "62": 1.463227,
        "63": 4.695292,
        "64": 1.575263,
        "65": 3.249378,
        "66": 2.947406,
        "67": 2.118879,
        "68": 4.231434,
        "69": 5.248609,
        "70": 3.117258,
        "71": 4.200196,
        "72": 5.433529,
        "73": 6.305764,
        "74": 1.62273,
        "75": 5.118269,
        "76": 3.714162,
        "77": 5.085705,
        "78": 5.932681,
        "79": 4.044427,
        "80": 6.077574,
        "81": 5.460917,
        "82": 4.003738,
        "83": 3.036258,
        "84": 4.163478,
        "85": 3.434527,
        "86": 3.20579,
        "87": 4.379302,
        "88": 2.937257,
        "89": 2.221956,
        "90": 4.977977,
        "91": 6.943612,
        "92": 2.543247,
        "93": 3.76788,
        "94": 2.924773,
        "95": 2.539277
      }
    },
    "medium": {
      "utilization_fraction": 0.5,
      "edge_latencies_ms": {
        "0": 2.759846,
        "1": 4.280139,
        "2": 2.154904,
        "3": 1.170463,
        "4": 14.577759,
        "5": 5.159034,
        "6": 3.23187,
        "7": 5.24812,
        "8": 1.942724,
        "9": 4.787812,
        "10": 2.267119,
        "11": 1.839783,
        "12": 4.581101,
        "13": 6.860334,
        "14": 5.701497,
        "15": 2.964239,
        "16": 3.29312,
        "17": 2.546369,
        "18": 3.157461,
        "19": 6.46269,
        "20": 3.152154,
        "21": 8.046107,
        "22": 5.975057,
        "23": 5.690815,
        "24": 4.692943,
        "25": 3.525727,
        "26": 12.24968,
        "27": 3.092654,
        "28": 4.654291,
        "29": 3.81569,
        "30": 4.421228,
        "31": 7.299446,
        "32": 2.031858,
        "33": 5.078637,
        "34": 3.903099,
        "35": 4.944778,
        "36": 11.692402,
        "37": 5.749341,
        "38": 5.256187,
        "39": 6.878097,
        "40": 1.033382,
        "41": 3.397213,
        "42": 3.16509,
        "43": 3.285666,
        "44": 3.006107,
        "45": 3.363933,
        "46": 2.63646,
        "47": 2.034542,
        "48": 2.466699,
        "49": 2.111961,
        "50": 1.505688,
        "51": 2.354423,
        "52": 4.671166,
        "53": 2.926287,
        "54": 2.096973,
        "55": 2.275895,
        "56": 1.484116,
        "57": 4.376666,
        "58": 6.548191,
        "59": 3.030602,
        "60": 3.413763,
        "61": 3.092413,
        "62": 1.464693,
        "63": 4.696458,
        "64": 1.576348,
        "65": 3.25109,
        "66": 2.948671,
        "67": 2.120131,
        "68": 4.232563,
        "69": 5.251148,
        "70": 3.118426,
        "71": 4.200953,
        "72": 5.434511,
        "73": 6.307869,
        "74": 1.624106,
        "75": 5.119086,
        "76": 3.715571,
        "77": 5.087412,
        "78": 5.935252,
        "79": 4.049627,
        "80": 6.079078,
        "81": 5.461684,
        "82": 4.007024,
        "83": 3.037371,
        "84": 4.164783,
        "85": 3.437067,
        "86": 3.207767,
        "87": 4.381496,
        "88": 2.943186,
        "89": 2.223175,
        "90": 4.979604,
        "91": 6.945835,
        "92": 2.544544,
        "93": 3.768729,
        "94": 2.925605,
        "95": 2.54018
      }
    },
    "high": {
      "utilization_fraction": 0.8,
      "edge_latencies_ms": {
        "0": 2.763815,
        "1": 4.283615,
        "2": 2.158027,
        "3": 1.176054,
        "4": 14.615107,
        "5": 5.163712,
        "6": 3.260208,
        "7": 5.255129,
        "8": 1.946797,
        "9": 4.799634,
        "10": 2.293991,
        "11": 1.843062,
        "12": 4.584669,
        "13": 6.864051,
        "14": 5.706984,
        "15": 2.96869,
        "16": 3.305179,
        "17": 2.572123,
        "18": 3.160596,
        "19": 6.466073,
        "20": 3.155841,
        "21": 8.052559,
        "22": 5.984861,
        "23": 5.694127,
        "24": 4.702505,
        "25": 3.540257,
        "26": 12.375996,
        "27": 3.09989,
        "28": 4.657674,
        "29": 3.822216,
        "30": 4.425042,
        "31": 7.302512,
        "32": 2.0376,
        "33": 5.089289,
        "34": 3.921136,
        "35": 4.949261,
        "36": 11.739256,
        "37": 5.754079,
        "38": 5.266914,
        "39": 6.882974,
        "40": 1.03667,
        "41": 3.400749,
        "42": 3.173192,
        "43": 3.288865,
        "44": 3.014582,
        "45": 3.372437,
        "46": 2.63964,
        "47": 2.039491,
        "48": 2.480045,
        "49": 2.118059,
        "50": 1.511079,
        "51": 2.372575,
        "52": 4.680464,
        "53": 2.932592,
        "54": 2.102785,
        "55": 2.303087,
        "56": 1.499707,
        "57": 4.394261,
        "58": 6.557654,
        "59": 3.033753,
        "60": 3.416781,
        "61": 3.09581,
        "62": 1.470557,
        "63": 4.701122,
        "64": 1.580688,
        "65": 3.257941,
        "66": 2.95373,
        "67": 2.125139,
        "68": 4.237079,
        "69": 5.261308,
        "70": 3.123098,
        "71": 4.203981,
        "72": 5.438438,
        "73": 6.316288,
        "74": 1.629607,
        "75": 5.122353,
        "76": 3.721209,
        "77": 5.094239,
        "78": 5.945537,
        "79": 4.070429,
        "80": 6.085093,
        "81": 5.464749,
        "82": 4.020171,
        "83": 3.041825,
        "84": 4.170003,
        "85": 3.447229,
        "86": 3.215677,
        "87": 4.390269,
        "88": 2.966901,
        "89": 2.228052,
        "90": 4.986111,
        "91": 6.954727,
        "92": 2.549731,
        "93": 3.772126,
        "94": 2.928936,
        "95": 2.543794
      }
    },
    "flash": {
      "utilization_fraction": 0.95,
      "edge_latencies_ms": {
        "0": 2.78366,
        "1": 4.301,
        "2": 2.173641,
        "3": 1.204007,
        "4": 14.801845,
        "5": 5.187102,
        "6": 3.401898,
        "7": 5.290173,
        "8": 1.967161,
        "9": 4.858744,
        "10": 2.428352,
        "11": 1.859454,
        "12": 4.60251,
        "13": 6.882636,
        "14": 5.734419,
        "15": 2.990943,
        "16": 3.365471,
        "17": 2.700897,
        "18": 3.176269,
        "19": 6.482991,
        "20": 3.174279,
        "21": 8.08482,
        "22": 6.033877,
        "23": 5.710684,
        "24": 4.750316,
        "25": 3.612905,
        "26": 13.007574,
        "27": 3.13607,
        "28": 4.674589,
        "29": 3.854847,
        "30": 4.444111,