{
  "topology_id": 5,
  "load_conditions": {
    "low": {
      "utilization_fraction": 0.2,
      "edge_latencies_ms": {
        "0": 18.005559,
        "1": 6.123363,
        "2": 11.224456,
        "3": 19.514237,
        "4": 9.83343,
        "5": 12.933303,
        "6": 10.727096,
        "7": 7.914522,
        "8": 1.084606,
        "9": 14.342054,
        "10": 12.053209,
        "11": 1.13008,
        "12": 19.275289,
        "13": 19.753692,
        "14": 13.193398,
        "15": 4.957606,
        "16": 5.394535,
        "17": 15.120285,
        "18": 11.339061,
        "19": 13.700849,
        "20": 16.595442,
        "21": 15.173849,
        "22": 8.701048,
        "23": 19.223274,
        "24": 9.528996,
        "25": 3.26996,
        "26": 2.782018,
        "27": 6.170956,
        "28": 18.210484,
        "29": 7.07684,
        "30": 17.215078,
        "31": 1.630509,
        "32": 12.732769,
        "33": 13.974425,
        "34": 11.160638,
        "35": 8.973669,
        "36": 12.566348,
        "37": 10.94547,
        "38": 6.694433,
        "39": 11.161166,
        "40": 19.222818,
        "41": 19.264963,
        "42": 5.173543,
        "43": 15.235747
      }
    },
    "medium": {
      "utilization_fraction": 0.5,
      "edge_latencies_ms": {
        "0": 18.022237,
        "1": 6.133454,
        "2": 11.237822,
        "3": 19.556948,
        "4": 9.843721,
        "5": 12.943212,
        "6": 10.748385,
        "7": 7.928086,
        "8": 1.158425,
        "9": 14.378216,
        "10": 12.062835,
        "11": 1.190321,
        "12": 19.291155,
        "13": 19.764767,
        "14": 13.203592,
        "15": 4.980423,
        "16": 5.408139,
        "17": 15.121141,
        "18": 11.366245,
        "19": 13.703397,
        "20": 16.641767,
        "21": 15.185396,
        "22": 8.704193,
        "23": 19.233096,
        "24": 9.555984,
        "25": 3.299841,
        "26": 2.788072,
        "27": 6.233822,
        "28": 18.211936,
        "29": 7.09736,
        "30": 17.260314,
        "31": 1.662034,
        "32": 12.741075,
        "33": 13.987699,
        "34": 11.192553,
        "35": 8.984676,
        "36": 12.585394,
        "37": 10.961882,
        "38": 6.70773,
        "39": 11.194663,
        "40": 19.23127,
        "41": 19.279853,
        "42": 5.18417,
        "43": 15.252989
      }
    },
    "high": {
      "utilization_fraction": 0.8,
      "edge_latencies_ms": {
        "0": 18.088948,
        "1": 6.173814,
        "2": 11.291289,
        "3": 19.72779,
        "4": 9.884885,
        "5": 12.982847,
        "6": 10.83354,
        "7": 7.982346,
        "8": 1.453701,
        "9": 14.522864,
        "10": 12.101341,
        "11": 1.431285,
        "12": 19.35462,
        "13": 19.809067,
        "14": 13.24437,
        "15": 5.071692,
        "16": 5.462556,
        "17": 15.124564,
        "18": 11.47498,
        "19": 13.713586,
        "20": 16.827066,
        "21": 15.231586,
        "22": 8.716774,
        "23": 19.272383,
        "24": 9.663937,
        "25": 3.419363,
        "26": 2.812289,
        "27": 6.485289,
        "28": 18.217744,
        "29": 7.179439,
        "30": 17.441255,
        "31": 1.788138,
        "32": 12.774302,
        "33": 14.040796,
        "34": 11.320213,
        "35": 9.028703,
        "36": 12.661574,
        "37": 11.027527,
        "38": 6.760922,
        "39": 11.328651,
        "40": 19.265081,
        "41": 19.339412,
        "42": 5.226681,
        "43": 15.321954
      }
    },
    "flash": {
      "utilization_fraction": 0.95,
      "edge_latencies_ms": {
        "0": 18.422504,
        "1": 6.375617,
        "2": 11.558621,
        "3": 20.582005,
        "4": 10.090703,
        "5": 13.181024,
        "6": 11.259313,
        "7": 8.253643,
        "8": 2.930079,
        "9": 15.246104,
        "10": 12.293871,
        "11": 2.636104,
        "12": 19.671946,
        "13": 20.030567,
        "14": 13.448257,
        "15": 5.528035,
        "16": 5.73464,
        "17": 15.141677,
        "18": 12.018655,
        "19": 13.764536,
        "20": 17.753564,
        "21": 15.462533,
        "22": 8.779675,
        "23": 19.468821,
        "24": 10.203699,
        "25": 4.016972,
        "26": 2.933374,
        "27": 7.742624,
        "28": 18.246786,
        "29": 7.589836,
        "30": 18.345959,
        "31": 2.418655,
        "32": 12.940433,
        "33": 14.306283,
        "34": 11.958511,
        "35": 9.248838,
        "36": 13.042478,
        "37": 11.355755,
        "38": 7.026879,
        "39": 11.998593,
        "40": 19.434133,
        "41": 19.637209,
        "42": 5.439236,
        "43": 15.666782
      }
    }
  }
}