{
  "topology_id": 369,
  "load_conditions": {
    "low": {
      "utilization_fraction": 0.2,
      "edge_latencies_ms": {
        "0": 3.595469,
        "1": 4.965967,
        "2": 5.857787,
        "3": 2.927338,
        "4": 12.986467,
        "5": 1.599444,
        "6": 5.790205,
        "7": 14.942929,
        "8": 2.379903,
        "9": 5.710727,
        "10": 2.607009,
        "11": 3.274161,
        "12": 4.77547,
        "13": 6.372946,
        "14": 16.42579,
        "15": 16.355533,
        "16": 3.416872,
        "17": 3.738217,
        "18": 10.919755,
        "19": 3.585977,
        "20": 12.32348,
        "21": 2.545023,
        "22": 15.416694,
        "23": 3.285931,
        "24": 3.603107,
        "25": 1.756652,
        "26": 4.8007,
        "27": 1.63673,
        "28": 15.709722,
        "29": 3.219375,
        "30": 13.059005,
        "31": 2.54946,
        "32": 1.578048,
        "33": 1.463533,
        "34": 1.347791,
        "35": 3.55026,
        "36": 2.112201,
        "37": 2.239047,
        "38": 2.233268
      }
    },
    "medium": {
      "utilization_fraction": 0.5,
      "edge_latencies_ms": {
        "0": 3.596326,
        "1": 4.96676,
        "2": 5.858782,
        "3": 2.928511,
        "4": 12.996181,
        "5": 1.601081,
        "6": 5.791919,
        "7": 14.956446,
        "8": 2.382145,
        "9": 5.713112,
        "10": 2.608384,
        "11": 3.275047,
        "12": 4.776452,
        "13": 6.375807,
        "14": 16.434642,
        "15": 16.373083,
        "16": 3.418346,
        "17": 3.741535,
        "18": 10.930035,
        "19": 3.586888,
        "20": 12.331809,
        "21": 2.545909,
        "22": 15.429948,
        "23": 3.286717,
        "24": 3.603868,
        "25": 1.757606,
        "26": 4.801904,
        "27": 1.637996,
        "28": 15.718762,
        "29": 3.220551,
        "30": 13.067479,
        "31": 2.550269,
        "32": 1.579659,
        "33": 1.465527,
        "34": 1.348907,
        "35": 3.551031,
        "36": 2.112985,
        "37": 2.241549,
        "38": 2.234284
      }
    },
    "high": {
      "utilization_fraction": 0.8,
      "edge_latencies_ms": {
        "0": 3.599752,
        "1": 4.969932,
        "2": 5.862762,
        "3": 2.933202,
        "4": 13.035036,
        "5": 1.607626,
        "6": 5.798773,
        "7": 15.010514,
        "8": 2.391114,
        "9": 5.722655,
        "10": 2.613884,
        "11": 3.278592,
        "12": 4.780381,
        "13": 6.387249,
        "14": 16.470047,
        "15": 16.443285,
        "16": 3.424244,
        "17": 3.754807,
        "18": 10.971153,
        "19": 3.590536,
        "20": 12.365127,
        "21": 2.549454,
        "22": 15.482961,
        "23": 3.289862,
        "24": 3.60691,
        "25": 1.761423,
        "26": 4.806719,
        "27": 1.643057,
        "28": 15.754923,
        "29": 3.225255,
        "30": 13.101374,
        "31": 2.553504,
        "32": 1.5861,
        "33": 1.473507,
        "34": 1.353371,
        "35": 3.554114,
        "36": 2.11612,
        "37": 2.251554,
        "38": 2.238349
      }
    },
    "flash": {
      "utilization_fraction": 0.95,
      "edge_latencies_ms": {
        "0": 3.616883,
        "1": 4.985792,
        "2": 5.88266,
        "3": 2.956657,
        "4": 13.22931,
        "5": 1.640351,
        "6": 5.833045,
        "7": 15.280852,
        "8": 2.435959,
        "9": 5.77037,
        "10": 2.641383,
        "11": 3.296316,
        "12": 4.800028,
        "13": 6.444459,
        "14": 16.647075,
        "15": 16.794292,
        "16": 3.453733,
        "17": 3.821164,
        "18": 11.176745,
        "19": 3.608773,
        "20": 12.531716,
        "21": 2.567176,
        "22": 15.748026,
        "23": 3.305584,
        "24": 3.622123,
        "25": 1.780508,
        "26": 4.830793,
        "27": 1.668366,
        "28": 15.935729,
        "29": 3.248777,
        "30": 13.270849,
        "31": 2.569678,
        "32": 1.61831,
        "33": 1.513402,
        "34": 1.375691,
        "35": 3.569528,
        "36": 2.131796,
        "37": 2.301581,
        "38": 2.258671
      }
    }
  }
}