{
  "topology_id": 292,
  "load_conditions": {
    "low": {
      "utilization_fraction": 0.2,
      "edge_latencies_ms": {
        "0": 1.823239,
        "1": 2.183809,
        "2": 4.16626,
        "3": 1.850188,
        "4": 3.426459,
        "5": 4.209211,
        "6": 2.60603,
        "7": 2.702978,
        "8": 10.731986,
        "9": 6.005692,
        "10": 5.36135,
        "11": 4.978549,
        "12": 9.347402,
        "13": 7.029578,
        "14": 2.360585,
        "15": 2.21147,
        "16": 3.619421,
        "17": 6.105621,
        "18": 12.171844,
        "19": 3.180487,
        "20": 6.725612,
        "21": 2.462726,
        "22": 3.653291,
        "23": 2.09619,
        "24": 4.31132,
        "25": 2.740656,
        "26": 4.155339,
        "27": 3.664052,
        "28": 2.688216,
        "29": 2.633742,
        "30": 13.21456,
        "31": 4.074683,
        "32": 4.392779,
        "33": 5.182724,
        "34": 2.917068,
        "35": 4.993784,
        "36": 3.232276,
        "37": 2.623612,
        "38": 6.315485,
        "39": 5.488302,
        "40": 1.94812,
        "41": 1.485302,
        "42": 5.050507,
        "43": 2.303916,
        "44": 7.357278,
        "45": 3.109844,
        "46": 4.506229,
        "47": 4.023056,
        "48": 2.961116,
        "49": 11.469812,
        "50": 4.820832,
        "51": 3.604668,
        "52": 9.254423,
        "53": 2.978121,
        "54": 3.736245,
        "55": 4.133537,
        "56": 1.922897,
        "57": 1.190565,
        "58": 2.901517,
        "59": 3.038896,
        "60": 4.266786,
        "61": 2.910373,
        "62": 3.975261
      }
    },
    "medium": {
      "utilization_fraction": 0.5,
      "edge_latencies_ms": {
        "0": 1.824578,
        "1": 2.184693,
        "2": 4.167153,
        "3": 1.852651,
        "4": 3.428283,
        "5": 4.218314,
        "6": 2.610662,
        "7": 2.704667,
        "8": 10.74343,
        "9": 6.006493,
        "10": 5.370028,
        "11": 4.986949,
        "12": 9.374313,
        "13": 7.038442,
        "14": 2.362845,
        "15": 2.216904,
        "16": 3.620784,
        "17": 6.106434,
        "18": 12.182283,
        "19": 3.182524,
        "20": 6.726592,
        "21": 2.464073,
        "22": 3.654199,
        "23": 2.099027,
        "24": 4.313869,
        "25": 2.742079,
        "26": 4.156271,
        "27": 3.66486,
        "28": 2.693473,
        "29": 2.634584,
        "30": 13.231302,
        "31": 4.075936,
        "32": 4.393601,
        "33": 5.184943,
        "34": 2.918246,
        "35": 4.995298,
        "36": 3.233274,
        "37": 2.624635,
        "38": 6.316715,
        "39": 5.489918,
        "40": 1.950425,
        "41": 1.486226,
        "42": 5.052487,
        "43": 2.330004,
        "44": 7.362137,
        "45": 3.110675,
        "46": 4.50705,
        "47": 4.023975,
        "48": 2.962489,
        "49": 11.489033,
        "50": 4.821651,
        "51": 3.605488,
        "52": 9.262332,
        "53": 2.979216,
        "54": 3.737003,
        "55": 4.134967,
        "56": 1.923703,
        "57": 1.191702,
        "58": 2.905335,
        "59": 3.04006,
        "60": 4.268664,
        "61": 2.913372,
        "62": 3.976621
      }
    },
    "high": {
      "utilization_fraction": 0.8,
      "edge_latencies_ms": {
        "0": 1.829937,
        "1": 2.188229,
        "2": 4.170723,
        "3": 1.862504,
        "4": 3.43558,
        "5": 4.254726,
        "6": 2.629187,
        "7": 2.711423,
        "8": 10.789208,
        "9": 6.009695,
        "10": 5.404742,
        "11": 5.020551,
        "12": 9.481953,
        "13": 7.073896,
        "14": 2.371885,
        "15": 2.23864,
        "16": 3.626236,
        "17": 6.109683,
        "18": 12.224043,
        "19": 3.190671,
        "20": 6.730509,
        "21": 2.469459,
        "22": 3.657832,
        "23": 2.110371,
        "24": 4.324062,
        "25": 2.74777,
        "26": 4.160001,
        "27": 3.668092,
        "28": 2.7145,
        "29": 2.63795,
        "30": 13.298271,
        "31": 4.080946,
        "32": 4.396888,
        "33": 5.19382,
        "34": 2.922956,
        "35": 5.001354,
        "36": 3.237265,
        "37": 2.628728,
        "38": 6.321636,
        "39": 5.496382,
        "40": 1.959642,
        "41": 1.489924,
        "42": 5.060409,
        "43": 2.434357,
        "44": 7.381575,
        "45": 3.113995,
        "46": 4.510335,
        "47": 4.02765,
        "48": 2.967981,
        "49": 11.565917,
        "50": 4.824925,
        "51": 3.608767,
        "52": 9.293971,
        "53": 2.983597,
        "54": 3.740034,
        "55": 4.140689,
        "56": 1.926928,
        "57": 1.196248,
        "58": 2.920609,
        "59": 3.044717,
        "60": 4.276175,
        "61": 2.925371,
        "62": 3.982062
      }
    },
    "flash": {
      "utilization_fraction": 0.95,
      "edge_latencies_ms": {
        "0": 1.856732,
        "1": 2.205909,
        "2": 4.188572,
        "3": 1.911767,
        "4": 3.472065,
        "5": 4.43679,
        "6": 2.721813,
        "7": 2.745201,
        "8": 11.018096,
        "9": 6.025707,
        "10": 5.578312,
        "11": 5.188559,
        "12": 10.020156,
        "13": 7.251168,
        "14": 2.417086,
        "15": 2.347321,
        "16": 3.653496,
        "17": 6.125928,
        "18": 12.43284,
        "19": 3.231406,
        "20": 6.750096,
        "21": 2.496392,
        "22": 3.675996,
        "23": 2.167092,
        "24": 4.37503,
        "25": 2.776228,
        "26": 4.178653,
        "27": 3.684252,
        "28": 2.819632,
        "29": 2.654782,
        "30": 13.633115,
        "31": 4.105999,
        "32": 4.413326,
        "33": 5.238207,
        "34": 2.946505,
        "35": 5.031637,
        "36": 3.257218,
        "37": 2.649192,
        "38": 6.346242,
        "39": 5.528701,
        "40": 2.005726,
        "41": 1.508413,
        "42": 5.10002,
        "43": 2.956123,
        "44": 7.478765,
        "45": 3.1306,
        "46": 4.526761,
        "47": 4.046028,
        "48": 2.995442,
        "49": 11.950341,
        "50": 4.841297,
        "51": 3.625165,
        "52": 9.452167,
        "53": 3.005499,
        "54": 3.755188,
        "55": 4.169299,
        "56": 1.94305,
        "57": 1.21898,
        "58": 2.996976,
        "59": 3.068005,
        "60": 4.313733,
        "61": 2.985363,
        "62": 4.009263
      }
    }
  }
}