{
  "topology_id": 180,
  "load_conditions": {
    "low": {
      "utilization_fraction": 0.2,
      "edge_latencies_ms": {
        "0": 4.690604,
        "1": 6.060374,
        "2": 1.927648,
        "3": 2.200802,
        "4": 4.159765,
        "5": 2.680207,
        "6": 5.241321,
        "7": 5.980434,
        "8": 2.747121,
        "9": 3.892524,
        "10": 2.083369,
        "11": 3.440538,
        "12": 2.691839,
        "13": 5.054687,
        "14": 1.472194,
        "15": 2.164251,
        "16": 4.432947,
        "17": 10.055056,
        "18": 2.344229,
        "19": 5.262161,
        "20": 4.887422,
        "21": 6.718423,
        "22": 1.434781,
        "23": 5.956769,
        "24": 5.190986,
        "25": 2.908692,
        "26": 2.696137,
        "27": 5.656099,
        "28": 3.488926,
        "29": 3.206431,
        "30": 10.043958,
        "31": 5.721594,
        "32": 4.109054,
        "33": 5.798824,
        "34": 4.675601,
        "35": 11.13868,
        "36": 7.530749,
        "37": 1.252152,
        "38": 5.020351,
        "39": 3.23255,
        "40": 9.305307,
        "41": 4.970065,
        "42": 10.828308,
        "43": 2.136186,
        "44": 2.849907,
        "45": 1.084678,
        "46": 3.591373,
        "47": 4.327847,
        "48": 0.966504,
        "49": 3.18519,
        "50": 4.412499,
        "51": 3.257196,
        "52": 3.521288,
        "53": 3.893339,
        "54": 6.126869,
        "55": 4.463152,
        "56": 3.449553,
        "57": 3.749001,
        "58": 3.447613,
        "59": 4.140175,
        "60": 4.05814,
        "61": 2.129646,
        "62": 3.267218,
        "63": 1.58928,
        "64": 1.002993,
        "65": 3.392828,
        "66": 5.205301,
        "67": 2.45657,
        "68": 2.211818,
        "69": 4.72312,
        "70": 5.817993,
        "71": 1.263667,
        "72": 4.292042,
        "73": 4.246637,
        "74": 1.146949,
        "75": 3.766363,
        "76": 4.01816,
        "77": 4.498687,
        "78": 2.819303,
        "79": 4.485402,
        "80": 4.179246,
        "81": 2.941816,
        "82": 2.166945,
        "83": 5.665111,
        "84": 4.359633,
        "85": 5.058821,
        "86": 4.796832,
        "87": 4.488547,
        "88": 7.796701,
        "89": 2.13567,
        "90": 3.566453,
        "91": 3.157787,
        "92": 4.034356,
        "93": 4.711892,
        "94": 9.064513
      }
    },
    "medium": {
      "utilization_fraction": 0.5,
      "edge_latencies_ms": {
        "0": 4.692116,
        "1": 6.061935,
        "2": 1.928567,
        "3": 2.203055,
        "4": 4.160703,
        "5": 2.681286,
        "6": 5.244098,
        "7": 5.981304,
        "8": 2.75071,
        "9": 3.896708,
        "10": 2.084278,
        "11": 3.441822,
        "12": 2.695977,
        "13": 5.056858,
        "14": 1.473125,
        "15": 2.165735,
        "16": 4.433707,
        "17": 10.106023,
        "18": 2.346206,
        "19": 5.27034,
        "20": 4.889031,
        "21": 6.71953,
        "22": 1.435578,
        "23": 5.959642,
        "24": 5.191778,
        "25": 2.909577,
        "26": 2.697124,
        "27": 5.665598,
        "28": 3.489986,
        "29": 3.208105,
        "30": 10.055087,
        "31": 5.725787,
        "32": 4.111746,
        "33": 5.804529,
        "34": 4.678029,
        "35": 11.147748,
        "36": 7.540227,
        "37": 1.261773,
        "38": 5.021341,
        "39": 3.235108,
        "40": 9.314463,
        "41": 4.970877,
        "42": 10.851364,
        "43": 2.137306,
        "44": 2.851336,
        "45": 1.085645,
        "46": 3.592525,
        "47": 4.329134,
        "48": 0.968312,
        "49": 3.186968,
        "50": 4.413628,
        "51": 3.258011,
        "52": 3.523467,
        "53": 3.895204,
        "54": 6.12812,
        "55": 4.46504,
        "56": 3.450486,
        "57": 3.750402,
        "58": 3.450234,
        "59": 4.143332,
        "60": 4.059072,
        "61": 2.132702,
        "62": 3.27009,
        "63": 1.590235,
        "64": 1.00426,
        "65": 3.394787,
        "66": 5.206436,
        "67": 2.461947,
        "68": 2.213217,
        "69": 4.733561,
        "70": 5.82963,
        "71": 1.264711,
        "72": 4.295364,
        "73": 4.248456,
        "74": 1.147875,
        "75": 3.767273,
        "76": 4.020015,
        "77": 4.500121,
        "78": 2.820149,
        "79": 4.488253,
        "80": 4.182965,
        "81": 2.943503,
        "82": 2.171101,
        "83": 5.666981,
        "84": 4.363208,
        "85": 5.061698,
        "86": 4.798128,
        "87": 4.490715,
        "88": 7.799662,
        "89": 2.137654,
        "90": 3.567335,
        "91": 3.161921,
        "92": 4.039723,
        "93": 4.715838,
        "94": 9.067399
      }
    },
    "high": {
      "utilization_fraction": 0.8,
      "edge_latencies_ms": {
        "0": 4.698165,
        "1": 6.06818,
        "2": 1.932243,
        "3": 2.212065,
        "4": 4.164452,
        "5": 2.685601,
        "6": 5.255207,
        "7": 5.984782,
        "8": 2.765069,
        "9": 3.913442,
        "10": 2.087915,
        "11": 3.446959,
        "12": 2.712531,
        "13": 5.065545,
        "14": 1.476851,
        "15": 2.171675,
        "16": 4.436749,
        "17": 10.309892,
        "18": 2.354114,
        "19": 5.303055,
        "20": 4.895467,
        "21": 6.723957,
        "22": 1.438766,
        "23": 5.971131,
        "24": 5.194946,
        "25": 2.913118,
        "26": 2.701071,
        "27": 5.703596,
        "28": 3.494226,
        "29": 3.214803,
        "30": 10.099601,
        "31": 5.742561,
        "32": 4.122514,
        "33": 5.827351,
        "34": 4.687742,
        "35": 11.184022,
        "36": 7.578139,
        "37": 1.300258,
        "38": 5.025299,
        "39": 3.245341,
        "40": 9.35109,
        "41": 4.974127,
        "42": 10.943588,
        "43": 2.141787,
        "44": 2.857049,
        "45": 1.089514,
        "46": 3.597136,
        "47": 4.334282,
        "48": 0.975543,
        "49": 3.194077,
        "50": 4.418144,
        "51": 3.261271,
        "52": 3.532185,
        "53": 3.902666,
        "54": 6.133124,
        "55": 4.472595,
        "56": 3.45422,
        "57": 3.756007,
        "58": 3.460719,
        "59": 4.155964,
        "60": 4.0628,
        "61": 2.14493,
        "62": 3.281579,
        "63": 1.594055,
        "64": 1.009329,
        "65": 3.402624,
        "66": 5.210974,
        "67": 2.483455,
        "68": 2.218815,
        "69": 4.775327,
        "70": 5.876175,
        "71": 1.268886,
        "72": 4.308649,
        "73": 4.255732,
        "74": 1.151578,
        "75": 3.770913,
        "76": 4.027438,
        "77": 4.505855,
        "78": 2.823532,
        "79": 4.499656,
        "80": 4.197844,
        "81": 2.950249,
        "82": 2.187723,
        "83": 5.674462,
        "84": 4.377511,
        "85": 5.073206,
        "86": 4.803313,
        "87": 4.499388,
        "88": 7.811509,
        "89": 2.145589,
        "90": 3.570861,
        "91": 3.178455,
        "92": 4.061193,
        "93": 4.731622,
        "94": 9.078943
      }
    },
    "flash": {
      "utilization_fraction": 0.95,
      "edge_latencies_ms": {
        "0": 4.728405,
        "1": 6.099407,
        "2": 1.95062,
        "3": 2.257115,
        "4": 4.183201,
        "5": 2.707178,
        "6": 5.310751,
        "7": 6.00217,
        "8": 2.836865,
        "9": 3.997113,
        "10": 2.106099,
        "11": 3.472645,
        "12": 2.7953,
        "13": 5.108979,
        "14": 1.495481,
        "15": 2.201372,
        "16": 4.451956,
        "17": 11.329238,
        "18": 2.393655,
        "19": 5.466632,
        "20": 4.927647,
        "21": 6.74609,
        "22": 1.454704,
        "23": 6.02858,
        "24": 5.210788,
        "25": 2.93082,
        "26": 2.720807,
        "27": 5.893584,
        "28": 3.515422,
        "29": 3.248294,
        "30": 10.322175,
        "31": 5.826431,
        "32": 4.176356,