{
  "topology_id": 469,
  "load_conditions": {
    "low": {
      "utilization_fraction": 0.2,
      "edge_latencies_ms": {
        "0": 3.121368,
        "1": 3.390121,
        "2": 4.08894,
        "3": 3.73006,
        "4": 2.986872,
        "5": 10.929297,
        "6": 5.945405,
        "7": 7.639722,
        "8": 5.060003,
        "9": 4.115239,
        "10": 4.394144,
        "11": 8.546517,
        "12": 1.490072,
        "13": 5.01769,
        "14": 3.421285,
        "15": 5.406027,
        "16": 2.152745,
        "17": 13.204197,
        "18": 2.470897,
        "19": 3.054476,
        "20": 11.458695,
        "21": 1.664946,
        "22": 5.197231,
        "23": 4.203407,
        "24": 19.532728,
        "25": 4.5835,
        "26": 0.874402,
        "27": 4.949446,
        "28": 3.534668,
        "29": 2.390186,
        "30": 2.934865,
        "31": 4.383671,
        "32": 2.833902,
        "33": 3.355873,
        "34": 4.824687,
        "35": 3.038413,
        "36": 5.013126,
        "37": 3.590997,
        "38": 3.860204,
        "39": 4.265153,
        "40": 6.968385,
        "41": 3.219657,
        "42": 1.568409,
        "43": 0.697829,
        "44": 4.624773,
        "45": 1.860907,
        "46": 3.445126,
        "47": 6.89991,
        "48": 3.599602,
        "49": 1.911943,
        "50": 3.731687,
        "51": 4.51888,
        "52": 4.222029,
        "53": 1.877021,
        "54": 2.62526,
        "55": 8.439727,
        "56": 1.30754,
        "57": 2.13163,
        "58": 2.506396,
        "59": 1.35676,
        "60": 5.074197,
        "61": 2.658348,
        "62": 5.169809,
        "63": 3.668381,
        "64": 1.3569,
        "65": 3.879679,
        "66": 3.294988,
        "67": 4.016291,
        "68": 2.981418,
        "69": 3.930404,
        "70": 4.582187,
        "71": 2.378926,
        "72": 2.822076,
        "73": 2.967601,
        "74": 3.885425,
        "75": 2.63503,
        "76": 2.48947,
        "77": 3.842823,
        "78": 5.819149,
        "79": 4.270485,
        "80": 7.909307,
        "81": 3.589827,
        "82": 2.46845,
        "83": 2.519848,
        "84": 4.782102,
        "85": 2.64216,
        "86": 3.930174,
        "87": 4.476663
      }
    },
    "medium": {
      "utilization_fraction": 0.5,
      "edge_latencies_ms": {
        "0": 3.123055,
        "1": 3.392096,
        "2": 4.09011,
        "3": 3.735244,
        "4": 2.989981,
        "5": 10.938372,
        "6": 5.94637,
        "7": 7.655718,
        "8": 5.060764,
        "9": 4.116361,
        "10": 4.395703,
        "11": 8.556311,
        "12": 1.494817,
        "13": 5.02121,
        "14": 3.426453,
        "15": 5.460972,
        "16": 2.157865,
        "17": 13.214281,
        "18": 2.472725,
        "19": 3.055549,
        "20": 11.469821,
        "21": 1.665837,
        "22": 5.199236,
        "23": 4.204361,
        "24": 19.540854,
        "25": 4.584664,
        "26": 0.875405,
        "27": 4.950455,
        "28": 3.538003,
        "29": 2.39609,
        "30": 2.936738,
        "31": 4.394895,
        "32": 2.835361,
        "33": 3.356625,
        "34": 4.825703,
        "35": 3.039557,
        "36": 5.015313,
        "37": 3.592208,
        "38": 3.86117,
        "39": 4.267093,
        "40": 6.971506,
        "41": 3.226372,
        "42": 1.569497,
        "43": 0.699406,
        "44": 4.629375,
        "45": 1.861665,
        "46": 3.446582,
        "47": 6.900756,
        "48": 3.603892,
        "49": 1.913978,
        "50": 3.733489,
        "51": 4.523816,
        "52": 4.224161,
        "53": 1.878086,
        "54": 2.627487,
        "55": 8.449486,
        "56": 1.308333,
        "57": 2.132558,
        "58": 2.507183,
        "59": 1.360083,
        "60": 5.076601,
        "61": 2.660505,
        "62": 5.170636,
        "63": 3.672038,
        "64": 1.361956,
        "65": 3.880606,
        "66": 3.295861,
        "67": 4.018317,
        "68": 2.982758,
        "69": 3.932019,
        "70": 4.583097,
        "71": 2.379694,
        "72": 2.822964,
        "73": 2.968485,
        "74": 3.88666,
        "75": 2.641811,
        "76": 2.491058,
        "77": 3.844638,
        "78": 5.833413,
        "79": 4.271283,
        "80": 7.945873,
        "81": 3.590803,
        "82": 2.471266,
        "83": 2.526783,
        "84": 4.78325,
        "85": 2.642965,
        "86": 3.931457,
        "87": 4.477839
      }
    },
    "high": {
      "utilization_fraction": 0.8,
      "edge_latencies_ms": {
        "0": 3.129805,
        "1": 3.399993,
        "2": 4.09479,
        "3": 3.755981,
        "4": 3.002415,
        "5": 10.974669,
        "6": 5.950233,
        "7": 7.719701,
        "8": 5.06381,
        "9": 4.120849,
        "10": 4.401938,
        "11": 8.595486,
        "12": 1.513797,
        "13": 5.035293,
        "14": 3.447126,
        "15": 5.680752,
        "16": 2.178344,
        "17": 13.254615,
        "18": 2.48004,
        "19": 3.059844,
        "20": 11.514323,
        "21": 1.6694,
        "22": 5.207257,
        "23": 4.208176,
        "24": 19.573358,
        "25": 4.58932,
        "26": 0.879415,
        "27": 4.954491,
        "28": 3.551343,
        "29": 2.419705,
        "30": 2.944233,
        "31": 4.439792,
        "32": 2.841196,
        "33": 3.359634,
        "34": 4.829767,
        "35": 3.044132,
        "36": 5.02406,
        "37": 3.597053,
        "38": 3.865031,
        "39": 4.274856,
        "40": 6.983989,
        "41": 3.253231,
        "42": 1.573846,
        "43": 0.705717,
        "44": 4.647779,
        "45": 1.864701,
        "46": 3.452405,
        "47": 6.90414,
        "48": 3.621052,
        "49": 1.922119,
        "50": 3.740699,
        "51": 4.54356,
        "52": 4.232688,
        "53": 1.882346,
        "54": 2.636393,
        "55": 8.488519,
        "56": 1.311502,
        "57": 2.136272,
        "58": 2.510332,
        "59": 1.373374,
        "60": 5.086219,
        "61": 2.66913,
        "62": 5.173944,
        "63": 3.686667,
        "64": 1.382181,
        "65": 3.884315,
        "66": 3.299351,
        "67": 4.026424,
        "68": 2.988119,
        "69": 3.93848,
        "70": 4.586739,
        "71": 2.38277,
        "72": 2.826516,
        "73": 2.972019,
        "74": 3.891599,
        "75": 2.668936,
        "76": 2.497408,
        "77": 3.851897,
        "78": 5.890469,
        "79": 4.274476,
        "80": 8.092137,
        "81": 3.594709,
        "82": 2.482531,
        "83": 2.554525,
        "84": 4.787841,
        "85": 2.646184,
        "86": 3.936587,
        "87": 4.482546
      }
    },
    "flash": {
      "utilization_fraction": 0.95,
      "edge_latencies_ms": {
        "0": 3.163553,
        "1": 3.439481,
        "2": 4.118192,
        "3": 3.859663,
        "4": 3.064587,
        "5": 11.156154,
        "6": 5.969545,
        "7": 8.039615,
        "8": 5.079037,
        "9": 4.143287,
        "10": 4.433117,
        "11": 8.791364,
        "12": 1.608693,
        "13": 5.105708,
        "14": 3.550489,
        "15": 6.779651,
        "16": 2.280741,
        "17": 13.456284,
        "18": 2.516615,
        "19": 3.081314,
        "20": 11.736835,
        "21": 1.687215,
        "22": 5.247361,
        "23": 4.227255,
        "24": 19.735878,
        "25": 4.612598,
        "26": 0.899468,
        "27": 4.974668,
        "28": 3.618043,
        "29": 2.537783,
        "30": 2.981704,
        "31": 4.664275,
        "32": 2.870376,
        "33": 3.374677,
        "34": 4.850088,
        "35": 3.067006,
        "36": 5.067799,
        "37": 3.621276,
        "38": 3.884337,
        "39": 4.313671,
        "40": 7.046403,
        "41": 3.387527,
        "42": 1.595592,
        "43": 0.73727,
        "44": 4.739803,
        "45": 1.879877,
        "46": 3.481522,
        "47": 6.921061,
        "48": 3.70685,
        "49": 1.962822,
        "50": 3.776748,
        "51": 4.64228,
        "52": 4.275323,
        "53": 1.903649,
        "54": 2.680924,