{
  "topology_id": 221,
  "load_conditions": {
    "low": {
      "utilization_fraction": 0.2,
      "edge_latencies_ms": {
        "0": 4.159232,
        "1": 3.124023,
        "2": 11.099441,
        "3": 9.626555,
        "4": 6.728132,
        "5": 4.845279,
        "6": 2.296374,
        "7": 13.120359,
        "8": 0.791155,
        "9": 3.259773,
        "10": 3.452031,
        "11": 9.940603,
        "12": 2.182661,
        "13": 1.548795,
        "14": 3.332153,
        "15": 5.122461,
        "16": 1.496231,
        "17": 3.030186,
        "18": 5.341259,
        "19": 3.938033,
        "20": 6.192181,
        "21": 2.249297,
        "22": 2.673523,
        "23": 3.659199,
        "24": 1.603684,
        "25": 4.067963,
        "26": 5.063992,
        "27": 3.891156,
        "28": 1.397679,
        "29": 3.433719,
        "30": 2.438683
      }
    },
    "medium": {
      "utilization_fraction": 0.5,
      "edge_latencies_ms": {
        "0": 4.160613,
        "1": 3.125299,
        "2": 11.109801,
        "3": 9.637833,
        "4": 6.735657,
        "5": 4.846101,
        "6": 2.299907,
        "7": 13.128062,
        "8": 0.792345,
        "9": 3.261417,
        "10": 3.453303,
        "11": 9.955115,
        "12": 2.187222,
        "13": 1.551393,
        "14": 3.332985,
        "15": 5.123356,
        "16": 1.498142,
        "17": 3.033061,
        "18": 5.342459,
        "19": 3.939604,
        "20": 6.193339,
        "21": 2.25016,
        "22": 2.678926,
        "23": 3.66028,
        "24": 1.614773,
        "25": 4.068765,
        "26": 5.064806,
        "27": 3.900918,
        "28": 1.398837,
        "29": 3.434627,
        "30": 2.43966
      }
    },
    "high": {
      "utilization_fraction": 0.8,
      "edge_latencies_ms": {
        "0": 4.16614,
        "1": 3.130401,
        "2": 11.151243,
        "3": 9.682945,
        "4": 6.765757,
        "5": 4.849391,
        "6": 2.31404,
        "7": 13.158874,
        "8": 0.797103,
        "9": 3.267991,
        "10": 3.458393,
        "11": 10.013161,
        "12": 2.205463,
        "13": 1.561782,
        "14": 3.336314,
        "15": 5.126936,
        "16": 1.505784,
        "17": 3.044562,
        "18": 5.347259,
        "19": 3.945887,
        "20": 6.19797,
        "21": 2.253615,
        "22": 2.700536,
        "23": 3.664603,
        "24": 1.65913,
        "25": 4.071975,
        "26": 5.068061,
        "27": 3.939967,
        "28": 1.403468,
        "29": 3.438255,
        "30": 2.443564
      }
    },
    "flash": {
      "utilization_fraction": 0.95,
      "edge_latencies_ms": {
        "0": 4.193775,
        "1": 3.155914,
        "2": 11.358454,
        "3": 9.908505,
        "4": 6.916258,
        "5": 4.865841,
        "6": 2.384706,
        "7": 13.312935,
        "8": 0.820898,
        "9": 3.300863,
        "10": 3.483842,
        "11": 10.303393,
        "12": 2.29667,
        "13": 1.613727,
        "14": 3.352958,
        "15": 5.144835,
        "16": 1.543995,
        "17": 3.102063,
        "18": 5.371261,
        "19": 3.977304,
        "20": 6.221126,
        "21": 2.270886,
        "22": 2.808587,
        "23": 3.686221,
        "24": 1.880915,
        "25": 4.088024,
        "26": 5.084338,
        "27": 4.135209,
        "28": 1.426624,
        "29": 3.456398,
        "30": 2.463089
      }
    }
  }
}