{
  "topology_id": 440,
  "load_conditions": {
    "low": {
      "utilization_fraction": 0.2,
      "edge_latencies_ms": {
        "0": 5.955601,
        "1": 1.836694,
        "2": 7.133441,
        "3": 4.654556,
        "4": 2.509762,
        "5": 2.186187,
        "6": 3.409391,
        "7": 2.36897,
        "8": 4.859963,
        "9": 6.201606,
        "10": 3.451538,
        "11": 5.202795,
        "12": 3.992165,
        "13": 6.449295,
        "14": 5.120474,
        "15": 3.92551,
        "16": 8.172509,
        "17": 6.052011,
        "18": 5.407849,
        "19": 13.978363,
        "20": 2.227883,
        "21": 7.553992,
        "22": 1.86002,
        "23": 3.677311,
        "24": 5.253503,
        "25": 4.344415,
        "26": 7.596458,
        "27": 6.047771,
        "28": 2.348116,
        "29": 1.917734,
        "30": 5.452099,
        "31": 11.919784,
        "32": 3.224219,
        "33": 0.877405,
        "34": 3.913639,
        "35": 3.129565,
        "36": 4.566686,
        "37": 1.55858,
        "38": 3.212803,
        "39": 16.909423,
        "40": 3.390251,
        "41": 3.050682,
        "42": 3.422125,
        "43": 2.853544,
        "44": 1.888977,
        "45": 14.416166,
        "46": 3.069953,
        "47": 7.228068,
        "48": 9.000111,
        "49": 5.73434,
        "50": 12.928769,
        "51": 4.104698,
        "52": 3.90607,
        "53": 3.548774,
        "54": 17.48359,
        "55": 5.445106,
        "56": 3.802661,
        "57": 4.880709,
        "58": 6.271655,
        "59": 5.404539,
        "60": 1.292265,
        "61": 3.873329,
        "62": 3.295143,
        "63": 4.444697,
        "64": 2.559166,
        "65": 12.979813,
        "66": 8.463491,
        "67": 6.367052,
        "68": 6.041265,
        "69": 2.963936,
        "70": 3.057043,
        "71": 13.600303,
        "72": 2.220345,
        "73": 3.062949,
        "74": 5.275652,
        "75": 3.988825,
        "76": 4.936631,
        "77": 4.947987,
        "78": 3.973223,
        "79": 5.174843,
        "80": 2.066573,
        "81": 4.122299,
        "82": 3.793494,
        "83": 3.783835,
        "84": 4.325305,
        "85": 10.051154,
        "86": 1.873585,
        "87": 2.893173,
        "88": 1.989294,
        "89": 6.37852,
        "90": 9.591663,
        "91": 3.081793,
        "92": 7.256655,
        "93": 3.276122,
        "94": 2.027049,
        "95": 3.926668,
        "96": 4.521988
      }
    },
    "medium": {
      "utilization_fraction": 0.5,
      "edge_latencies_ms": {
        "0": 5.95645,
        "1": 1.837906,
        "2": 7.134921,
        "3": 4.656956,
        "4": 2.510797,
        "5": 2.186971,
        "6": 3.411694,
        "7": 2.370581,
        "8": 4.862063,
        "9": 6.203111,
        "10": 3.454714,
        "11": 5.204089,
        "12": 3.99299,
        "13": 6.453054,
        "14": 5.123792,
        "15": 3.928004,
        "16": 8.194903,
        "17": 6.053266,
        "18": 5.413589,
        "19": 14.000042,
        "20": 2.228971,
        "21": 7.568021,
        "22": 1.861364,
        "23": 3.679576,
        "24": 5.255186,
        "25": 4.345524,
        "26": 7.598227,
        "27": 6.048979,
        "28": 2.351121,
        "29": 1.92034,
        "30": 5.453942,
        "31": 11.938135,
        "32": 3.228942,
        "33": 0.878922,
        "34": 3.914811,
        "35": 3.131019,
        "36": 4.567475,
        "37": 1.559403,
        "38": 3.214189,
        "39": 16.92743,
        "40": 3.391144,
        "41": 3.051627,
        "42": 3.423865,
        "43": 2.858803,
        "44": 1.889924,
        "45": 14.428157,
        "46": 3.071435,
        "47": 7.229217,
        "48": 9.030093,
        "49": 5.740553,
        "50": 12.943605,
        "51": 4.105799,
        "52": 3.906834,
        "53": 3.550121,
        "54": 17.491117,
        "55": 5.446292,
        "56": 3.80658,
        "57": 4.881595,
        "58": 6.27277,
        "59": 5.405291,
        "60": 1.295245,
        "61": 3.877433,
        "62": 3.295927,
        "63": 4.445561,
        "64": 2.559926,
        "65": 13.009118,
        "66": 8.464564,
        "67": 6.368373,
        "68": 6.042525,
        "69": 2.964738,
        "70": 3.059865,
        "71": 13.607905,
        "72": 2.221742,
        "73": 3.06627,
        "74": 5.276538,
        "75": 3.98981,
        "76": 4.93807,
        "77": 4.94903,
        "78": 3.974561,
        "79": 5.177184,
        "80": 2.068438,
        "81": 4.124035,
        "82": 3.795355,
        "83": 3.784809,
        "84": 4.329384,
        "85": 10.066406,
        "86": 1.880677,
        "87": 2.894364,
        "88": 1.99102,
        "89": 6.381072,
        "90": 9.592874,
        "91": 3.082734,
        "92": 7.258937,
        "93": 3.278929,
        "94": 2.029913,
        "95": 3.929309,
        "96": 4.523112
      }
    },
    "high": {
      "utilization_fraction": 0.8,
      "edge_latencies_ms": {
        "0": 5.959843,
        "1": 1.84275,
        "2": 7.14084,
        "3": 4.666556,
        "4": 2.514939,
        "5": 2.19011,
        "6": 3.420906,
        "7": 2.377025,
        "8": 4.870463,
        "9": 6.209134,
        "10": 3.46742,
        "11": 5.209263,
        "12": 3.996289,
        "13": 6.468093,
        "14": 5.137061,
        "15": 3.937983,
        "16": 8.284476,
        "17": 6.058287,
        "18": 5.43655,
        "19": 14.086758,
        "20": 2.233321,
        "21": 7.624137,
        "22": 1.866738,
        "23": 3.688638,
        "24": 5.261919,
        "25": 4.349959,
        "26": 7.605304,
        "27": 6.053813,
        "28": 2.363137,
        "29": 1.930765,
        "30": 5.461312,
        "31": 12.011542,
        "32": 3.247833,
        "33": 0.884989,
        "34": 3.9195,
        "35": 3.136838,
        "36": 4.570628,
        "37": 1.562695,
        "38": 3.219734,
        "39": 16.99946,
        "40": 3.394716,
        "41": 3.055408,
        "42": 3.430826,
        "43": 2.879839,
        "44": 1.893713,
        "45": 14.476121,
        "46": 3.077364,
        "47": 7.233814,
        "48": 9.150022,
        "49": 5.765404,
        "50": 13.002952,
        "51": 4.110205,
        "52": 3.909886,
        "53": 3.555511,
        "54": 17.521227,
        "55": 5.45104,
        "56": 3.822255,
        "57": 4.88514,
        "58": 6.277228,
        "59": 5.408299,
        "60": 1.307164,
        "61": 3.893847,
        "62": 3.299065,
        "63": 4.449018,
        "64": 2.562966,
        "65": 13.126338,
        "66": 8.468856,
        "67": 6.373655,
        "68": 6.047569,
        "69": 2.967944,
        "70": 3.071151,
        "71": 13.638313,
        "72": 2.227328,
        "73": 3.079552,
        "74": 5.280083,
        "75": 3.993752,
        "76": 4.943825,
        "77": 4.953205,
        "78": 3.979912,
        "79": 5.186549,
        "80": 2.075897,
        "81": 4.130979,
        "82": 3.802799,
        "83": 3.788707,
        "84": 4.345699,
        "85": 10.127414,
        "86": 1.909047,
        "87": 2.899128,
        "88": 1.997923,
        "89": 6.39128,
        "90": 9.59772,
        "91": 3.086499,
        "92": 7.268063,
        "93": 3.290156,
        "94": 2.041369,
        "95": 3.939873,
        "96": 4.527607
      }
    },
    "flash": {
      "utilization_fraction": 0.95,
      "edge_latencies_ms": {
        "0": 5.976811,
        "1": 1.866971,
        "2": 7.170435,
        "3": 4.714553,
        "4": 2.535646,
        "5": 2.205801,
        "6": 3.466967,
        "7": 2.409245,
        "8": 4.912462,
        "9": 6.239248,
        "10": 3.530952,
        "11": 5.235137,
        "12": 4.012789,
        "13": 6.543289,
        "14": 5.203405,
        "15": 3.987876,
        "16": 8.732344,
        "17": 6.083393,
        "18": 5.551355,
        "19": 14.520335,
        "20": 2.255073,
        "21": 7.904719,
        "22": 1.89361,
        "23": 3.733944,
        "24": 5.295584,
        "25": 4.372135,
        "26": 7.640685,