{
  "topology_id": 172,
  "load_conditions": {
    "low": {
      "utilization_fraction": 0.2,
      "edge_latencies_ms": {
        "0": 2.812653,
        "1": 4.843845,
        "2": 1.426553,
        "3": 3.839383,
        "4": 4.93045,
        "5": 2.68434,
        "6": 2.942672,
        "7": 3.201292,
        "8": 4.496388,
        "9": 2.013938,
        "10": 2.519485,
        "11": 6.320145,
        "12": 6.789495,
        "13": 6.340963,
        "14": 2.6772,
        "15": 3.530048,
        "16": 3.575885,
        "17": 6.993297,
        "18": 5.009695,
        "19": 3.834071,
        "20": 3.664723,
        "21": 3.518599,
        "22": 3.167519,
        "23": 2.369999,
        "24": 2.462977,
        "25": 4.015628,
        "26": 6.025117,
        "27": 6.223391,
        "28": 4.952875,
        "29": 6.169677,
        "30": 5.022829,
        "31": 2.207196,
        "32": 4.939769,
        "33": 4.07585,
        "34": 0.972542,
        "35": 3.671901,
        "36": 1.040004,
        "37": 5.005783,
        "38": 3.931979,
        "39": 1.852983,
        "40": 3.832119,
        "41": 0.648547,
        "42": 1.630265,
        "43": 8.661934,
        "44": 5.797759,
        "45": 5.217155,
        "46": 5.186934,
        "47": 4.374157,
        "48": 4.615382,
        "49": 4.897407,
        "50": 3.334003,
        "51": 2.562853,
        "52": 3.975775,
        "53": 3.82281,
        "54": 4.859655,
        "55": 4.632837
      }
    },
    "medium": {
      "utilization_fraction": 0.5,
      "edge_latencies_ms": {
        "0": 2.813594,
        "1": 4.844625,
        "2": 1.427368,
        "3": 3.840239,
        "4": 4.931462,
        "5": 2.685336,
        "6": 2.944504,
        "7": 3.204538,
        "8": 4.497233,
        "9": 2.014814,
        "10": 2.520713,
        "11": 6.320981,
        "12": 6.803854,
        "13": 6.374196,
        "14": 2.678799,
        "15": 3.531059,
        "16": 3.577074,
        "17": 7.029428,
        "18": 5.010494,
        "19": 3.837466,
        "20": 3.666696,
        "21": 3.521455,
        "22": 3.168355,
        "23": 2.428244,
        "24": 2.46392,
        "25": 4.02377,
        "26": 6.025983,
        "27": 6.232479,
        "28": 4.959515,
        "29": 6.172721,
        "30": 5.023828,
        "31": 2.208,
        "32": 4.940812,
        "33": 4.076789,
        "34": 0.975279,
        "35": 3.674311,
        "36": 1.041695,
        "37": 5.006664,
        "38": 3.932831,
        "39": 1.855363,
        "40": 3.832894,
        "41": 0.64949,
        "42": 1.632902,
        "43": 8.662998,
        "44": 5.798858,
        "45": 5.218359,
        "46": 5.188258,
        "47": 4.376813,
        "48": 4.616761,
        "49": 4.899692,
        "50": 3.33515,
        "51": 2.566744,
        "52": 3.976614,
        "53": 3.82373,
        "54": 4.860453,
        "55": 4.633606
      }
    },
    "high": {
      "utilization_fraction": 0.8,
      "edge_latencies_ms": {
        "0": 2.817359,
        "1": 4.847745,
        "2": 1.430626,
        "3": 3.843663,
        "4": 4.93551,
        "5": 2.689321,
        "6": 2.951834,
        "7": 3.217521,
        "8": 4.500614,
        "9": 2.018321,
        "10": 2.525623,
        "11": 6.324323,
        "12": 6.861292,
        "13": 6.50713,
        "14": 2.685195,
        "15": 3.535101,
        "16": 3.58183,
        "17": 7.173952,
        "18": 5.01369,
        "19": 3.851045,
        "20": 3.674587,
        "21": 3.532878,
        "22": 3.171698,
        "23": 2.661223,
        "24": 2.467692,
        "25": 4.056337,
        "26": 6.029446,
        "27": 6.268828,
        "28": 4.986074,
        "29": 6.184896,
        "30": 5.027821,
        "31": 2.211218,
        "32": 4.944985,
        "33": 4.080543,
        "34": 0.986229,
        "35": 3.683953,
        "36": 1.04846,
        "37": 5.01019,
        "38": 3.936239,
        "39": 1.864882,
        "40": 3.835994,
        "41": 0.653264,
        "42": 1.643448,
        "43": 8.667256,
        "44": 5.803257,
        "45": 5.223178,
        "46": 5.193551,
        "47": 4.387438,
        "48": 4.622279,
        "49": 4.908834,
        "50": 3.339737,
        "51": 2.58231,
        "52": 3.979968,
        "53": 3.82741,
        "54": 4.863645,
        "55": 4.636683
      }
    },
    "flash": {
      "utilization_fraction": 0.95,
      "edge_latencies_ms": {
        "0": 2.836186,
        "1": 4.863347,
        "2": 1.446919,
        "3": 3.860779,
        "4": 4.955748,
        "5": 2.709246,
        "6": 2.988485,
        "7": 3.282434,
        "8": 4.517518,
        "9": 2.035853,
        "10": 2.550174,
        "11": 6.341035,
        "12": 7.148481,
        "13": 7.171801,
        "14": 2.717175,
        "15": 3.555315,
        "16": 3.605609,
        "17": 7.896571,
        "18": 5.02967,
        "19": 3.91894,
        "20": 3.714041,
        "21": 3.589996,
        "22": 3.188415,
        "23": 3.826116,
        "24": 2.486551,
        "25": 4.219173,
        "26": 6.046759,
        "27": 6.450574,
        "28": 5.118869,
        "29": 6.245773,
        "30": 5.047787,
        "31": 2.227304,
        "32": 4.965852,
        "33": 4.099312,
        "34": 1.040977,
        "35": 3.732161,
        "36": 1.082286,
        "37": 5.027817,
        "38": 3.953282,
        "39": 1.912481,
        "40": 3.851495,
        "41": 0.672134,
        "42": 1.696178,
        "43": 8.688545,
        "44": 5.825247,
        "45": 5.247272,
        "46": 5.220019,
        "47": 4.440561,
        "48": 4.649869,
        "49": 4.954542,
        "50": 3.362671,
        "51": 2.660138,
        "52": 3.996739,
        "53": 3.845811,
        "54": 4.879604,
        "55": 4.652069
      }
    }
  }
}