{
  "topology_id": 280,
  "load_conditions": {
    "low": {
      "utilization_fraction": 0.2,
      "edge_latencies_ms": {
        "0": 0.452696,
        "1": 5.409526,
        "2": 3.580101,
        "3": 4.431035,
        "4": 2.147532,
        "5": 2.1095,
        "6": 2.853032,
        "7": 3.688687,
        "8": 3.263472,
        "9": 1.738355,
        "10": 2.611439,
        "11": 2.576192,
        "12": 1.762215,
        "13": 2.183981,
        "14": 2.43319,
        "15": 4.536366,
        "16": 0.577902,
        "17": 3.681843,
        "18": 1.653454,
        "19": 2.515556,
        "20": 3.355945,
        "21": 8.465006,
        "22": 1.675349,
        "23": 2.981332,
        "24": 2.423122,
        "25": 5.719209,
        "26": 9.312637,
        "27": 3.864852,
        "28": 2.079382,
        "29": 5.640247,
        "30": 4.235092,
        "31": 2.371349,
        "32": 6.061466,
        "33": 3.961693,
        "34": 3.319418,
        "35": 2.413023,
        "36": 6.882045,
        "37": 3.306835,
        "38": 6.213071,
        "39": 8.01037,
        "40": 6.320528,
        "41": 3.803605,
        "42": 5.131845,
        "43": 5.240007,
        "44": 7.316503,
        "45": 5.847483,
        "46": 5.323875,
        "47": 9.657726,
        "48": 9.486623,
        "49": 2.926397,
        "50": 4.82258,
        "51": 3.802728,
        "52": 4.234838,
        "53": 4.972195,
        "54": 3.497238,
        "55": 2.828708,
        "56": 4.615231,
        "57": 5.918853,
        "58": 2.918058,
        "59": 4.228611,
        "60": 3.312504,
        "61": 4.449424,
        "62": 3.819776,
        "63": 6.225283,
        "64": 5.249833,
        "65": 3.562961,
        "66": 3.558132,
        "67": 2.205197,
        "68": 2.570954,
        "69": 1.364661,
        "70": 4.923322,
        "71": 3.779798,
        "72": 1.529464,
        "73": 2.325017
      }
    },
    "medium": {
      "utilization_fraction": 0.5,
      "edge_latencies_ms": {
        "0": 0.455302,
        "1": 5.412174,
        "2": 3.580855,
        "3": 4.43187,
        "4": 2.155508,
        "5": 2.110352,
        "6": 2.85473,
        "7": 3.691346,
        "8": 3.264411,
        "9": 1.739892,
        "10": 2.615756,
        "11": 2.579442,
        "12": 1.764342,
        "13": 2.185438,
        "14": 2.434322,
        "15": 4.53785,
        "16": 0.578848,
        "17": 3.683466,
        "18": 1.654981,
        "19": 2.518057,
        "20": 3.357931,
        "21": 8.475664,
        "22": 1.676337,
        "23": 2.983223,
        "24": 2.425641,
        "25": 5.721426,
        "26": 9.321589,
        "27": 3.866156,
        "28": 2.102237,
        "29": 5.64104,
        "30": 4.235916,
        "31": 2.372662,
        "32": 6.062611,
        "33": 3.966949,
        "34": 3.321075,
        "35": 2.416875,
        "36": 6.892438,
        "37": 3.307932,
        "38": 6.213901,
        "39": 8.011494,
        "40": 6.321644,
        "41": 3.809764,
        "42": 5.132882,
        "43": 5.241586,
        "44": 7.317513,
        "45": 5.850484,
        "46": 5.325392,
        "47": 9.666519,
        "48": 9.494412,
        "49": 2.927307,
        "50": 4.826689,
        "51": 3.80368,
        "52": 4.237525,
        "53": 4.974181,
        "54": 3.49801,
        "55": 2.829791,
        "56": 4.619954,
        "57": 5.920096,
        "58": 2.920639,
        "59": 4.230722,
        "60": 3.3133,
        "61": 4.450353,
        "62": 3.820836,
        "63": 6.226474,
        "64": 5.250599,
        "65": 3.565386,
        "66": 3.55906,
        "67": 2.206015,
        "68": 2.572483,
        "69": 1.370408,
        "70": 4.924433,
        "71": 3.781879,
        "72": 1.530802,
        "73": 2.327252
      }
    },
    "high": {
      "utilization_fraction": 0.8,
      "edge_latencies_ms": {
        "0": 0.465726,
        "1": 5.422769,
        "2": 3.583869,
        "3": 4.435212,
        "4": 2.187413,
        "5": 2.113763,
        "6": 2.861519,
        "7": 3.701982,
        "8": 3.268164,
        "9": 1.746041,
        "10": 2.633022,
        "11": 2.592441,
        "12": 1.772849,
        "13": 2.191263,
        "14": 2.438852,
        "15": 4.543789,
        "16": 0.582634,
        "17": 3.689961,
        "18": 1.661089,
        "19": 2.52806,
        "20": 3.365875,
        "21": 8.518293,
        "22": 1.680287,
        "23": 2.990788,
        "24": 2.435715,
        "25": 5.730292,
        "26": 9.357399,
        "27": 3.871371,
        "28": 2.193658,
        "29": 5.644208,
        "30": 4.239211,
        "31": 2.377917,
        "32": 6.067188,
        "33": 3.987974,
        "34": 3.327699,
        "35": 2.432283,
        "36": 6.93401,
        "37": 3.312316,
        "38": 6.217221,
        "39": 8.015987,
        "40": 6.326111,
        "41": 3.834402,
        "42": 5.137032,
        "43": 5.247902,
        "44": 7.321553,
        "45": 5.86249,
        "46": 5.331463,
        "47": 9.70169,
        "48": 9.525568,
        "49": 2.930948,
        "50": 4.843122,
        "51": 3.807487,
        "52": 4.248272,
        "53": 4.982123,
        "54": 3.501097,
        "55": 2.834119,
        "56": 4.638844,
        "57": 5.925065,
        "58": 2.930966,
        "59": 4.239169,
        "60": 3.316485,
        "61": 4.454068,
        "62": 3.825076,
        "63": 6.231238,
        "64": 5.253663,
        "65": 3.575087,
        "66": 3.562768,
        "67": 2.209286,
        "68": 2.578597,
        "69": 1.393396,
        "70": 4.928879,
        "71": 3.790201,
        "72": 1.536156,
        "73": 2.336192
      }
    },
    "flash": {
      "utilization_fraction": 0.95,
      "edge_latencies_ms": {
        "0": 0.517846,
        "1": 5.475744,
        "2": 3.598941,
        "3": 4.451923,
        "4": 2.346936,
        "5": 2.130818,
        "6": 2.895466,
        "7": 3.755164,
        "8": 3.286934,
        "9": 1.776783,
        "10": 2.719352,
        "11": 2.657434,
        "12": 1.815386,
        "13": 2.22039,
        "14": 2.4615,
        "15": 4.573481,
        "16": 0.601563,
        "17": 3.722433,
        "18": 1.691628,
        "19": 2.578076,
        "20": 3.405595,
        "21": 8.731443,
        "22": 1.70004,
        "23": 3.028613,
        "24": 2.486084,
        "25": 5.774622,
        "26": 9.536448,
        "27": 3.897449,
        "28": 2.650762,
        "29": 5.660052,
        "30": 4.255689,
        "31": 2.404192,
        "32": 6.090074,
        "33": 4.093096,
        "34": 3.360823,
        "35": 2.509323,
        "36": 7.141871,
        "37": 3.334238,
        "38": 6.233822,
        "39": 8.038452,
        "40": 6.348444,
        "41": 3.95759,
        "42": 5.157783,
        "43": 5.279483,
        "44": 7.341755,
        "45": 5.922518,
        "46": 5.361817,
        "47": 9.877545,
        "48": 9.681346,
        "49": 2.94915,
        "50": 4.92529,
        "51": 3.826525,
        "52": 4.302007,
        "53": 5.021833,
        "54": 3.516531,
        "55": 2.855764,
        "56": 4.733298,
        "57": 5.949912,
        "58": 2.982598,
        "59": 4.281404,
        "60": 3.33241,
        "61": 4.472642,
        "62": 3.846277,
        "63": 6.255056,
        "64": 5.268985,
        "65": 3.623591,
        "66": 3.581312,
        "67": 2.225641,
        "68": 2.609169,
        "69": 1.508338,
        "70": 4.951108,
        "71": 3.831809,
        "72": 1.562923,
        "73": 2.380894
      }
    }
  }
}