{
  "topology_id": 485,
  "load_conditions": {
    "low": {
      "utilization_fraction": 0.2,
      "edge_latencies_ms": {
        "0": 2.818227,
        "1": 2.953679,
        "2": 1.356211,
        "3": 5.647747,
        "4": 2.9222,
        "5": 4.477449,
        "6": 5.297935,
        "7": 2.229835,
        "8": 4.212108,
        "9": 5.567695,
        "10": 2.226905,
        "11": 3.62758,
        "12": 3.366964,
        "13": 4.318733,
        "14": 3.492818,
        "15": 1.05862,
        "16": 3.91932,
        "17": 4.591552,
        "18": 6.526861,
        "19": 18.066965,
        "20": 2.642824,
        "21": 3.308353,
        "22": 1.3195,
        "23": 3.045568,
        "24": 5.351398,
        "25": 6.216318,
        "26": 2.240375,
        "27": 1.604516,
        "28": 2.043787,
        "29": 5.288127,
        "30": 5.001771,
        "31": 1.584304,
        "32": 4.459102,
        "33": 3.736564,
        "34": 3.566208,
        "35": 3.592796,
        "36": 4.017311,
        "37": 18.33869,
        "38": 1.430895,
        "39": 5.510695,
        "40": 6.271402,
        "41": 6.439085,
        "42": 5.715098,
        "43": 4.440499,
        "44": 14.476587,
        "45": 2.398139,
        "46": 4.263041,
        "47": 4.079618,
        "48": 3.085669,
        "49": 3.496519,
        "50": 2.549856,
        "51": 3.552921,
        "52": 2.532996,
        "53": 4.208398,
        "54": 2.136503,
        "55": 2.787474,
        "56": 2.716523,
        "57": 3.682289,
        "58": 4.078324,
        "59": 1.897476,
        "60": 3.148747,
        "61": 3.393838,
        "62": 6.352218,
        "63": 1.890802,
        "64": 5.004889,
        "65": 5.177051,
        "66": 3.906746,
        "67": 2.793185,
        "68": 4.762407,
        "69": 8.51459,
        "70": 13.006665,
        "71": 2.209432,
        "72": 3.406466,
        "73": 4.642322,
        "74": 2.466634,
        "75": 3.32516,
        "76": 5.56962,
        "77": 1.809225,
        "78": 3.115865,
        "79": 4.728916,
        "80": 5.334954,
        "81": 0.800268,
        "82": 4.662351,
        "83": 2.237512,
        "84": 3.421223,
        "85": 5.306663,
        "86": 6.029181,
        "87": 5.873981,
        "88": 5.684885,
        "89": 3.019018,
        "90": 3.1302,
        "91": 2.691763,
        "92": 2.343879,
        "93": 3.488094,
        "94": 3.759703,
        "95": 1.284891,
        "96": 4.033774,
        "97": 5.075074,
        "98": 6.471448,
        "99": 4.554051,
        "100": 4.077366,
        "101": 4.573595,
        "102": 3.770669,
        "103": 6.006997,
        "104": 7.095919,
        "105": 3.173478,
        "106": 4.952799,
        "107": 2.932189,
        "108": 2.095625,
        "109": 1.913783,
        "110": 4.13983,
        "111": 1.161396,
        "112": 3.345003,
        "113": 3.859893,
        "114": 5.027239,
        "115": 6.190875,
        "116": 2.150862,
        "117": 2.390927,
        "118": 6.393292,
        "119": 4.785805,
        "120": 2.354435,
        "121": 2.814365,
        "122": 6.108339,
        "123": 4.875953,
        "124": 1.690924,
        "125": 3.786894,
        "126": 3.505385,
        "127": 2.927178,
        "128": 5.187204,
        "129": 4.338388,
        "130": 4.003152,
        "131": 7.059661,
        "132": 3.340331,
        "133": 3.579431,
        "134": 3.257687,
        "135": 1.79287,
        "136": 3.474256,
        "137": 3.02755,
        "138": 1.965076,
        "139": 6.386471,
        "140": 3.238129,
        "141": 1.357024,
        "142": 6.315827,
        "143": 3.780041,
        "144": 4.732044,
        "145": 4.288089,
        "146": 3.571978,
        "147": 3.694119,
        "148": 3.358729,
        "149": 1.39303,
        "150": 1.257972,
        "151": 2.226698,
        "152": 4.102392,
        "153": 0.954236,
        "154": 5.997002,
        "155": 2.209109,
        "156": 5.825059,
        "157": 3.533641,
        "158": 6.412754,
        "159": 2.337802,
        "160": 2.338884,
        "161": 2.342345,
        "162": 3.564058,
        "163": 3.423597,
        "164": 5.389059,
        "165": 5.11005,
        "166": 3.552958,
        "167": 2.835734,
        "168": 3.443694,
        "169": 3.297841,
        "170": 5.003351,
        "171": 4.30002,
        "172": 3.109064,
        "173": 2.489546,
        "174": 3.656167,
        "175": 3.097524,
        "176": 2.191912,
        "177": 3.258644,
        "178": 3.306999,
        "179": 2.325993,
        "180": 2.331963
      }
    },
    "medium": {
      "utilization_fraction": 0.5,
      "edge_latencies_ms": {
        "0": 2.819192,
        "1": 2.954583,
        "2": 1.357247,
        "3": 5.64894,
        "4": 2.925288,
        "5": 4.48653,
        "6": 5.299587,
        "7": 2.230764,
        "8": 4.212879,
        "9": 5.569149,
        "10": 2.228456,
        "11": 3.628487,
        "12": 3.368127,
        "13": 4.31969,
        "14": 3.493609,
        "15": 1.059646,
        "16": 3.92528,
        "17": 4.592625,
        "18": 6.535478,
        "19": 18.085948,
        "20": 2.646379,
        "21": 3.309127,
        "22": 1.321637,
        "23": 3.046899,
        "24": 5.352309,
        "25": 6.217368,
        "26": 2.244163,
        "27": 1.60536,
        "28": 2.044697,
        "29": 5.288986,
        "30": 5.00912,
        "31": 1.58523,
        "32": 4.459853,
        "33": 3.737997,
        "34": 3.567343,
        "35": 3.593671,
        "36": 4.019219,
        "37": 18.363603,
        "38": 1.431704,
        "39": 5.511467,
        "40": 6.272394,
        "41": 6.444167,
        "42": 5.716129,
        "43": 4.443114,
        "44": 14.487738,
        "45": 2.399584,
        "46": 4.264284,
        "47": 4.084451,
        "48": 3.087782,
        "49": 3.498129,
        "50": 2.551114,
        "51": 3.553776,
        "52": 2.538978,
        "53": 4.21004,
        "54": 2.138178,
        "55": 2.788424,
        "56": 2.717913,
        "57": 3.683589,
        "58": 4.080878,
        "59": 1.89854,
        "60": 3.150579,
        "61": 3.397041,
        "62": 6.353248,
        "63": 1.894763,
        "64": 5.005859,
        "65": 5.178202,
        "66": 3.907631,
        "67": 2.795311,
        "68": 4.763741,
        "69": 8.515679,
        "70": 13.021663,
        "71": 2.210555,
        "72": 3.407603,
        "73": 4.647026,
        "74": 2.468235,
        "75": 3.330709,
        "76": 5.570607,
        "77": 1.810319,
        "78": 3.118737,
        "79": 4.729702,
        "80": 5.339132,
        "81": 0.805337,
        "82": 4.664603,
        "83": 2.238283,
        "84": 3.423974,
        "85": 5.307438,
        "86": 6.030112,
        "87": 5.876729,
        "88": 5.685904,
        "89": 3.022903,
        "90": 3.131289,
        "91": 2.693524,
        "92": 2.346527,
        "93": 3.489933,
        "94": 3.760454,
        "95": 1.286097,
        "96": 4.035291,
        "97": 5.076119,
        "98": 6.473225,
        "99": 4.555282,
        "100": 4.083253,
        "101": 4.575348,
        "102": 3.771763,
        "103": 6.008792,
        "104": 7.097499,
        "105": 3.17494,
        "106": 4.956021,
        "107": 2.93355,
        "108": 2.097302,
        "109": 1.915765,
        "110": 4.141311,
        "111": 1.16221,
        "112": 3.345878,
        "113": 3.861968,
        "114": 5.030648,
        "115": 6.191847,
        "116": 2.157732,
        "117": 2.392336,
        "118": 6.397173,
        "119": 4.787496,
        "120": 2.355877,
        "121": 2.815581,
        "122": 6.109858,
        "123": 4.877277,
        "124": 1.691906,
        "125": 3.787694,
        "126": 3.508096,
        "127": 2.929318,
        "128": 5.188037,
        "129": 4.339695,
        "130": 4.00562,
        "131": 7.069589,
        "132": 3.342881,
        "133": 3.580324,
        "134": 3.258651,
        "135": 1.794804,
        "136": 3.475467,
        "137": 3.028862,
        "138": 1.96614,
        "139": 6.391793,