{
  "topology_id": 500,
  "load_conditions": {
    "low": {
      "utilization_fraction": 0.2,
      "edge_latencies_ms": {
        "0": 2.411794,
        "1": 0.985525,
        "2": 3.478481,
        "3": 2.690921,
        "4": 5.007901,
        "5": 1.918221,
        "6": 4.384978,
        "7": 5.845335,
        "8": 6.088508,
        "9": 5.45606,
        "10": 2.247791,
        "11": 13.526288,
        "12": 3.423084,
        "13": 4.04368,
        "14": 15.258878,
        "15": 14.122667,
        "16": 4.615319,
        "17": 6.763921,
        "18": 3.460707,
        "19": 5.711763,
        "20": 3.946597,
        "21": 4.65808,
        "22": 4.79154,
        "23": 1.818669,
        "24": 1.84392,
        "25": 4.241539,
        "26": 6.780738,
        "27": 5.204097,
        "28": 4.203697,
        "29": 4.546795,
        "30": 4.468636,
        "31": 5.16834,
        "32": 2.769769,
        "33": 1.626329,
        "34": 3.450721,
        "35": 2.240809,
        "36": 6.285462,
        "37": 0.948344,
        "38": 7.463138,
        "39": 2.236197,
        "40": 2.926862,
        "41": 8.366209,
        "42": 2.369353,
        "43": 4.325306,
        "44": 9.280046,
        "45": 4.059535,
        "46": 4.282082,
        "47": 4.893799,
        "48": 6.779986,
        "49": 7.456931,
        "50": 0.768236,
        "51": 7.712684,
        "52": 6.184265,
        "53": 4.594772,
        "54": 8.105676,
        "55": 8.579141,
        "56": 4.862641,
        "57": 3.037707,
        "58": 7.855834,
        "59": 3.123084,
        "60": 1.592362,
        "61": 4.839555,
        "62": 5.911001,
        "63": 2.311588,
        "64": 3.566014,
        "65": 3.683201,
        "66": 6.628937,
        "67": 3.066761,
        "68": 4.688525,
        "69": 2.047911,
        "70": 1.413444,
        "71": 2.39439,
        "72": 4.452977,
        "73": 3.291556,
        "74": 2.253588,
        "75": 3.557736,
        "76": 7.162925,
        "77": 4.660907,
        "78": 1.668654,
        "79": 8.905047,
        "80": 6.712618,
        "81": 5.906466,
        "82": 3.120792,
        "83": 5.346421,
        "84": 6.730172,
        "85": 5.6919,
        "86": 3.135705,
        "87": 2.758104,
        "88": 1.877162,
        "89": 4.975199,
        "90": 4.718484,
        "91": 1.599136,
        "92": 6.039718,
        "93": 6.37258,
        "94": 1.535893,
        "95": 1.642182,
        "96": 4.614989,
        "97": 0.893972,
        "98": 6.014574,
        "99": 4.708597,
        "100": 4.922118,
        "101": 2.765456,
        "102": 2.328974
      }
    },
    "medium": {
      "utilization_fraction": 0.5,
      "edge_latencies_ms": {
        "0": 2.413839,
        "1": 0.98634,
        "2": 3.48128,
        "3": 2.69212,
        "4": 5.011407,
        "5": 1.924079,
        "6": 4.38605,
        "7": 5.849611,
        "8": 6.094198,
        "9": 5.457259,
        "10": 2.249579,
        "11": 13.536319,
        "12": 3.423913,
        "13": 4.045351,
        "14": 15.266888,
        "15": 14.134878,
        "16": 4.617046,
        "17": 6.764691,
        "18": 3.461712,
        "19": 5.71252,
        "20": 3.94789,
        "21": 4.659306,
        "22": 4.795161,
        "23": 1.823297,
        "24": 1.847666,
        "25": 4.243481,
        "26": 6.781524,
        "27": 5.205775,
        "28": 4.205678,
        "29": 4.548557,
        "30": 4.473363,
        "31": 5.169863,
        "32": 2.771007,
        "33": 1.6276,
        "34": 3.45182,
        "35": 2.242054,
        "36": 6.286821,
        "37": 0.949309,
        "38": 7.464247,
        "39": 2.237973,
        "40": 2.927681,
        "41": 8.383523,
        "42": 2.371384,
        "43": 4.327169,
        "44": 9.30003,
        "45": 4.061738,
        "46": 4.283291,
        "47": 4.895869,
        "48": 6.781696,
        "49": 7.457794,
        "50": 0.773438,
        "51": 7.713607,
        "52": 6.185122,
        "53": 4.59574,
        "54": 8.109323,
        "55": 8.580141,
        "56": 4.863467,
        "57": 3.038876,
        "58": 7.869933,
        "59": 3.124112,
        "60": 1.59661,
        "61": 4.841121,
        "62": 5.92065,
        "63": 2.31259,
        "64": 3.567136,
        "65": 3.68532,
        "66": 6.629784,
        "67": 3.068298,
        "68": 4.690233,
        "69": 2.04881,
        "70": 1.417165,
        "71": 2.395547,
        "72": 4.455484,
        "73": 3.292677,
        "74": 2.254696,
        "75": 3.558683,
        "76": 7.164072,
        "77": 4.662355,
        "78": 1.669438,
        "79": 8.906954,
        "80": 6.713976,
        "81": 5.912453,
        "82": 3.123556,
        "83": 5.347236,
        "84": 6.731617,
        "85": 5.693056,
        "86": 3.136456,
        "87": 2.758881,
        "88": 1.878656,
        "89": 4.976473,
        "90": 4.719553,
        "91": 1.600263,
        "92": 6.040871,
        "93": 6.373788,
        "94": 1.537861,
        "95": 1.642944,
        "96": 4.61912,
        "97": 0.89926,
        "98": 6.015848,
        "99": 4.709452,
        "100": 4.923109,
        "101": 2.766212,
        "102": 2.333124
      }
    },
    "high": {
      "utilization_fraction": 0.8,
      "edge_latencies_ms": {
        "0": 2.422022,
        "1": 0.989601,
        "2": 3.492475,
        "3": 2.696914,
        "4": 5.025433,
        "5": 1.94751,
        "6": 4.390337,
        "7": 5.866715,
        "8": 6.116956,
        "9": 5.462055,
        "10": 2.25673,
        "11": 13.576442,
        "12": 3.42723,
        "13": 4.052037,
        "14": 15.298927,
        "15": 14.18372,
        "16": 4.623954,
        "17": 6.767772,
        "18": 3.465732,
        "19": 5.715548,
        "20": 3.953061,
        "21": 4.664213,
        "22": 4.809648,
        "23": 1.841811,
        "24": 1.862647,
        "25": 4.251251,
        "26": 6.784667,
        "27": 5.212486,
        "28": 4.213604,
        "29": 4.555604,
        "30": 4.492272,
        "31": 5.175956,
        "32": 2.775957,
        "33": 1.632687,
        "34": 3.456218,
        "35": 2.247035,
        "36": 6.292257,
        "37": 0.953171,
        "38": 7.468683,
        "39": 2.245081,
        "40": 2.930955,
        "41": 8.45278,
        "42": 2.37951,
        "43": 4.334621,
        "44": 9.379965,
        "45": 4.070549,
        "46": 4.288127,
        "47": 4.904149,
        "48": 6.788535,
        "49": 7.461249,
        "50": 0.794248,
        "51": 7.717299,
        "52": 6.188552,
        "53": 4.599609,
        "54": 8.123911,
        "55": 8.584143,
        "56": 4.86677,
        "57": 3.043553,
        "58": 7.926328,
        "59": 3.128227,
        "60": 1.613599,
        "61": 4.847385,
        "62": 5.959245,
        "63": 2.316599,
        "64": 3.571621,
        "65": 3.693794,
        "66": 6.633173,
        "67": 3.07445,
        "68": 4.697063,
        "69": 2.052403,
        "70": 1.432048,
        "71": 2.400173,
        "72": 4.465511,
        "73": 3.297162,
        "74": 2.259131,
        "75": 3.562471,
        "76": 7.168661,
        "77": 4.668148,
        "78": 1.672571,
        "79": 8.914583,
        "80": 6.71941,
        "81": 5.936403,
        "82": 3.134615,
        "83": 5.350495,
        "84": 6.737397,
        "85": 5.697678,
        "86": 3.139457,
        "87": 2.761991,
        "88": 1.884632,
        "89": 4.981566,
        "90": 4.723828,
        "91": 1.60477,
        "92": 6.045486,
        "93": 6.378617,
        "94": 1.545731,
        "95": 1.64599,
        "96": 4.635641,
        "97": 0.920412,
        "98": 6.020944,
        "99": 4.712869,
        "100": 4.927071,
        "101": 2.769238,
        "102": 2.349725
      }
    },
    "flash": {
      "utilization_fraction": 0.95,
      "edge_latencies_ms": {
        "0": 2.462934,
        "1": 1.005908,
        "2": 3.548449,
        "3": 2.720887,
        "4": 5.095561,
        "5": 2.064667,
        "6": 4.411772,
        "7": 5.952232,
        "8": 6.23075,
        "9": 5.486034,