{
  "topology_id": 484,
  "load_conditions": {
    "low": {
      "utilization_fraction": 0.2,
      "edge_latencies_ms": {
        "0": 2.4565,
        "1": 2.979145,
        "2": 3.167062,
        "3": 2.903234,
        "4": 4.832646,
        "5": 5.042846,
        "6": 5.276244,
        "7": 4.742942,
        "8": 22.880023,
        "9": 3.17026,
        "10": 4.62372,
        "11": 1.177026,
        "12": 3.119787,
        "13": 1.477267,
        "14": 3.808807,
        "15": 4.338781,
        "16": 2.697134,
        "17": 5.050623,
        "18": 2.888127,
        "19": 3.026312,
        "20": 2.543224,
        "21": 4.482191,
        "22": 2.610207,
        "23": 4.283293,
        "24": 5.70675,
        "25": 2.186799,
        "26": 5.115521,
        "27": 3.3106,
        "28": 3.27804,
        "29": 2.283603,
        "30": 4.561529,
        "31": 3.759458,
        "32": 5.457165,
        "33": 3.9217,
        "34": 2.01565,
        "35": 21.2551,
        "36": 4.203247,
        "37": 2.181643,
        "38": 1.946029,
        "39": 19.623319,
        "40": 4.85883,
        "41": 2.715997,
        "42": 3.840758,
        "43": 7.671939,
        "44": 3.315554,
        "45": 4.668597,
        "46": 3.286414,
        "47": 4.153748,
        "48": 4.255224,
        "49": 5.100271,
        "50": 2.949575,
        "51": 2.704606,
        "52": 3.979489,
        "53": 6.196468,
        "54": 2.619071,
        "55": 4.037539,
        "56": 3.572054,
        "57": 1.188036,
        "58": 1.83463,
        "59": 1.303655,
        "60": 2.999431,
        "61": 0.730331,
        "62": 3.338968,
        "63": 3.047408,
        "64": 4.089577,
        "65": 2.902066,
        "66": 2.125612,
        "67": 5.629495,
        "68": 3.570959,
        "69": 2.965284,
        "70": 3.389085,
        "71": 3.918515,
        "72": 6.125553,
        "73": 4.121491,
        "74": 5.052619,
        "75": 3.811891,
        "76": 7.24139,
        "77": 5.879709,
        "78": 5.025802,
        "79": 3.992634,
        "80": 4.266517,
        "81": 4.753112,
        "82": 2.601295,
        "83": 4.866535,
        "84": 3.263741,
        "85": 1.62453,
        "86": 2.365398,
        "87": 4.621232,
        "88": 6.168547,
        "89": 8.424793,
        "90": 3.975366,
        "91": 4.928802,
        "92": 3.47218,
        "93": 5.022052,
        "94": 2.286685,
        "95": 2.561783,
        "96": 6.030688,
        "97": 6.110486,
        "98": 4.59098,
        "99": 4.188308,
        "100": 4.055992,
        "101": 2.223064,
        "102": 6.014143,
        "103": 5.582272,
        "104": 4.535043,
        "105": 2.67724,
        "106": 4.037991,
        "107": 1.900447,
        "108": 5.787264,
        "109": 3.719964,
        "110": 4.675094
      }
    },
    "medium": {
      "utilization_fraction": 0.5,
      "edge_latencies_ms": {
        "0": 2.460469,
        "1": 2.980244,
        "2": 3.170841,
        "3": 2.905322,
        "4": 4.835118,
        "5": 5.04516,
        "6": 5.277283,
        "7": 4.744811,
        "8": 22.891126,
        "9": 3.171086,
        "10": 4.625362,
        "11": 1.179356,
        "12": 3.12368,
        "13": 1.4805,
        "14": 3.810871,
        "15": 4.342581,
        "16": 2.69797,
        "17": 5.051685,
        "18": 2.889948,
        "19": 3.028648,
        "20": 2.546679,
        "21": 4.483022,
        "22": 2.616633,
        "23": 4.285716,
        "24": 5.707884,
        "25": 2.187762,
        "26": 5.116843,
        "27": 3.311771,
        "28": 3.283112,
        "29": 2.284589,
        "30": 4.56342,
        "31": 3.760465,
        "32": 5.458268,
        "33": 3.922626,
        "34": 2.017188,
        "35": 21.262628,
        "36": 4.204446,
        "37": 2.182502,
        "38": 1.948672,
        "39": 19.655505,
        "40": 4.861378,
        "41": 2.716755,
        "42": 3.842277,
        "43": 7.673305,
        "44": 3.316305,
        "45": 4.670258,
        "46": 3.288193,
        "47": 4.155975,
        "48": 4.256347,
        "49": 5.101157,
        "50": 2.950621,
        "51": 2.705671,
        "52": 3.98125,
        "53": 6.197312,
        "54": 2.620501,
        "55": 4.038736,
        "56": 3.575104,
        "57": 1.18911,
        "58": 1.836879,
        "59": 1.304527,
        "60": 3.005547,
        "61": 0.732383,
        "62": 3.34083,
        "63": 3.05184,
        "64": 4.091651,
        "65": 2.902952,
        "66": 2.128363,
        "67": 5.636428,
        "68": 3.573322,
        "69": 2.966282,
        "70": 3.389916,
        "71": 3.919292,
        "72": 6.126802,
        "73": 4.122279,
        "74": 5.053454,
        "75": 3.813639,
        "76": 7.246019,
        "77": 5.880475,
        "78": 5.026681,
        "79": 3.993394,
        "80": 4.267865,
        "81": 4.754667,
        "82": 2.602497,
        "83": 4.868479,
        "84": 3.264793,
        "85": 1.625989,
        "86": 2.371687,
        "87": 4.622543,
        "88": 6.16947,
        "89": 8.428209,
        "90": 3.976745,
        "91": 4.930484,
        "92": 3.473278,
        "93": 5.024241,
        "94": 2.287835,
        "95": 2.564282,
        "96": 6.031713,
        "97": 6.112502,
        "98": 4.591736,
        "99": 4.191882,
        "100": 4.05694,
        "101": 2.228352,
        "102": 6.016224,
        "103": 5.583129,
        "104": 4.536042,
        "105": 2.678202,
        "106": 4.040752,
        "107": 1.901222,
        "108": 5.789346,
        "109": 3.722051,
        "110": 4.676275
      }
    },
    "high": {
      "utilization_fraction": 0.8,
      "edge_latencies_ms": {
        "0": 2.476348,
        "1": 2.984639,
        "2": 3.185955,
        "3": 2.913674,
        "4": 4.845004,
        "5": 5.054416,
        "6": 5.281438,
        "7": 4.752288,
        "8": 22.935539,
        "9": 3.174387,
        "10": 4.631928,
        "11": 1.188679,
        "12": 3.139254,
        "13": 1.493434,
        "14": 3.819128,
        "15": 4.357781,
        "16": 2.701316,
        "17": 5.055935,
        "18": 2.897231,
        "19": 3.037993,
        "20": 2.560496,
        "21": 4.486345,
        "22": 2.642335,
        "23": 4.295407,
        "24": 5.712418,
        "25": 2.191611,
        "26": 5.122131,
        "27": 3.316457,
        "28": 3.303399,
        "29": 2.288535,
        "30": 4.570982,
        "31": 3.764491,
        "32": 5.462679,
        "33": 3.92633,
        "34": 2.023339,
        "35": 21.292743,
        "36": 4.209243,
        "37": 2.18594,
        "38": 1.959246,
        "39": 19.784249,
        "40": 4.871568,
        "41": 2.719786,
        "42": 3.84835,
        "43": 7.678767,
        "44": 3.319309,
        "45": 4.676903,
        "46": 3.295312,
        "47": 4.164886,
        "48": 4.26084,
        "49": 5.104701,
        "50": 2.954805,
        "51": 2.709932,
        "52": 3.988294,
        "53": 6.200689,
        "54": 2.626218,
        "55": 4.043525,
        "56": 3.587303,
        "57": 1.193404,
        "58": 1.845876,
        "59": 1.308019,
        "60": 3.030011,
        "61": 0.740594,
        "62": 3.348274,
        "63": 3.069564,
        "64": 4.099946,
        "65": 2.906493,
        "66": 2.139368,
        "67": 5.664162,
        "68": 3.582774,
        "69": 2.970278,
        "70": 3.393239,
        "71": 3.9224,
        "72": 6.131797,
        "73": 4.12543,
        "74": 5.056794,
        "75": 3.82063,
        "76": 7.264533,
        "77": 5.883538,
        "78": 5.030197,
        "79": 3.996436,
        "80": 4.273255,
        "81": 4.760889,
        "82": 2.607306,
        "83": 4.876251,
        "84": 3.268998,
        "85": 1.631826,
        "86": 2.396839,
        "87": 4.627789,
        "88": 6.173161,
        "89": 8.441873,
        "90": 3.982261,
        "91": 4.937213,
        "92": 3.47767,
        "93": 5.032997,
        "94": 2.292436,
        "95": 2.574277,
        "96": 6.035812,
        "97": 6.120565,
        "98": 4.594759,
        "99": 4.206175,