{
  "topology_id": 272,
  "load_conditions": {
    "low": {
      "utilization_fraction": 0.2,
      "edge_latencies_ms": {
        "0": 1.679161,
        "1": 2.315474,
        "2": 5.408116,
        "3": 2.669692,
        "4": 4.319548,
        "5": 3.282487,
        "6": 5.839824,
        "7": 2.502411,
        "8": 1.980468,
        "9": 1.200933,
        "10": 1.495855,
        "11": 1.565701,
        "12": 5.594973,
        "13": 7.902354,
        "14": 7.108052,
        "15": 15.669204,
        "16": 3.186828,
        "17": 4.061758,
        "18": 7.343927,
        "19": 1.933478,
        "20": 16.236142,
        "21": 3.092541,
        "22": 6.1094,
        "23": 5.102804,
        "24": 3.760516,
        "25": 7.795583,
        "26": 6.930619,
        "27": 3.794657,
        "28": 6.168078,
        "29": 4.708562,
        "30": 2.423169,
        "31": 3.190283,
        "32": 4.615378,
        "33": 2.531372,
        "34": 2.193761,
        "35": 6.861852,
        "36": 6.532506,
        "37": 3.066197,
        "38": 2.71144,
        "39": 16.869462,
        "40": 1.885276,
        "41": 2.172473,
        "42": 5.310415,
        "43": 3.370336,
        "44": 4.08446,
        "45": 3.17584,
        "46": 2.318357,
        "47": 4.684635,
        "48": 14.877603,
        "49": 4.486299,
        "50": 4.355116,
        "51": 3.491625,
        "52": 4.643911,
        "53": 3.677254,
        "54": 3.5021,
        "55": 3.429493,
        "56": 2.367912,
        "57": 6.994738,
        "58": 3.703596,
        "59": 3.470807,
        "60": 4.636716,
        "61": 2.264023,
        "62": 2.41671
      }
    },
    "medium": {
      "utilization_fraction": 0.5,
      "edge_latencies_ms": {
        "0": 1.68076,
        "1": 2.317029,
        "2": 5.408998,
        "3": 2.671061,
        "4": 4.32042,
        "5": 3.283991,
        "6": 5.841052,
        "7": 2.503259,
        "8": 1.984506,
        "9": 1.205596,
        "10": 1.497983,
        "11": 1.566507,
        "12": 5.595782,
        "13": 7.912452,
        "14": 7.109492,
        "15": 15.69005,
        "16": 3.189155,
        "17": 4.068326,
        "18": 7.344961,
        "19": 1.935315,
        "20": 16.250233,
        "21": 3.094619,
        "22": 6.111521,
        "23": 5.103966,
        "24": 3.761553,
        "25": 7.796678,
        "26": 6.941024,
        "27": 3.797933,
        "28": 6.169924,
        "29": 4.709382,
        "30": 2.423978,
        "31": 3.192027,
        "32": 4.616398,
        "33": 2.532295,
        "34": 2.197047,
        "35": 6.862711,
        "36": 6.533519,
        "37": 3.06733,
        "38": 2.712583,
        "39": 16.920354,
        "40": 1.886158,
        "41": 2.173597,
        "42": 5.316998,
        "43": 3.375393,
        "44": 4.085674,
        "45": 3.176792,
        "46": 2.320023,
        "47": 4.685795,
        "48": 14.88925,
        "49": 4.487433,
        "50": 4.355957,
        "51": 3.493007,
        "52": 4.645043,
        "53": 3.67811,
        "54": 3.503569,
        "55": 3.434433,
        "56": 2.368728,
        "57": 7.000555,
        "58": 3.707913,
        "59": 3.472206,
        "60": 4.640218,
        "61": 2.265132,
        "62": 2.417642
      }
    },
    "high": {
      "utilization_fraction": 0.8,
      "edge_latencies_ms": {
        "0": 1.687159,
        "1": 2.323248,
        "2": 5.412525,
        "3": 2.676538,
        "4": 4.323909,
        "5": 3.290005,
        "6": 5.845963,
        "7": 2.506651,
        "8": 2.000656,
        "9": 1.224249,
        "10": 1.506495,
        "11": 1.569727,
        "12": 5.599018,
        "13": 7.952845,
        "14": 7.115252,
        "15": 15.773435,
        "16": 3.198461,
        "17": 4.094598,
        "18": 7.349099,
        "19": 1.942662,
        "20": 16.306595,
        "21": 3.102931,
        "22": 6.120007,
        "23": 5.108615,
        "24": 3.765704,
        "25": 7.80106,
        "26": 6.982644,
        "27": 3.811038,
        "28": 6.177309,
        "29": 4.712663,
        "30": 2.427212,
        "31": 3.199003,
        "32": 4.620478,
        "33": 2.53599,
        "34": 2.210189,
        "35": 6.866144,
        "36": 6.53757,
        "37": 3.071865,
        "38": 2.717153,
        "39": 17.12392,
        "40": 1.889686,
        "41": 2.178094,
        "42": 5.343329,
        "43": 3.39562,
        "44": 4.09053,
        "45": 3.1806,
        "46": 2.326683,
        "47": 4.690432,
        "48": 14.935837,
        "49": 4.491968,
        "50": 4.359322,
        "51": 3.498536,
        "52": 4.649571,
        "53": 3.681533,
        "54": 3.509447,
        "55": 3.454196,
        "56": 2.371991,
        "57": 7.023823,
        "58": 3.725179,
        "59": 3.477799,
        "60": 4.654226,
        "61": 2.269569,
        "62": 2.421366
      }
    },
    "flash": {
      "utilization_fraction": 0.95,
      "edge_latencies_ms": {
        "0": 1.719151,
        "1": 2.354342,
        "2": 5.430162,
        "3": 2.703923,
        "4": 4.341352,
        "5": 3.320076,
        "6": 5.870518,
        "7": 2.523612,
        "8": 2.081408,
        "9": 1.31751,
        "10": 1.549052,
        "11": 1.585832,
        "12": 5.615196,
        "13": 8.154811,
        "14": 7.144053,
        "15": 16.19036,
        "16": 3.244995,
        "17": 4.225958,
        "18": 7.369787,
        "19": 1.9794,
        "20": 16.588404,
        "21": 3.14449,
        "22": 6.162437,
        "23": 5.131859,
        "24": 3.786459,
        "25": 7.822968,
        "26": 7.190745,
        "27": 3.876561,
        "28": 6.214234,
        "29": 4.729068,
        "30": 2.443385,
        "31": 3.233884,
        "32": 4.640876,
        "33": 2.554464,
        "34": 2.275901,
        "35": 6.883311,
        "36": 6.557827,
        "37": 3.094538,
        "38": 2.740006,
        "39": 18.141754,
        "40": 1.907324,
        "41": 2.200577,
        "42": 5.474986,
        "43": 3.496754,
        "44": 4.11481,
        "45": 3.199639,
        "46": 2.359986,
        "47": 4.713617,
        "48": 15.168774,
        "49": 4.514644,
        "50": 4.37615,
        "51": 3.526177,
        "52": 4.672212,
        "53": 3.698649,
        "54": 3.538836,
        "55": 3.55301,
        "56": 2.388306,
        "57": 7.140165,
        "58": 3.811512,
        "59": 3.505763,
        "60": 4.724263,
        "61": 2.291754,
        "62": 2.439989
      }
    }
  }
}