{
  "topology_id": 311,
  "load_conditions": {
    "low": {
      "utilization_fraction": 0.2,
      "edge_latencies_ms": {
        "0": 5.179277,
        "1": 3.415722,
        "2": 2.567629,
        "3": 3.943789,
        "4": 4.107106,
        "5": 4.503533,
        "6": 1.494981,
        "7": 5.606175,
        "8": 2.419864,
        "9": 3.036127,
        "10": 2.286543,
        "11": 6.156002,
        "12": 4.031742,
        "13": 3.313805,
        "14": 5.744281,
        "15": 3.937304,
        "16": 7.510457,
        "17": 9.591002,
        "18": 7.862214,
        "19": 2.542715,
        "20": 3.436058,
        "21": 4.045653,
        "22": 3.374115,
        "23": 2.628364,
        "24": 5.080845,
        "25": 1.303467,
        "26": 4.038111,
        "27": 3.07688,
        "28": 1.663833,
        "29": 4.936428,
        "30": 3.407641,
        "31": 5.00991,
        "32": 5.132517,
        "33": 5.052816,
        "34": 2.697391,
        "35": 1.241507
      }
    },
    "medium": {
      "utilization_fraction": 0.5,
      "edge_latencies_ms": {
        "0": 5.180058,
        "1": 3.418004,
        "2": 2.569236,
        "3": 3.949084,
        "4": 4.118997,
        "5": 4.504612,
        "6": 1.496664,
        "7": 5.607475,
        "8": 2.42761,
        "9": 3.03688,
        "10": 2.288652,
        "11": 6.159538,
        "12": 4.036383,
        "13": 3.314582,
        "14": 5.749537,
        "15": 3.93855,
        "16": 7.512334,
        "17": 9.592203,
        "18": 7.86479,
        "19": 2.544842,
        "20": 3.444407,
        "21": 4.046431,
        "22": 3.374888,
        "23": 2.629407,
        "24": 5.08307,
        "25": 1.3055,
        "26": 4.038873,
        "27": 3.078384,
        "28": 1.665537,
        "29": 4.937185,
        "30": 3.408573,
        "31": 5.011183,
        "32": 5.133947,
        "33": 5.05431,
        "34": 2.699152,
        "35": 1.24788
      }
    },
    "high": {
      "utilization_fraction": 0.8,
      "edge_latencies_ms": {
        "0": 5.183185,
        "1": 3.427129,
        "2": 2.575661,
        "3": 3.970266,
        "4": 4.166561,
        "5": 4.508928,
        "6": 1.503398,
        "7": 5.612674,
        "8": 2.458594,
        "9": 3.03989,
        "10": 2.297089,
        "11": 6.173683,
        "12": 4.054944,
        "13": 3.31769,
        "14": 5.770561,
        "15": 3.943534,
        "16": 7.519842,
        "17": 9.597009,
        "18": 7.875098,
        "19": 2.553347,
        "20": 3.477802,
        "21": 4.049546,
        "22": 3.37798,
        "23": 2.633578,
        "24": 5.091971,
        "25": 1.313632,
        "26": 4.041921,
        "27": 3.084399,
        "28": 1.672353,
        "29": 4.940214,
        "30": 3.412299,
        "31": 5.016278,
        "32": 5.139668,
        "33": 5.060287,
        "34": 2.706196,
        "35": 1.273371
      }
    },
    "flash": {
      "utilization_fraction": 0.95,
      "edge_latencies_ms": {
        "0": 5.198815,
        "1": 3.472757,
        "2": 2.607788,
        "3": 4.076176,
        "4": 4.404381,
        "5": 4.530511,
        "6": 1.537067,
        "7": 5.638671,
        "8": 2.613516,
        "9": 3.05494,
        "10": 2.339271,
        "11": 6.244407,
        "12": 4.147751,
        "13": 3.333233,
        "14": 5.875679,
        "15": 3.968455,
        "16": 7.557384,
        "17": 9.621036,
        "18": 7.926635,
        "19": 2.595874,
        "20": 3.644776,
        "21": 4.065119,
        "22": 3.393438,
        "23": 2.654433,
        "24": 5.136477,
        "25": 1.354293,
        "26": 4.057157,
        "27": 3.114477,
        "28": 1.706436,
        "29": 4.955357,
        "30": 3.430931,
        "31": 5.04175,
        "32": 5.168271,
        "33": 5.090174,
        "34": 2.741417,
        "35": 1.400829
      }
    }
  }
}