{
  "topology_id": 22,
  "load_conditions": {
    "low": {
      "utilization_fraction": 0.2,
      "edge_latencies_ms": {
        "0": 6.959702,
        "1": 6.552034,
        "2": 2.502,
        "3": 5.047262,
        "4": 6.045196,
        "5": 3.673968,
        "6": 11.552223,
        "7": 16.588031,
        "8": 12.304553,
        "9": 7.302191,
        "10": 4.965711,
        "11": 2.119521,
        "12": 3.026389,
        "13": 4.972795,
        "14": 3.024014,
        "15": 3.770882,
        "16": 2.765485,
        "17": 1.923509,
        "18": 5.233269,
        "19": 11.151764,
        "20": 2.753054,
        "21": 3.191348,
        "22": 3.437604,
        "23": 2.371296,
        "24": 2.362768,
        "25": 2.188324,
        "26": 5.934118,
        "27": 7.182388,
        "28": 2.82071,
        "29": 4.853828,
        "30": 5.182712,
        "31": 3.053531,
        "32": 7.426853,
        "33": 14.797193,
        "34": 6.367597,
        "35": 8.643016,
        "36": 6.571252,
        "37": 3.456539,
        "38": 3.270591,
        "39": 6.485077,
        "40": 3.490631,
        "41": 4.455641,
        "42": 3.049503,
        "43": 3.742579,
        "44": 4.07721,
        "45": 3.234981,
        "46": 1.972325,
        "47": 3.609177,
        "48": 3.468674,
        "49": 3.419166,
        "50": 6.353104,
        "51": 9.722833,
        "52": 6.898201,
        "53": 4.823947,
        "54": 4.219103,
        "55": 8.966598,
        "56": 4.422997,
        "57": 3.096656,
        "58": 2.109469,
        "59": 4.195997,
        "60": 8.157037,
        "61": 8.446244,
        "62": 3.326203,
        "63": 5.1923,
        "64": 3.576992,
        "65": 6.191147,
        "66": 6.04833,
        "67": 5.445844,
        "68": 5.082768,
        "69": 4.162999,
        "70": 5.840115,
        "71": 1.981364,
        "72": 3.00124,
        "73": 4.80478,
        "74": 3.80928,
        "75": 3.398933,
        "76": 3.436031
      }
    },
    "medium": {
      "utilization_fraction": 0.5,
      "edge_latencies_ms": {
        "0": 6.961039,
        "1": 6.553834,
        "2": 2.502768,
        "3": 5.050005,
        "4": 6.050247,
        "5": 3.676472,
        "6": 11.621273,
        "7": 16.599311,
        "8": 12.313447,
        "9": 7.338076,
        "10": 4.967666,
        "11": 2.120322,
        "12": 3.028794,
        "13": 4.973822,
        "14": 3.026784,
        "15": 3.773027,
        "16": 2.767713,
        "17": 1.92511,
        "18": 5.234134,
        "19": 11.171611,
        "20": 2.753965,
        "21": 3.192614,
        "22": 3.438623,
        "23": 2.372522,
        "24": 2.364222,
        "25": 2.195699,
        "26": 5.93579,
        "27": 7.183409,
        "28": 2.821624,
        "29": 4.854818,
        "30": 5.184135,
        "31": 3.054366,
        "32": 7.428008,
        "33": 14.807341,
        "34": 6.36843,
        "35": 8.65503,
        "36": 6.586281,
        "37": 3.457738,
        "38": 3.271986,
        "39": 6.491459,
        "40": 3.492028,
        "41": 4.457078,
        "42": 3.05254,
        "43": 3.743869,
        "44": 4.078267,
        "45": 3.236158,
        "46": 1.974586,
        "47": 3.610007,
        "48": 3.472563,
        "49": 3.421142,
        "50": 6.353905,
        "51": 9.735905,
        "52": 6.900372,
        "53": 4.824932,
        "54": 4.224093,
        "55": 8.984168,
        "56": 4.424248,
        "57": 3.098431,
        "58": 2.11274,
        "59": 4.199912,
        "60": 8.15888,
        "61": 8.447782,
        "62": 3.327199,
        "63": 5.193332,
        "64": 3.578253,
        "65": 6.192885,
        "66": 6.054075,
        "67": 5.448667,
        "68": 5.083874,
        "69": 4.163856,
        "70": 5.847272,
        "71": 1.984021,
        "72": 3.002334,
        "73": 4.805615,
        "74": 3.811671,
        "75": 3.400209,
        "76": 3.436986
      }
    },
    "high": {
      "utilization_fraction": 0.8,
      "edge_latencies_ms": {
        "0": 6.966387,
        "1": 6.561031,
        "2": 2.505839,
        "3": 5.060977,
        "4": 6.070455,
        "5": 3.686486,
        "6": 11.897474,
        "7": 16.644431,
        "8": 12.349025,
        "9": 7.481617,
        "10": 4.975485,
        "11": 2.123524,
        "12": 3.038414,
        "13": 4.977931,
        "14": 3.037864,
        "15": 3.781604,
        "16": 2.776625,
        "17": 1.931515,
        "18": 5.237595,
        "19": 11.250997,
        "20": 2.75761,
        "21": 3.197677,
        "22": 3.442699,
        "23": 2.377425,
        "24": 2.370034,
        "25": 2.2252,
        "26": 5.942475,
        "27": 7.187496,
        "28": 2.825277,
        "29": 4.858779,
        "30": 5.189827,
        "31": 3.057705,
        "32": 7.43263,
        "33": 14.847935,
        "34": 6.371761,
        "35": 8.703085,
        "36": 6.646398,
        "37": 3.462537,
        "38": 3.277564,
        "39": 6.516986,
        "40": 3.497619,
        "41": 4.462825,
        "42": 3.064689,
        "43": 3.749027,
        "44": 4.082495,
        "45": 3.240864,
        "46": 1.983631,
        "47": 3.613327,
        "48": 3.488117,
        "49": 3.429048,
        "50": 6.357109,
        "51": 9.788189,
        "52": 6.909056,
        "53": 4.828871,
        "54": 4.244054,
        "55": 9.054448,
        "56": 4.429249,
        "57": 3.105531,
        "58": 2.125824,
        "59": 4.215572,
        "60": 8.166251,
        "61": 8.453936,
        "62": 3.331183,
        "63": 5.197461,
        "64": 3.583297,
        "65": 6.199834,
        "66": 6.077051,
        "67": 5.459958,
        "68": 5.088297,
        "69": 4.167286,
        "70": 5.875902,
        "71": 1.994649,
        "72": 3.00671,
        "73": 4.808957,
        "74": 3.821234,
        "75": 3.405316,
        "76": 3.440808
      }
    },
    "flash": {
      "utilization_fraction": 0.95,
      "edge_latencies_ms": {
        "0": 6.99313,
        "1": 6.597017,
        "2": 2.521193,
        "3": 5.115839,
        "4": 6.17149,
        "5": 3.736561,
        "6": 13.278478,
        "7": 16.870029,
        "8": 12.526915,
        "9": 8.19932,
        "10": 5.014582,
        "11": 2.139533,
        "12": 3.086513,
        "13": 4.998478,
        "14": 3.093264,
        "15": 3.824492,
        "16": 2.821188,
        "17": 1.963541,
        "18": 5.254899,
        "19": 11.647927,
        "20": 2.775834,
        "21": 3.222997,
        "22": 3.463081,
        "23": 2.401939,
        "24": 2.399098,
        "25": 2.372708,
        "26": 5.975902,
        "27": 7.207932,
        "28": 2.843542,
        "29": 4.878583,
        "30": 5.218289,
        "31": 3.074403,
        "32": 7.455739,
        "33": 15.050904,
        "34": 6.388418,
        "35": 8.943362,
        "36": 6.946981,
        "37": 3.486531,
        "38": 3.305458,
        "39": 6.644621,
        "40": 3.52557,
        "41": 4.491563,
        "42": 3.125432,
        "43": 3.77482,
        "44": 4.103633,
        "45": 3.264395,
        "46": 2.028854,
        "47": 3.629928,
        "48": 3.565892,
        "49": 3.468576,
        "50": 6.373128,
        "51": 10.04961,
        "52": 6.952477,
        "53": 4.848566,
        "54": 4.34386,
        "55": 9.405847,
        "56": 4.454256,
        "57": 3.14103,
        "58": 2.191242,
        "59": 4.293876,
        "60": 8.203111,
        "61": 8.484705,
        "62": 3.351105,
        "63": 5.218106,
        "64": 3.608517,
        "65": 6.234583,
        "66": 6.191934,
        "67": 5.516413,
        "68": 5.110409,
        "69": 4.184437,
        "70": 6.019051,
        "71": 2.047788,
        "72": 3.028592,
        "73": 4.825666,
        "74": 3.869049,
        "75": 3.430848,
        "76": 3.459917
      }
    }
  }
}