{
  "topology_id": 483,
  "load_conditions": {
    "low": {
      "utilization_fraction": 0.2,
      "edge_latencies_ms": {
        "0": 2.51925,
        "1": 2.738853,
        "2": 2.967758,
        "3": 2.67997,
        "4": 2.516282,
        "5": 1.704923,
        "6": 3.247265,
        "7": 0.691489,
        "8": 4.066702,
        "9": 3.350981,
        "10": 3.805486,
        "11": 5.660641,
        "12": 7.150393,
        "13": 6.59027,
        "14": 3.331751,
        "15": 3.105148,
        "16": 3.734144,
        "17": 6.904832,
        "18": 4.749833,
        "19": 6.028482,
        "20": 4.4307,
        "21": 2.922104,
        "22": 2.034575,
        "23": 5.463945,
        "24": 2.816666,
        "25": 1.615325,
        "26": 3.642661,
        "27": 4.971393,
        "28": 4.163376,
        "29": 6.250796,
        "30": 4.430224,
        "31": 6.340007,
        "32": 4.604937,
        "33": 2.301292,
        "34": 3.607749,
        "35": 2.878482,
        "36": 1.767962,
        "37": 5.404622,
        "38": 2.584154,
        "39": 3.083304,
        "40": 7.538222,
        "41": 7.275161,
        "42": 2.470604,
        "43": 4.793073,
        "44": 2.847809,
        "45": 3.468193,
        "46": 9.08765,
        "47": 2.781489,
        "48": 3.435592,
        "49": 1.806445,
        "50": 3.76878,
        "51": 3.785027,
        "52": 0.761987,
        "53": 3.405871,
        "54": 3.842536,
        "55": 3.570581,
        "56": 3.276192,
        "57": 4.62553,
        "58": 3.026543,
        "59": 2.586471,
        "60": 3.68012,
        "61": 3.031781,
        "62": 2.382487,
        "63": 3.652335,
        "64": 2.110418,
        "65": 4.56967,
        "66": 2.694112,
        "67": 2.596826,
        "68": 4.828218,
        "69": 2.31113,
        "70": 2.415891,
        "71": 5.128694,
        "72": 3.394082,
        "73": 6.014126,
        "74": 3.630469,
        "75": 4.788183,
        "76": 7.130394,
        "77": 4.953813,
        "78": 5.678397,
        "79": 3.048293,
        "80": 4.311181,
        "81": 3.91651,
        "82": 3.871371,
        "83": 1.526441,
        "84": 2.14654,
        "85": 4.007561,
        "86": 2.46557,
        "87": 2.723341,
        "88": 3.140996,
        "89": 1.64414,
        "90": 2.905446,
        "91": 6.697461,
        "92": 6.742583,
        "93": 2.550856,
        "94": 7.485498,
        "95": 5.63932,
        "96": 2.585505,
        "97": 5.384764,
        "98": 8.793658,
        "99": 4.227434,
        "100": 6.016245,
        "101": 6.158032,
        "102": 7.730538,
        "103": 7.697364,
        "104": 3.146784,
        "105": 5.126877,
        "106": 6.098722,
        "107": 4.442744,
        "108": 3.448975,
        "109": 3.428261,
        "110": 3.119936,
        "111": 5.425083,
        "112": 5.606507,
        "113": 3.208812,
        "114": 6.048327,
        "115": 5.403901,
        "116": 5.670124,
        "117": 1.23374,
        "118": 2.83246,
        "119": 2.523444,
        "120": 1.357933,
        "121": 3.016021,
        "122": 2.297073,
        "123": 2.673671,
        "124": 3.367261,
        "125": 3.450198,
        "126": 1.795588,
        "127": 4.98623,
        "128": 5.883892,
        "129": 1.902588,
        "130": 6.590206,
        "131": 2.330749,
        "132": 7.345609,
        "133": 5.857597,
        "134": 4.335902,
        "135": 5.725417,
        "136": 5.435133,
        "137": 4.028318,
        "138": 5.684498
      }
    },
    "medium": {
      "utilization_fraction": 0.5,
      "edge_latencies_ms": {
        "0": 2.520082,
        "1": 2.740756,
        "2": 2.97328,
        "3": 2.680911,
        "4": 2.517293,
        "5": 1.70943,
        "6": 3.248705,
        "7": 0.692807,
        "8": 4.068211,
        "9": 3.351818,
        "10": 3.807816,
        "11": 5.661849,
        "12": 7.151184,
        "13": 6.591468,
        "14": 3.333649,
        "15": 3.106422,
        "16": 3.735194,
        "17": 6.906452,
        "18": 4.752469,
        "19": 6.029411,
        "20": 4.431858,
        "21": 2.928823,
        "22": 2.036306,
        "23": 5.464852,
        "24": 2.818478,
        "25": 1.61758,
        "26": 3.64404,
        "27": 4.972373,
        "28": 4.165093,
        "29": 6.25381,
        "30": 4.432272,
        "31": 6.340917,
        "32": 4.6059,
        "33": 2.303049,
        "34": 3.608835,
        "35": 2.879795,
        "36": 1.769705,
        "37": 5.406282,
        "38": 2.586297,
        "39": 3.086257,
        "40": 7.584921,
        "41": 7.29465,
        "42": 2.471398,
        "43": 4.79507,
        "44": 2.850393,
        "45": 3.468954,
        "46": 9.102193,
        "47": 2.783284,
        "48": 3.43755,
        "49": 1.807527,
        "50": 3.769744,
        "51": 3.789087,
        "52": 0.764692,
        "53": 3.4082,
        "54": 3.843299,
        "55": 3.576387,
        "56": 3.277415,
        "57": 4.626802,
        "58": 3.028955,
        "59": 2.593489,
        "60": 3.681117,
        "61": 3.034243,
        "62": 2.386508,
        "63": 3.653771,
        "64": 2.111855,
        "65": 4.571972,
        "66": 2.695034,
        "67": 2.60073,
        "68": 4.829698,
        "69": 2.311933,
        "70": 2.421682,
        "71": 5.132018,
        "72": 3.397108,
        "73": 6.015917,
        "74": 3.631428,
        "75": 4.792103,
        "76": 7.131323,
        "77": 4.955123,
        "78": 5.679505,
        "79": 3.049245,
        "80": 4.312006,
        "81": 3.918813,
        "82": 3.873401,
        "83": 1.528768,
        "84": 2.14778,
        "85": 4.008341,
        "86": 2.466334,
        "87": 2.725678,
        "88": 3.14213,
        "89": 1.648887,
        "90": 2.90705,
        "91": 6.699015,
        "92": 6.743672,
        "93": 2.551611,
        "94": 7.487835,
        "95": 5.640244,
        "96": 2.586534,
        "97": 5.385642,
        "98": 8.794902,
        "99": 4.22903,
        "100": 6.017903,
        "101": 6.158844,
        "102": 7.731627,
        "103": 7.699133,
        "104": 3.149593,
        "105": 5.127931,
        "106": 6.099555,
        "107": 4.44384,
        "108": 3.450669,
        "109": 3.429308,
        "110": 3.125643,
        "111": 5.428627,
        "112": 5.607789,
        "113": 3.210327,
        "114": 6.049122,
        "115": 5.405819,
        "116": 5.671211,
        "117": 1.235182,
        "118": 2.833889,
        "119": 2.52425,
        "120": 1.358801,
        "121": 3.01682,
        "122": 2.297937,
        "123": 2.674513,
        "124": 3.368373,
        "125": 3.452262,
        "126": 1.797967,
        "127": 4.98709,
        "128": 5.884748,
        "129": 1.903914,
        "130": 6.592558,
        "131": 2.332118,
        "132": 7.347906,
        "133": 5.858626,
        "134": 4.339202,
        "135": 5.726547,
        "136": 5.436174,
        "137": 4.029815,
        "138": 5.686027
      }
    },
    "high": {
      "utilization_fraction": 0.8,
      "edge_latencies_ms": {
        "0": 2.523409,
        "1": 2.748369,
        "2": 2.99537,
        "3": 2.684674,
        "4": 2.521334,
        "5": 1.727459,
        "6": 3.254463,
        "7": 0.698076,
        "8": 4.074246,
        "9": 3.355166,
        "10": 3.817132,
        "11": 5.66668,
        "12": 7.154345,
        "13": 6.59626,
        "14": 3.34124,
        "15": 3.111518,
        "16": 3.739393,
        "17": 6.912934,
        "18": 4.763014,
        "19": 6.033129,
        "20": 4.436488,
        "21": 2.955698,
        "22": 2.04323,
        "23": 5.468483,
        "24": 2.825725,
        "25": 1.6266,
        "26": 3.649554,
        "27": 4.976295,
        "28": 4.17196,
        "29": 6.265867,
        "30": 4.440463,
        "31": 6.344557,
        "32": 4.609755,
        "33": 2.310076,
        "34": 3.613182,
        "35": 2.885047,
        "36": 1.776675,
        "37": 5.412921,
        "38": 2.594869,
        "39": 3.098066,
        "40": 7.771717,
        "41": 7.372604,