{
  "topology_id": 279,
  "load_conditions": {
    "low": {
      "utilization_fraction": 0.2,
      "edge_latencies_ms": {
        "0": 5.144623,
        "1": 12.996651,
        "2": 10.270472,
        "3": 12.482847,
        "4": 14.666544,
        "5": 12.168044,
        "6": 4.678741,
        "7": 3.102038,
        "8": 4.141341,
        "9": 6.202504,
        "10": 6.077791,
        "11": 5.526779,
        "12": 2.488549,
        "13": 5.249826,
        "14": 5.136801
      }
    },
    "medium": {
      "utilization_fraction": 0.5,
      "edge_latencies_ms": {
        "0": 5.146428,
        "1": 13.006795,
        "2": 10.284323,
        "3": 12.492561,
        "4": 14.676685,
        "5": 12.186005,
        "6": 4.68466,
        "7": 3.103174,
        "8": 4.177204,
        "9": 6.210582,
        "10": 6.079447,
        "11": 5.527627,
        "12": 2.490373,
        "13": 5.250785,
        "14": 5.138319
      }
    },
    "high": {
      "utilization_fraction": 0.8,
      "edge_latencies_ms": {
        "0": 5.153645,
        "1": 13.047373,
        "2": 10.339726,
        "3": 12.531416,
        "4": 14.717251,
        "5": 12.257848,
        "6": 4.708336,
        "7": 3.107719,
        "8": 4.320658,
        "9": 6.242897,
        "10": 6.086074,
        "11": 5.531017,
        "12": 2.497667,
        "13": 5.254622,
        "14": 5.144389
      }
    },
    "flash": {
      "utilization_fraction": 0.95,
      "edge_latencies_ms": {
        "0": 5.189733,
        "1": 13.250264,
        "2": 10.616742,
        "3": 12.725693,
        "4": 14.920083,
        "5": 12.617063,
        "6": 4.826715,
        "7": 3.130441,
        "8": 5.037926,
        "9": 6.404469,
        "10": 6.119206,
        "11": 5.547968,
        "12": 2.534141,
        "13": 5.273807,
        "14": 5.174743
      }
    }
  }
}