{
  "topology_id": 120,
  "load_conditions": {
    "low": {
      "utilization_fraction": 0.2,
      "edge_latencies_ms": {
        "0": 6.263791,
        "1": 1.907186,
        "2": 4.256873,
        "3": 3.753963,
        "4": 3.423948,
        "5": 3.063829,
        "6": 2.828349,
        "7": 5.414373,
        "8": 5.387322,
        "9": 2.493234,
        "10": 8.419839,
        "11": 5.452897,
        "12": 3.151695,
        "13": 4.318987,
        "14": 1.423747,
        "15": 10.191278,
        "16": 9.183713,
        "17": 4.241667,
        "18": 3.719814,
        "19": 6.753413,
        "20": 10.112899,
        "21": 9.853743,
        "22": 11.465172,
        "23": 8.951687,
        "24": 7.370269,
        "25": 5.90443,
        "26": 1.816049,
        "27": 4.445441,
        "28": 2.840825,
        "29": 3.226147,
        "30": 3.486864,
        "31": 1.801311,
        "32": 3.53866,
        "33": 2.409934
      }
    },
    "medium": {
      "utilization_fraction": 0.5,
      "edge_latencies_ms": {
        "0": 6.265414,
        "1": 1.909926,
        "2": 4.2807,
        "3": 3.755802,
        "4": 3.425045,
        "5": 3.065076,
        "6": 2.856923,
        "7": 5.417368,
        "8": 5.388417,
        "9": 2.495317,
        "10": 8.429373,
        "11": 5.476486,
        "12": 3.157261,
        "13": 4.329911,
        "14": 1.426457,
        "15": 10.20612,
        "16": 9.209557,
        "17": 4.242797,
        "18": 3.721866,
        "19": 6.754475,
        "20": 10.130845,
        "21": 9.868767,
        "22": 11.488255,
        "23": 8.965956,
        "24": 7.373035,
        "25": 5.905395,
        "26": 1.817109,
        "27": 4.446388,
        "28": 2.843598,
        "29": 3.230988,
        "30": 3.50133,
        "31": 1.804759,
        "32": 3.53964,
        "33": 2.413064
      }
    },
    "high": {
      "utilization_fraction": 0.8,
      "edge_latencies_ms": {
        "0": 6.271908,
        "1": 1.920888,
        "2": 4.376012,
        "3": 3.763155,
        "4": 3.429435,
        "5": 3.070064,
        "6": 2.97122,
        "7": 5.42935,
        "8": 5.3928,
        "9": 2.503646,
        "10": 8.467507,
        "11": 5.57084,
        "12": 3.179526,
        "13": 4.373607,
        "14": 1.437299,
        "15": 10.26549,
        "16": 9.312934,
        "17": 4.247318,
        "18": 3.730075,
        "19": 6.758727,
        "20": 10.202629,
        "21": 9.928859,
        "22": 11.580587,
        "23": 9.023033,
        "24": 7.384101,
        "25": 5.909256,
        "26": 1.82135,
        "27": 4.450179,
        "28": 2.854692,
        "29": 3.250355,
        "30": 3.55919,
        "31": 1.818551,
        "32": 3.543559,
        "33": 2.425581
      }
    },
    "flash": {
      "utilization_fraction": 0.95,
      "edge_latencies_ms": {
        "0": 6.304375,
        "1": 1.975697,
        "2": 4.852568,
        "3": 3.799924,
        "4": 3.451382,
        "5": 3.095002,
        "6": 3.542706,
        "7": 5.489258,
        "8": 5.414713,
        "9": 2.545294,
        "10": 8.658181,
        "11": 6.042611,
        "12": 3.290851,
        "13": 4.592085,
        "14": 1.491505,
        "15": 10.562339,
        "16": 9.82982,
        "17": 4.269926,
        "18": 3.771119,
        "19": 6.779985,
        "20": 10.561551,
        "21": 10.229319,
        "22": 12.04225,
        "23": 9.308419,
        "24": 7.439428,
        "25": 5.928561,
        "26": 1.842554,
        "27": 4.469132,
        "28": 2.91016,
        "29": 3.347185,
        "30": 3.848493,
        "31": 1.887513,
        "32": 3.563155,
        "33": 2.488169
      }
    }
  }
}