{
  "topology_id": 34,
  "load_conditions": {
    "low": {
      "utilization_fraction": 0.2,
      "edge_latencies_ms": {
        "0": 3.054975,
        "1": 4.728179,
        "2": 6.316997,
        "3": 10.160378,
        "4": 6.053827,
        "5": 5.739563,
        "6": 6.901081,
        "7": 6.292108,
        "8": 6.747011,
        "9": 8.402472,
        "10": 12.316065,
        "11": 4.895365,
        "12": 6.390844,
        "13": 5.313347,
        "14": 3.906738,
        "15": 12.204768,
        "16": 4.77022,
        "17": 2.401996,
        "18": 2.880403,
        "19": 1.990088,
        "20": 3.432458,
        "21": 1.342907,
        "22": 3.014427,
        "23": 3.813618,
        "24": 5.769501,
        "25": 5.1471,
        "26": 4.79401,
        "27": 3.349854,
        "28": 3.860006,
        "29": 2.783328,
        "30": 4.132955,
        "31": 2.118259,
        "32": 4.816929,
        "33": 5.476262,
        "34": 4.688,
        "35": 1.327646,
        "36": 6.288955
      }
    },
    "medium": {
      "utilization_fraction": 0.5,
      "edge_latencies_ms": {
        "0": 3.056177,
        "1": 4.729316,
        "2": 6.319888,
        "3": 10.184222,
        "4": 6.061385,
        "5": 5.740418,
        "6": 6.901841,
        "7": 6.293485,
        "8": 6.748898,
        "9": 8.410346,
        "10": 12.378449,
        "11": 4.903339,
        "12": 6.392216,
        "13": 5.315047,
        "14": 3.909503,
        "15": 12.214101,
        "16": 4.772583,
        "17": 2.402802,
        "18": 2.881524,
        "19": 1.99085,
        "20": 3.436015,
        "21": 1.346596,
        "22": 3.022858,
        "23": 3.82282,
        "24": 5.798313,
        "25": 5.161018,
        "26": 4.795009,
        "27": 3.350638,
        "28": 3.862731,
        "29": 2.78472,
        "30": 4.13574,
        "31": 2.119048,
        "32": 4.81768,
        "33": 5.47712,
        "34": 4.689004,
        "35": 1.330695,
        "36": 6.290016
      }
    },
    "high": {
      "utilization_fraction": 0.8,
      "edge_latencies_ms": {
        "0": 3.060986,
        "1": 4.733864,
        "2": 6.331452,
        "3": 10.279599,
        "4": 6.091618,
        "5": 5.743837,
        "6": 6.904879,
        "7": 6.298994,
        "8": 6.756446,
        "9": 8.441846,
        "10": 12.627984,
        "11": 4.935234,
        "12": 6.397706,
        "13": 5.321843,
        "14": 3.920565,
        "15": 12.251431,
        "16": 4.782033,
        "17": 2.406028,
        "18": 2.886006,
        "19": 1.993902,
        "20": 3.450242,
        "21": 1.361349,
        "22": 3.056581,
        "23": 3.85963,
        "24": 5.91356,
        "25": 5.216688,
        "26": 4.799003,
        "27": 3.353774,
        "28": 3.87363,
        "29": 2.790292,
        "30": 4.146881,
        "31": 2.122204,
        "32": 4.820683,
        "33": 5.480555,
        "34": 4.693021,
        "35": 1.342889,
        "36": 6.294258
      }
    },
    "flash": {
      "utilization_fraction": 0.95,
      "edge_latencies_ms": {
        "0": 3.085028,
        "1": 4.756603,
        "2": 6.389275,
        "3": 10.756483,
        "4": 6.242784,
        "5": 5.760932,
        "6": 6.92007,
        "7": 6.326538,
        "8": 6.794187,
        "9": 8.599344,
        "10": 13.875664,
        "11": 5.094707,
        "12": 6.425154,
        "13": 5.355824,
        "14": 3.975874,
        "15": 12.438081,
        "16": 4.829285,
        "17": 2.422159,
        "18": 2.90842,
        "19": 2.009161,
        "20": 3.52138,
        "21": 1.435118,
        "22": 3.225198,
        "23": 4.043677,
        "24": 6.489795,
        "25": 5.495039,
        "26": 4.818977,
        "27": 3.369452,
        "28": 3.928125,
        "29": 2.818149,
        "30": 4.202583,
        "31": 2.137984,
        "32": 4.8357,
        "33": 5.497726,
        "34": 4.713105,
        "35": 1.403859,
        "36": 6.31547
      }
    }
  }
}