{
  "topology_id": 494,
  "load_conditions": {
    "low": {
      "utilization_fraction": 0.2,
      "edge_latencies_ms": {
        "0": 6.30883,
        "1": 4.601017,
        "2": 4.160441,
        "3": 2.365669,
        "4": 1.431474,
        "5": 1.57883,
        "6": 4.883033,
        "7": 10.243734,
        "8": 5.573983,
        "9": 6.30971,
        "10": 3.833546,
        "11": 6.105015,
        "12": 4.082847,
        "13": 15.190402,
        "14": 12.788094,
        "15": 3.971285,
        "16": 2.136047,
        "17": 18.801943,
        "18": 2.773295,
        "19": 2.694911,
        "20": 2.535317,
        "21": 5.107051,
        "22": 4.396128,
        "23": 2.115743,
        "24": 4.849185,
        "25": 3.136387,
        "26": 3.941045,
        "27": 3.802002,
        "28": 4.260781,
        "29": 4.329121,
        "30": 5.556065,
        "31": 4.722339,
        "32": 5.430951,
        "33": 5.667798,
        "34": 2.990725,
        "35": 3.732312,
        "36": 7.227952,
        "37": 4.426545,
        "38": 3.276034,
        "39": 8.411636,
        "40": 10.725125,
        "41": 7.1078,
        "42": 5.716255,
        "43": 3.750359,
        "44": 4.042413,
        "45": 3.672961,
        "46": 1.265591,
        "47": 2.723494,
        "48": 3.986908,
        "49": 5.133939,
        "50": 3.722322,
        "51": 9.414031,
        "52": 4.798684,
        "53": 5.033114,
        "54": 5.362071,
        "55": 9.959141,
        "56": 3.25031,
        "57": 2.779597,
        "58": 2.959857,
        "59": 3.612197,
        "60": 6.038693,
        "61": 4.892401,
        "62": 5.12483,
        "63": 5.979722,
        "64": 11.895645,
        "65": 2.519033,
        "66": 2.915594,
        "67": 7.200716,
        "68": 7.03494,
        "69": 3.732449,
        "70": 5.895408,
        "71": 1.350983,
        "72": 6.051518,
        "73": 10.979609,
        "74": 5.389682,
        "75": 3.078663,
        "76": 1.458859,
        "77": 4.692763,
        "78": 5.594827,
        "79": 4.334891,
        "80": 6.565794,
        "81": 3.268674,
        "82": 2.254962,
        "83": 2.953707,
        "84": 5.133096,
        "85": 4.209687,
        "86": 4.339883,
        "87": 4.668492,
        "88": 1.82972,
        "89": 0.555488,
        "90": 4.708954,
        "91": 6.779666,
        "92": 2.575953,
        "93": 4.39879,
        "94": 3.939499,
        "95": 4.263877,
        "96": 5.886398,
        "97": 2.978446,
        "98": 2.111001,
        "99": 1.501155,
        "100": 3.265637,
        "101": 3.798933,
        "102": 4.040233,
        "103": 3.188811,
        "104": 1.33807,
        "105": 2.056117,
        "106": 2.565678,
        "107": 2.934256,
        "108": 2.020594,
        "109": 4.394809,
        "110": 2.643481,
        "111": 3.071516,
        "112": 0.825397,
        "113": 3.072248,
        "114": 3.120025,
        "115": 2.785764,
        "116": 2.599436,
        "117": 2.80994,
        "118": 5.150015,
        "119": 4.456228,
        "120": 4.258126,
        "121": 6.336305,
        "122": 4.362467,
        "123": 3.197522,
        "124": 2.676067,
        "125": 4.032783,
        "126": 3.090592,
        "127": 2.961494,
        "128": 2.203479,
        "129": 4.995226,
        "130": 7.009816,
        "131": 6.303602,
        "132": 1.898149,
        "133": 5.350798,
        "134": 4.876598,
        "135": 4.281202,
        "136": 3.242856,
        "137": 3.349469
      }
    },
    "medium": {
      "utilization_fraction": 0.5,
      "edge_latencies_ms": {
        "0": 6.311586,
        "1": 4.603371,
        "2": 4.161641,
        "3": 2.366833,
        "4": 1.43292,
        "5": 1.582672,
        "6": 4.884076,
        "7": 10.269595,
        "8": 5.574741,
        "9": 6.310756,
        "10": 3.834589,
        "11": 6.106973,
        "12": 4.083664,
        "13": 15.19877,
        "14": 12.805265,
        "15": 3.972234,
        "16": 2.137215,
        "17": 18.839569,
        "18": 2.774432,
        "19": 2.698659,
        "20": 2.536714,
        "21": 5.108451,
        "22": 4.397673,
        "23": 2.116603,
        "24": 4.850466,
        "25": 3.138013,
        "26": 3.942078,
        "27": 3.802785,
        "28": 4.262231,
        "29": 4.332072,
        "30": 5.557085,
        "31": 4.728967,
        "32": 5.432237,
        "33": 5.669254,
        "34": 2.996443,
        "35": 3.736404,
        "36": 7.229937,
        "37": 4.427411,
        "38": 3.277059,
        "39": 8.412735,
        "40": 10.727246,
        "41": 7.108935,
        "42": 5.717184,
        "43": 3.751182,
        "44": 4.044128,
        "45": 3.674404,
        "46": 1.266605,
        "47": 2.725291,
        "48": 3.988112,
        "49": 5.134975,
        "50": 3.725353,
        "51": 9.423206,
        "52": 4.843267,
        "53": 5.034399,
        "54": 5.363189,
        "55": 9.974675,
        "56": 3.251176,
        "57": 2.782826,
        "58": 2.968039,
        "59": 3.61349,
        "60": 6.111812,
        "61": 4.893844,
        "62": 5.125705,
        "63": 5.982628,
        "64": 11.930909,
        "65": 2.520306,
        "66": 2.916642,
        "67": 7.201674,
        "68": 7.037716,
        "69": 3.733275,
        "70": 5.896193,
        "71": 1.352879,
        "72": 6.052493,
        "73": 10.995572,
        "74": 5.390453,
        "75": 3.081817,
        "76": 1.460199,
        "77": 4.693935,
        "78": 5.595585,
        "79": 4.335928,
        "80": 6.576013,
        "81": 3.270154,
        "82": 2.257176,
        "83": 2.954497,
        "84": 5.137855,
        "85": 4.211452,
        "86": 4.341077,
        "87": 4.670188,
        "88": 1.831452,
        "89": 0.561431,
        "90": 4.7098,
        "91": 6.780884,
        "92": 2.577779,
        "93": 4.399877,
        "94": 3.944353,
        "95": 4.264691,
        "96": 5.887247,
        "97": 2.979686,
        "98": 2.111885,
        "99": 1.50291,
        "100": 3.267618,
        "101": 3.79974,
        "102": 4.041649,
        "103": 3.19513,
        "104": 1.338843,
        "105": 2.05799,
        "106": 2.572192,
        "107": 2.935377,
        "108": 2.022654,
        "109": 4.395907,
        "110": 2.644271,
        "111": 3.072611,
        "112": 0.826413,
        "113": 3.073063,
        "114": 3.121646,
        "115": 2.787695,
        "116": 2.600449,
        "117": 2.810691,
        "118": 5.15492,
        "119": 4.463567,
        "120": 4.25893,
        "121": 6.337354,
        "122": 4.363766,
        "123": 3.200649,
        "124": 2.67688,
        "125": 4.034188,
        "126": 3.091623,
        "127": 2.962411,
        "128": 2.20569,
        "129": 4.996074,
        "130": 7.010923,
        "131": 6.305447,
        "132": 1.901075,
        "133": 5.351809,
        "134": 4.87735,
        "135": 4.282024,
        "136": 3.249237,
        "137": 3.351119
      }
    },
    "high": {
      "utilization_fraction": 0.8,
      "edge_latencies_ms": {
        "0": 6.322611,
        "1": 4.612786,
        "2": 4.166441,
        "3": 2.371491,
        "4": 1.438707,
        "5": 1.598042,
        "6": 4.88825,
        "7": 10.373036,
        "8": 5.577771,
        "9": 6.31494,
        "10": 3.838762,
        "11": 6.114806,
        "12": 4.086931,
        "13": 15.232239,
        "14": 12.873951,
        "15": 3.976027,
        "16": 2.141888,
        "17": 18.990075,
        "18": 2.778977,
        "19": 2.713651,
        "20": 2.542302,
        "21": 5.114051,
        "22": 4.403851,
        "23": 2.120045,
        "24": 4.855588,
        "25": 3.144519,
        "26": 3.946209,
        "27": 3.805915,
        "28": 4.268032,
        "29": 4.343872,
        "30": 5.561166,
        "31": 4.755477,
        "32": 5.437377,
        "33": 5.675079,
        "34": 3.019315,
        "35": 3.752773,
        "36": 7.237877,
        "37": 4.430873,
        "38": 3.281161,
        "39": 8.417128,
        "40": 10.73573,
        "41": 7.113474,