{
  "topology_id": 366,
  "load_conditions": {
    "low": {
      "utilization_fraction": 0.2,
      "edge_latencies_ms": {
        "0": 4.415217,
        "1": 2.893914,
        "2": 7.361199,
        "3": 3.608665,
        "4": 6.472389,
        "5": 3.783717,
        "6": 3.753016,
        "7": 3.792438,
        "8": 5.280115,
        "9": 2.003312,
        "10": 3.822521,
        "11": 3.397378,
        "12": 3.835394,
        "13": 2.166764,
        "14": 5.313865,
        "15": 3.365302,
        "16": 3.830687,
        "17": 8.728866,
        "18": 3.330203,
        "19": 2.264409,
        "20": 5.339443,
        "21": 4.371325,
        "22": 2.824736,
        "23": 4.625619,
        "24": 9.370277,
        "25": 5.173703,
        "26": 2.667382,
        "27": 2.187432,
        "28": 3.809477,
        "29": 4.775023,
        "30": 1.593801,
        "31": 3.886062,
        "32": 4.046278,
        "33": 4.175583,
        "34": 5.470376,
        "35": 3.228068,
        "36": 2.925137,
        "37": 7.045153,
        "38": 4.003792,
        "39": 3.244005,
        "40": 3.583588,
        "41": 3.390068,
        "42": 1.910791,
        "43": 4.078298,
        "44": 3.001885,
        "45": 4.898272,
        "46": 3.102438,
        "47": 1.528172,
        "48": 5.919676,
        "49": 2.462382
      }
    },
    "medium": {
      "utilization_fraction": 0.5,
      "edge_latencies_ms": {
        "0": 4.421781,
        "1": 2.894711,
        "2": 7.363939,
        "3": 3.616849,
        "4": 6.497696,
        "5": 3.78461,
        "6": 3.759822,
        "7": 3.793971,
        "8": 5.280995,
        "9": 2.004987,
        "10": 3.823553,
        "11": 3.398482,
        "12": 3.836552,
        "13": 2.168101,
        "14": 5.31479,
        "15": 3.366351,
        "16": 3.831654,
        "17": 8.743898,
        "18": 3.331367,
        "19": 2.265275,
        "20": 5.340601,
        "21": 4.372366,
        "22": 2.826361,
        "23": 4.626466,
        "24": 9.391548,
        "25": 5.175992,
        "26": 2.669992,
        "27": 2.189126,
        "28": 3.810372,
        "29": 4.776125,
        "30": 1.598263,
        "31": 3.887011,
        "32": 4.048098,
        "33": 4.176623,
        "34": 5.471162,
        "35": 3.228841,
        "36": 2.927743,
        "37": 7.045938,
        "38": 4.005041,
        "39": 3.245011,
        "40": 3.585124,
        "41": 3.391012,
        "42": 1.911575,
        "43": 4.07905,
        "44": 3.009126,
        "45": 4.899049,
        "46": 3.105028,
        "47": 1.529749,
        "48": 5.920596,
        "49": 2.463425
      }
    },
    "high": {
      "utilization_fraction": 0.8,
      "edge_latencies_ms": {
        "0": 4.448036,
        "1": 2.8979,
        "2": 7.374897,
        "3": 3.649586,
        "4": 6.598922,
        "5": 3.788185,
        "6": 3.787042,
        "7": 3.800103,
        "8": 5.284515,
        "9": 2.011687,
        "10": 3.827682,
        "11": 3.402897,
        "12": 3.841182,
        "13": 2.173448,
        "14": 5.318491,
        "15": 3.37055,
        "16": 3.835522,
        "17": 8.804025,
        "18": 3.33602,
        "19": 2.268739,
        "20": 5.345236,
        "21": 4.376526,
        "22": 2.832861,
        "23": 4.629851,
        "24": 9.476633,
        "25": 5.185148,
        "26": 2.680432,
        "27": 2.195903,
        "28": 3.813954,
        "29": 4.780532,
        "30": 1.61611,
        "31": 3.89081,
        "32": 4.055376,
        "33": 4.180785,
        "34": 5.474306,
        "35": 3.231936,
        "36": 2.938163,
        "37": 7.04908,
        "38": 4.010037,
        "39": 3.249038,
        "40": 3.591268,
        "41": 3.394787,
        "42": 1.91471,
        "43": 4.082059,
        "44": 3.038093,
        "45": 4.90216,
        "46": 3.115386,
        "47": 1.536059,
        "48": 5.924277,
        "49": 2.4676
      }
    },
    "flash": {
      "utilization_fraction": 0.95,
      "edge_latencies_ms": {
        "0": 4.579315,
        "1": 2.913842,
        "2": 7.42969,
        "3": 3.813266,
        "4": 7.105052,
        "5": 3.806055,
        "6": 3.923145,
        "7": 3.830763,
        "8": 5.302116,
        "9": 2.045186,
        "10": 3.848327,
        "11": 3.424971,
        "12": 3.864333,
        "13": 2.200185,
        "14": 5.336991,
        "15": 3.391542,
        "16": 3.854862,
        "17": 9.104658,
        "18": 3.359288,
        "19": 2.286061,
        "20": 5.368411,
        "21": 4.397331,
        "22": 2.865363,
        "23": 4.646779,
        "24": 9.902059,
        "25": 5.230926,
        "26": 2.732631,
        "27": 2.229788,
        "28": 3.83186,
        "29": 4.802569,
        "30": 1.705347,
        "31": 3.909806,
        "32": 4.091767,
        "33": 4.201595,
        "34": 5.490029,
        "35": 3.24741,
        "36": 2.990268,
        "37": 7.064787,
        "38": 4.035015,
        "39": 3.269172,
        "40": 3.621986,
        "41": 3.413662,
        "42": 1.930388,
        "43": 4.097103,
        "44": 3.182925,
        "45": 4.917712,
        "46": 3.16718,
        "47": 1.567608,
        "48": 5.942681,
        "49": 2.488471
      }
    }
  }
}