{
  "topology_id": 193,
  "load_conditions": {
    "low": {
      "utilization_fraction": 0.2,
      "edge_latencies_ms": {
        "0": 2.532941,
        "1": 5.139135,
        "2": 2.150136,
        "3": 4.695553,
        "4": 2.182267,
        "5": 7.429271,
        "6": 8.03386,
        "7": 3.842347,
        "8": 10.573992,
        "9": 8.493268,
        "10": 3.012825,
        "11": 3.729705,
        "12": 4.949723,
        "13": 3.701784,
        "14": 3.360184,
        "15": 3.658525,
        "16": 3.402237,
        "17": 15.482942,
        "18": 4.13498,
        "19": 3.761964,
        "20": 2.715699,
        "21": 3.72832,
        "22": 5.786444,
        "23": 4.448794,
        "24": 4.131943,
        "25": 2.455937,
        "26": 5.749617,
        "27": 2.581525,
        "28": 2.201815,
        "29": 12.685956,
        "30": 2.196568,
        "31": 4.536832,
        "32": 1.928269,
        "33": 3.931395,
        "34": 1.844012,
        "35": 4.544935,
        "36": 3.891492,
        "37": 2.923034,
        "38": 3.242398,
        "39": 2.25379,
        "40": 3.662544,
        "41": 1.665219,
        "42": 4.644731,
        "43": 4.164542,
        "44": 1.830298,
        "45": 3.724176,
        "46": 4.696204,
        "47": 2.171989,
        "48": 3.843608,
        "49": 2.190408,
        "50": 0.827304,
        "51": 6.708772,
        "52": 3.973087,
        "53": 3.603999,
        "54": 4.365999,
        "55": 4.564804,
        "56": 2.705527,
        "57": 1.487689,
        "58": 5.04831,
        "59": 2.957243,
        "60": 2.558391,
        "61": 6.056791,
        "62": 9.91175,
        "63": 2.806503,
        "64": 3.627911,
        "65": 3.636467,
        "66": 1.835586,
        "67": 3.712184,
        "68": 5.666038,
        "69": 3.834088,
        "70": 8.616725,
        "71": 2.596015,
        "72": 5.56948,
        "73": 4.566107,
        "74": 4.015725,
        "75": 3.825683,
        "76": 4.536548,
        "77": 5.109654,
        "78": 3.047588,
        "79": 5.029831,
        "80": 0.967654,
        "81": 2.471547,
        "82": 7.282545,
        "83": 4.200142,
        "84": 5.127323,
        "85": 3.083326,
        "86": 2.362863,
        "87": 3.992662,
        "88": 2.392763,
        "89": 4.49469,
        "90": 3.698283,
        "91": 3.286143,
        "92": 4.516908,
        "93": 3.757323,
        "94": 2.163959,
        "95": 1.887618,
        "96": 2.954415,
        "97": 2.507983,
        "98": 4.220627,
        "99": 3.438172,
        "100": 3.634466,
        "101": 5.878063,
        "102": 3.261733,
        "103": 3.880526,
        "104": 2.53698,
        "105": 2.665575,
        "106": 4.101972,
        "107": 3.107253,
        "108": 2.051767,
        "109": 4.813444,
        "110": 2.638649,
        "111": 2.812906,
        "112": 2.23912,
        "113": 4.033577,
        "114": 3.075944,
        "115": 3.408782,
        "116": 2.761812,
        "117": 2.303041,
        "118": 5.157774,
        "119": 2.296309,
        "120": 1.188183,
        "121": 2.319872,
        "122": 2.552933,
        "123": 4.304385,
        "124": 3.289235,
        "125": 6.495098,
        "126": 4.111732,
        "127": 3.035653,
        "128": 2.690788,
        "129": 4.943382,
        "130": 4.342466,
        "131": 5.524712,
        "132": 3.305206,
        "133": 3.371825,
        "134": 2.030328,
        "135": 2.362077,
        "136": 4.909303,
        "137": 3.133099,
        "138": 2.43562,
        "139": 2.080905,
        "140": 4.871732,
        "141": 8.279015,
        "142": 13.114323,
        "143": 5.052194,
        "144": 5.415868,
        "145": 3.84381,
        "146": 4.609562,
        "147": 3.535191,
        "148": 3.472566,
        "149": 3.628952,
        "150": 3.78224,
        "151": 4.178754,
        "152": 4.808694,
        "153": 3.364335,
        "154": 4.087178,
        "155": 0.876021,
        "156": 3.494335,
        "157": 4.022052,
        "158": 3.009736,
        "159": 2.994669,
        "160": 2.067073,
        "161": 1.204482,
        "162": 3.907512,
        "163": 3.415831,
        "164": 4.420007,
        "165": 5.061332,
        "166": 7.853898,
        "167": 7.502276,
        "168": 4.156762,
        "169": 4.415948,
        "170": 5.031119,
        "171": 5.480453,
        "172": 4.371245,
        "173": 1.326654,
        "174": 4.375427,
        "175": 3.684548,
        "176": 3.979458,
        "177": 5.172243,
        "178": 7.664048,
        "179": 3.910386,
        "180": 2.171777,
        "181": 4.123105,
        "182": 6.251367,
        "183": 3.050959,
        "184": 4.576602,
        "185": 3.09088,
        "186": 2.613663,
        "187": 4.054835,
        "188": 3.053845,
        "189": 4.58432,
        "190": 1.653056,
        "191": 3.504633,
        "192": 3.185106,
        "193": 6.045641,
        "194": 1.91324,
        "195": 4.27651,
        "196": 2.436339
      }
    },
    "medium": {
      "utilization_fraction": 0.5,
      "edge_latencies_ms": {
        "0": 2.533692,
        "1": 5.140383,
        "2": 2.157319,
        "3": 4.697477,
        "4": 2.184677,
        "5": 7.44065,
        "6": 8.042558,
        "7": 3.844529,
        "8": 10.583564,
        "9": 8.539129,
        "10": 3.013891,
        "11": 3.732997,
        "12": 4.951084,
        "13": 3.703336,
        "14": 3.361939,
        "15": 3.659589,
        "16": 3.403057,
        "17": 15.496578,
        "18": 4.137227,
        "19": 3.76312,
        "20": 2.717227,
        "21": 3.730212,
        "22": 5.787407,
        "23": 4.449593,
        "24": 4.134264,
        "25": 2.456954,
        "26": 5.753615,
        "27": 2.584007,
        "28": 2.202912,
        "29": 12.695703,
        "30": 2.197629,
        "31": 4.538255,
        "32": 1.929594,
        "33": 3.934371,
        "34": 1.845236,
        "35": 4.546241,
        "36": 3.892294,
        "37": 2.923916,
        "38": 3.244522,
        "39": 2.254918,
        "40": 3.663408,
        "41": 1.666276,
        "42": 4.645775,
        "43": 4.165441,
        "44": 1.83187,
        "45": 3.725025,
        "46": 4.69735,
        "47": 2.175666,
        "48": 3.845406,
        "49": 2.191852,
        "50": 0.828306,
        "51": 6.712894,
        "52": 3.97496,
        "53": 3.60481,
        "54": 4.372577,
        "55": 4.569544,
        "56": 2.706484,
        "57": 1.48861,
        "58": 5.049125,
        "59": 2.958603,
        "60": 2.560945,
        "61": 6.05758,
        "62": 9.925456,
        "63": 2.808661,
        "64": 3.629579,
        "65": 3.638291,
        "66": 1.836496,
        "67": 3.716578,
        "68": 5.666986,
        "69": 3.83967,
        "70": 8.635112,
        "71": 2.596853,
        "72": 5.570355,
        "73": 4.57012,
        "74": 4.017988,
        "75": 3.831114,
        "76": 4.539286,
        "77": 5.111036,
        "78": 3.053497,
        "79": 5.030881,
        "80": 0.969786,
        "81": 2.47268,
        "82": 7.292581,
        "83": 4.200995,
        "84": 5.128558,
        "85": 3.084733,
        "86": 2.363745,
        "87": 3.993578,
        "88": 2.396577,
        "89": 4.495495,
        "90": 3.700277,
        "91": 3.286997,
        "92": 4.517884,
        "93": 3.758366,
        "94": 2.164769,
        "95": 1.888461,
        "96": 2.961249,
        "97": 2.509399,
        "98": 4.223256,
        "99": 3.443164,
        "100": 3.635556,
        "101": 5.881036,
        "102": 3.26296,
        "103": 3.882159,
        "104": 2.538132,
        "105": 2.666598,
        "106": 4.103329,
        "107": 3.108338,
        "108": 2.056344,
        "109": 4.814697,
        "110": 2.64012,
        "111": 2.814677,
        "112": 2.240153,
        "113": 4.034636,
        "114": 3.077034,
        "115": 3.412404,
        "116": 2.7641,
        "117": 2.309954,
        "118": 5.159869,
        "119": 2.298951,
        "120": 1.19102,
        "121": 2.321309,
        "122": 2.553744,
        "123": 4.307583,