{
  "topology_id": 4,
  "load_conditions": {
    "low": {
      "utilization_fraction": 0.2,
      "edge_latencies_ms": {
        "0": 9.89884,
        "1": 9.364176,
        "2": 8.893434,
        "3": 16.552736,
        "4": 14.282996,
        "5": 8.884245,
        "6": 11.424687,
        "7": 9.984145,
        "8": 16.182548,
        "9": 14.395244
      }
    },
    "medium": {
      "utilization_fraction": 0.5,
      "edge_latencies_ms": {
        "0": 9.925361,
        "1": 9.376706,
        "2": 8.903734,
        "3": 16.590942,
        "4": 14.291985,
        "5": 8.92698,
        "6": 11.438748,
        "7": 9.996578,
        "8": 16.190192,
        "9": 14.410978
      }
    },
    "high": {
      "utilization_fraction": 0.8,
      "edge_latencies_ms": {
        "0": 10.031443,
        "1": 9.426823,
        "2": 8.944938,
        "3": 16.74377,
        "4": 14.327939,
        "5": 9.09792,
        "6": 11.494991,
        "7": 10.046313,
        "8": 16.220766,
        "9": 14.47391
      }
    },
    "flash": {
      "utilization_fraction": 0.95,
      "edge_latencies_ms": {
        "0": 10.561853,
        "1": 9.677407,
        "2": 9.150953,
        "3": 17.507906,
        "4": 14.507709,
        "5": 9.952621,
        "6": 11.776205,
        "7": 10.294987,
        "8": 16.37364,
        "9": 14.788574
      }
    }
  }
}