{
  "topology_id": 407,
  "load_conditions": {
    "low": {
      "utilization_fraction": 0.2,
      "edge_latencies_ms": {
        "0": 4.035914,
        "1": 3.905132,
        "2": 15.832724,
        "3": 2.976328,
        "4": 9.977128,
        "5": 1.931217,
        "6": 5.447668,
        "7": 9.89235,
        "8": 5.962114,
        "9": 5.685533,
        "10": 2.622422,
        "11": 11.315612,
        "12": 18.0204,
        "13": 18.492266,
        "14": 3.019502,
        "15": 2.257451,
        "16": 3.42489,
        "17": 2.146535,
        "18": 3.028251,
        "19": 4.677495,
        "20": 5.295637,
        "21": 16.694445,
        "22": 3.089597,
        "23": 5.394853,
        "24": 2.75855,
        "25": 7.810271
      }
    },
    "medium": {
      "utilization_fraction": 0.5,
      "edge_latencies_ms": {
        "0": 4.036997,
        "1": 3.905964,
        "2": 15.841371,
        "3": 2.977504,
        "4": 9.984924,
        "5": 1.932432,
        "6": 5.451125,
        "7": 9.902171,
        "8": 5.962979,
        "9": 5.699074,
        "10": 2.629734,
        "11": 11.326489,
        "12": 18.029133,
        "13": 18.538129,
        "14": 3.020283,
        "15": 2.258619,
        "16": 3.42569,
        "17": 2.14765,
        "18": 3.030322,
        "19": 4.678378,
        "20": 5.298365,
        "21": 16.711665,
        "22": 3.090461,
        "23": 5.39604,
        "24": 2.760514,
        "25": 7.811689
      }
    },
    "high": {
      "utilization_fraction": 0.8,
      "edge_latencies_ms": {
        "0": 4.04133,
        "1": 3.909292,
        "2": 15.875959,
        "3": 2.982206,
        "4": 10.01611,
        "5": 1.93729,
        "6": 5.464951,
        "7": 9.941453,
        "8": 5.966439,
        "9": 5.753238,
        "10": 2.658984,
        "11": 11.369996,
        "12": 18.064063,
        "13": 18.721583,
        "14": 3.023407,
        "15": 2.263292,
        "16": 3.428891,
        "17": 2.15211,
        "18": 3.038607,
        "19": 4.681914,
        "20": 5.309278,
        "21": 16.780543,
        "22": 3.093917,
        "23": 5.400788,
        "24": 2.768371,
        "25": 7.817359
      }
    },
    "flash": {
      "utilization_fraction": 0.95,
      "edge_latencies_ms": {
        "0": 4.062997,
        "1": 3.925933,
        "2": 16.048899,
        "3": 3.00572,
        "4": 10.17204,
        "5": 1.961584,
        "6": 5.534085,
        "7": 10.137864,
        "8": 5.98374,
        "9": 6.024058,
        "10": 2.805231,
        "11": 11.587533,
        "12": 18.238715,
        "13": 19.638852,
        "14": 3.03903,
        "15": 2.286656,
        "16": 3.444892,
        "17": 2.17441,
        "18": 3.080034,
        "19": 4.699591,
        "20": 5.363842,
        "21": 17.124934,
        "22": 3.111199,
        "23": 5.424528,
        "24": 2.807657,
        "25": 7.845709
      }
    }
  }
}