{
  "topology_id": 312,
  "load_conditions": {
    "low": {
      "utilization_fraction": 0.2,
      "edge_latencies_ms": {
        "0": 6.367655,
        "1": 1.979629,
        "2": 4.39788,
        "3": 3.569038,
        "4": 2.986099,
        "5": 13.256595,
        "6": 3.015179,
        "7": 4.753602,
        "8": 11.981186,
        "9": 1.78403,
        "10": 9.447425,
        "11": 16.544948,
        "12": 2.121625,
        "13": 2.392232,
        "14": 2.87541,
        "15": 3.703708,
        "16": 1.978514,
        "17": 2.370503,
        "18": 3.479954,
        "19": 3.078467,
        "20": 1.781385,
        "21": 3.012144,
        "22": 3.053402,
        "23": 6.083181,
        "24": 2.387012,
        "25": 3.131964,
        "26": 7.87148,
        "27": 3.489117,
        "28": 3.242275,
        "29": 3.448877,
        "30": 5.219534,
        "31": 3.617734,
        "32": 6.920858,
        "33": 4.153661,
        "34": 5.081355,
        "35": 5.368625,
        "36": 17.490569,
        "37": 3.508678,
        "38": 2.910546,
        "39": 13.239873,
        "40": 2.422368,
        "41": 3.636368,
        "42": 2.660562,
        "43": 13.007884,
        "44": 3.507666,
        "45": 3.77945,
        "46": 3.246206,
        "47": 2.762273,
        "48": 6.121137,
        "49": 3.619874,
        "50": 3.269323,
        "51": 4.137126,
        "52": 2.115005,
        "53": 2.677602,
        "54": 4.486453,
        "55": 4.446412,
        "56": 3.360474,
        "57": 2.363037,
        "58": 7.004933,
        "59": 4.066017,
        "60": 5.357215,
        "61": 5.918848
      }
    },
    "medium": {
      "utilization_fraction": 0.5,
      "edge_latencies_ms": {
        "0": 6.368444,
        "1": 1.98357,
        "2": 4.399288,
        "3": 3.570015,
        "4": 2.992459,
        "5": 13.272839,
        "6": 3.017091,
        "7": 4.754905,
        "8": 11.990907,
        "9": 1.784814,
        "10": 9.500442,
        "11": 16.586161,
        "12": 2.12531,
        "13": 2.393597,
        "14": 2.876524,
        "15": 3.705523,
        "16": 1.980276,
        "17": 2.372243,
        "18": 3.48117,
        "19": 3.080031,
        "20": 1.783833,
        "21": 3.014513,
        "22": 3.054154,
        "23": 6.131803,
        "24": 2.388162,
        "25": 3.13338,
        "26": 7.891723,
        "27": 3.490396,
        "28": 3.245526,
        "29": 3.44977,
        "30": 5.221617,
        "31": 3.619938,
        "32": 6.924226,
        "33": 4.156519,
        "34": 5.082666,
        "35": 5.369627,
        "36": 17.505585,
        "37": 3.509432,
        "38": 2.911379,
        "39": 13.252277,
        "40": 2.423736,
        "41": 3.640274,
        "42": 2.662425,
        "43": 13.016549,
        "44": 3.50887,
        "45": 3.780753,
        "46": 3.251627,
        "47": 2.763665,
        "48": 6.12666,
        "49": 3.62076,
        "50": 3.272104,
        "51": 4.137928,
        "52": 2.116069,
        "53": 2.678373,
        "54": 4.487848,
        "55": 4.449061,
        "56": 3.361457,
        "57": 2.365315,
        "58": 7.006119,
        "59": 4.067167,
        "60": 5.358837,
        "61": 5.920369
      }
    },
    "high": {
      "utilization_fraction": 0.8,
      "edge_latencies_ms": {
        "0": 6.3716,
        "1": 1.999332,
        "2": 4.404922,
        "3": 3.573926,
        "4": 3.0179,
        "5": 13.337818,
        "6": 3.02474,
        "7": 4.760118,
        "8": 12.02979,
        "9": 1.787949,
        "10": 9.712507,
        "11": 16.751016,
        "12": 2.140047,
        "13": 2.399055,
        "14": 2.880976,
        "15": 3.712784,
        "16": 1.987323,
        "17": 2.379202,
        "18": 3.486031,
        "19": 3.086289,
        "20": 1.793626,
        "21": 3.023988,
        "22": 3.057164,
        "23": 6.326292,
        "24": 2.392763,
        "25": 3.139046,
        "26": 7.972694,
        "27": 3.495513,
        "28": 3.258527,
        "29": 3.453341,
        "30": 5.229949,
        "31": 3.628754,
        "32": 6.9377,
        "33": 4.167952,
        "34": 5.087907,
        "35": 5.373634,
        "36": 17.565647,
        "37": 3.512451,
        "38": 2.914708,
        "39": 13.301892,
        "40": 2.429209,
        "41": 3.6559,
        "42": 2.669873,
        "43": 13.051206,
        "44": 3.513682,
        "45": 3.785965,
        "46": 3.273312,
        "47": 2.769235,
        "48": 6.148751,
        "49": 3.624306,
        "50": 3.283228,
        "51": 4.141134,
        "52": 2.120325,
        "53": 2.681456,
        "54": 4.493426,
        "55": 4.459658,
        "56": 3.365389,
        "57": 2.374427,
        "58": 7.010863,
        "59": 4.071768,
        "60": 5.365326,
        "61": 5.926451
      }
    },
    "flash": {
      "utilization_fraction": 0.95,
      "edge_latencies_ms": {
        "0": 6.38738,
        "1": 2.078144,
        "2": 4.433091,
        "3": 3.593479,
        "4": 3.145101,
        "5": 13.662708,
        "6": 3.062986,
        "7": 4.786185,
        "8": 12.224204,
        "9": 1.803627,
        "10": 10.772835,
        "11": 17.575291,
        "12": 2.213735,
        "13": 2.426344,
        "14": 2.903239,
        "15": 3.749091,
        "16": 2.022558,
        "17": 2.413995,
        "18": 3.510336,
        "19": 3.117577,
        "20": 1.842587,
        "21": 3.071363,
        "22": 3.072211,
        "23": 7.298735,
        "24": 2.415764,
        "25": 3.167372,
        "26": 8.377549,
        "27": 3.521097,
        "28": 3.323535,
        "29": 3.471199,
        "30": 5.271606,
        "31": 3.672835,
        "32": 7.005068,
        "33": 4.22512,
        "34": 5.114115,
        "35": 5.393669,
        "36": 17.865959,
        "37": 3.527545,
        "38": 2.931355,
        "39": 13.549965,
        "40": 2.456573,
        "41": 3.734028,
        "42": 2.707117,
        "43": 13.224494,
        "44": 3.537746,
        "45": 3.812024,
        "46": 3.381737,
        "47": 2.797084,
        "48": 6.259204,
        "49": 3.642036,
        "50": 3.338845,
        "51": 4.157166,
        "52": 2.141604,
        "53": 2.696872,
        "54": 4.521318,
        "55": 4.512644,
        "56": 3.38505,
        "57": 2.419985,
        "58": 7.034581,
        "59": 4.09477,
        "60": 5.39777,
        "61": 5.956866
      }
    }
  }
}