{
  "topology_id": 20,
  "load_conditions": {
    "low": {
      "utilization_fraction": 0.2,
      "edge_latencies_ms": {
        "0": 3.804588,
        "1": 2.207312,
        "2": 3.801405,
        "3": 5.15466,
        "4": 5.248384,
        "5": 4.25751,
        "6": 7.697735,
        "7": 1.685987,
        "8": 4.183572,
        "9": 6.795479,
        "10": 5.607449,
        "11": 6.354615,
        "12": 5.81157,
        "13": 5.355851,
        "14": 6.06189,
        "15": 7.730955,
        "16": 4.613366,
        "17": 6.186664,
        "18": 5.125329,
        "19": 2.147571,
        "20": 2.593425,
        "21": 1.382534,
        "22": 3.085002,
        "23": 2.112252,
        "24": 3.446949,
        "25": 8.322515,
        "26": 9.815322,
        "27": 2.065409,
        "28": 3.928381,
        "29": 4.548535,
        "30": 3.450067,
        "31": 6.031463,
        "32": 4.729986,
        "33": 4.357206,
        "34": 3.166312,
        "35": 8.923702,
        "36": 6.162935,
        "37": 3.76648,
        "38": 5.330925,
        "39": 5.00776,
        "40": 2.854811,
        "41": 3.370857,
        "42": 8.679025,
        "43": 2.039923,
        "44": 8.364981
      }
    },
    "medium": {
      "utilization_fraction": 0.5,
      "edge_latencies_ms": {
        "0": 3.806145,
        "1": 2.208294,
        "2": 3.805159,
        "3": 5.155584,
        "4": 5.251938,
        "5": 4.258656,
        "6": 7.701694,
        "7": 1.699472,
        "8": 4.191863,
        "9": 6.807601,
        "10": 5.609102,
        "11": 6.355674,
        "12": 5.813576,
        "13": 5.35662,
        "14": 6.063212,
        "15": 7.731825,
        "16": 4.614789,
        "17": 6.188006,
        "18": 5.126255,
        "19": 2.149743,
        "20": 2.595453,
        "21": 1.384451,
        "22": 3.087958,
        "23": 2.113324,
        "24": 3.448921,
        "25": 8.332499,
        "26": 9.848093,
        "27": 2.066645,
        "28": 3.9305,
        "29": 4.549446,
        "30": 3.451714,
        "31": 6.034241,
        "32": 4.731266,
        "33": 4.358221,
        "34": 3.171571,
        "35": 8.924955,
        "36": 6.163753,
        "37": 3.770279,
        "38": 5.33169,
        "39": 5.009014,
        "40": 2.856,
        "41": 3.372488,
        "42": 8.68313,
        "43": 2.041965,
        "44": 8.365805
      }
    },
    "high": {
      "utilization_fraction": 0.8,
      "edge_latencies_ms": {
        "0": 3.812376,
        "1": 2.212225,
        "2": 3.820176,
        "3": 5.159281,
        "4": 5.266153,
        "5": 4.263237,
        "6": 7.717527,
        "7": 1.753413,
        "8": 4.225026,
        "9": 6.856091,
        "10": 5.615715,
        "11": 6.359909,
        "12": 5.8216,
        "13": 5.359695,
        "14": 6.068504,
        "15": 7.735302,
        "16": 4.62048,
        "17": 6.193372,
        "18": 5.129958,
        "19": 2.158433,
        "20": 2.603566,
        "21": 1.39212,
        "22": 3.099781,
        "23": 2.117615,
        "24": 3.456813,
        "25": 8.372432,
        "26": 9.979176,
        "27": 2.071587,
        "28": 3.938977,
        "29": 4.553091,
        "30": 3.458298,
        "31": 6.045353,
        "32": 4.736384,
        "33": 4.36228,
        "34": 3.192608,
        "35": 8.929969,
        "36": 6.167024,
        "37": 3.785474,
        "38": 5.334753,
        "39": 5.014028,
        "40": 2.860752,
        "41": 3.379011,
        "42": 8.699553,
        "43": 2.050133,
        "44": 8.369103
      }
    },
    "flash": {
      "utilization_fraction": 0.95,
      "edge_latencies_ms": {
        "0": 3.843526,
        "1": 2.231879,
        "2": 3.895256,
        "3": 5.177768,
        "4": 5.337225,
        "5": 4.286141,
        "6": 7.796696,
        "7": 2.023114,
        "8": 4.390841,
        "9": 7.098539,
        "10": 5.648781,
        "11": 6.381084,
        "12": 5.861722,
        "13": 5.37507,
        "14": 6.094961,
        "15": 7.752687,
        "16": 4.648938,
        "17": 6.220201,
        "18": 5.148473,
        "19": 2.201884,
        "20": 2.644133,
        "21": 1.430464,
        "22": 3.1589,
        "23": 2.139065,
        "24": 3.496271,
        "25": 8.572097,
        "26": 10.634593,
        "27": 2.096298,
        "28": 3.981361,
        "29": 4.571314,
        "30": 3.49122,
        "31": 6.100912,
        "32": 4.761973,
        "33": 4.382574,
        "34": 3.297794,
        "35": 8.955036,
        "36": 6.18338,
        "37": 3.861447,
        "38": 5.350065,
        "39": 5.039096,
        "40": 2.884512,
        "41": 3.411624,
        "42": 8.781665,
        "43": 2.090973,
        "44": 8.385592
      }
    }
  }
}