{
  "topology_id": 457,
  "load_conditions": {
    "low": {
      "utilization_fraction": 0.2,
      "edge_latencies_ms": {
        "0": 4.020668,
        "1": 1.833425,
        "2": 14.174139,
        "3": 4.705405,
        "4": 4.155059,
        "5": 3.973019,
        "6": 16.307773,
        "7": 5.352406,
        "8": 6.060228,
        "9": 3.260475,
        "10": 4.967634,
        "11": 16.516683,
        "12": 6.857377,
        "13": 4.279749,
        "14": 10.958594,
        "15": 3.013725,
        "16": 2.024935,
        "17": 3.562938,
        "18": 2.475899,
        "19": 2.420535,
        "20": 3.632021,
        "21": 2.564647,
        "22": 2.963545,
        "23": 11.196003,
        "24": 11.201735,
        "25": 18.03229,
        "26": 3.502026,
        "27": 3.057148,
        "28": 3.691125,
        "29": 2.420603,
        "30": 5.110794,
        "31": 3.46922,
        "32": 1.399621,
        "33": 1.972826,
        "34": 5.81674,
        "35": 4.14931,
        "36": 5.10654,
        "37": 8.407424,
        "38": 8.862477,
        "39": 3.110095,
        "40": 19.433205,
        "41": 4.27024,
        "42": 3.95959,
        "43": 3.718694,
        "44": 17.116003,
        "45": 4.887319,
        "46": 5.504531,
        "47": 5.057201,
        "48": 4.343099,
        "49": 1.109259,
        "50": 1.841138,
        "51": 0.738521
      }
    },
    "medium": {
      "utilization_fraction": 0.5,
      "edge_latencies_ms": {
        "0": 4.021798,
        "1": 1.835174,
        "2": 14.181702,
        "3": 4.706277,
        "4": 4.157538,
        "5": 3.973877,
        "6": 16.315655,
        "7": 5.354329,
        "8": 6.062434,
        "9": 3.261756,
        "10": 4.971231,
        "11": 16.524497,
        "12": 6.858394,
        "13": 4.280889,
        "14": 10.968674,
        "15": 3.014498,
        "16": 2.027374,
        "17": 3.565662,
        "18": 2.476838,
        "19": 2.42185,
        "20": 3.632803,
        "21": 2.568137,
        "22": 2.9663,
        "23": 11.203902,
        "24": 11.21203,
        "25": 18.046944,
        "26": 3.502831,
        "27": 3.058018,
        "28": 3.692693,
        "29": 2.422501,
        "30": 5.112761,
        "31": 3.474915,
        "32": 1.40083,
        "33": 1.974355,
        "34": 5.817788,
        "35": 4.150599,
        "36": 5.108141,
        "37": 8.408866,
        "38": 8.863555,
        "39": 3.111462,
        "40": 19.44082,
        "41": 4.27325,
        "42": 3.963094,
        "43": 3.725943,
        "44": 17.123842,
        "45": 4.893099,
        "46": 5.505761,
        "47": 5.058982,
        "48": 4.344575,
        "49": 1.110555,
        "50": 1.8436,
        "51": 0.740785
      }
    },
    "high": {
      "utilization_fraction": 0.8,
      "edge_latencies_ms": {
        "0": 4.02632,
        "1": 1.842169,
        "2": 14.211953,
        "3": 4.709768,
        "4": 4.167456,
        "5": 3.977308,
        "6": 16.347182,
        "7": 5.362021,
        "8": 6.071259,
        "9": 3.26688,
        "10": 4.985621,
        "11": 16.555756,
        "12": 6.862459,
        "13": 4.285449,
        "14": 11.008994,
        "15": 3.01759,
        "16": 2.037131,
        "17": 3.576559,
        "18": 2.480591,
        "19": 2.427113,
        "20": 3.635932,
        "21": 2.582096,
        "22": 2.977321,
        "23": 11.235498,
        "24": 11.253208,
        "25": 18.105559,
        "26": 3.50605,
        "27": 3.061497,
        "28": 3.698968,
        "29": 2.430091,
        "30": 5.120631,
        "31": 3.497693,
        "32": 1.405667,
        "33": 1.980469,
        "34": 5.821981,
        "35": 4.155753,
        "36": 5.114547,
        "37": 8.414633,
        "38": 8.867865,
        "39": 3.116931,
        "40": 19.47128,
        "41": 4.28529,
        "42": 3.977107,
        "43": 3.754941,
        "44": 17.155197,
        "45": 4.91622,
        "46": 5.510685,
        "47": 5.066106,
        "48": 4.350478,
        "49": 1.11574,
        "50": 1.853449,
        "51": 0.749841
      }
    },
    "flash": {
      "utilization_fraction": 0.95,
      "edge_latencies_ms": {
        "0": 4.04893,
        "1": 1.877144,
        "2": 14.363209,
        "3": 4.727223,
        "4": 4.217046,
        "5": 3.994462,
        "6": 16.504821,
        "7": 5.400484,
        "8": 6.115384,
        "9": 3.292499,
        "10": 5.057567,
        "11": 16.712051,
        "12": 6.882787,
        "13": 4.308251,
        "14": 11.210593,
        "15": 3.033049,
        "16": 2.085915,
        "17": 3.631044,
        "18": 2.499357,
        "19": 2.453425,
        "20": 3.651574,
        "21": 2.651892,
        "22": 3.032425,
        "23": 11.393478,
        "24": 11.459099,
        "25": 18.398633,
        "26": 3.522147,
        "27": 3.078895,
        "28": 3.730338,
        "29": 2.468045,
        "30": 5.159983,
        "31": 3.611586,
        "32": 1.429849,
        "33": 2.011037,
        "34": 5.842941,
        "35": 4.181526,
        "36": 5.146574,
        "37": 8.443471,
        "38": 8.889418,
        "39": 3.144276,
        "40": 19.62358,
        "41": 4.34549,
        "42": 4.047175,
        "43": 3.899932,
        "44": 17.311975,
        "45": 5.031821,
        "46": 5.535301,
        "47": 5.101729,
        "48": 4.379995,
        "49": 1.141663,
        "50": 1.902692,
        "51": 0.795122
      }
    }
  }
}