{
  "topology_id": 329,
  "load_conditions": {
    "low": {
      "utilization_fraction": 0.2,
      "edge_latencies_ms": {
        "0": 5.009801,
        "1": 2.076655,
        "2": 5.04034,
        "3": 2.977853,
        "4": 3.704802,
        "5": 3.867577,
        "6": 4.366525,
        "7": 5.026148,
        "8": 4.542079,
        "9": 3.120005,
        "10": 3.545062,
        "11": 4.506502,
        "12": 5.512984,
        "13": 5.151661,
        "14": 2.06087,
        "15": 2.358001,
        "16": 7.178156,
        "17": 5.563411,
        "18": 4.093187,
        "19": 3.168291,
        "20": 4.544724,
        "21": 11.514896,
        "22": 6.211991,
        "23": 3.617626,
        "24": 2.618708,
        "25": 4.351708,
        "26": 4.089943,
        "27": 13.619737,
        "28": 2.978565,
        "29": 3.155095,
        "30": 4.432917,
        "31": 17.008785,
        "32": 6.160418,
        "33": 4.664264,
        "34": 1.835561,
        "35": 3.042839,
        "36": 3.586988,
        "37": 3.304233,
        "38": 4.737247,
        "39": 2.560623,
        "40": 4.790411,
        "41": 3.973864,
        "42": 4.083575,
        "43": 1.649244,
        "44": 2.747104,
        "45": 1.474511,
        "46": 4.410563,
        "47": 7.16858,
        "48": 4.770952,
        "49": 2.47502
      }
    },
    "medium": {
      "utilization_fraction": 0.5,
      "edge_latencies_ms": {
        "0": 5.011194,
        "1": 2.079481,
        "2": 5.053617,
        "3": 2.980173,
        "4": 3.706519,
        "5": 3.868812,
        "6": 4.368028,
        "7": 5.028131,
        "8": 4.542943,
        "9": 3.121792,
        "10": 3.546611,
        "11": 4.510532,
        "12": 5.514698,
        "13": 5.155137,
        "14": 2.061907,
        "15": 2.358773,
        "16": 7.185986,
        "17": 5.564211,
        "18": 4.093938,
        "19": 3.169766,
        "20": 4.547125,
        "21": 11.52336,
        "22": 6.214401,
        "23": 3.618454,
        "24": 2.621993,
        "25": 4.356208,
        "26": 4.090769,
        "27": 13.633204,
        "28": 2.98128,
        "29": 3.156148,
        "30": 4.43552,
        "31": 17.030457,
        "32": 6.164837,
        "33": 4.665821,
        "34": 1.836621,
        "35": 3.044039,
        "36": 3.588441,
        "37": 3.306676,
        "38": 4.738051,
        "39": 2.563492,
        "40": 4.791722,
        "41": 3.975677,
        "42": 4.085042,
        "43": 1.650312,
        "44": 2.748239,
        "45": 1.476058,
        "46": 4.414053,
        "47": 7.169416,
        "48": 4.772549,
        "49": 2.477075
      }
    },
    "high": {
      "utilization_fraction": 0.8,
      "edge_latencies_ms": {
        "0": 5.016765,
        "1": 2.090784,
        "2": 5.106725,
        "3": 2.989457,
        "4": 3.713384,
        "5": 3.873752,
        "6": 4.374042,
        "7": 5.036061,
        "8": 4.546401,
        "9": 3.12894,
        "10": 3.552806,
        "11": 4.526655,
        "12": 5.521556,
        "13": 5.169041,
        "14": 2.066056,
        "15": 2.36186,
        "16": 7.217303,
        "17": 5.567408,
        "18": 4.096941,
        "19": 3.175669,
        "20": 4.556731,
        "21": 11.557217,
        "22": 6.224042,
        "23": 3.621769,
        "24": 2.635132,
        "25": 4.374208,
        "26": 4.094076,
        "27": 13.68707,
        "28": 2.99214,
        "29": 3.160358,
        "30": 4.445932,
        "31": 17.117143,
        "32": 6.18251,
        "33": 4.672046,
        "34": 1.840864,
        "35": 3.04884,
        "36": 3.59425,
        "37": 3.316446,
        "38": 4.74127,
        "39": 2.574967,
        "40": 4.796963,
        "41": 3.982929,
        "42": 4.090909,
        "43": 1.654584,
        "44": 2.752781,
        "45": 1.482248,
        "46": 4.428011,
        "47": 7.172759,
        "48": 4.778935,
        "49": 2.485294
      }
    },
    "flash": {
      "utilization_fraction": 0.95,
      "edge_latencies_ms": {
        "0": 5.044624,
        "1": 2.147299,
        "2": 5.372264,
        "3": 3.035873,
        "4": 3.747711,
        "5": 3.89845,
        "6": 4.404109,
        "7": 5.07571,
        "8": 4.563691,
        "9": 3.164679,
        "10": 3.583784,
        "11": 4.607266,
        "12": 5.555847,
        "13": 5.238561,
        "14": 2.086802,
        "15": 2.377297,
        "16": 7.373887,
        "17": 5.583397,
        "18": 4.111959,
        "19": 3.205184,
        "20": 4.604757,
        "21": 11.726503,
        "22": 6.272243,
        "23": 3.638339,
        "24": 2.700828,
        "25": 4.464205,
        "26": 4.11061,
        "27": 13.956404,
        "28": 3.046442,
        "29": 3.181407,
        "30": 4.497992,
        "31": 17.550576,
        "32": 6.270879,
        "33": 4.703174,
        "34": 1.86208,
        "35": 3.072844,
        "36": 3.623299,
        "37": 3.365295,
        "38": 4.757363,
        "39": 2.63234,
        "40": 4.823169,
        "41": 4.019188,
        "42": 4.120244,
        "43": 1.675943,
        "44": 2.775492,
        "45": 1.513196,
        "46": 4.497805,
        "47": 7.189476,
        "48": 4.810865,
        "49": 2.526387
      }
    }
  }
}