{
  "topology_id": 3,
  "load_conditions": {
    "low": {
      "utilization_fraction": 0.2,
      "edge_latencies_ms": {
        "0": 3.64097,
        "1": 4.95506,
        "2": 5.262176,
        "3": 6.323952,
        "4": 5.010588,
        "5": 6.150077,
        "6": 6.018172,
        "7": 4.458877,
        "8": 5.052081,
        "9": 1.961232,
        "10": 6.08943,
        "11": 3.344435,
        "12": 2.671504,
        "13": 2.51642,
        "14": 0.709747,
        "15": 2.293961,
        "16": 2.896675,
        "17": 5.733915,
        "18": 4.642612,
        "19": 5.251774,
        "20": 2.646952,
        "21": 3.404811,
        "22": 2.357759,
        "23": 4.016864,
        "24": 0.90466,
        "25": 7.933722,
        "26": 3.865178,
        "27": 1.523592,
        "28": 3.502865,
        "29": 3.633962,
        "30": 3.044387,
        "31": 2.431928,
        "32": 2.522548,
        "33": 7.567569,
        "34": 2.388544,
        "35": 12.504235,
        "36": 2.692043,
        "37": 2.599945,
        "38": 2.351235,
        "39": 3.994572,
        "40": 1.706501,
        "41": 4.081794,
        "42": 3.92015,
        "43": 14.55832,
        "44": 3.233037,
        "45": 10.766043,
        "46": 2.225948,
        "47": 10.568225,
        "48": 4.631567,
        "49": 4.023115,
        "50": 6.10092,
        "51": 4.381268,
        "52": 3.477992,
        "53": 3.803647,
        "54": 5.289935,
        "55": 5.924817,
        "56": 6.302605,
        "57": 3.217743,
        "58": 1.795896,
        "59": 5.749698,
        "60": 1.71157,
        "61": 2.485293,
        "62": 3.89545,
        "63": 2.463937,
        "64": 2.985204,
        "65": 3.056307,
        "66": 5.583381,
        "67": 15.356131,
        "68": 6.363877,
        "69": 3.10017,
        "70": 3.146945,
        "71": 1.552764,
        "72": 2.981629,
        "73": 5.140232,
        "74": 3.418942,
        "75": 4.709392,
        "76": 3.318001,
        "77": 2.306452,
        "78": 3.600276,
        "79": 4.397925,
        "80": 2.883512,
        "81": 1.543694,
        "82": 3.140092,
        "83": 3.934379,
        "84": 2.974768,
        "85": 2.997165,
        "86": 5.195565,
        "87": 4.809533,
        "88": 2.495391,
        "89": 2.42429,
        "90": 4.364917,
        "91": 4.126377,
        "92": 3.487681,
        "93": 3.615222,
        "94": 12.252259,
        "95": 3.79203,
        "96": 4.553787,
        "97": 5.074434,
        "98": 4.300126,
        "99": 9.427378,
        "100": 3.211564,
        "101": 1.880632,
        "102": 3.328911,
        "103": 12.029034,
        "104": 3.492406,
        "105": 2.484326,
        "106": 3.084348,
        "107": 2.209397,
        "108": 6.813715,
        "109": 4.991453,
        "110": 2.256992,
        "111": 1.149368,
        "112": 3.076198,
        "113": 6.026692,
        "114": 3.085887,
        "115": 2.97487,
        "116": 7.157337,
        "117": 2.29009,
        "118": 4.092161,
        "119": 5.252131,
        "120": 5.779023,
        "121": 3.580073,
        "122": 4.794829,
        "123": 2.672616,
        "124": 3.623191,
        "125": 3.653459,
        "126": 4.229245,
        "127": 2.565877,
        "128": 3.982906,
        "129": 5.765055,
        "130": 3.023376,
        "131": 3.963706,
        "132": 3.9607,
        "133": 5.804925,
        "134": 3.400381
      }
    },
    "medium": {
      "utilization_fraction": 0.5,
      "edge_latencies_ms": {
        "0": 3.643303,
        "1": 4.957146,
        "2": 5.264761,
        "3": 6.325139,
        "4": 5.011382,
        "5": 6.151013,
        "6": 6.019289,
        "7": 4.46021,
        "8": 5.054151,
        "9": 1.962826,
        "10": 6.090341,
        "11": 3.345685,
        "12": 2.673132,
        "13": 2.519535,
        "14": 0.710988,
        "15": 2.297477,
        "16": 2.897934,
        "17": 5.735411,
        "18": 4.645536,
        "19": 5.253114,
        "20": 2.647732,
        "21": 3.407233,
        "22": 2.361038,
        "23": 4.017652,
        "24": 0.911412,
        "25": 7.935308,
        "26": 3.866339,
        "27": 1.524572,
        "28": 3.504503,
        "29": 3.639942,
        "30": 3.047224,
        "31": 2.436718,
        "32": 2.524575,
        "33": 7.577107,
        "34": 2.389867,
        "35": 12.515273,
        "36": 2.694123,
        "37": 2.601088,
        "38": 2.352237,
        "39": 3.99544,
        "40": 1.707836,
        "41": 4.082726,
        "42": 3.921398,
        "43": 14.567546,
        "44": 3.2344,
        "45": 10.783218,
        "46": 2.228423,
        "47": 10.579241,
        "48": 4.633196,
        "49": 4.03512,
        "50": 6.101917,
        "51": 4.384022,
        "52": 3.479086,
        "53": 3.805293,
        "54": 5.290792,
        "55": 5.92569,
        "56": 6.303717,
        "57": 3.219108,
        "58": 1.797646,
        "59": 5.750889,
        "60": 1.712435,
        "61": 2.486381,
        "62": 3.897292,
        "63": 2.465014,
        "64": 2.985977,
        "65": 3.057994,
        "66": 5.585466,
        "67": 15.372545,
        "68": 6.36491,
        "69": 3.101541,
        "70": 3.14807,
        "71": 1.553889,
        "72": 2.984187,
        "73": 5.141171,
        "74": 3.42038,
        "75": 4.712505,
        "76": 3.319676,
        "77": 2.308582,
        "78": 3.601223,
        "79": 4.399324,
        "80": 2.890136,
        "81": 1.546081,
        "82": 3.141197,
        "83": 3.936674,
        "84": 2.975721,
        "85": 2.998706,
        "86": 5.196471,
        "87": 4.812114,
        "88": 2.496546,
        "89": 2.427062,
        "90": 4.365817,
        "91": 4.128328,
        "92": 3.491732,
        "93": 3.617688,
        "94": 12.262422,
        "95": 3.793826,
        "96": 4.555826,
        "97": 5.075499,
        "98": 4.304173,
        "99": 9.438746,
        "100": 3.214109,
        "101": 1.882873,
        "102": 3.329685,
        "103": 12.072256,
        "104": 3.493722,
        "105": 2.485899,
        "106": 3.087089,
        "107": 2.210193,
        "108": 6.815798,
        "109": 4.996832,
        "110": 2.258469,
        "111": 1.153881,
        "112": 3.079584,
        "113": 6.027665,
        "114": 3.087208,
        "115": 2.975986,
        "116": 7.200967,
        "117": 2.293374,
        "118": 4.096548,
        "119": 5.25342,
        "120": 5.780943,
        "121": 3.584075,
        "122": 4.797396,
        "123": 2.673509,
        "124": 3.624461,
        "125": 3.654841,
        "126": 4.230886,
        "127": 2.566814,
        "128": 3.98868,
        "129": 5.765882,
        "130": 3.024145,
        "131": 3.964775,
        "132": 3.966124,
        "133": 5.811601,
        "134": 3.401997
      }
    },
    "high": {
      "utilization_fraction": 0.8,
      "edge_latencies_ms": {
        "0": 3.652634,
        "1": 4.965488,
        "2": 5.275101,
        "3": 6.329891,
        "4": 5.014558,
        "5": 6.154761,
        "6": 6.02376,
        "7": 4.465543,
        "8": 5.062429,
        "9": 1.969203,
        "10": 6.093982,
        "11": 3.350689,
        "12": 2.679644,
        "13": 2.531996,
        "14": 0.715952,
        "15": 2.311541,
        "16": 2.902969,
        "17": 5.741394,
        "18": 4.657228,
        "19": 5.258476,
        "20": 2.65085,
        "21": 3.416924,
        "22": 2.374153,
        "23": 4.020805,
        "24": 0.93842,
        "25": 7.941654,
        "26": 3.870985,
        "27": 1.528491,
        "28": 3.511054,
        "29": 3.66386,
        "30": 3.058572,
        "31": 2.455878,
        "32": 2.532682,
        "33": 7.615257,
        "34": 2.395161,
        "35": 12.559424,
        "36": 2.702442,
        "37": 2.605661,
        "38": 2.356245,
        "39": 3.998915,
        "40": 1.713175,
        "41": 4.086457,
        "42": 3.926389,
        "43": 14.604448,
        "44": 3.239854,
        "45": 10.851916,
        "46": 2.238321,
        "47": 10.623304,
        "48": 4.639712,