{
  "topology_id": 181,
  "load_conditions": {
    "low": {
      "utilization_fraction": 0.2,
      "edge_latencies_ms": {
        "0": 6.843088,
        "1": 2.3834,
        "2": 4.920789,
        "3": 8.648001,
        "4": 2.525039,
        "5": 7.048105,
        "6": 5.680731,
        "7": 4.290056,
        "8": 4.516605,
        "9": 5.109663,
        "10": 4.464581,
        "11": 5.502768,
        "12": 5.695533,
        "13": 5.901495,
        "14": 5.765977,
        "15": 6.289622,
        "16": 3.548123,
        "17": 2.596482,
        "18": 5.252128,
        "19": 7.319665,
        "20": 3.61518,
        "21": 4.902209,
        "22": 6.090768,
        "23": 1.460667,
        "24": 6.043781,
        "25": 5.732104,
        "26": 4.49208,
        "27": 6.110291,
        "28": 4.45443,
        "29": 2.784733,
        "30": 3.616267,
        "31": 4.489635,
        "32": 8.660992,
        "33": 6.727766,
        "34": 1.994262,
        "35": 3.711712,
        "36": 4.1995,
        "37": 4.383585,
        "38": 3.449582,
        "39": 3.105934,
        "40": 6.644047,
        "41": 0.861521,
        "42": 4.346147,
        "43": 3.589655,
        "44": 3.867086,
        "45": 2.565394,
        "46": 0.735268,
        "47": 3.433189,
        "48": 2.706331,
        "49": 2.186546,
        "50": 5.718167,
        "51": 4.452198,
        "52": 7.38172,
        "53": 1.158747,
        "54": 1.30235,
        "55": 1.941178,
        "56": 3.672848,
        "57": 6.919825,
        "58": 4.154068,
        "59": 2.528053,
        "60": 8.399968,
        "61": 5.82438,
        "62": 7.447783,
        "63": 6.877782,
        "64": 5.74411,
        "65": 7.672755,
        "66": 6.113439,
        "67": 0.687927,
        "68": 3.741901,
        "69": 8.591538,
        "70": 2.322778,
        "71": 4.915723,
        "72": 2.482001,
        "73": 3.559669,
        "74": 2.685731,
        "75": 5.686706,
        "76": 3.992648,
        "77": 2.825991,
        "78": 7.050285,
        "79": 1.717728,
        "80": 6.017154,
        "81": 4.1329,
        "82": 1.718823,
        "83": 3.262473,
        "84": 3.507975,
        "85": 1.745554,
        "86": 3.01149,
        "87": 2.369452,
        "88": 6.70687,
        "89": 7.170459,
        "90": 5.096813,
        "91": 7.801869,
        "92": 8.747343,
        "93": 8.938118,
        "94": 5.457984,
        "95": 5.145299,
        "96": 8.606152,
        "97": 5.964025,
        "98": 5.504868,
        "99": 6.058845,
        "100": 3.480799,
        "101": 2.50025,
        "102": 3.480016,
        "103": 2.645808,
        "104": 3.625997,
        "105": 1.421786,
        "106": 4.155833,
        "107": 3.784659,
        "108": 3.642964,
        "109": 3.334103,
        "110": 0.625134,
        "111": 3.573847,
        "112": 2.391233,
        "113": 3.91056,
        "114": 5.036512,
        "115": 2.182098,
        "116": 2.473585,
        "117": 4.955166,
        "118": 1.11977,
        "119": 1.041099,
        "120": 5.622363,
        "121": 3.88203,
        "122": 3.760479,
        "123": 4.880434,
        "124": 1.949917,
        "125": 2.240247,
        "126": 1.465691,
        "127": 2.898581,
        "128": 12.711263,
        "129": 5.046924,
        "130": 6.685828,
        "131": 5.253137,
        "132": 3.326558,
        "133": 2.682837,
        "134": 1.858787,
        "135": 2.127171,
        "136": 1.752538,
        "137": 1.897481,
        "138": 5.171599,
        "139": 1.644447,
        "140": 2.948,
        "141": 1.109542,
        "142": 4.729603,
        "143": 3.301232,
        "144": 3.998305,
        "145": 5.689594,
        "146": 3.347136,
        "147": 2.433299,
        "148": 4.772342,
        "149": 2.169851,
        "150": 6.803203,
        "151": 3.006974,
        "152": 5.1804,
        "153": 1.669954,
        "154": 5.141494,
        "155": 2.031822,
        "156": 1.986083,
        "157": 2.608467,
        "158": 4.536349,
        "159": 6.287911,
        "160": 7.325043,
        "161": 2.367845,
        "162": 2.319301,
        "163": 3.961397,
        "164": 1.78146,
        "165": 5.018295,
        "166": 1.738038,
        "167": 3.053799,
        "168": 1.851665,
        "169": 3.724697,
        "170": 3.243362,
        "171": 2.005649,
        "172": 5.743508,
        "173": 1.739392
      }
    },
    "medium": {
      "utilization_fraction": 0.5,
      "edge_latencies_ms": {
        "0": 6.844086,
        "1": 2.384784,
        "2": 4.921645,
        "3": 8.649167,
        "4": 2.52582,
        "5": 7.049049,
        "6": 5.684403,
        "7": 4.290834,
        "8": 4.517743,
        "9": 5.11316,
        "10": 4.465806,
        "11": 5.503548,
        "12": 5.698186,
        "13": 5.902376,
        "14": 5.766923,
        "15": 6.295417,
        "16": 3.551537,
        "17": 2.598059,
        "18": 5.253544,
        "19": 7.321292,
        "20": 3.617038,
        "21": 4.903443,
        "22": 6.091769,
        "23": 1.462019,
        "24": 6.044561,
        "25": 5.73351,
        "26": 4.493257,
        "27": 6.111119,
        "28": 4.455824,
        "29": 2.785876,
        "30": 3.62265,
        "31": 4.490452,
        "32": 8.661877,
        "33": 6.729305,
        "34": 1.995246,
        "35": 3.71248,
        "36": 4.200531,
        "37": 4.384502,
        "38": 3.452384,
        "39": 3.106779,
        "40": 6.646381,
        "41": 0.864398,
        "42": 4.347697,
        "43": 3.590833,
        "44": 3.868043,
        "45": 2.567871,
        "46": 0.736841,
        "47": 3.434077,
        "48": 2.708199,
        "49": 2.187548,
        "50": 5.719184,
        "51": 4.452977,
        "52": 7.40763,
        "53": 1.161099,
        "54": 1.303667,
        "55": 1.942581,
        "56": 3.673598,
        "57": 6.921218,
        "58": 4.155486,
        "59": 2.531785,
        "60": 8.400901,
        "61": 5.825548,
        "62": 7.450864,
        "63": 6.878796,
        "64": 5.745392,
        "65": 7.675894,
        "66": 6.12139,
        "67": 0.689658,
        "68": 3.742669,
        "69": 8.612351,
        "70": 2.323582,
        "71": 4.917171,
        "72": 2.483604,
        "73": 3.564509,
        "74": 2.689838,
        "75": 5.689594,
        "76": 3.993762,
        "77": 2.827105,
        "78": 7.066809,
        "79": 1.719619,
        "80": 6.018059,
        "81": 4.13366,
        "82": 1.720267,
        "83": 3.264189,
        "84": 3.508732,
        "85": 1.752734,
        "86": 3.013351,
        "87": 2.374028,
        "88": 6.707625,
        "89": 7.171604,
        "90": 5.098154,
        "91": 7.802982,
        "92": 8.748484,
        "93": 8.942581,
        "94": 5.459069,
        "95": 5.146973,
        "96": 8.609115,
        "97": 5.96593,
        "98": 5.506119,
        "99": 6.104372,
        "100": 3.481596,
        "101": 2.501613,
        "102": 3.481245,
        "103": 2.646586,
        "104": 3.626864,
        "105": 1.425377,
        "106": 4.157193,
        "107": 3.786026,
        "108": 3.644148,
        "109": 3.33593,
        "110": 0.625906,
        "111": 3.575258,
        "112": 2.394779,
        "113": 3.912371,
        "114": 5.037972,
        "115": 2.186131,
        "116": 2.476113,
        "117": 4.956403,
        "118": 1.121765,
        "119": 1.042432,
        "120": 5.623525,
        "121": 3.88502,
        "122": 3.76126,
        "123": 4.882282,
        "124": 1.951289,
        "125": 2.242009,
        "126": 1.467149,
        "127": 2.900453,
        "128": 12.75866,
        "129": 5.047966,
        "130": 6.687132,
        "131": 5.254289,
        "132": 3.328688,
        "133": 2.689326,
        "134": 1.860142,
        "135": 2.128805,
        "136": 1.756162,
        "137": 1.898803,
        "138": 5.173819,
        "139": 1.648231,
        "140": 2.950696,
        "141": 1.114458,
        "142": 4.735573,
        "143": 3.302051,
        "144": 3.999203,
        "145": 5.691306,
        "146": 3.348936,