{
  "topology_id": 147,
  "load_conditions": {
    "low": {
      "utilization_fraction": 0.2,
      "edge_latencies_ms": {
        "0": 0.957887,
        "1": 1.516358,
        "2": 7.60164,
        "3": 5.149025,
        "4": 4.704141,
        "5": 7.779222,
        "6": 5.333002,
        "7": 5.826162,
        "8": 2.759964,
        "9": 4.741345,
        "10": 9.098494,
        "11": 2.886741,
        "12": 16.872661,
        "13": 9.504563,
        "14": 5.444815,
        "15": 6.58173,
        "16": 4.505877,
        "17": 8.124923,
        "18": 5.050821,
        "19": 3.428948,
        "20": 4.594277,
        "21": 4.924114,
        "22": 3.224541,
        "23": 2.295318,
        "24": 2.536818,
        "25": 1.291359,
        "26": 2.853049,
        "27": 2.12996,
        "28": 3.570373,
        "29": 1.337418,
        "30": 6.364942,
        "31": 5.174475,
        "32": 7.783657,
        "33": 6.714878,
        "34": 5.094243,
        "35": 6.5047,
        "36": 11.082962,
        "37": 4.397688,
        "38": 5.836317,
        "39": 11.937195,
        "40": 4.184326
      }
    },
    "medium": {
      "utilization_fraction": 0.5,
      "edge_latencies_ms": {
        "0": 0.958738,
        "1": 1.517393,
        "2": 7.604513,
        "3": 5.15009,
        "4": 4.705298,
        "5": 7.811048,
        "6": 5.333846,
        "7": 5.827031,
        "8": 2.762483,
        "9": 4.750469,
        "10": 9.106665,
        "11": 2.888521,
        "12": 16.896287,
        "13": 9.512856,
        "14": 5.446997,
        "15": 6.595396,
        "16": 4.514224,
        "17": 8.142487,
        "18": 5.051666,
        "19": 3.430068,
        "20": 4.596529,
        "21": 4.925079,
        "22": 3.226055,
        "23": 2.297131,
        "24": 2.537901,
        "25": 1.292272,
        "26": 2.875327,
        "27": 2.130967,
        "28": 3.571707,
        "29": 1.338793,
        "30": 6.379354,
        "31": 5.175774,
        "32": 7.85514,
        "33": 6.721906,
        "34": 5.096885,
        "35": 6.505987,
        "36": 11.094765,
        "37": 4.403156,
        "38": 5.840354,
        "39": 11.956208,
        "40": 4.186076
      }
    },
    "high": {
      "utilization_fraction": 0.8,
      "edge_latencies_ms": {
        "0": 0.962143,
        "1": 1.521537,
        "2": 7.616008,
        "3": 5.154349,
        "4": 4.709925,
        "5": 7.938354,
        "6": 5.337224,
        "7": 5.830504,
        "8": 2.772559,
        "9": 4.786962,
        "10": 9.139348,
        "11": 2.89564,
        "12": 16.990794,
        "13": 9.546027,
        "14": 5.455725,
        "15": 6.65006,
        "16": 4.54761,
        "17": 8.21274,
        "18": 5.055049,
        "19": 3.434548,
        "20": 4.605536,
        "21": 4.92894,
        "22": 3.232111,
        "23": 2.30438,
        "24": 2.542234,
        "25": 1.295924,
        "26": 2.964438,
        "27": 2.134993,
        "28": 3.577045,
        "29": 1.344294,
        "30": 6.437002,
        "31": 5.180966,
        "32": 8.141069,
        "33": 6.750018,
        "34": 5.107452,
        "35": 6.511136,
        "36": 11.141977,
        "37": 4.425029,
        "38": 5.856498,
        "39": 12.032261,
        "40": 4.193079
      }
    },
    "flash": {
      "utilization_fraction": 0.95,
      "edge_latencies_ms": {
        "0": 0.979169,
        "1": 1.542255,
        "2": 7.673479,
        "3": 5.175645,
        "4": 4.733058,
        "5": 8.574884,
        "6": 5.354112,
        "7": 5.84787,
        "8": 2.822938,
        "9": 4.969429,
        "10": 9.302768,
        "11": 2.931236,
        "12": 17.463329,
        "13": 9.711881,
        "14": 5.499366,
        "15": 6.923378,
        "16": 4.714545,
        "17": 8.564007,
        "18": 5.071962,
        "19": 3.456947,
        "20": 4.65057,
        "21": 4.948243,
        "22": 3.26239,
        "23": 2.34063,
        "24": 2.563899,
        "25": 1.314184,
        "26": 3.409995,
        "27": 2.155125,
        "28": 3.603733,
        "29": 1.371798,
        "30": 6.725244,
        "31": 5.20693,
        "32": 9.570717,
        "33": 6.890574,
        "34": 5.160288,
        "35": 6.536881,
        "36": 11.37804,
        "37": 4.534392,
        "38": 5.937221,
        "39": 12.412521,
        "40": 4.228091
      }
    }
  }
}