{
  "topology_id": 394,
  "load_conditions": {
    "low": {
      "utilization_fraction": 0.2,
      "edge_latencies_ms": {
        "0": 3.328029,
        "1": 3.418994,
        "2": 2.553021,
        "3": 5.636653,
        "4": 13.61059,
        "5": 6.599861,
        "6": 4.100816,
        "7": 5.319032,
        "8": 3.801186,
        "9": 6.073674,
        "10": 3.540903,
        "11": 15.215698,
        "12": 4.814037,
        "13": 3.166327,
        "14": 5.960548,
        "15": 4.537862,
        "16": 4.58727,
        "17": 6.269043,
        "18": 7.075417,
        "19": 3.203856,
        "20": 5.195372,
        "21": 2.8313,
        "22": 4.146986,
        "23": 17.330658,
        "24": 1.2719,
        "25": 4.970246,
        "26": 3.465657,
        "27": 5.308014,
        "28": 3.668404,
        "29": 4.594011,
        "30": 3.363769,
        "31": 6.325684,
        "32": 4.380575,
        "33": 4.072872,
        "34": 15.218046,
        "35": 1.608108,
        "36": 3.089914,
        "37": 1.183755,
        "38": 1.078665,
        "39": 2.913306,
        "40": 2.970913,
        "41": 3.085062,
        "42": 2.70593,
        "43": 3.343783,
        "44": 3.390598,
        "45": 4.721641,
        "46": 1.498665,
        "47": 5.497927,
        "48": 5.556253,
        "49": 3.795576,
        "50": 2.233507,
        "51": 4.035607,
        "52": 5.772388,
        "53": 3.250439
      }
    },
    "medium": {
      "utilization_fraction": 0.5,
      "edge_latencies_ms": {
        "0": 3.328788,
        "1": 3.420566,
        "2": 2.554855,
        "3": 5.639171,
        "4": 13.622119,
        "5": 6.601025,
        "6": 4.1309,
        "7": 5.320076,
        "8": 3.802454,
        "9": 6.074966,
        "10": 3.542115,
        "11": 15.231709,
        "12": 4.815131,
        "13": 3.168126,
        "14": 5.961801,
        "15": 4.538718,
        "16": 4.58861,
        "17": 6.270395,
        "18": 7.076603,
        "19": 3.205453,
        "20": 5.197043,
        "21": 2.833064,
        "22": 4.151713,
        "23": 17.338194,
        "24": 1.272718,
        "25": 4.97134,
        "26": 3.466655,
        "27": 5.308945,
        "28": 3.669771,
        "29": 4.595184,
        "30": 3.364824,
        "31": 6.330269,
        "32": 4.381547,
        "33": 4.074219,
        "34": 15.227161,
        "35": 1.609449,
        "36": 3.09126,
        "37": 1.185649,
        "38": 1.081466,
        "39": 2.914773,
        "40": 2.972225,
        "41": 3.086617,
        "42": 2.706878,
        "43": 3.345382,
        "44": 3.39396,
        "45": 4.723866,
        "46": 1.500352,
        "47": 5.499076,
        "48": 5.557664,
        "49": 3.796589,
        "50": 2.234553,
        "51": 4.038454,
        "52": 5.773215,
        "53": 3.25138
      }
    },
    "high": {
      "utilization_fraction": 0.8,
      "edge_latencies_ms": {
        "0": 3.331825,
        "1": 3.426854,
        "2": 2.562194,
        "3": 5.649243,
        "4": 13.668237,
        "5": 6.605681,
        "6": 4.251236,
        "7": 5.324252,
        "8": 3.807527,
        "9": 6.080135,
        "10": 3.546964,
        "11": 15.295754,
        "12": 4.819505,
        "13": 3.175324,
        "14": 5.96681,
        "15": 4.54214,
        "16": 4.593971,
        "17": 6.275802,
        "18": 7.081348,
        "19": 3.211842,
        "20": 5.203729,
        "21": 2.840121,
        "22": 4.170621,
        "23": 17.368335,
        "24": 1.275993,
        "25": 4.975714,
        "26": 3.470646,
        "27": 5.312669,
        "28": 3.675238,
        "29": 4.599879,
        "30": 3.369042,
        "31": 6.348606,
        "32": 4.385436,
        "33": 4.079603,
        "34": 15.263622,
        "35": 1.61481,
        "36": 3.096643,
        "37": 1.193226,
        "38": 1.092669,
        "39": 2.920641,
        "40": 2.977475,
        "41": 3.09284,
        "42": 2.71067,
        "43": 3.351778,
        "44": 3.407411,
        "45": 4.73277,
        "46": 1.5071,
        "47": 5.50367,
        "48": 5.563312,
        "49": 3.800643,
        "50": 2.238737,
        "51": 4.04984,
        "52": 5.776527,
        "53": 3.255145
      }
    },
    "flash": {
      "utilization_fraction": 0.95,
      "edge_latencies_ms": {
        "0": 3.347007,
        "1": 3.458294,
        "2": 2.598887,
        "3": 5.6996,
        "4": 13.898824,
        "5": 6.628961,
        "6": 4.852917,
        "7": 5.345132,
        "8": 3.832888,
        "9": 6.105982,
        "10": 3.571211,
        "11": 15.615981,
        "12": 4.841376,
        "13": 3.211312,
        "14": 5.991859,
        "15": 4.559249,
        "16": 4.620778,
        "17": 6.30284,
        "18": 7.105074,
        "19": 3.243784,
        "20": 5.23716,
        "21": 2.875402,
        "22": 4.265159,
        "23": 17.519041,
        "24": 1.292365,
        "25": 4.997584,
        "26": 3.490602,
        "27": 5.331291,
        "28": 3.702577,
        "29": 4.623354,
        "30": 3.390132,
        "31": 6.440292,
        "32": 4.404879,
        "33": 4.106527,
        "34": 15.445924,
        "35": 1.641614,
        "36": 3.123555,
        "37": 1.23111,
        "38": 1.148684,
        "39": 2.949984,
        "40": 3.003722,
        "41": 3.123951,
        "42": 2.729628,
        "43": 3.383761,
        "44": 3.474662,
        "45": 4.777286,
        "46": 1.540837,
        "47": 5.52664,
        "48": 5.591547,
        "49": 3.820915,
        "50": 2.259659,
        "51": 4.106774,
        "52": 5.793084,
        "53": 3.273971
      }
    }
  }
}