{
  "topology_id": 85,
  "load_conditions": {
    "low": {
      "utilization_fraction": 0.2,
      "edge_latencies_ms": {
        "0": 5.205401,
        "1": 2.969159,
        "2": 4.090298,
        "3": 3.937016,
        "4": 5.897698,
        "5": 3.89765,
        "6": 4.560151,
        "7": 6.514036,
        "8": 5.883541,
        "9": 1.770887,
        "10": 5.12498,
        "11": 4.10744,
        "12": 4.791023,
        "13": 6.698783,
        "14": 4.488947,
        "15": 4.125464,
        "16": 5.172563,
        "17": 1.726014,
        "18": 3.54049,
        "19": 2.674226,
        "20": 3.182749,
        "21": 1.767438,
        "22": 3.524562,
        "23": 3.753705,
        "24": 5.909439,
        "25": 3.200949,
        "26": 3.92314,
        "27": 13.700041,
        "28": 3.279273,
        "29": 15.934862,
        "30": 2.515486,
        "31": 2.166849,
        "32": 3.381254,
        "33": 3.614668,
        "34": 3.416742,
        "35": 5.281962,
        "36": 3.802801,
        "37": 2.889829,
        "38": 7.103407,
        "39": 6.951084,
        "40": 5.422224,
        "41": 2.605567,
        "42": 5.003179,
        "43": 4.030665,
        "44": 5.813198,
        "45": 3.874759,
        "46": 8.094137,
        "47": 6.813456,
        "48": 10.126089,
        "49": 6.397806,
        "50": 1.985237,
        "51": 5.803466,
        "52": 2.634328,
        "53": 3.881075,
        "54": 7.265036,
        "55": 3.407746,
        "56": 2.426803,
        "57": 5.613029,
        "58": 2.184643,
        "59": 3.616076,
        "60": 1.723369,
        "61": 4.211866,
        "62": 2.302504,
        "63": 2.42218,
        "64": 6.480031,
        "65": 7.803138,
        "66": 2.579532,
        "67": 4.436185,
        "68": 2.259287,
        "69": 5.276321,
        "70": 5.201575,
        "71": 4.558532,
        "72": 7.955614,
        "73": 5.349781,
        "74": 4.241452,
        "75": 2.504217,
        "76": 3.552146,
        "77": 0.911109,
        "78": 4.824246,
        "79": 8.003845,
        "80": 1.562696,
        "81": 2.103476,
        "82": 3.150207,
        "83": 2.947638,
        "84": 3.111708,
        "85": 2.416093,
        "86": 3.724313,
        "87": 1.873974,
        "88": 2.89623,
        "89": 8.769758,
        "90": 2.748051,
        "91": 6.730098,
        "92": 3.678168,
        "93": 2.051416,
        "94": 2.555021,
        "95": 6.208044,
        "96": 2.23789,
        "97": 11.071601,
        "98": 4.054319,
        "99": 6.815728,
        "100": 0.795991,
        "101": 2.59806,
        "102": 4.815049,
        "103": 3.016505,
        "104": 3.688052,
        "105": 4.118078,
        "106": 0.900436,
        "107": 3.871227,
        "108": 4.550034,
        "109": 4.01394,
        "110": 3.220704,
        "111": 3.806654,
        "112": 3.854027,
        "113": 2.188541,
        "114": 4.351417,
        "115": 2.849184,
        "116": 5.045155,
        "117": 4.584605,
        "118": 2.853178,
        "119": 4.000535,
        "120": 5.272655,
        "121": 7.308,
        "122": 5.932654,
        "123": 4.406357,
        "124": 6.063132,
        "125": 1.227875,
        "126": 3.799017,
        "127": 1.916606,
        "128": 2.867326,
        "129": 2.388029,
        "130": 5.95374,
        "131": 2.801531,
        "132": 9.965681,
        "133": 5.26707,
        "134": 3.501514,
        "135": 4.136648,
        "136": 4.373265,
        "137": 5.221179,
        "138": 5.974223,
        "139": 7.258444,
        "140": 3.216453,
        "141": 5.441493,
        "142": 2.925018,
        "143": 6.475278,
        "144": 5.141259,
        "145": 5.184282,
        "146": 4.286556,
        "147": 11.156707,
        "148": 12.335947,
        "149": 2.13061,
        "150": 1.544663,
        "151": 1.860368,
        "152": 4.152335,
        "153": 2.904814,
        "154": 3.674712,
        "155": 3.867897,
        "156": 2.446205,
        "157": 2.418003,
        "158": 3.540484,
        "159": 2.821296,
        "160": 1.824496,
        "161": 5.01611,
        "162": 2.469241,
        "163": 2.859492,
        "164": 6.059162,
        "165": 1.55183,
        "166": 0.569589
      }
    },
    "medium": {
      "utilization_fraction": 0.5,
      "edge_latencies_ms": {
        "0": 5.207163,
        "1": 2.969932,
        "2": 4.091277,
        "3": 3.939978,
        "4": 5.902194,
        "5": 3.89954,
        "6": 4.562736,
        "7": 6.5151,
        "8": 5.884827,
        "9": 1.771675,
        "10": 5.126079,
        "11": 4.117566,
        "12": 4.792526,
        "13": 6.701782,
        "14": 4.491327,
        "15": 4.126616,
        "16": 5.175242,
        "17": 1.728471,
        "18": 3.541333,
        "19": 2.67561,
        "20": 3.189503,
        "21": 1.771786,
        "22": 3.526186,
        "23": 3.755521,
        "24": 5.910314,
        "25": 3.202047,
        "26": 3.924106,
        "27": 13.717011,
        "28": 3.280966,
        "29": 15.954385,
        "30": 2.516426,
        "31": 2.167769,
        "32": 3.382068,
        "33": 3.615884,
        "34": 3.419371,
        "35": 5.282818,
        "36": 3.809498,
        "37": 2.890626,
        "38": 7.12234,
        "39": 6.951978,
        "40": 5.42332,
        "41": 2.611339,
        "42": 5.01372,
        "43": 4.031466,
        "44": 5.814408,
        "45": 3.876248,
        "46": 8.097763,
        "47": 6.816397,
        "48": 10.127881,
        "49": 6.398655,
        "50": 1.987128,
        "51": 5.804341,
        "52": 2.635997,
        "53": 3.885259,
        "54": 7.265792,
        "55": 3.412545,
        "56": 2.427854,
        "57": 5.614338,
        "58": 2.186084,
        "59": 3.617021,
        "60": 1.724522,
        "61": 4.213938,
        "62": 2.305645,
        "63": 2.424451,
        "64": 6.480929,
        "65": 7.839288,
        "66": 2.581088,
        "67": 4.437326,
        "68": 2.262016,
        "69": 5.279269,
        "70": 5.202839,
        "71": 4.560666,
        "72": 7.956405,
        "73": 5.35475,
        "74": 4.24276,
        "75": 2.505662,
        "76": 3.554001,
        "77": 0.912484,
        "78": 4.831776,
        "79": 8.044493,
        "80": 1.56352,
        "81": 2.104754,
        "82": 3.151472,
        "83": 2.948403,
        "84": 3.112944,
        "85": 2.416844,
        "86": 3.725621,
        "87": 1.874756,
        "88": 2.899995,
        "89": 8.793216,
        "90": 2.749503,
        "91": 6.73094,
        "92": 3.680941,
        "93": 2.053401,
        "94": 2.555878,
        "95": 6.209685,
        "96": 2.239165,
        "97": 11.083258,
        "98": 4.055627,
        "99": 6.816681,
        "100": 0.797233,
        "101": 2.600984,
        "102": 4.817038,
        "103": 3.017376,
        "104": 3.68987,
        "105": 4.122456,
        "106": 0.905875,
        "107": 3.872789,
        "108": 4.551978,
        "109": 4.014769,
        "110": 3.222215,
        "111": 3.807842,
        "112": 3.855492,
        "113": 2.191468,
        "114": 4.352757,
        "115": 2.85059,
        "116": 5.046439,
        "117": 4.58617,
        "118": 2.859393,
        "119": 4.001325,
        "120": 5.278155,
        "121": 7.308888,
        "122": 5.936429,
        "123": 4.407246,
        "124": 6.064457,
        "125": 1.228702,
        "126": 3.802242,
        "127": 1.919849,
        "128": 2.868648,
        "129": 2.39093,
        "130": 5.955304,
        "131": 2.80263,
        "132": 9.983769,
        "133": 5.268513,
        "134": 3.502533,
        "135": 4.138504,
        "136": 4.374025,
        "137": 5.222168,
        "138": 5.975068,
        "139": 7.259932,
        "140": 3.220226,
        "141": 5.442625,
        "142": 2.925934,
        "143": 6.476385,
        "144": 5.142378,
        "145": 5.187825,
        "146": 4.287476,
        "147": 11.167964,
        "148": 12.379879,
        "149": 2.132066,
        "150": 1.546142,
        "151": 1.861974,
        "152": 4.153109,
        "153": 2.905774,