{
  "topology_id": 481,
  "load_conditions": {
    "low": {
      "utilization_fraction": 0.2,
      "edge_latencies_ms": {
        "0": 1.993087,
        "1": 2.122756,
        "2": 4.238437,
        "3": 4.825529,
        "4": 4.357573,
        "5": 5.834167,
        "6": 2.661126,
        "7": 1.448284,
        "8": 2.353969,
        "9": 2.49025,
        "10": 5.095936,
        "11": 1.669307,
        "12": 1.593237,
        "13": 2.837479,
        "14": 6.632799,
        "15": 3.220073,
        "16": 5.663317,
        "17": 3.465485,
        "18": 1.921936,
        "19": 6.943773,
        "20": 4.846219,
        "21": 2.753174,
        "22": 2.922621,
        "23": 2.806492,
        "24": 5.836974,
        "25": 4.625959,
        "26": 3.254907,
        "27": 6.015834,
        "28": 5.823939,
        "29": 4.182618,
        "30": 5.587854,
        "31": 6.203583,
        "32": 0.782493,
        "33": 3.729525,
        "34": 3.207879,
        "35": 11.254684,
        "36": 15.561177,
        "37": 5.222663,
        "38": 5.028776,
        "39": 2.733571,
        "40": 10.94789,
        "41": 3.770105,
        "42": 4.236543,
        "43": 3.552695,
        "44": 4.960509,
        "45": 2.808914,
        "46": 7.360488,
        "47": 3.278207,
        "48": 9.542813,
        "49": 5.052521,
        "50": 18.522682,
        "51": 2.456771,
        "52": 3.38206,
        "53": 1.881553,
        "54": 2.451119,
        "55": 2.954678,
        "56": 2.808434,
        "57": 1.018171,
        "58": 3.489299,
        "59": 2.959943,
        "60": 1.564197,
        "61": 5.945099,
        "62": 3.625762,
        "63": 3.191196,
        "64": 2.627712,
        "65": 3.402822,
        "66": 2.510402,
        "67": 1.742374,
        "68": 3.438319,
        "69": 5.923724,
        "70": 6.599174,
        "71": 2.975991,
        "72": 4.574363,
        "73": 0.833291,
        "74": 14.645781,
        "75": 2.65103,
        "76": 1.949255,
        "77": 2.481738,
        "78": 5.720396,
        "79": 1.341015,
        "80": 3.944665,
        "81": 5.141287,
        "82": 2.456911,
        "83": 5.608868,
        "84": 2.041858,
        "85": 4.10493,
        "86": 3.319646,
        "87": 3.239776,
        "88": 14.412287,
        "89": 1.779911,
        "90": 4.945134,
        "91": 3.287001,
        "92": 3.300362,
        "93": 4.526106,
        "94": 1.98483,
        "95": 2.491273,
        "96": 4.424665,
        "97": 5.164555,
        "98": 6.890932,
        "99": 1.537791,
        "100": 3.599925,
        "101": 6.430976,
        "102": 5.729889,
        "103": 4.944539,
        "104": 4.366545,
        "105": 1.713722,
        "106": 4.923164
      }
    },
    "medium": {
      "utilization_fraction": 0.5,
      "edge_latencies_ms": {
        "0": 1.994647,
        "1": 2.12367,
        "2": 4.239678,
        "3": 4.829777,
        "4": 4.362982,
        "5": 5.836077,
        "6": 2.665664,
        "7": 1.449127,
        "8": 2.356014,
        "9": 2.491448,
        "10": 5.096784,
        "11": 1.670368,
        "12": 1.595062,
        "13": 2.839678,
        "14": 6.63516,
        "15": 3.220837,
        "16": 5.664405,
        "17": 3.466364,
        "18": 1.922782,
        "19": 6.945497,
        "20": 4.849725,
        "21": 2.755046,
        "22": 2.924043,
        "23": 2.80798,
        "24": 5.837965,
        "25": 4.637092,
        "26": 3.256161,
        "27": 6.017543,
        "28": 5.824861,
        "29": 4.188647,
        "30": 5.588782,
        "31": 6.207703,
        "32": 0.7855,
        "33": 3.730436,
        "34": 3.209004,
        "35": 11.26817,
        "36": 15.576794,
        "37": 5.224384,
        "38": 5.029561,
        "39": 2.739869,
        "40": 10.986671,
        "41": 3.771446,
        "42": 4.238255,
        "43": 3.55826,
        "44": 4.961333,
        "45": 2.815556,
        "46": 7.388477,
        "47": 3.279055,
        "48": 9.570512,
        "49": 5.058595,
        "50": 18.537459,
        "51": 2.458131,
        "52": 3.383833,
        "53": 1.888735,
        "54": 2.452702,
        "55": 2.957055,
        "56": 2.809324,
        "57": 1.019971,
        "58": 3.490115,
        "59": 2.961298,
        "60": 1.565235,
        "61": 5.949539,
        "62": 3.628172,
        "63": 3.19233,
        "64": 2.633285,
        "65": 3.403782,
        "66": 2.512048,
        "67": 1.744382,
        "68": 3.44224,
        "69": 5.924649,
        "70": 6.600635,
        "71": 2.97679,
        "72": 4.575297,
        "73": 0.835108,
        "74": 14.702157,
        "75": 2.65182,
        "76": 1.950627,
        "77": 2.482911,
        "78": 5.723235,
        "79": 1.342129,
        "80": 3.945606,
        "81": 5.143395,
        "82": 2.457907,
        "83": 5.610706,
        "84": 2.042691,
        "85": 4.106881,
        "86": 3.321397,
        "87": 3.24104,
        "88": 14.421357,
        "89": 1.780917,
        "90": 4.946264,
        "91": 3.289039,
        "92": 3.301456,
        "93": 4.527717,
        "94": 1.986588,
        "95": 2.492293,
        "96": 4.427329,
        "97": 5.165436,
        "98": 6.892218,
        "99": 1.538874,
        "100": 3.601996,
        "101": 6.434744,
        "102": 5.730754,
        "103": 4.946238,
        "104": 4.368719,
        "105": 1.714812,
        "106": 4.927326
      }
    },
    "high": {
      "utilization_fraction": 0.8,
      "edge_latencies_ms": {
        "0": 2.000886,
        "1": 2.127327,
        "2": 4.24464,
        "3": 4.846772,
        "4": 4.384622,
        "5": 5.843717,
        "6": 2.683817,
        "7": 1.452501,
        "8": 2.364195,
        "9": 2.496242,
        "10": 5.10018,
        "11": 1.674613,
        "12": 1.602362,
        "13": 2.848474,
        "14": 6.644604,
        "15": 3.223897,
        "16": 5.668758,
        "17": 3.469881,
        "18": 1.926168,
        "19": 6.952393,
        "20": 4.863746,
        "21": 2.762535,
        "22": 2.929731,
        "23": 2.81393,
        "24": 5.841931,
        "25": 4.681626,
        "26": 3.261177,
        "27": 6.02438,
        "28": 5.828547,
        "29": 4.212764,
        "30": 5.592492,
        "31": 6.224183,
        "32": 0.797529,
        "33": 3.734083,
        "34": 3.213504,
        "35": 11.322115,
        "36": 15.639264,
        "37": 5.231265,
        "38": 5.032702,
        "39": 2.765062,
        "40": 11.141794,
        "41": 3.776806,
        "42": 4.245102,
        "43": 3.580521,
        "44": 4.964627,
        "45": 2.842121,
        "46": 7.500433,
        "47": 3.28245,
        "48": 9.681311,
        "49": 5.082891,
        "50": 18.596568,
        "51": 2.463574,
        "52": 3.390926,
        "53": 1.917462,
        "54": 2.459034,
        "55": 2.966567,
        "56": 2.812885,
        "57": 1.027167,
        "58": 3.493382,
        "59": 2.966717,
        "60": 1.569388,
        "61": 5.967298,
        "62": 3.63781,
        "63": 3.196866,
        "64": 2.655577,
        "65": 3.407622,
        "66": 2.518631,
        "67": 1.752416,
        "68": 3.457922,
        "69": 5.928349,
        "70": 6.60648,
        "71": 2.979984,
        "72": 4.579032,
        "73": 0.842376,
        "74": 14.927659,
        "75": 2.654982,
        "76": 1.956116,
        "77": 2.4876,
        "78": 5.734589,
        "79": 1.346582,
        "80": 3.949371,
        "81": 5.151827,
        "82": 2.461891,
        "83": 5.61806,
        "84": 2.046024,
        "85": 4.114684,
        "86": 3.3284,
        "87": 3.246095,
        "88": 14.457638,
        "89": 1.784941,
        "90": 4.950785,
        "91": 3.297193,
        "92": 3.305833,
        "93": 4.534159,
        "94": 1.993619,
        "95": 2.496376,
        "96": 4.437986,
        "97": 5.168958,
        "98": 6.897362,
        "99": 1.543207,
        "100": 3.610281,
        "101": 6.449817,
        "102": 5.734212,
        "103": 4.953035,
        "104": 4.377418,
        "105": 1.719171,