{
  "topology_id": 365,
  "load_conditions": {
    "low": {
      "utilization_fraction": 0.2,
      "edge_latencies_ms": {
        "0": 3.847712,
        "1": 10.51456,
        "2": 10.15972,
        "3": 12.791825,
        "4": 3.19431,
        "5": 2.496137,
        "6": 3.077273,
        "7": 3.829819,
        "8": 8.677923,
        "9": 9.844101,
        "10": 2.755086,
        "11": 6.52061,
        "12": 6.309025,
        "13": 2.38205,
        "14": 8.925616,
        "15": 5.889135,
        "16": 5.962101,
        "17": 6.882837,
        "18": 6.151024,
        "19": 1.692564,
        "20": 10.836744,
        "21": 6.184225
      }
    },
    "medium": {
      "utilization_fraction": 0.5,
      "edge_latencies_ms": {
        "0": 3.848492,
        "1": 10.534381,
        "2": 10.185654,
        "3": 12.802103,
        "4": 3.195552,
        "5": 2.497171,
        "6": 3.078197,
        "7": 3.831493,
        "8": 8.692423,
        "9": 9.845439,
        "10": 2.756331,
        "11": 6.538391,
        "12": 6.310353,
        "13": 2.3842,
        "14": 8.933688,
        "15": 5.890286,
        "16": 5.97743,
        "17": 6.893117,
        "18": 6.152193,
        "19": 1.693481,
        "20": 10.838356,
        "21": 6.18523
      }
    },
    "high": {
      "utilization_fraction": 0.8,
      "edge_latencies_ms": {
        "0": 3.851614,
        "1": 10.613665,
        "2": 10.289393,
        "3": 12.843216,
        "4": 3.200518,
        "5": 2.501307,
        "6": 3.081893,
        "7": 3.838187,
        "8": 8.750427,
        "9": 9.850791,
        "10": 2.761313,
        "11": 6.609514,
        "12": 6.315668,
        "13": 2.392802,
        "14": 8.965974,
        "15": 5.89489,
        "16": 6.038749,
        "17": 6.934236,
        "18": 6.156868,
        "19": 1.697147,
        "20": 10.844802,
        "21": 6.18925
      }
    },
    "flash": {
      "utilization_fraction": 0.95,
      "edge_latencies_ms": {
        "0": 3.867224,
        "1": 11.010085,
        "2": 10.808084,
        "3": 13.048782,
        "4": 3.225347,
        "5": 2.521987,
        "6": 3.10037,
        "7": 3.871657,
        "8": 9.040443,
        "9": 9.877551,
        "10": 2.786222,
        "11": 6.965129,
        "12": 6.342241,
        "13": 2.435814,
        "14": 9.127405,
        "15": 5.917909,
        "16": 6.345341,
        "17": 7.139828,
        "18": 6.180244,
        "19": 1.715481,
        "20": 10.877031,
        "21": 6.209352
      }
    }
  }
}