{
  "topology_id": 458,
  "load_conditions": {
    "low": {
      "utilization_fraction": 0.2,
      "edge_latencies_ms": {
        "0": 3.781311,
        "1": 1.007524,
        "2": 3.224827,
        "3": 2.609548,
        "4": 3.552669,
        "5": 7.255552,
        "6": 5.133026,
        "7": 5.596039,
        "8": 7.784553,
        "9": 9.490759,
        "10": 4.978767,
        "11": 1.70937,
        "12": 5.26268,
        "13": 8.443754,
        "14": 3.439243,
        "15": 4.668602,
        "16": 4.511075,
        "17": 7.875295,
        "18": 2.144118,
        "19": 3.293318,
        "20": 2.323889,
        "21": 3.448414,
        "22": 2.969174,
        "23": 3.183269,
        "24": 3.264223,
        "25": 2.186485,
        "26": 2.018344,
        "27": 3.982206,
        "28": 0.536627,
        "29": 2.094194,
        "30": 5.609554,
        "31": 3.450576,
        "32": 2.146896,
        "33": 4.905375,
        "34": 4.493806,
        "35": 2.377587,
        "36": 5.357365,
        "37": 6.036201,
        "38": 3.03561,
        "39": 7.96872,
        "40": 3.813138,
        "41": 8.626307,
        "42": 5.023898,
        "43": 5.195285,
        "44": 5.830902,
        "45": 13.517625,
        "46": 3.761917,
        "47": 2.290696,
        "48": 4.532408,
        "49": 2.649546,
        "50": 7.941617,
        "51": 4.519059,
        "52": 2.89854,
        "53": 5.207161,
        "54": 3.365172,
        "55": 3.109569,
        "56": 5.207576,
        "57": 5.066497,
        "58": 3.783761,
        "59": 2.531997,
        "60": 3.763915,
        "61": 4.278767,
        "62": 1.913464,
        "63": 1.368862,
        "64": 3.621569,
        "65": 3.316562,
        "66": 3.703624,
        "67": 3.365162,
        "68": 2.892076,
        "69": 2.967029,
        "70": 3.016854,
        "71": 12.267838,
        "72": 5.662752,
        "73": 4.434634,
        "74": 3.361816,
        "75": 3.127872,
        "76": 5.625501,
        "77": 3.751216,
        "78": 4.63068,
        "79": 3.678399,
        "80": 4.006361,
        "81": 1.559317,
        "82": 2.32247,
        "83": 5.168383,
        "84": 1.632547,
        "85": 3.026072,
        "86": 4.42994,
        "87": 3.495776,
        "88": 3.256592,
        "89": 4.60569,
        "90": 2.86266,
        "91": 1.620794,
        "92": 3.609546,
        "93": 3.726649,
        "94": 2.747363,
        "95": 2.280036,
        "96": 4.266112,
        "97": 5.822409,
        "98": 2.369801,
        "99": 1.312997,
        "100": 4.658251,
        "101": 2.828708,
        "102": 4.314279,
        "103": 2.271685,
        "104": 4.246409,
        "105": 4.956106,
        "106": 1.525936,
        "107": 3.744088,
        "108": 5.53441,
        "109": 3.29395,
        "110": 1.834354,
        "111": 2.805311,
        "112": 2.259937,
        "113": 3.014022,
        "114": 2.153474,
        "115": 3.611358,
        "116": 2.409721,
        "117": 2.524816,
        "118": 3.624754,
        "119": 4.246926,
        "120": 3.3119,
        "121": 5.232019,
        "122": 3.941314,
        "123": 5.871692,
        "124": 4.507668,
        "125": 5.057902,
        "126": 4.392095,
        "127": 4.752982,
        "128": 4.514986,
        "129": 3.470263,
        "130": 2.406181,
        "131": 4.983729,
        "132": 5.157361,
        "133": 4.276516,
        "134": 2.422987,
        "135": 1.734886,
        "136": 0.989833,
        "137": 1.478616,
        "138": 2.587986,
        "139": 1.786471,
        "140": 2.164583,
        "141": 4.927409,
        "142": 5.4057,
        "143": 3.471793
      }
    },
    "medium": {
      "utilization_fraction": 0.5,
      "edge_latencies_ms": {
        "0": 3.782452,
        "1": 1.008277,
        "2": 3.225946,
        "3": 2.610657,
        "4": 3.553516,
        "5": 7.25832,
        "6": 5.134052,
        "7": 5.598669,
        "8": 7.786939,
        "9": 9.506197,
        "10": 4.985249,
        "11": 1.713868,
        "12": 5.265833,
        "13": 8.449734,
        "14": 3.440532,
        "15": 4.670563,
        "16": 4.512376,
        "17": 7.876153,
        "18": 2.144869,
        "19": 3.295827,
        "20": 2.325731,
        "21": 3.449464,
        "22": 2.970038,
        "23": 3.1853,
        "24": 3.265023,
        "25": 2.187784,
        "26": 2.01955,
        "27": 3.98961,
        "28": 0.537784,
        "29": 2.095757,
        "30": 5.611257,
        "31": 3.451428,
        "32": 2.152723,
        "33": 4.907016,
        "34": 4.494967,
        "35": 2.378351,
        "36": 5.358609,
        "37": 6.037006,
        "38": 3.036506,
        "39": 7.97038,
        "40": 3.813902,
        "41": 8.628092,
        "42": 5.027423,
        "43": 5.196768,
        "44": 5.832787,
        "45": 13.533251,
        "46": 3.763554,
        "47": 2.29332,
        "48": 4.53404,
        "49": 2.650995,
        "50": 7.955994,
        "51": 4.522235,
        "52": 2.899335,
        "53": 5.209451,
        "54": 3.366261,
        "55": 3.110935,
        "56": 5.208998,
        "57": 5.069374,
        "58": 3.785781,
        "59": 2.535652,
        "60": 3.76469,
        "61": 4.28064,
        "62": 1.914228,
        "63": 1.370609,
        "64": 3.622371,
        "65": 3.318414,
        "66": 3.705768,
        "67": 3.36665,
        "68": 2.893298,
        "69": 2.968467,
        "70": 3.021305,
        "71": 12.282325,
        "72": 5.663779,
        "73": 4.441358,
        "74": 3.368421,
        "75": 3.128847,
        "76": 5.62627,
        "77": 3.755894,
        "78": 4.633555,
        "79": 3.685762,
        "80": 4.00735,
        "81": 1.560295,
        "82": 2.324701,
        "83": 5.171633,
        "84": 1.635222,
        "85": 3.026974,
        "86": 4.432422,
        "87": 3.497028,
        "88": 3.257699,
        "89": 4.606732,
        "90": 2.864825,
        "91": 1.623238,
        "92": 3.610364,
        "93": 3.728488,
        "94": 2.748964,
        "95": 2.28082,
        "96": 4.267851,
        "97": 5.823383,
        "98": 2.371298,
        "99": 1.313985,
        "100": 4.659104,
        "101": 2.829524,
        "102": 4.315314,
        "103": 2.27549,
        "104": 4.247199,
        "105": 4.957435,
        "106": 1.526801,
        "107": 3.749214,
        "108": 5.537602,
        "109": 3.295122,
        "110": 1.835938,
        "111": 2.806517,
        "112": 2.261797,
        "113": 3.015301,
        "114": 2.154277,
        "115": 3.612209,
        "116": 2.41148,
        "117": 2.525908,
        "118": 3.625743,
        "119": 4.248948,
        "120": 3.312961,
        "121": 5.23282,
        "122": 3.942794,
        "123": 5.87572,
        "124": 4.512327,
        "125": 5.058763,
        "126": 4.394117,
        "127": 4.757783,
        "128": 4.516883,
        "129": 3.472415,
        "130": 2.407362,
        "131": 4.98478,
        "132": 5.159146,
        "133": 4.2775,
        "134": 2.42518,
        "135": 1.735951,
        "136": 0.99519,
        "137": 1.480516,
        "138": 2.588822,
        "139": 1.788921,
        "140": 2.165367,
        "141": 4.92888,
        "142": 5.406489,
        "143": 3.472891
      }
    },
    "high": {
      "utilization_fraction": 0.8,
      "edge_latencies_ms": {
        "0": 3.787015,
        "1": 1.011288,
        "2": 3.230421,
        "3": 2.615093,
        "4": 3.556901,
        "5": 7.269391,
        "6": 5.138159,
        "7": 5.60919,
        "8": 7.796485,
        "9": 9.567949,
        "10": 5.011176,
        "11": 1.731862,
        "12": 5.278445,
        "13": 8.473653,
        "14": 3.445689,
        "15": 4.678407,
        "16": 4.517579,
        "17": 7.879584,
        "18": 2.147874,
        "19": 3.305864,
        "20": 2.3331,
        "21": 3.453661,
        "22": 2.973496,
        "23": 3.193426,
        "24": 3.268224,
        "25": 2.192977,
        "26": 2.024372,
        "27": 4.019226,
        "28": 0.54241,
        "29": 2.102011,
        "30": 5.618068,