{
  "topology_id": 192,
  "load_conditions": {
    "low": {
      "utilization_fraction": 0.2,
      "edge_latencies_ms": {
        "0": 3.666301,
        "1": 1.709364,
        "2": 3.521235,
        "3": 2.715832,
        "4": 2.737224,
        "5": 1.988341,
        "6": 6.824274,
        "7": 1.265348,
        "8": 2.810505,
        "9": 3.122788,
        "10": 3.071832,
        "11": 2.107365,
        "12": 3.073958,
        "13": 2.855005,
        "14": 2.558253,
        "15": 5.557921,
        "16": 3.139734,
        "17": 2.647977,
        "18": 2.772917,
        "19": 1.733513,
        "20": 3.021425,
        "21": 3.165375,
        "22": 1.81655,
        "23": 5.68643,
        "24": 5.365559,
        "25": 2.813293,
        "26": 3.369923,
        "27": 2.782655,
        "28": 4.616165,
        "29": 7.942946,
        "30": 1.681649,
        "31": 4.893734,
        "32": 3.600375,
        "33": 3.172484,
        "34": 3.858609,
        "35": 2.179338,
        "36": 1.985102,
        "37": 3.077157,
        "38": 3.833383,
        "39": 6.711081,
        "40": 3.730164,
        "41": 5.43447,
        "42": 6.756574,
        "43": 2.612838,
        "44": 1.814432,
        "45": 7.978274,
        "46": 1.818928,
        "47": 3.450953,
        "48": 4.235147,
        "49": 5.305877,
        "50": 3.578008,
        "51": 3.018023,
        "52": 2.648599,
        "53": 1.948078,
        "54": 5.080708,
        "55": 4.057803,
        "56": 1.727533,
        "57": 5.553088,
        "58": 1.332276,
        "59": 3.79511,
        "60": 4.425531,
        "61": 4.855233,
        "62": 4.256358,
        "63": 4.014972,
        "64": 5.569169,
        "65": 6.877686,
        "66": 5.068141,
        "67": 4.216199,
        "68": 2.813475,
        "69": 3.362099,
        "70": 1.73742,
        "71": 1.733463,
        "72": 1.778619,
        "73": 4.39932,
        "74": 1.575685,
        "75": 4.728596,
        "76": 5.74093,
        "77": 2.360693,
        "78": 1.526481,
        "79": 3.779264,
        "80": 5.71526,
        "81": 6.082751,
        "82": 7.196213,
        "83": 6.119392,
        "84": 6.225037,
        "85": 6.592595,
        "86": 6.638028,
        "87": 5.94606,
        "88": 3.033548,
        "89": 3.452791,
        "90": 4.654166,
        "91": 4.735815,
        "92": 3.516924,
        "93": 3.953703,
        "94": 3.226419,
        "95": 9.261881,
        "96": 9.399645,
        "97": 4.079782,
        "98": 0.855626,
        "99": 2.368454,
        "100": 0.948156,
        "101": 3.45275,
        "102": 4.61871,
        "103": 1.820375,
        "104": 2.716033,
        "105": 0.908738,
        "106": 4.296755,
        "107": 3.593262,
        "108": 2.157792,
        "109": 4.226771,
        "110": 1.989279,
        "111": 1.983871,
        "112": 6.412276,
        "113": 2.131745,
        "114": 7.052723,
        "115": 3.280986,
        "116": 6.752552,
        "117": 5.580124,
        "118": 3.748539,
        "119": 3.638526,
        "120": 3.600041,
        "121": 2.496947,
        "122": 2.171029,
        "123": 4.869927,
        "124": 4.719166,
        "125": 4.941872,
        "126": 2.374618,
        "127": 5.990288,
        "128": 5.064989,
        "129": 4.128155,
        "130": 4.904734,
        "131": 1.40707,
        "132": 4.421378,
        "133": 4.774733,
        "134": 5.224937,
        "135": 5.227275,
        "136": 3.634826,
        "137": 1.331803,
        "138": 4.261437,
        "139": 1.738691,
        "140": 3.546138,
        "141": 1.877931,
        "142": 3.459082,
        "143": 4.224004,
        "144": 2.513001,
        "145": 1.794568,
        "146": 2.819996,
        "147": 3.819307,
        "148": 2.420233,
        "149": 3.023048
      }
    },
    "medium": {
      "utilization_fraction": 0.5,
      "edge_latencies_ms": {
        "0": 3.667356,
        "1": 1.71012,
        "2": 3.524953,
        "3": 2.716984,
        "4": 2.738047,
        "5": 1.989194,
        "6": 6.82697,
        "7": 1.266208,
        "8": 2.81126,
        "9": 3.12473,
        "10": 3.073269,
        "11": 2.108743,
        "12": 3.074809,
        "13": 2.855941,
        "14": 2.559927,
        "15": 5.56096,
        "16": 3.143065,
        "17": 2.648729,
        "18": 2.774199,
        "19": 1.736442,
        "20": 3.025239,
        "21": 3.166846,
        "22": 1.817529,
        "23": 5.694631,
        "24": 5.367532,
        "25": 2.814482,
        "26": 3.370767,
        "27": 2.785182,
        "28": 4.617068,
        "29": 7.954909,
        "30": 1.684462,
        "31": 4.895675,
        "32": 3.601954,
        "33": 3.173319,
        "34": 3.859532,
        "35": 2.18077,
        "36": 1.985929,
        "37": 3.07871,
        "38": 3.834709,
        "39": 6.716805,
        "40": 3.736177,
        "41": 5.436007,
        "42": 6.768656,
        "43": 2.614213,
        "44": 1.81524,
        "45": 7.995593,
        "46": 1.820383,
        "47": 3.451736,
        "48": 4.244697,
        "49": 5.31263,
        "50": 3.57987,
        "51": 3.019185,
        "52": 2.650179,
        "53": 1.950491,
        "54": 5.084503,
        "55": 4.060599,
        "56": 1.730041,
        "57": 5.559452,
        "58": 1.333385,
        "59": 3.796446,
        "60": 4.427282,
        "61": 4.857663,
        "62": 4.257141,
        "63": 4.015841,
        "64": 5.57098,
        "65": 6.880701,
        "66": 5.072592,
        "67": 4.218028,
        "68": 2.814973,
        "69": 3.368355,
        "70": 1.739669,
        "71": 1.734342,
        "72": 1.781481,
        "73": 4.400293,
        "74": 1.576794,
        "75": 4.730228,
        "76": 5.741769,
        "77": 2.362384,
        "78": 1.527471,
        "79": 3.780078,
        "80": 5.716737,
        "81": 6.084175,
        "82": 7.197349,
        "83": 6.120194,
        "84": 6.22911,
        "85": 6.59849,
        "86": 6.640509,
        "87": 5.94715,
        "88": 3.034443,
        "89": 3.453831,
        "90": 4.655377,
        "91": 4.736761,
        "92": 3.518416,
        "93": 3.9546,
        "94": 3.227187,
        "95": 9.269908,
        "96": 9.408933,
        "97": 4.083209,
        "98": 0.858094,
        "99": 2.369565,
        "100": 0.948918,
        "101": 3.454267,
        "102": 4.6196,
        "103": 1.821392,
        "104": 2.717516,
        "105": 0.909714,
        "106": 4.297568,
        "107": 3.598872,
        "108": 2.160696,
        "109": 4.227536,
        "110": 1.996304,
        "111": 1.984912,
        "112": 6.419145,
        "113": 2.147524,
        "114": 7.055129,
        "115": 3.28247,
        "116": 6.753616,
        "117": 5.583002,
        "118": 3.750854,
        "119": 3.643936,
        "120": 3.601191,
        "121": 2.502403,
        "122": 2.175185,
        "123": 4.870827,
        "124": 4.720011,
        "125": 4.943649,
        "126": 2.377521,
        "127": 5.991385,
        "128": 5.066473,
        "129": 4.12897,
        "130": 4.905961,
        "131": 1.409535,
        "132": 4.422173,
        "133": 4.775675,
        "134": 5.225765,
        "135": 5.228571,
        "136": 3.635676,
        "137": 1.332764,
        "138": 4.264616,
        "139": 1.739767,
        "140": 3.547028,
        "141": 1.880521,
        "142": 3.460717,
        "143": 4.224987,
        "144": 2.51384,
        "145": 1.796193,
        "146": 2.827087,
        "147": 3.820274,
        "148": 2.4214,
        "149": 3.03051
      }
    },
    "high": {
      "utilization_fraction": 0.8,
      "edge_latencies_ms": {
        "0": 3.671578,
        "1": 1.713147,
        "2": 3.539823,
        "3": 2.721589,
        "4": 2.741343,
        "5": 1.992604,
        "6": 6.837756,
        "7": 1.26965,
        "8": 2.814281,
        "9": 3.1325,
        "10": 3.079019,
        "11": 2.114256,
        "12": 3.07821,
        "13": 2.859684,
        "14": 2.566624,
        "15": 5.573117,
        "16": 3.156388,
        "17": 2.651739,
        "18": 2.779329,