{
  "topology_id": 121,
  "load_conditions": {
    "low": {
      "utilization_fraction": 0.2,
      "edge_latencies_ms": {
        "0": 4.047113,
        "1": 3.983438,
        "2": 6.144061,
        "3": 15.476187,
        "4": 4.501141,
        "5": 3.354617,
        "6": 3.548232,
        "7": 3.841363,
        "8": 3.941388,
        "9": 2.812729,
        "10": 3.244084,
        "11": 4.429395,
        "12": 3.832327,
        "13": 2.906369,
        "14": 1.120479,
        "15": 2.738917,
        "16": 15.083663,
        "17": 3.782618,
        "18": 4.406562,
        "19": 5.428538,
        "20": 3.835008,
        "21": 4.831253,
        "22": 2.982921,
        "23": 3.71143,
        "24": 4.042491,
        "25": 3.324179,
        "26": 2.566655,
        "27": 13.571081,
        "28": 14.230278,
        "29": 6.087315,
        "30": 2.977964,
        "31": 2.517892
      }
    },
    "medium": {
      "utilization_fraction": 0.5,
      "edge_latencies_ms": {
        "0": 4.048403,
        "1": 3.999838,
        "2": 6.152221,
        "3": 15.484479,
        "4": 4.509333,
        "5": 3.355383,
        "6": 3.551242,
        "7": 3.842867,
        "8": 3.944477,
        "9": 2.814798,
        "10": 3.245503,
        "11": 4.433436,
        "12": 3.834512,
        "13": 2.907186,
        "14": 1.121673,
        "15": 2.740844,
        "16": 15.099307,
        "17": 3.784639,
        "18": 4.407633,
        "19": 5.429559,
        "20": 3.835936,
        "21": 4.832346,
        "22": 3.007084,
        "23": 3.71312,
        "24": 4.044771,
        "25": 3.363745,
        "26": 2.570937,
        "27": 13.595945,
        "28": 14.238574,
        "29": 6.088466,
        "30": 2.979008,
        "31": 2.518833
      }
    },
    "high": {
      "utilization_fraction": 0.8,
      "edge_latencies_ms": {
        "0": 4.053561,
        "1": 4.065438,
        "2": 6.18486,
        "3": 15.517647,
        "4": 4.542099,
        "5": 3.35845,
        "6": 3.563282,
        "7": 3.848886,
        "8": 3.956833,
        "9": 2.823076,
        "10": 3.251182,
        "11": 4.449599,
        "12": 3.843248,
        "13": 2.910453,
        "14": 1.126448,
        "15": 2.748552,
        "16": 15.161881,
        "17": 3.792724,
        "18": 4.411918,
        "19": 5.433643,
        "20": 3.83965,
        "21": 4.836718,
        "22": 3.103733,
        "23": 3.719879,
        "24": 4.05389,
        "25": 3.52201,
        "26": 2.588067,
        "27": 13.695402,
        "28": 14.271756,
        "29": 6.093073,
        "30": 2.983183,
        "31": 2.522598
      }
    },
    "flash": {
      "utilization_fraction": 0.95,
      "edge_latencies_ms": {
        "0": 4.079356,
        "1": 4.393439,
        "2": 6.348057,
        "3": 15.683485,
        "4": 4.705934,
        "5": 3.373781,
        "6": 3.623484,
        "7": 3.878977,
        "8": 4.018612,
        "9": 2.864465,
        "10": 3.279578,
        "11": 4.530413,
        "12": 3.88693,
        "13": 2.92679,
        "14": 1.150323,
        "15": 2.78709,
        "16": 15.474751,
        "17": 3.83315,
        "18": 4.433342,
        "19": 5.454062,
        "20": 3.858221,
        "21": 4.858577,
        "22": 3.586982,
        "23": 3.753672,
        "24": 4.099484,
        "25": 4.313332,
        "26": 2.673716,
        "27": 14.192683,
        "28": 14.437667,
        "29": 6.116106,
        "30": 3.004057,
        "31": 2.541422
      }
    }
  }
}