{
  "topology_id": 126,
  "load_conditions": {
    "low": {
      "utilization_fraction": 0.2,
      "edge_latencies_ms": {
        "0": 2.835039,
        "1": 3.814637,
        "2": 4.594816,
        "3": 2.674368,
        "4": 6.101636,
        "5": 2.962318,
        "6": 3.25101,
        "7": 5.793359,
        "8": 2.247191,
        "9": 1.952652,
        "10": 4.138098,
        "11": 2.820272,
        "12": 2.112347,
        "13": 3.37527,
        "14": 3.340945,
        "15": 3.935139,
        "16": 4.596902,
        "17": 6.201741,
        "18": 6.1176,
        "19": 6.269818,
        "20": 4.741115,
        "21": 4.334436,
        "22": 3.601798,
        "23": 6.206134,
        "24": 1.801476,
        "25": 5.26142,
        "26": 8.653231,
        "27": 6.914137,
        "28": 4.960141,
        "29": 4.562874,
        "30": 5.781516,
        "31": 2.425682,
        "32": 6.941536,
        "33": 3.198704,
        "34": 3.671376,
        "35": 5.531343,
        "36": 4.577519,
        "37": 14.175127,
        "38": 7.661006,
        "39": 3.415686,
        "40": 6.476312,
        "41": 4.086562,
        "42": 2.623472,
        "43": 1.954473,
        "44": 3.609341,
        "45": 5.925696,
        "46": 3.967608,
        "47": 2.545165,
        "48": 5.378416,
        "49": 3.742677,
        "50": 3.551539,
        "51": 3.878397,
        "52": 3.409003,
        "53": 4.270871,
        "54": 4.446479,
        "55": 1.395699,
        "56": 3.764708,
        "57": 4.323197,
        "58": 4.987791,
        "59": 3.764851,
        "60": 1.47114,
        "61": 3.447221,
        "62": 3.072497,
        "63": 4.738292,
        "64": 6.132502,
        "65": 4.259549,
        "66": 2.49462,
        "67": 5.127649,
        "68": 2.691382,
        "69": 2.769329,
        "70": 4.50442,
        "71": 1.902028,
        "72": 3.41558,
        "73": 2.004848,
        "74": 3.625733,
        "75": 3.167686,
        "76": 5.908609,
        "77": 3.854212,
        "78": 1.795831,
        "79": 4.061571,
        "80": 0.881147,
        "81": 2.878923,
        "82": 1.261572,
        "83": 1.857961,
        "84": 4.743827,
        "85": 2.671091,
        "86": 5.113609,
        "87": 2.937672,
        "88": 2.582499,
        "89": 3.680629,
        "90": 3.697691,
        "91": 3.785314,
        "92": 2.068679,
        "93": 4.278526,
        "94": 4.183933,
        "95": 1.945209,
        "96": 4.449318,
        "97": 2.790202,
        "98": 3.884492,
        "99": 3.561837,
        "100": 1.906052,
        "101": 2.234915,
        "102": 2.124931,
        "103": 7.075503,
        "104": 3.520252,
        "105": 5.793326,
        "106": 4.385916,
        "107": 3.592878,
        "108": 2.429468,
        "109": 4.376362,
        "110": 2.301627,
        "111": 4.778528,
        "112": 3.121624,
        "113": 4.344267,
        "114": 2.061945,
        "115": 5.565476,
        "116": 5.72955,
        "117": 4.629574,
        "118": 4.73424,
        "119": 3.579913,
        "120": 3.659674,
        "121": 2.834705,
        "122": 5.227821,
        "123": 5.309591,
        "124": 3.975097,
        "125": 2.191651,
        "126": 4.857373,
        "127": 14.163445,
        "128": 5.329141,
        "129": 4.466307,
        "130": 6.007364,
        "131": 2.151685,
        "132": 5.314587,
        "133": 2.503386,
        "134": 2.476186,
        "135": 2.464425,
        "136": 2.927902,
        "137": 3.123862,
        "138": 3.342968,
        "139": 7.765852,
        "140": 3.829156,
        "141": 4.78869,
        "142": 3.458302,
        "143": 1.644557,
        "144": 4.491187,
        "145": 5.22309,
        "146": 7.115988,
        "147": 3.975896,
        "148": 5.529241,
        "149": 2.282986,
        "150": 4.218661,
        "151": 1.698073,
        "152": 3.838838,
        "153": 2.475222,
        "154": 3.876003,
        "155": 2.940152,
        "156": 3.540324,
        "157": 3.977084,
        "158": 2.489104,
        "159": 3.550881,
        "160": 2.194452,
        "161": 6.479216,
        "162": 1.932477,
        "163": 3.786492,
        "164": 6.585349,
        "165": 3.18844
      }
    },
    "medium": {
      "utilization_fraction": 0.5,
      "edge_latencies_ms": {
        "0": 2.839043,
        "1": 3.817554,
        "2": 4.596105,
        "3": 2.675201,
        "4": 6.103173,
        "5": 2.964978,
        "6": 3.254828,
        "7": 5.795274,
        "8": 2.249534,
        "9": 1.95373,
        "10": 4.142635,
        "11": 2.821528,
        "12": 2.115131,
        "13": 3.376141,
        "14": 3.342224,
        "15": 3.958576,
        "16": 4.605379,
        "17": 6.225153,
        "18": 6.128426,
        "19": 6.280867,
        "20": 4.742302,
        "21": 4.335925,
        "22": 3.603151,
        "23": 6.207458,
        "24": 1.803326,
        "25": 5.262975,
        "26": 8.654697,
        "27": 6.915333,
        "28": 4.9615,
        "29": 4.564208,
        "30": 5.783544,
        "31": 2.43003,
        "32": 6.950609,
        "33": 3.201175,
        "34": 3.672301,
        "35": 5.532138,
        "36": 4.57876,
        "37": 14.203973,
        "38": 7.662031,
        "39": 3.416977,
        "40": 6.480519,
        "41": 4.091565,
        "42": 2.624419,
        "43": 1.957693,
        "44": 3.612254,
        "45": 5.926927,
        "46": 3.968567,
        "47": 2.54674,
        "48": 5.379371,
        "49": 3.747121,
        "50": 3.552981,
        "51": 3.880076,
        "52": 3.413367,
        "53": 4.271648,
        "54": 4.44796,
        "55": 1.397728,
        "56": 3.766501,
        "57": 4.324692,
        "58": 4.989012,
        "59": 3.765863,
        "60": 1.472849,
        "61": 3.453326,
        "62": 3.073285,
        "63": 4.739137,
        "64": 6.133886,
        "65": 4.261179,
        "66": 2.495835,
        "67": 5.128878,
        "68": 2.696586,
        "69": 2.77018,
        "70": 4.505588,
        "71": 1.904831,
        "72": 3.41731,
        "73": 2.005758,
        "74": 3.628453,
        "75": 3.168809,
        "76": 5.909634,
        "77": 3.855335,
        "78": 1.796683,
        "79": 4.066204,
        "80": 0.881915,
        "81": 2.880923,
        "82": 1.262979,
        "83": 1.861448,
        "84": 4.744928,
        "85": 2.671847,
        "86": 5.114627,
        "87": 2.938967,
        "88": 2.583332,
        "89": 3.683678,
        "90": 3.698684,
        "91": 3.791041,
        "92": 2.07152,
        "93": 4.279498,
        "94": 4.18484,
        "95": 1.946936,
        "96": 4.450563,
        "97": 2.791015,
        "98": 3.885744,
        "99": 3.562622,
        "100": 1.906932,
        "101": 2.236448,
        "102": 2.132085,
        "103": 7.076903,
        "104": 3.521063,
        "105": 5.794348,
        "106": 4.387602,
        "107": 3.594801,
        "108": 2.431178,
        "109": 4.377158,
        "110": 2.302428,
        "111": 4.780175,
        "112": 3.122612,
        "113": 4.345104,
        "114": 2.063404,
        "115": 5.56692,
        "116": 5.737044,
        "117": 4.63414,
        "118": 4.735672,
        "119": 3.586574,
        "120": 3.661958,
        "121": 2.836233,
        "122": 5.228705,
        "123": 5.310382,
        "124": 3.97622,
        "125": 2.19333,
        "126": 4.861396,
        "127": 14.171529,
        "128": 5.33106,
        "129": 4.467455,
        "130": 6.009108,
        "131": 2.155408,
        "132": 5.315338,
        "133": 2.504892,
        "134": 2.477777,
        "135": 2.468982,
        "136": 2.929036,
        "137": 3.12696,
        "138": 3.350298,
        "139": 7.766627,
        "140": 3.830079,
        "141": 4.78968,
        "142": 3.459225,
        "143": 1.646071,
        "144": 4.492523,
        "145": 5.227794,
        "146": 7.11987,
        "147": 3.978704,
        "148": 5.531707,
        "149": 2.283903,
        "150": 4.220793,
        "151": 1.698946,
        "152": 3.839677,
        "153": 2.481824,
        "154": 3.877689,