{
  "topology_id": 263,
  "load_conditions": {
    "low": {
      "utilization_fraction": 0.2,
      "edge_latencies_ms": {
        "0": 4.513642,
        "1": 2.386203,
        "2": 4.961799,
        "3": 1.071113,
        "4": 9.05745,
        "5": 1.677522,
        "6": 2.447131,
        "7": 11.431527,
        "8": 9.829322,
        "9": 5.783669,
        "10": 2.34379,
        "11": 3.031476,
        "12": 5.392038,
        "13": 1.794014,
        "14": 2.314885,
        "15": 7.109318,
        "16": 5.462278,
        "17": 6.029241,
        "18": 5.194923,
        "19": 3.400781,
        "20": 4.750577,
        "21": 3.705408,
        "22": 7.104112,
        "23": 3.314128,
        "24": 1.11873,
        "25": 1.231321,
        "26": 1.763205,
        "27": 4.069335,
        "28": 3.463523,
        "29": 3.841859,
        "30": 4.24879,
        "31": 7.551562,
        "32": 3.816763,
        "33": 1.237795,
        "34": 3.272499,
        "35": 2.930001,
        "36": 3.870257,
        "37": 3.871499,
        "38": 5.239687,
        "39": 5.740018,
        "40": 4.977941,
        "41": 3.125892,
        "42": 2.71562,
        "43": 5.283058,
        "44": 5.888647,
        "45": 3.10029,
        "46": 3.549851,
        "47": 9.38533
      }
    },
    "medium": {
      "utilization_fraction": 0.5,
      "edge_latencies_ms": {
        "0": 4.516262,
        "1": 2.387395,
        "2": 4.966779,
        "3": 1.072466,
        "4": 9.092345,
        "5": 1.678726,
        "6": 2.453492,
        "7": 11.443131,
        "8": 9.840405,
        "9": 5.785841,
        "10": 2.344986,
        "11": 3.032353,
        "12": 5.392834,
        "13": 1.795781,
        "14": 2.330168,
        "15": 7.110319,
        "16": 5.463165,
        "17": 6.030863,
        "18": 5.205204,
        "19": 3.413478,
        "20": 4.751501,
        "21": 3.707296,
        "22": 7.116334,
        "23": 3.316321,
        "24": 1.124965,
        "25": 1.23237,
        "26": 1.767289,
        "27": 4.090625,
        "28": 3.464482,
        "29": 3.843185,
        "30": 4.249556,
        "31": 7.573637,
        "32": 3.819405,
        "33": 1.241087,
        "34": 3.274036,
        "35": 2.931526,
        "36": 3.871063,
        "37": 3.872324,
        "38": 5.241316,
        "39": 5.741767,
        "40": 4.979444,
        "41": 3.126675,
        "42": 2.720402,
        "43": 5.286526,
        "44": 5.890113,
        "45": 3.103034,
        "46": 3.551233,
        "47": 9.387005
      }
    },
    "high": {
      "utilization_fraction": 0.8,
      "edge_latencies_ms": {
        "0": 4.52674,
        "1": 2.392163,
        "2": 4.986696,
        "3": 1.077878,
        "4": 9.231927,
        "5": 1.683542,
        "6": 2.478936,
        "7": 11.489548,
        "8": 9.884736,
        "9": 5.79453,
        "10": 2.349768,
        "11": 3.035863,
        "12": 5.39602,
        "13": 1.802851,
        "14": 2.391302,
        "15": 7.114323,
        "16": 5.466712,
        "17": 6.037351,
        "18": 5.246329,
        "19": 3.464265,
        "20": 4.755197,
        "21": 3.714844,
        "22": 7.165223,
        "23": 3.325092,
        "24": 1.149904,
        "25": 1.23657,
        "26": 1.783625,
        "27": 4.175786,
        "28": 3.46832,
        "29": 3.848492,
        "30": 4.252619,
        "31": 7.661939,
        "32": 3.82997,
        "33": 1.254257,
        "34": 3.280185,
        "35": 2.937626,
        "36": 3.874286,
        "37": 3.875624,
        "38": 5.247833,
        "39": 5.748764,
        "40": 4.985457,
        "41": 3.129809,
        "42": 2.739528,
        "43": 5.300401,
        "44": 5.895978,
        "45": 3.114008,
        "46": 3.556763,
        "47": 9.393703
      }
    },
    "flash": {
      "utilization_fraction": 0.95,
      "edge_latencies_ms": {
        "0": 4.579133,
        "1": 2.416,
        "2": 5.086282,
        "3": 1.104937,
        "4": 9.929839,
        "5": 1.707622,
        "6": 2.606155,
        "7": 11.721632,
        "8": 10.106392,
        "9": 5.837975,
        "10": 2.373676,
        "11": 3.053412,
        "12": 5.41195,
        "13": 1.8382,
        "14": 2.696972,
        "15": 7.13434,
        "16": 5.484449,
        "17": 6.069793,
        "18": 5.451951,
        "19": 3.718198,
        "20": 4.773678,
        "21": 3.752589,
        "22": 7.40967,
        "23": 3.368948,
        "24": 1.274603,
        "25": 1.257568,
        "26": 1.865305,
        "27": 4.601591,
        "28": 3.487508,
        "29": 3.875024,
        "30": 4.267934,
        "31": 8.103449,
        "32": 3.882799,
        "33": 1.320103,
        "34": 3.310931,
        "35": 2.968123,
        "36": 3.890404,
        "37": 3.892124,
        "38": 5.280419,
        "39": 5.783747,
        "40": 5.015523,
        "41": 3.145474,
        "42": 2.835159,
        "43": 5.369775,
        "44": 5.925302,
        "45": 3.168881,
        "46": 3.584411,
        "47": 9.427195
      }
    }
  }
}