{
  "topology_id": 310,
  "load_conditions": {
    "low": {
      "utilization_fraction": 0.2,
      "edge_latencies_ms": {
        "0": 6.23594,
        "1": 4.776596,
        "2": 5.137467,
        "3": 4.275222,
        "4": 3.776706,
        "5": 2.16785,
        "6": 16.456519,
        "7": 1.64782,
        "8": 2.68125,
        "9": 4.77253,
        "10": 3.554634,
        "11": 4.885729,
        "12": 2.958022,
        "13": 1.344077,
        "14": 12.670424,
        "15": 5.324636,
        "16": 1.181584,
        "17": 3.122324,
        "18": 6.260234,
        "19": 3.509037,
        "20": 6.197492,
        "21": 3.00301,
        "22": 5.381942,
        "23": 4.550093,
        "24": 5.677723,
        "25": 2.451948,
        "26": 6.976431,
        "27": 13.070753,
        "28": 12.054691,
        "29": 2.45516,
        "30": 1.635452,
        "31": 13.981184,
        "32": 2.134073,
        "33": 5.974596,
        "34": 13.915614,
        "35": 4.62194,
        "36": 2.080268,
        "37": 4.728767,
        "38": 5.686943,
        "39": 6.101561,
        "40": 3.937567,
        "41": 5.814678,
        "42": 5.954347,
        "43": 4.535001,
        "44": 5.028896,
        "45": 7.188027,
        "46": 2.602716,
        "47": 3.206055,
        "48": 2.341197,
        "49": 2.085173,
        "50": 3.379851,
        "51": 5.815955,
        "52": 4.958141,
        "53": 4.8448,
        "54": 4.393583,
        "55": 3.745783,
        "56": 3.645412,
        "57": 3.938006,
        "58": 2.867503
      }
    },
    "medium": {
      "utilization_fraction": 0.5,
      "edge_latencies_ms": {
        "0": 6.236783,
        "1": 4.779134,
        "2": 5.161428,
        "3": 4.2761,
        "4": 3.778222,
        "5": 2.169458,
        "6": 16.466839,
        "7": 1.649406,
        "8": 2.682165,
        "9": 4.781075,
        "10": 3.556221,
        "11": 4.88704,
        "12": 2.958905,
        "13": 1.381082,
        "14": 12.700717,
        "15": 5.32541,
        "16": 1.183947,
        "17": 3.123089,
        "18": 6.269154,
        "19": 3.50998,
        "20": 6.198535,
        "21": 3.005244,
        "22": 5.383872,
        "23": 4.551057,
        "24": 5.679688,
        "25": 2.452911,
        "26": 6.986669,
        "27": 13.082094,
        "28": 12.064819,
        "29": 2.456404,
        "30": 1.63629,
        "31": 14.003203,
        "32": 2.135123,
        "33": 5.978055,
        "34": 13.94571,
        "35": 4.625442,
        "36": 2.083062,
        "37": 4.735359,
        "38": 5.688166,
        "39": 6.10267,
        "40": 3.941583,
        "41": 5.815941,
        "42": 5.95517,
        "43": 4.536127,
        "44": 5.032426,
        "45": 7.190273,
        "46": 2.604532,
        "47": 3.211115,
        "48": 2.34447,
        "49": 2.086111,
        "50": 3.380822,
        "51": 5.817432,
        "52": 4.959085,
        "53": 4.845668,
        "54": 4.394982,
        "55": 3.747329,
        "56": 3.646255,
        "57": 3.939034,
        "58": 2.868464
      }
    },
    "high": {
      "utilization_fraction": 0.8,
      "edge_latencies_ms": {
        "0": 6.240152,
        "1": 4.789283,
        "2": 5.257272,
        "3": 4.27961,
        "4": 3.784283,
        "5": 2.175889,
        "6": 16.508119,
        "7": 1.655748,
        "8": 2.685823,
        "9": 4.815255,
        "10": 3.562571,
        "11": 4.892285,
        "12": 2.962436,
        "13": 1.529102,
        "14": 12.821892,
        "15": 5.328509,
        "16": 1.193399,
        "17": 3.12615,
        "18": 6.304835,
        "19": 3.51375,
        "20": 6.202705,
        "21": 3.01418,
        "22": 5.391592,
        "23": 4.554913,
        "24": 5.687549,
        "25": 2.456764,
        "26": 7.027621,
        "27": 13.12746,
        "28": 12.10533,
        "29": 2.461381,
        "30": 1.639642,
        "31": 14.091278,
        "32": 2.139326,
        "33": 5.991888,
        "34": 14.066092,
        "35": 4.639449,
        "36": 2.094242,
        "37": 4.761724,
        "38": 5.693058,
        "39": 6.107104,
        "40": 3.957647,
        "41": 5.820995,
        "42": 5.958462,
        "43": 4.540632,
        "44": 5.046543,
        "45": 7.199257,
        "46": 2.611796,
        "47": 3.231356,
        "48": 2.357562,
        "49": 2.08986,
        "50": 3.384704,
        "51": 5.823338,
        "52": 4.96286,
        "53": 4.84914,
        "54": 4.40058,
        "55": 3.753513,
        "56": 3.649626,
        "57": 3.943146,
        "58": 2.872309
      }
    },
    "flash": {
      "utilization_fraction": 0.95,
      "edge_latencies_ms": {
        "0": 6.256999,
        "1": 4.84003,
        "2": 5.736491,
        "3": 4.297163,
        "4": 3.814591,
        "5": 2.208041,
        "6": 16.714517,
        "7": 1.68746,
        "8": 2.704116,
        "9": 4.986156,
        "10": 3.594322,
        "11": 4.918505,
        "12": 2.980094,
        "13": 2.2692,
        "14": 13.427767,
        "15": 5.343999,
        "16": 1.240658,
        "17": 3.141453,
        "18": 6.483238,
        "19": 3.532599,
        "20": 6.223558,
        "21": 3.058861,
        "22": 5.430192,
        "23": 4.574196,
        "24": 5.726856,
        "25": 2.476027,
        "26": 7.23238,
        "27": 13.354289,
        "28": 12.307884,
        "29": 2.486262,
        "30": 1.656401,
        "31": 14.531655,
        "32": 2.160338,
        "33": 6.061054,
        "34": 14.668002,
        "35": 4.709485,
        "36": 2.15014,
        "37": 4.893552,
        "38": 5.71752,
        "39": 6.129278,
        "40": 4.037965,
        "41": 5.846262,
        "42": 5.974922,
        "43": 4.563158,
        "44": 5.11713,
        "45": 7.244177,
        "46": 2.648116,
        "47": 3.332563,
        "48": 2.42302,
        "49": 2.108608,
        "50": 3.404115,
        "51": 5.852868,
        "52": 4.981735,
        "53": 4.8665,
        "54": 4.428567,
        "55": 3.784433,
        "56": 3.666483,
        "57": 3.963705,
        "58": 2.891534
      }
    }
  }
}