{
  "topology_id": 376,
  "load_conditions": {
    "low": {
      "utilization_fraction": 0.2,
      "edge_latencies_ms": {
        "0": 2.943121,
        "1": 3.140129,
        "2": 4.473091,
        "3": 6.257411,
        "4": 4.959114,
        "5": 4.986156,
        "6": 5.472965,
        "7": 4.477303,
        "8": 1.465675,
        "9": 11.952427,
        "10": 5.243253,
        "11": 2.727762,
        "12": 5.231119,
        "13": 4.036225,
        "14": 4.070045,
        "15": 13.735271,
        "16": 5.844978,
        "17": 3.673688,
        "18": 7.601913,
        "19": 5.378232
      }
    },
    "medium": {
      "utilization_fraction": 0.5,
      "edge_latencies_ms": {
        "0": 2.944559,
        "1": 3.141013,
        "2": 4.474718,
        "3": 6.283944,
        "4": 4.998426,
        "5": 4.988022,
        "6": 5.474105,
        "7": 4.506278,
        "8": 1.471265,
        "9": 11.968706,
        "10": 5.254005,
        "11": 2.728974,
        "12": 5.233122,
        "13": 4.036989,
        "14": 4.071009,
        "15": 13.746039,
        "16": 5.846321,
        "17": 3.674523,
        "18": 7.603907,
        "19": 5.379071
      }
    },
    "high": {
      "utilization_fraction": 0.8,
      "edge_latencies_ms": {
        "0": 2.950311,
        "1": 3.144547,
        "2": 4.481222,
        "3": 6.390075,
        "4": 5.155674,
        "5": 4.995487,
        "6": 5.478665,
        "7": 4.622174,
        "8": 1.493627,
        "9": 12.033822,
        "10": 5.297014,
        "11": 2.733822,
        "12": 5.241135,
        "13": 4.040048,
        "14": 4.074866,
        "15": 13.789108,
        "16": 5.851693,
        "17": 3.677865,
        "18": 7.611884,
        "19": 5.382424
      }
    },
    "flash": {
      "utilization_fraction": 0.95,
      "edge_latencies_ms": {
        "0": 2.979075,
        "1": 3.162218,
        "2": 4.513743,
        "3": 6.920732,
        "4": 5.941915,
        "5": 5.032812,
        "6": 5.501465,
        "7": 5.201657,
        "8": 1.605432,
        "9": 12.3594,
        "10": 5.512059,
        "11": 2.758061,
        "12": 5.2812,
        "13": 4.055343,
        "14": 4.094151,
        "15": 14.004455,
        "16": 5.878553,
        "17": 3.694575,
        "18": 7.651767,
        "19": 5.399191
      }
    }
  }
}