{
  "topology_id": 219,
  "load_conditions": {
    "low": {
      "utilization_fraction": 0.2,
      "edge_latencies_ms": {
        "0": 4.341021,
        "1": 2.256972,
        "2": 0.592731,
        "3": 5.123749,
        "4": 5.634663,
        "5": 3.654798,
        "6": 4.067391,
        "7": 4.489618,
        "8": 3.850311,
        "9": 3.330129,
        "10": 5.419002,
        "11": 8.443773,
        "12": 2.198865,
        "13": 15.451761,
        "14": 8.701186,
        "15": 5.378778,
        "16": 4.103053,
        "17": 2.901329,
        "18": 3.952139,
        "19": 4.915905,
        "20": 2.585172,
        "21": 3.521096,
        "22": 4.960493,
        "23": 7.21375,
        "24": 4.431739,
        "25": 8.199542,
        "26": 5.158496,
        "27": 8.982845,
        "28": 20.045976,
        "29": 4.132449,
        "30": 2.772939,
        "31": 1.395343,
        "32": 1.958494,
        "33": 2.452114,
        "34": 3.499186,
        "35": 12.936738,
        "36": 10.710189,
        "37": 11.40981,
        "38": 4.927884,
        "39": 2.418829,
        "40": 8.264203,
        "41": 1.29821,
        "42": 10.211375,
        "43": 11.017651,
        "44": 2.730457,
        "45": 3.637435,
        "46": 5.511519,
        "47": 0.826424,
        "48": 3.728152
      }
    },
    "medium": {
      "utilization_fraction": 0.5,
      "edge_latencies_ms": {
        "0": 4.341825,
        "1": 2.257861,
        "2": 0.59397,
        "3": 5.125755,
        "4": 5.635583,
        "5": 3.655759,
        "6": 4.071908,
        "7": 4.49037,
        "8": 3.853885,
        "9": 3.332937,
        "10": 5.419768,
        "11": 8.457293,
        "12": 2.201597,
        "13": 15.459651,
        "14": 8.710519,
        "15": 5.38024,
        "16": 4.104335,
        "17": 2.905836,
        "18": 3.953637,
        "19": 4.91697,
        "20": 2.586921,
        "21": 3.522009,
        "22": 4.961613,
        "23": 7.214565,
        "24": 4.432725,
        "25": 8.200671,
        "26": 5.159656,
        "27": 9.011872,
        "28": 20.057156,
        "29": 4.133449,
        "30": 2.773693,
        "31": 1.396784,
        "32": 1.959247,
        "33": 2.455294,
        "34": 3.499943,
        "35": 12.961535,
        "36": 10.717775,
        "37": 11.41939,
        "38": 4.929152,
        "39": 2.4197,
        "40": 8.265326,
        "41": 1.299467,
        "42": 10.226738,
        "43": 11.029567,
        "44": 2.731878,
        "45": 3.638918,
        "46": 5.518326,
        "47": 0.833271,
        "48": 3.73058
      }
    },
    "high": {
      "utilization_fraction": 0.8,
      "edge_latencies_ms": {
        "0": 4.345042,
        "1": 2.261414,
        "2": 0.598928,
        "3": 5.133777,
        "4": 5.639265,
        "5": 3.659601,
        "6": 4.089977,
        "7": 4.493377,
        "8": 3.868178,
        "9": 3.34417,
        "10": 5.422834,
        "11": 8.511372,
        "12": 2.212523,
        "13": 15.491213,
        "14": 8.747853,
        "15": 5.386087,
        "16": 4.109466,
        "17": 2.923861,
        "18": 3.959627,
        "19": 4.921227,
        "20": 2.593917,
        "21": 3.525657,
        "22": 4.966094,
        "23": 7.217824,
        "24": 4.436668,
        "25": 8.205188,
        "26": 5.164299,
        "27": 9.12798,
        "28": 20.101879,
        "29": 4.137453,
        "30": 2.776707,
        "31": 1.402545,
        "32": 1.962257,
        "33": 2.468014,
        "34": 3.502971,
        "35": 13.060725,
        "36": 10.748122,
        "37": 11.457712,
        "38": 4.934221,
        "39": 2.423183,
        "40": 8.269817,
        "41": 1.304496,
        "42": 10.288193,
        "43": 11.07723,
        "44": 2.73756,
        "45": 3.644849,
        "46": 5.545552,
        "47": 0.860661,
        "48": 3.740291
      }
    },
    "flash": {
      "utilization_fraction": 0.95,
      "edge_latencies_ms": {
        "0": 4.361124,
        "1": 2.279179,
        "2": 0.623719,
        "3": 5.173887,
        "4": 5.657671,
        "5": 3.678814,
        "6": 4.180319,
        "7": 4.508412,
        "8": 3.939647,
        "9": 3.400338,
        "10": 5.438165,
        "11": 8.781767,
        "12": 2.267152,
        "13": 15.649022,
        "14": 8.934521,
        "15": 5.415325,
        "16": 4.135119,
        "17": 3.01399,
        "18": 3.98958,
        "19": 4.942512,
        "20": 2.628895,
        "21": 3.5439,
        "22": 4.9885,
        "23": 7.234122,
        "24": 4.456386,
        "25": 8.227773,
        "26": 5.18751,
        "27": 9.708521,
        "28": 20.325491,
        "29": 4.157469,
        "30": 2.791778,
        "31": 1.431351,
        "32": 1.977309,
        "33": 2.531618,
        "34": 3.518113,
        "35": 13.556672,
        "36": 10.899855,
        "37": 11.649319,
        "38": 4.959567,
        "39": 2.440597,
        "40": 8.292273,
        "41": 1.329641,
        "42": 10.595467,
        "43": 11.315545,
        "44": 2.765972,
        "45": 3.674505,
        "46": 5.681686,
        "47": 0.99761,
        "48": 3.788846
      }
    }
  }
}