{
  "topology_id": 372,
  "load_conditions": {
    "low": {
      "utilization_fraction": 0.2,
      "edge_latencies_ms": {
        "0": 2.534132,
        "1": 3.892065,
        "2": 6.779128,
        "3": 7.565724,
        "4": 2.659554,
        "5": 3.947835,
        "6": 4.749074,
        "7": 2.409901,
        "8": 8.246509,
        "9": 10.170065,
        "10": 8.726662,
        "11": 3.339737,
        "12": 4.979837,
        "13": 3.966739,
        "14": 12.940903,
        "15": 2.968043,
        "16": 5.895097,
        "17": 5.125876,
        "18": 3.933631,
        "19": 5.91896,
        "20": 1.449239,
        "21": 4.579117,
        "22": 4.204196,
        "23": 7.614951,
        "24": 5.102048,
        "25": 2.718897,
        "26": 2.191131
      }
    },
    "medium": {
      "utilization_fraction": 0.5,
      "edge_latencies_ms": {
        "0": 2.535361,
        "1": 3.893294,
        "2": 6.834416,
        "3": 7.573924,
        "4": 2.660832,
        "5": 3.949687,
        "6": 4.750045,
        "7": 2.412747,
        "8": 8.249882,
        "9": 10.187463,
        "10": 8.728527,
        "11": 3.348985,
        "12": 4.989839,
        "13": 3.967523,
        "14": 12.95562,
        "15": 2.972201,
        "16": 5.896035,
        "17": 5.126762,
        "18": 3.934632,
        "19": 5.927532,
        "20": 1.450143,
        "21": 4.580022,
        "22": 4.206998,
        "23": 7.63246,
        "24": 5.106055,
        "25": 2.719694,
        "26": 2.193041
      }
    },
    "high": {
      "utilization_fraction": 0.8,
      "edge_latencies_ms": {
        "0": 2.540281,
        "1": 3.898209,
        "2": 7.055567,
        "3": 7.606725,
        "4": 2.665945,
        "5": 3.957091,
        "6": 4.753926,
        "7": 2.424128,
        "8": 8.263373,
        "9": 10.257056,
        "10": 8.735984,
        "11": 3.385973,
        "12": 5.029845,
        "13": 3.970659,
        "14": 13.01449,
        "15": 2.988832,
        "16": 5.89979,
        "17": 5.130305,
        "18": 3.938636,
        "19": 5.961823,
        "20": 1.45376,
        "21": 4.583645,
        "22": 4.21821,
        "23": 7.702496,
        "24": 5.122085,
        "25": 2.722883,
        "26": 2.200683
      }
    },
    "flash": {
      "utilization_fraction": 0.95,
      "edge_latencies_ms": {
        "0": 2.564878,
        "1": 3.922786,
        "2": 8.16132,
        "3": 7.770731,
        "4": 2.691512,
        "5": 3.994115,
        "6": 4.773335,
        "7": 2.481035,
        "8": 8.330826,
        "9": 10.605018,
        "10": 8.773272,
        "11": 3.570913,
        "12": 5.229875,
        "13": 3.98634,
        "14": 13.30884,
        "15": 3.071989,
        "16": 5.918566,
        "17": 5.148022,
        "18": 3.958655,
        "19": 6.133276,
        "20": 1.471843,
        "21": 4.601758,
        "22": 4.274268,
        "23": 8.052672,
        "24": 5.202237,
        "25": 2.738829,
        "26": 2.23889
      }
    }
  }
}