{
  "topology_id": 195,
  "load_conditions": {
    "low": {
      "utilization_fraction": 0.2,
      "edge_latencies_ms": {
        "0": 4.052786,
        "1": 3.989359,
        "2": 2.462613,
        "3": 2.642772,
        "4": 3.047551,
        "5": 4.333918,
        "6": 4.525643,
        "7": 5.107833,
        "8": 3.450867,
        "9": 4.423804,
        "10": 3.547686,
        "11": 2.939706,
        "12": 14.925807,
        "13": 6.166536,
        "14": 5.591202,
        "15": 9.149196,
        "16": 3.844749,
        "17": 2.0144,
        "18": 4.932852,
        "19": 5.702511,
        "20": 4.981835,
        "21": 3.487756,
        "22": 5.942697,
        "23": 2.527431,
        "24": 4.732467,
        "25": 14.508822,
        "26": 13.679508,
        "27": 4.377914,
        "28": 6.467918,
        "29": 2.037262,
        "30": 1.48424,
        "31": 0.826865,
        "32": 3.863348,
        "33": 2.095903,
        "34": 2.610545,
        "35": 1.784638,
        "36": 1.395948,
        "37": 2.212462,
        "38": 4.475576,
        "39": 2.449322,
        "40": 2.921234,
        "41": 3.565528,
        "42": 2.812892,
        "43": 3.094445,
        "44": 4.579872,
        "45": 2.773072,
        "46": 2.634808,
        "47": 8.32617,
        "48": 2.626268,
        "49": 4.642789,
        "50": 3.184444,
        "51": 3.62105,
        "52": 5.258312,
        "53": 4.803629,
        "54": 4.488633,
        "55": 2.854988,
        "56": 3.628784,
        "57": 9.447752,
        "58": 5.665142,
        "59": 4.762548,
        "60": 3.933194,
        "61": 1.384712,
        "62": 3.265884,
        "63": 1.618839,
        "64": 3.69065,
        "65": 3.444914,
        "66": 4.053289,
        "67": 4.495716,
        "68": 3.192314,
        "69": 2.359447,
        "70": 2.079669,
        "71": 7.409212,
        "72": 3.344148,
        "73": 1.809834,
        "74": 3.165735,
        "75": 2.238117,
        "76": 1.889825,
        "77": 3.047131,
        "78": 5.858428,
        "79": 2.559436,
        "80": 3.630969,
        "81": 6.297767,
        "82": 6.970865,
        "83": 3.72725,
        "84": 5.595224,
        "85": 8.70601,
        "86": 9.157023,
        "87": 6.924614,
        "88": 5.872816,
        "89": 6.477833,
        "90": 6.387892,
        "91": 6.735627,
        "92": 3.243108,
        "93": 4.289187,
        "94": 4.439831,
        "95": 4.486024,
        "96": 5.068782,
        "97": 1.797726,
        "98": 2.830463,
        "99": 3.860373,
        "100": 4.181625,
        "101": 3.836082,
        "102": 10.72172,
        "103": 3.808819,
        "104": 2.649608,
        "105": 9.728999,
        "106": 9.612937,
        "107": 2.907696,
        "108": 1.650342,
        "109": 3.464482,
        "110": 1.619834,
        "111": 6.551368,
        "112": 3.721123,
        "113": 4.099735,
        "114": 6.134507,
        "115": 7.095541,
        "116": 1.587396,
        "117": 2.104703,
        "118": 2.963687,
        "119": 5.01695,
        "120": 3.365623,
        "121": 8.615476,
        "122": 2.469867,
        "123": 1.141062,
        "124": 3.442732,
        "125": 2.818779
      }
    },
    "medium": {
      "utilization_fraction": 0.5,
      "edge_latencies_ms": {
        "0": 4.05401,
        "1": 3.990448,
        "2": 2.463464,
        "3": 2.645162,
        "4": 3.048774,
        "5": 4.335154,
        "6": 4.526715,
        "7": 5.109412,
        "8": 3.452272,
        "9": 4.424927,
        "10": 3.54949,
        "11": 2.9406,
        "12": 14.94535,
        "13": 6.169316,
        "14": 5.59418,
        "15": 9.162348,
        "16": 3.845624,
        "17": 2.015939,
        "18": 4.934514,
        "19": 5.706985,
        "20": 4.983461,
        "21": 3.48943,
        "22": 5.948453,
        "23": 2.528769,
        "24": 4.736391,
        "25": 14.523038,
        "26": 13.690779,
        "27": 4.380427,
        "28": 6.468904,
        "29": 2.039337,
        "30": 1.488616,
        "31": 0.827651,
        "32": 3.864121,
        "33": 2.097256,
        "34": 2.611822,
        "35": 1.785462,
        "36": 1.403364,
        "37": 2.213431,
        "38": 4.476432,
        "39": 2.451074,
        "40": 2.922045,
        "41": 3.567388,
        "42": 2.814063,
        "43": 3.095943,
        "44": 4.582682,
        "45": 2.774051,
        "46": 2.636017,
        "47": 8.340927,
        "48": 2.629629,
        "49": 4.646819,
        "50": 3.186483,
        "51": 3.6225,
        "52": 5.261817,
        "53": 4.806989,
        "54": 4.489688,
        "55": 2.85606,
        "56": 3.629787,
        "57": 9.448722,
        "58": 5.667288,
        "59": 4.766738,
        "60": 3.934011,
        "61": 1.386847,
        "62": 3.266784,
        "63": 1.619865,
        "64": 3.69149,
        "65": 3.445758,
        "66": 4.054508,
        "67": 4.496502,
        "68": 3.196305,
        "69": 2.365696,
        "70": 2.080893,
        "71": 7.410267,
        "72": 3.345591,
        "73": 1.81166,
        "74": 3.16691,
        "75": 2.239035,
        "76": 1.890794,
        "77": 3.048168,
        "78": 5.859479,
        "79": 2.560188,
        "80": 3.632699,
        "81": 6.300023,
        "82": 6.991052,
        "83": 3.728055,
        "84": 5.597595,
        "85": 8.709299,
        "86": 9.168448,
        "87": 6.925599,
        "88": 5.874134,
        "89": 6.478686,
        "90": 6.391606,
        "91": 6.740161,
        "92": 3.244349,
        "93": 4.289951,
        "94": 4.44223,
        "95": 4.48678,
        "96": 5.069773,
        "97": 1.799055,
        "98": 2.831398,
        "99": 3.861753,
        "100": 4.183902,
        "101": 3.837891,
        "102": 10.736674,
        "103": 3.810116,
        "104": 2.650809,
        "105": 9.737761,
        "106": 9.627378,
        "107": 2.908951,
        "108": 1.651245,
        "109": 3.465858,
        "110": 1.620772,
        "111": 6.552353,
        "112": 3.722508,
        "113": 4.100636,
        "114": 6.139141,
        "115": 7.099396,
        "116": 1.588606,
        "117": 2.105513,
        "118": 2.96479,
        "119": 5.023806,
        "120": 3.36647,
        "121": 8.616391,
        "122": 2.4711,
        "123": 1.142561,
        "124": 3.443952,
        "125": 2.820003
      }
    },
    "high": {
      "utilization_fraction": 0.8,
      "edge_latencies_ms": {
        "0": 4.058908,
        "1": 3.994804,
        "2": 2.46687,
        "3": 2.654723,
        "4": 3.053666,
        "5": 4.340096,
        "6": 4.531003,
        "7": 5.11573,
        "8": 3.457891,
        "9": 4.429418,
        "10": 3.556702,
        "11": 2.944177,
        "12": 15.023521,
        "13": 6.180435,
        "14": 5.606095,
        "15": 9.21496,
        "16": 3.849127,
        "17": 2.022094,
        "18": 4.941162,
        "19": 5.72488,
        "20": 4.989961,
        "21": 3.496127,
        "22": 5.971478,
        "23": 2.534121,
        "24": 4.752086,
        "25": 14.579899,
        "26": 13.735861,
        "27": 4.390479,
        "28": 6.47285,
        "29": 2.047636,
        "30": 1.506118,
        "31": 0.830795,
        "32": 3.867211,
        "33": 2.102668,
        "34": 2.616929,
        "35": 1.788758,
        "36": 1.433027,
        "37": 2.217307,
        "38": 4.479856,
        "39": 2.458081,
        "40": 2.925288,
        "41": 3.574826,
        "42": 2.818747,
        "43": 3.101934,
        "44": 4.593923,
        "45": 2.777968,
        "46": 2.640854,
        "47": 8.399953,
        "48": 2.643069,
        "49": 4.662935,
        "50": 3.19464,
        "51": 3.6283,
        "52": 5.275837,
        "53": 4.820431,
        "54": 4.493905,
        "55": 2.860349,
        "56": 3.633799,
        "57": 9.452604,
        "58": 5.675872,
        "59": 4.783498,
        "60": 3.937281,
        "61": 1.395388,
        "62": 3.270385,
        "63": 1.623969,
        "64": 3.69485,
        "65": 3.449136,
        "66": 4.059382,
        "67": 4.499645,