{
  "topology_id": 405,
  "load_conditions": {
    "low": {
      "utilization_fraction": 0.2,
      "edge_latencies_ms": {
        "0": 5.384807,
        "1": 2.16993,
        "2": 3.704497,
        "3": 4.517923,
        "4": 2.853211,
        "5": 2.604896,
        "6": 1.68633,
        "7": 3.193267,
        "8": 9.456167,
        "9": 2.514151,
        "10": 1.702665,
        "11": 14.032577,
        "12": 1.421007,
        "13": 3.333935,
        "14": 3.506671,
        "15": 1.521489,
        "16": 9.510311,
        "17": 7.970438,
        "18": 2.947524,
        "19": 2.233533,
        "20": 5.635263,
        "21": 4.02195,
        "22": 1.22636,
        "23": 5.313092,
        "24": 2.333201,
        "25": 3.257883,
        "26": 2.252116
      }
    },
    "medium": {
      "utilization_fraction": 0.5,
      "edge_latencies_ms": {
        "0": 5.388105,
        "1": 2.172735,
        "2": 3.705505,
        "3": 4.5188,
        "4": 2.854984,
        "5": 2.606204,
        "6": 1.687988,
        "7": 3.194735,
        "8": 9.469888,
        "9": 2.51686,
        "10": 1.70425,
        "11": 14.066468,
        "12": 1.425278,
        "13": 3.334714,
        "14": 3.508172,
        "15": 1.523495,
        "16": 9.537577,
        "17": 7.992057,
        "18": 2.948454,
        "19": 2.234736,
        "20": 5.637105,
        "21": 4.022752,
        "22": 1.227334,
        "23": 5.314202,
        "24": 2.33478,
        "25": 3.258929,
        "26": 2.253151
      }
    },
    "high": {
      "utilization_fraction": 0.8,
      "edge_latencies_ms": {
        "0": 5.401299,
        "1": 2.183953,
        "2": 3.709536,
        "3": 4.522307,
        "4": 2.862077,
        "5": 2.611435,
        "6": 1.694618,
        "7": 3.200606,
        "8": 9.524771,
        "9": 2.527698,
        "10": 1.710588,
        "11": 14.202033,
        "12": 1.442363,
        "13": 3.337831,
        "14": 3.514177,
        "15": 1.531517,
        "16": 9.646642,
        "17": 8.078533,
        "18": 2.952172,
        "19": 2.239551,
        "20": 5.644476,
        "21": 4.025962,
        "22": 1.23123,
        "23": 5.318642,
        "24": 2.341098,
        "25": 3.263116,
        "26": 2.257293
      }
    },
    "flash": {
      "utilization_fraction": 0.95,
      "edge_latencies_ms": {
        "0": 5.467269,
        "1": 2.240044,
        "2": 3.729689,
        "3": 4.539841,
        "4": 2.897541,
        "5": 2.637589,
        "6": 1.72777,
        "7": 3.229965,
        "8": 9.799187,
        "9": 2.581888,
        "10": 1.742277,
        "11": 14.879859,
        "12": 1.527783,
        "13": 3.353418,
        "14": 3.544203,
        "15": 1.571629,
        "16": 10.191966,
        "17": 8.510913,
        "18": 2.970762,
        "19": 2.263624,
        "20": 5.681327,
        "21": 4.042014,
        "22": 1.250708,
        "23": 5.340842,
        "24": 2.372689,
        "25": 3.28405,
        "26": 2.277999
      }
    }
  }
}