{
  "topology_id": 63,
  "load_conditions": {
    "low": {
      "utilization_fraction": 0.2,
      "edge_latencies_ms": {
        "0": 4.703577,
        "1": 0.337716,
        "2": 4.131921,
        "3": 4.259503,
        "4": 2.229903,
        "5": 4.508634,
        "6": 1.585971,
        "7": 15.558847,
        "8": 3.313074,
        "9": 6.064336,
        "10": 5.346598,
        "11": 4.301298,
        "12": 3.353507,
        "13": 3.732298,
        "14": 13.605795,
        "15": 2.801742,
        "16": 3.660169,
        "17": 2.564492,
        "18": 2.793297,
        "19": 4.148118,
        "20": 4.222125,
        "21": 14.511584,
        "22": 5.463075,
        "23": 4.161063,
        "24": 1.458073,
        "25": 6.500102,
        "26": 2.559215,
        "27": 3.795003,
        "28": 8.366441,
        "29": 3.359437,
        "30": 3.909657,
        "31": 1.151928,
        "32": 2.704277,
        "33": 2.084544,
        "34": 4.284283,
        "35": 4.4579,
        "36": 3.621392,
        "37": 8.888034,
        "38": 2.199044,
        "39": 1.668511,
        "40": 5.645199,
        "41": 2.209146,
        "42": 2.233638,
        "43": 2.746837,
        "44": 6.546301,
        "45": 3.289984,
        "46": 7.210285,
        "47": 1.79528,
        "48": 1.492695,
        "49": 3.27418,
        "50": 6.007057,
        "51": 5.926534,
        "52": 2.598453,
        "53": 5.257307,
        "54": 5.662042,
        "55": 2.113479,
        "56": 5.027407,
        "57": 3.476744,
        "58": 4.67538,
        "59": 1.948548,
        "60": 4.155508,
        "61": 4.278161,
        "62": 3.658291,
        "63": 4.437483,
        "64": 4.787158,
        "65": 6.748548,
        "66": 4.881968,
        "67": 6.267407,
        "68": 4.170685,
        "69": 4.658215,
        "70": 6.26667,
        "71": 2.949915,
        "72": 5.605299,
        "73": 4.624698,
        "74": 5.685895,
        "75": 3.927866,
        "76": 5.837367,
        "77": 2.630232,
        "78": 5.552053,
        "79": 5.916155
      }
    },
    "medium": {
      "utilization_fraction": 0.5,
      "edge_latencies_ms": {
        "0": 4.706097,
        "1": 0.341136,
        "2": 4.132683,
        "3": 4.262395,
        "4": 2.232314,
        "5": 4.511831,
        "6": 1.591356,
        "7": 15.572547,
        "8": 3.314083,
        "9": 6.066241,
        "10": 5.350419,
        "11": 4.302632,
        "12": 3.355043,
        "13": 3.73547,
        "14": 13.623518,
        "15": 2.803052,
        "16": 3.665194,
        "17": 2.567191,
        "18": 2.794076,
        "19": 4.149294,
        "20": 4.227251,
        "21": 14.563918,
        "22": 5.464208,
        "23": 4.161919,
        "24": 1.459357,
        "25": 6.512003,
        "26": 2.560092,
        "27": 3.795902,
        "28": 8.399365,
        "29": 3.360575,
        "30": 3.911868,
        "31": 1.153005,
        "32": 2.70691,
        "33": 2.085809,
        "34": 4.285564,
        "35": 4.46485,
        "36": 3.6234,
        "37": 8.911599,
        "38": 2.200063,
        "39": 1.673722,
        "40": 5.650022,
        "41": 2.20998,
        "42": 2.234904,
        "43": 2.747768,
        "44": 6.548005,
        "45": 3.291665,
        "46": 7.2123,
        "47": 1.796174,
        "48": 1.494318,
        "49": 3.279981,
        "50": 6.0079,
        "51": 5.92739,
        "52": 2.599419,
        "53": 5.264221,
        "54": 5.664987,
        "55": 2.119338,
        "56": 5.028381,
        "57": 3.479256,
        "58": 4.676476,
        "59": 1.95069,
        "60": 4.156395,
        "61": 4.279051,
        "62": 3.659786,
        "63": 4.443521,
        "64": 4.788101,
        "65": 6.749628,
        "66": 4.883743,
        "67": 6.271907,
        "68": 4.171619,
        "69": 4.659133,
        "70": 6.268512,
        "71": 2.952574,
        "72": 5.606494,
        "73": 4.626139,
        "74": 5.689278,
        "75": 3.929445,
        "76": 5.842209,
        "77": 2.633454,
        "78": 5.553082,
        "79": 5.917341
      }
    },
    "high": {
      "utilization_fraction": 0.8,
      "edge_latencies_ms": {
        "0": 4.716173,
        "1": 0.354816,
        "2": 4.135732,
        "3": 4.273961,
        "4": 2.241955,
        "5": 4.524621,
        "6": 1.612895,
        "7": 15.627349,
        "8": 3.318118,
        "9": 6.07386,
        "10": 5.365702,
        "11": 4.307965,
        "12": 3.361188,
        "13": 3.74816,
        "14": 13.694411,
        "15": 2.808293,
        "16": 3.685294,
        "17": 2.577989,
        "18": 2.797193,
        "19": 4.154,
        "20": 4.247755,
        "21": 14.773255,
        "22": 5.468743,
        "23": 4.165346,
        "24": 1.464491,
        "25": 6.559603,
        "26": 2.563601,
        "27": 3.799499,
        "28": 8.531061,
        "29": 3.365128,
        "30": 3.92071,
        "31": 1.15731,
        "32": 2.717443,
        "33": 2.090869,
        "34": 4.290687,
        "35": 4.492648,
        "36": 3.631429,
        "37": 9.005858,
        "38": 2.204139,
        "39": 1.69457,
        "40": 5.669314,
        "41": 2.213317,
        "42": 2.239969,
        "43": 2.75149,
        "44": 6.554823,
        "45": 3.298388,
        "46": 7.220359,
        "47": 1.79975,
        "48": 1.500811,
        "49": 3.303183,
        "50": 6.011273,
        "51": 5.930813,
        "52": 2.603283,
        "53": 5.291877,
        "54": 5.676765,
        "55": 2.142773,
        "56": 5.032277,
        "57": 3.489301,
        "58": 4.680861,
        "59": 1.959262,
        "60": 4.159939,
        "61": 4.282614,
        "62": 3.665765,
        "63": 4.467671,
        "64": 4.791873,
        "65": 6.75395,
        "66": 4.890845,
        "67": 6.289907,
        "68": 4.175356,
        "69": 4.662809,
        "70": 6.275879,
        "71": 2.963209,
        "72": 5.611274,
        "73": 4.631902,
        "74": 5.70281,
        "75": 3.93576,
        "76": 5.86158,
        "77": 2.646344,
        "78": 5.557198,
        "79": 5.922085
      }
    },
    "flash": {
      "utilization_fraction": 0.95,
      "edge_latencies_ms": {
        "0": 4.766556,
        "1": 0.423215,
        "2": 4.150976,
        "3": 4.331792,
        "4": 2.29016,
        "5": 4.588569,
        "6": 1.720592,
        "7": 15.901359,
        "8": 3.338293,
        "9": 6.111956,
        "10": 5.442117,
        "11": 4.33463,
        "12": 3.391915,
        "13": 3.811607,
        "14": 14.048871,
        "15": 2.834496,
        "16": 3.785794,
        "17": 2.631977,
        "18": 2.812776,
        "19": 4.177529,
        "20": 4.350275,
        "21": 15.819939,
        "22": 5.491417,
        "23": 4.182479,
        "24": 1.490161,
        "25": 6.797607,
        "26": 2.581147,
        "27": 3.817479,
        "28": 9.189542,
        "29": 3.387894,
        "30": 3.96492,
        "31": 1.178834,
        "32": 2.770108,
        "33": 2.11617,
        "34": 4.316303,
        "35": 4.631641,
        "36": 3.671575,
        "37": 9.477155,
        "38": 2.224521,
        "39": 1.798809,
        "40": 5.765776,
        "41": 2.23,
        "42": 2.265292,
        "43": 2.770103,
        "44": 6.588911,
        "45": 3.332002,
        "46": 7.260652,
        "47": 1.81763,
        "48": 1.533274,
        "49": 3.419195,
        "50": 6.028136,
        "51": 5.947933,
        "52": 2.622602,
        "53": 5.430155,
        "54": 5.735654,
        "55": 2.25995,
        "56": 5.051754,
        "57": 3.539525,
        "58": 4.702784,
        "59": 2.002119,
        "60": 4.177661,
        "61": 4.300426,
        "62": 3.695663,
        "63": 4.588422,
        "64": 4.810734,
        "65": 6.77556,
        "66": 4.926353,
        "67": 6.379905,
        "68": 4.194043,
        "69": 4.681185,
        "70": 6.312717,
        "71": 3.016383,
        "72": 5.635174,
        "73": 4.660716,
        "74": 5.770473,
        "75": 3.967337,
        "76": 5.958432,
        "77": 2.710793,
        "78": 5.577782,