{
  "topology_id": 238,
  "load_conditions": {
    "low": {
      "utilization_fraction": 0.2,
      "edge_latencies_ms": {
        "0": 1.549464,
        "1": 3.528758,
        "2": 3.217807,
        "3": 1.340499,
        "4": 4.035273,
        "5": 2.147181,
        "6": 2.307748,
        "7": 3.06728,
        "8": 1.793295,
        "9": 3.540701,
        "10": 1.947048,
        "11": 4.724908,
        "12": 3.320363,
        "13": 2.57709,
        "14": 2.715234,
        "15": 2.880455,
        "16": 13.875961,
        "17": 2.478056,
        "18": 1.899371,
        "19": 1.289309,
        "20": 3.910306,
        "21": 4.096595,
        "22": 1.964441,
        "23": 4.371225,
        "24": 3.098737,
        "25": 1.754391,
        "26": 3.590006,
        "27": 4.763995,
        "28": 2.854552,
        "29": 4.651214,
        "30": 2.569791,
        "31": 3.524867,
        "32": 6.311428,
        "33": 3.718591,
        "34": 4.656974,
        "35": 7.403164,
        "36": 12.319724,
        "37": 3.232641,
        "38": 2.128018,
        "39": 5.159732,
        "40": 9.143099,
        "41": 3.411844,
        "42": 2.559628,
        "43": 3.826877,
        "44": 3.276866,
        "45": 4.08035,
        "46": 1.717694,
        "47": 2.744881,
        "48": 1.566886,
        "49": 3.627025,
        "50": 3.746075,
        "51": 3.226022,
        "52": 5.735807,
        "53": 3.083582,
        "54": 3.751144,
        "55": 5.031388,
        "56": 4.362856,
        "57": 4.690908,
        "58": 4.706689,
        "59": 4.698435,
        "60": 3.885967,
        "61": 2.824265,
        "62": 2.586089,
        "63": 2.240708,
        "64": 3.199344,
        "65": 4.564512,
        "66": 5.675615,
        "67": 3.92519,
        "68": 7.768544,
        "69": 4.770085,
        "70": 5.306134,
        "71": 4.068759,
        "72": 3.162306,
        "73": 4.830694,
        "74": 6.143541,
        "75": 5.792521,
        "76": 5.436746,
        "77": 3.574083,
        "78": 5.301289,
        "79": 4.701482,
        "80": 2.380771,
        "81": 5.568274,
        "82": 4.454949,
        "83": 2.33846,
        "84": 3.100824,
        "85": 7.765632,
        "86": 6.787153,
        "87": 6.813267,
        "88": 3.730856,
        "89": 3.791606,
        "90": 4.554878,
        "91": 5.583072,
        "92": 1.847283,
        "93": 3.028532,
        "94": 4.282376,
        "95": 3.505782,
        "96": 3.066317,
        "97": 3.190075,
        "98": 2.413051,
        "99": 3.965138,
        "100": 3.6999,
        "101": 3.25381,
        "102": 2.790676,
        "103": 3.515831,
        "104": 4.830392,
        "105": 2.281578,
        "106": 4.185566,
        "107": 4.330357,
        "108": 2.993011,
        "109": 2.537729,
        "110": 4.928009,
        "111": 4.929503,
        "112": 3.085765,
        "113": 2.760107,
        "114": 2.917046,
        "115": 2.103685,
        "116": 4.40327,
        "117": 2.510175,
        "118": 2.888935,
        "119": 2.340988,
        "120": 2.419862,
        "121": 4.376466,
        "122": 2.128539,
        "123": 3.107822,
        "124": 1.290952,
        "125": 2.639907,
        "126": 4.658685
      }
    },
    "medium": {
      "utilization_fraction": 0.5,
      "edge_latencies_ms": {
        "0": 1.552192,
        "1": 3.530049,
        "2": 3.218715,
        "3": 1.341605,
        "4": 4.037115,
        "5": 2.151581,
        "6": 2.308859,
        "7": 3.069537,
        "8": 1.795799,
        "9": 3.54293,
        "10": 1.948126,
        "11": 4.729001,
        "12": 3.322543,
        "13": 2.578333,
        "14": 2.716001,
        "15": 2.881265,
        "16": 13.891483,
        "17": 2.478915,
        "18": 1.900651,
        "19": 1.295947,
        "20": 3.913355,
        "21": 4.098724,
        "22": 1.967981,
        "23": 4.37247,
        "24": 3.099518,
        "25": 1.755287,
        "26": 3.590838,
        "27": 4.766479,
        "28": 2.855801,
        "29": 4.655609,
        "30": 2.570967,
        "31": 3.525672,
        "32": 6.312273,
        "33": 3.719643,
        "34": 4.658317,
        "35": 7.408888,
        "36": 12.328076,
        "37": 3.233756,
        "38": 2.128816,
        "39": 5.167948,
        "40": 9.154098,
        "41": 3.414132,
        "42": 2.562321,
        "43": 3.828245,
        "44": 3.277753,
        "45": 4.084247,
        "46": 1.719484,
        "47": 2.750513,
        "48": 1.56828,
        "49": 3.629219,
        "50": 3.747572,
        "51": 3.226818,
        "52": 5.737132,
        "53": 3.084587,
        "54": 3.752328,
        "55": 5.032215,
        "56": 4.36372,
        "57": 4.691868,
        "58": 4.709233,
        "59": 4.700691,
        "60": 3.887629,
        "61": 2.825115,
        "62": 2.587071,
        "63": 2.242017,
        "64": 3.203729,
        "65": 4.604323,
        "66": 5.679347,
        "67": 3.926747,
        "68": 7.784341,
        "69": 4.77227,
        "70": 5.310427,
        "71": 4.069516,
        "72": 3.163119,
        "73": 4.832343,
        "74": 6.144521,
        "75": 5.798174,
        "76": 5.438543,
        "77": 3.575108,
        "78": 5.303051,
        "79": 4.702977,
        "80": 2.381931,
        "81": 5.570581,
        "82": 4.458327,
        "83": 2.342648,
        "84": 3.102034,
        "85": 7.766528,
        "86": 6.788009,
        "87": 6.814178,
        "88": 3.731622,
        "89": 3.792547,
        "90": 4.556055,
        "91": 5.598139,
        "92": 1.854456,
        "93": 3.029522,
        "94": 4.284334,
        "95": 3.507191,
        "96": 3.069443,
        "97": 3.191301,
        "98": 2.415441,
        "99": 3.966438,
        "100": 3.700705,
        "101": 3.25493,
        "102": 2.791736,
        "103": 3.523255,
        "104": 4.831421,
        "105": 2.282366,
        "106": 4.18971,
        "107": 4.331305,
        "108": 2.994206,
        "109": 2.542476,
        "110": 4.929053,
        "111": 4.935244,
        "112": 3.086996,
        "113": 2.761192,
        "114": 2.918926,
        "115": 2.105215,
        "116": 4.404185,
        "117": 2.511132,
        "118": 2.890514,
        "119": 2.341772,
        "120": 2.42137,
        "121": 4.379239,
        "122": 2.129308,
        "123": 3.110162,
        "124": 1.29232,
        "125": 2.643506,
        "126": 4.659686
      }
    },
    "high": {
      "utilization_fraction": 0.8,
      "edge_latencies_ms": {
        "0": 1.563105,
        "1": 3.535216,
        "2": 3.222347,
        "3": 1.346029,
        "4": 4.044482,
        "5": 2.169182,
        "6": 2.313307,
        "7": 3.078566,
        "8": 1.805813,
        "9": 3.551844,
        "10": 1.95244,
        "11": 4.745373,
        "12": 3.331261,
        "13": 2.583302,
        "14": 2.719069,
        "15": 2.884504,
        "16": 13.953568,
        "17": 2.482352,
        "18": 1.905771,
        "19": 1.322499,
        "20": 3.925551,
        "21": 4.107239,
        "22": 1.982141,
        "23": 4.377451,
        "24": 3.102638,
        "25": 1.758871,
        "26": 3.594168,
        "27": 4.776413,
        "28": 2.860799,
        "29": 4.67319,
        "30": 2.575671,
        "31": 3.528894,
        "32": 6.315656,
        "33": 3.723847,
        "34": 4.66369,
        "35": 7.431786,
        "36": 12.361485,
        "37": 3.238214,
        "38": 2.132006,
        "39": 5.20081,
        "40": 9.198093,
        "41": 3.423282,
        "42": 2.573094,
        "43": 3.833715,
        "44": 3.281303,
        "45": 4.099835,
        "46": 1.726643,
        "47": 2.773042,
        "48": 1.573854,
        "49": 3.637995,
        "50": 3.75356,
        "51": 3.230002,
        "52": 5.742434,
        "53": 3.088606,
        "54": 3.757065,
        "55": 5.035521,
        "56": 4.367174,
        "57": 4.695709,
        "58": 4.719408,
        "59": 4.709717,
        "60": 3.894274,
        "61": 2.828518,
        "62": 2.591001,
        "63": 2.247253,
        "64": 3.221267,
        "65": 4.763566,