{
  "topology_id": 392,
  "load_conditions": {
    "low": {
      "utilization_fraction": 0.2,
      "edge_latencies_ms": {
        "0": 2.770145,
        "1": 3.187831,
        "2": 12.334711,
        "3": 11.199913,
        "4": 3.839808,
        "5": 1.410541,
        "6": 8.14068,
        "7": 8.382486,
        "8": 2.95449,
        "9": 4.562951,
        "10": 12.492593,
        "11": 1.81464,
        "12": 3.271892,
        "13": 2.576258,
        "14": 5.007361,
        "15": 4.38991
      }
    },
    "medium": {
      "utilization_fraction": 0.5,
      "edge_latencies_ms": {
        "0": 2.770935,
        "1": 3.190883,
        "2": 12.342618,
        "3": 11.215677,
        "4": 3.841052,
        "5": 1.416726,
        "6": 8.149344,
        "7": 8.449109,
        "8": 2.956246,
        "9": 4.570284,
        "10": 12.501948,
        "11": 1.816429,
        "12": 3.274361,
        "13": 2.577143,
        "14": 5.014577,
        "15": 4.391108
      }
    },
    "high": {
      "utilization_fraction": 0.8,
      "edge_latencies_ms": {
        "0": 2.774097,
        "1": 3.203091,
        "2": 12.374245,
        "3": 11.278735,
        "4": 3.846026,
        "5": 1.441465,
        "6": 8.184,
        "7": 8.715602,
        "8": 2.963273,
        "9": 4.599614,
        "10": 12.539365,
        "11": 1.823586,
        "12": 3.284236,
        "13": 2.580683,
        "14": 5.043442,
        "15": 4.3959
      }
    },
    "flash": {
      "utilization_fraction": 0.95,
      "edge_latencies_ms": {
        "0": 2.789907,
        "1": 3.264132,
        "2": 12.532379,
        "3": 11.594024,
        "4": 3.870895,
        "5": 1.565161,
        "6": 8.357277,
        "7": 10.048065,
        "8": 2.998406,
        "9": 4.746267,
        "10": 12.726454,
        "11": 1.859369,
        "12": 3.33361,
        "13": 2.598383,
        "14": 5.187769,
        "15": 4.419862
      }
    }
  }
}