{
  "topology_id": 318,
  "load_conditions": {
    "low": {
      "utilization_fraction": 0.2,
      "edge_latencies_ms": {
        "0": 3.988493,
        "1": 4.993873,
        "2": 3.636578,
        "3": 3.52863,
        "4": 8.621712,
        "5": 3.986984,
        "6": 4.976844,
        "7": 3.919385,
        "8": 1.222575,
        "9": 4.117515,
        "10": 6.96206,
        "11": 3.233878,
        "12": 3.440605,
        "13": 4.496481,
        "14": 4.683529,
        "15": 5.928003,
        "16": 6.359491,
        "17": 5.658475,
        "18": 1.603712,
        "19": 4.497697,
        "20": 1.321014,
        "21": 3.813271,
        "22": 1.337034,
        "23": 1.502019,
        "24": 8.515467,
        "25": 1.599487,
        "26": 1.605886,
        "27": 4.726153,
        "28": 1.785087,
        "29": 0.797107,
        "30": 4.072075,
        "31": 5.535132,
        "32": 15.632941,
        "33": 2.410985,
        "34": 1.972707,
        "35": 2.507855,
        "36": 4.815204,
        "37": 4.610442,
        "38": 3.076686,
        "39": 3.029472,
        "40": 5.344418,
        "41": 4.209391
      }
    },
    "medium": {
      "utilization_fraction": 0.5,
      "edge_latencies_ms": {
        "0": 3.990264,
        "1": 4.997205,
        "2": 3.637731,
        "3": 3.529863,
        "4": 8.630711,
        "5": 3.992841,
        "6": 4.97998,
        "7": 3.920163,
        "8": 1.223508,
        "9": 4.11945,
        "10": 6.973797,
        "11": 3.235852,
        "12": 3.441361,
        "13": 4.497555,
        "14": 4.684496,
        "15": 5.936263,
        "16": 6.388563,
        "17": 5.668677,
        "18": 1.605938,
        "19": 4.498702,
        "20": 1.322036,
        "21": 3.815243,
        "22": 1.339157,
        "23": 1.505117,
        "24": 8.529789,
        "25": 1.601271,
        "26": 1.607065,
        "27": 4.72938,
        "28": 1.785851,
        "29": 0.804014,
        "30": 4.073479,
        "31": 5.53599,
        "32": 15.652417,
        "33": 2.413539,
        "34": 1.973971,
        "35": 2.50902,
        "36": 4.816394,
        "37": 4.611713,
        "38": 3.078053,
        "39": 3.030275,
        "40": 5.345195,
        "41": 4.211002
      }
    },
    "high": {
      "utilization_fraction": 0.8,
      "edge_latencies_ms": {
        "0": 3.997349,
        "1": 5.010533,
        "2": 3.642342,
        "3": 3.534794,
        "4": 8.666704,
        "5": 4.016269,
        "6": 4.992524,
        "7": 3.923274,
        "8": 1.227242,
        "9": 4.127191,
        "10": 7.020744,
        "11": 3.243749,
        "12": 3.444382,
        "13": 4.501854,
        "14": 4.688366,
        "15": 5.9693,
        "16": 6.50485,
        "17": 5.709488,
        "18": 1.614846,
        "19": 4.502722,
        "20": 1.326128,
        "21": 3.823132,
        "22": 1.34765,
        "23": 1.517508,
        "24": 8.587077,
        "25": 1.608406,
        "26": 1.611782,
        "27": 4.742286,
        "28": 1.788907,
        "29": 0.83164,
        "30": 4.079093,
        "31": 5.539423,
        "32": 15.730321,
        "33": 2.423755,
        "34": 1.979025,
        "35": 2.513679,
        "36": 4.821152,
        "37": 4.616797,
        "38": 3.08352,
        "39": 3.033487,
        "40": 5.348299,
        "41": 4.217444
      }
    },
    "flash": {
      "utilization_fraction": 0.95,
      "edge_latencies_ms": {
        "0": 4.032774,
        "1": 5.077172,
        "2": 3.665401,
        "3": 3.559447,
        "4": 8.84667,
        "5": 4.13341,
        "6": 5.05524,
        "7": 3.938831,
        "8": 1.24591,
        "9": 4.165896,
        "10": 7.255481,
        "11": 3.283232,
        "12": 3.459491,
        "13": 4.523345,
        "14": 4.707712,
        "15": 6.134488,
        "16": 7.086288,
        "17": 5.91354,
        "18": 1.659384,
        "19": 4.522823,
        "20": 1.346585,
        "21": 3.862576,
        "22": 1.390112,
        "23": 1.579466,
        "24": 8.873516,
        "25": 1.644083,
        "26": 1.635367,
        "27": 4.806815,
        "28": 1.804189,
        "29": 0.969772,
        "30": 4.107163,
        "31": 5.556587,
        "32": 16.11984,
        "33": 2.474838,
        "34": 2.004296,
        "35": 2.536974,
        "36": 4.844943,
        "37": 4.642219,
        "38": 3.110855,
        "39": 3.049548,
        "40": 5.363821,
        "41": 4.249659
      }
    }
  }
}