{
  "topology_id": 163,
  "load_conditions": {
    "low": {
      "utilization_fraction": 0.2,
      "edge_latencies_ms": {
        "0": 4.974222,
        "1": 3.01887,
        "2": 3.206835,
        "3": 2.856789,
        "4": 1.895613,
        "5": 4.269906,
        "6": 3.510789,
        "7": 3.067331,
        "8": 2.811599,
        "9": 3.405082,
        "10": 4.149877,
        "11": 4.531363,
        "12": 9.986053,
        "13": 5.190831,
        "14": 3.976464,
        "15": 2.621602,
        "16": 3.437043,
        "17": 3.106394,
        "18": 3.640406,
        "19": 3.968833,
        "20": 2.600901,
        "21": 2.766244,
        "22": 2.2119,
        "23": 3.525824,
        "24": 2.616019,
        "25": 2.963709,
        "26": 3.576866,
        "27": 4.370185,
        "28": 7.904956,
        "29": 1.945008,
        "30": 5.644537,
        "31": 1.574686,
        "32": 2.350154,
        "33": 3.951966,
        "34": 0.999576,
        "35": 2.759238,
        "36": 4.015037,
        "37": 4.744568,
        "38": 4.383319,
        "39": 2.277691,
        "40": 3.004368,
        "41": 2.28501,
        "42": 2.019833,
        "43": 3.943186,
        "44": 9.553406,
        "45": 8.107923,
        "46": 3.284583,
        "47": 3.362434,
        "48": 3.221022,
        "49": 3.882409,
        "50": 3.313982,
        "51": 1.011645,
        "52": 3.109899,
        "53": 5.428704,
        "54": 1.61901,
        "55": 1.230306,
        "56": 5.807326,
        "57": 4.271979,
        "58": 4.260451,
        "59": 5.204735,
        "60": 6.313105,
        "61": 3.093955,
        "62": 7.696949,
        "63": 6.591334,
        "64": 3.684203,
        "65": 4.035036,
        "66": 4.124543,
        "67": 3.32892,
        "68": 2.401947,
        "69": 4.101384,
        "70": 1.897475,
        "71": 3.468007,
        "72": 3.767766,
        "73": 1.42549,
        "74": 3.544782,
        "75": 3.99082,
        "76": 5.175169,
        "77": 3.042705,
        "78": 5.179821,
        "79": 4.596482,
        "80": 7.435049,
        "81": 6.359829,
        "82": 4.236212,
        "83": 6.383036,
        "84": 2.725136,
        "85": 3.961109,
        "86": 5.10503,
        "87": 3.655312,
        "88": 2.940017,
        "89": 5.140556,
        "90": 1.530586
      }
    },
    "medium": {
      "utilization_fraction": 0.5,
      "edge_latencies_ms": {
        "0": 4.976091,
        "1": 3.019733,
        "2": 3.208498,
        "3": 2.857893,
        "4": 1.898401,
        "5": 4.271956,
        "6": 3.513762,
        "7": 3.068338,
        "8": 2.813474,
        "9": 3.406178,
        "10": 4.151435,
        "11": 4.532506,
        "12": 9.996443,
        "13": 5.193146,
        "14": 3.977382,
        "15": 2.626391,
        "16": 3.438066,
        "17": 3.107166,
        "18": 3.64301,
        "19": 3.970443,
        "20": 2.604022,
        "21": 2.767022,
        "22": 2.212862,
        "23": 3.527084,
        "24": 2.617899,
        "25": 2.965284,
        "26": 3.581301,
        "27": 4.371073,
        "28": 7.913865,
        "29": 1.94889,
        "30": 5.645621,
        "31": 1.578889,
        "32": 2.352127,
        "33": 3.952784,
        "34": 1.002948,
        "35": 2.760227,
        "36": 4.017118,
        "37": 4.745617,
        "38": 4.384769,
        "39": 2.278447,
        "40": 3.006499,
        "41": 2.28648,
        "42": 2.021304,
        "43": 3.944377,
        "44": 9.56585,
        "45": 8.118762,
        "46": 3.286501,
        "47": 3.36349,
        "48": 3.222078,
        "49": 3.884569,
        "50": 3.315206,
        "51": 1.012989,
        "52": 3.114338,
        "53": 5.429483,
        "54": 1.619906,
        "55": 1.231208,
        "56": 5.814492,
        "57": 4.273445,
        "58": 4.265379,
        "59": 5.206025,
        "60": 6.314038,
        "61": 3.094706,
        "62": 7.701807,
        "63": 6.59273,
        "64": 3.684984,
        "65": 4.035876,
        "66": 4.125482,
        "67": 3.329897,
        "68": 2.40339,
        "69": 4.102278,
        "70": 1.898514,
        "71": 3.470017,
        "72": 3.768884,
        "73": 1.42668,
        "74": 3.54589,
        "75": 3.992014,
        "76": 5.176279,
        "77": 3.043583,
        "78": 5.181066,
        "79": 4.598673,
        "80": 7.435923,
        "81": 6.361312,
        "82": 4.238277,
        "83": 6.383975,
        "84": 2.725987,
        "85": 3.962443,
        "86": 5.107722,
        "87": 3.657847,
        "88": 2.942399,
        "89": 5.144353,
        "90": 1.531358
      }
    },
    "high": {
      "utilization_fraction": 0.8,
      "edge_latencies_ms": {
        "0": 4.983565,
        "1": 3.023188,
        "2": 3.21515,
        "3": 2.862313,
        "4": 1.909554,
        "5": 4.280157,
        "6": 3.525655,
        "7": 3.072367,
        "8": 2.820975,
        "9": 3.410561,
        "10": 4.157668,
        "11": 4.537076,
        "12": 10.038001,
        "13": 5.202405,
        "14": 3.981057,
        "15": 2.645546,
        "16": 3.442156,
        "17": 3.110255,
        "18": 3.653429,
        "19": 3.976882,
        "20": 2.616502,
        "21": 2.770137,
        "22": 2.21671,
        "23": 3.532124,
        "24": 2.62542,
        "25": 2.971582,
        "26": 3.599043,
        "27": 4.374626,
        "28": 7.949505,
        "29": 1.96442,
        "30": 5.64996,
        "31": 1.595703,
        "32": 2.360019,
        "33": 3.956058,
        "34": 1.016437,
        "35": 2.764181,
        "36": 4.025446,
        "37": 4.74981,
        "38": 4.390567,
        "39": 2.281471,
        "40": 3.015025,
        "41": 2.292362,
        "42": 2.027187,
        "43": 3.949142,
        "44": 9.615624,
        "45": 8.162118,
        "46": 3.294171,
        "47": 3.367712,
        "48": 3.226302,
        "49": 3.893211,
        "50": 3.3201,
        "51": 1.018366,
        "52": 3.132093,
        "53": 5.432598,
        "54": 1.62349,
        "55": 1.234815,
        "56": 5.843155,
        "57": 4.27931,
        "58": 4.285091,
        "59": 5.211184,
        "60": 6.31777,
        "61": 3.097707,
        "62": 7.721242,
        "63": 6.598313,
        "64": 3.68811,
        "65": 4.039235,
        "66": 4.129234,
        "67": 3.333802,
        "68": 2.409162,
        "69": 4.105854,
        "70": 1.90267,
        "71": 3.478059,
        "72": 3.773358,
        "73": 1.43144,
        "74": 3.550324,
        "75": 3.996788,
        "76": 5.180719,
        "77": 3.047094,
        "78": 5.186046,
        "79": 4.60744,
        "80": 7.439421,
        "81": 6.367245,
        "82": 4.246539,
        "83": 6.387734,
        "84": 2.729393,
        "85": 3.967778,
        "86": 5.11849,
        "87": 3.66799,
        "88": 2.951923,
        "89": 5.159537,
        "90": 1.534443
      }
    },
    "flash": {
      "utilization_fraction": 0.95,
      "edge_latencies_ms": {
        "0": 5.020939,
        "1": 3.040461,
        "2": 3.248409,
        "3": 2.88441,
        "4": 1.965317,
        "5": 4.321163,
        "6": 3.585121,
        "7": 3.092511,
        "8": 2.858478,
        "9": 3.432475,
        "10": 4.18883,
        "11": 4.559927,
        "12": 10.24579,
        "13": 5.248698,
        "14": 3.999429,
        "15": 2.741319,
        "16": 3.462609,
        "17": 3.125699,
        "18": 3.705522,
        "19": 4.009076,
        "20": 2.678906,
        "21": 2.785709,
        "22": 2.23595,
        "23": 3.557326,
        "24": 2.663028,
        "25": 3.003071,
        "26": 3.687752,
        "27": 4.392392,
        "28": 8.127702,
        "29": 2.042065,
        "30": 5.671653,
        "31": 1.679773,
        "32": 2.39948,
        "33": 3.972426,
        "34": 1.08388,
        "35": 2.783953,
        "36": 4.067083,
        "37": 4.77078,
        "38": 4.419556,
        "39": 2.296595,
        "40": 3.057656,
        "41": 2.32177,
        "42": 2.0566,
        "43": 3.972963,
        "44": 9.864494,
        "45": 8.378896,
        "46": 3.332523,