{
  "topology_id": 411,
  "load_conditions": {
    "low": {
      "utilization_fraction": 0.2,
      "edge_latencies_ms": {
        "0": 7.234425,
        "1": 4.166596,
        "2": 3.091602,
        "3": 1.89316,
        "4": 4.224013,
        "5": 6.024964,
        "6": 10.564312,
        "7": 5.149098,
        "8": 2.144142,
        "9": 11.249246,
        "10": 9.171431,
        "11": 4.540513,
        "12": 3.25222,
        "13": 1.288384,
        "14": 7.777315,
        "15": 5.456216,
        "16": 9.399636,
        "17": 2.805085,
        "18": 2.733557,
        "19": 3.169701,
        "20": 2.568332,
        "21": 3.898216,
        "22": 2.529044,
        "23": 5.057067,
        "24": 6.540408,
        "25": 5.564555,
        "26": 4.283954,
        "27": 2.66217,
        "28": 2.438973,
        "29": 2.850682,
        "30": 2.902354,
        "31": 5.263618,
        "32": 15.278428,
        "33": 2.840211,
        "34": 10.642719,
        "35": 2.194738,
        "36": 3.713762,
        "37": 4.90509,
        "38": 4.764487,
        "39": 3.619836,
        "40": 5.964999,
        "41": 7.262937,
        "42": 4.439802,
        "43": 4.17662
      }
    },
    "medium": {
      "utilization_fraction": 0.5,
      "edge_latencies_ms": {
        "0": 7.236674,
        "1": 4.167616,
        "2": 3.092917,
        "3": 1.901895,
        "4": 4.225251,
        "5": 6.026296,
        "6": 10.572403,
        "7": 5.150002,
        "8": 2.144921,
        "9": 11.262172,
        "10": 9.179206,
        "11": 4.541658,
        "12": 3.253735,
        "13": 1.295143,
        "14": 7.791871,
        "15": 5.457004,
        "16": 9.418059,
        "17": 2.806189,
        "18": 2.734397,
        "19": 3.210314,
        "20": 2.569181,
        "21": 3.902376,
        "22": 2.531148,
        "23": 5.058386,
        "24": 6.574933,
        "25": 5.566186,
        "26": 4.287835,
        "27": 2.663042,
        "28": 2.439734,
        "29": 2.851782,
        "30": 2.906351,
        "31": 5.264528,
        "32": 15.286366,
        "33": 2.843454,
        "34": 10.664794,
        "35": 2.199713,
        "36": 3.715417,
        "37": 4.906218,
        "38": 4.765263,
        "39": 3.62117,
        "40": 5.966345,
        "41": 7.265968,
        "42": 4.4418,
        "43": 4.177831
      }
    },
    "high": {
      "utilization_fraction": 0.8,
      "edge_latencies_ms": {
        "0": 7.245667,
        "1": 4.171694,
        "2": 3.098176,
        "3": 1.936836,
        "4": 4.230204,
        "5": 6.031626,
        "6": 10.604766,
        "7": 5.153619,
        "8": 2.148035,
        "9": 11.313878,
        "10": 9.210304,
        "11": 4.546237,
        "12": 3.259792,
        "13": 1.322179,
        "14": 7.850095,
        "15": 5.460154,
        "16": 9.49175,
        "17": 2.810605,
        "18": 2.737758,
        "19": 3.372769,
        "20": 2.572576,
        "21": 3.919016,
        "22": 2.539564,
        "23": 5.06366,
        "24": 6.713031,
        "25": 5.572712,
        "26": 4.303356,
        "27": 2.666531,
        "28": 2.442778,
        "29": 2.85618,
        "30": 2.922338,
        "31": 5.268167,
        "32": 15.318117,
        "33": 2.856424,
        "34": 10.753094,
        "35": 2.219616,
        "36": 3.722038,
        "37": 4.91073,
        "38": 4.768367,
        "39": 3.626508,
        "40": 5.97173,
        "41": 7.278092,
        "42": 4.449791,
        "43": 4.182673
      }
    },
    "flash": {
      "utilization_fraction": 0.95,
      "edge_latencies_ms": {
        "0": 7.290636,
        "1": 4.192084,
        "2": 3.124471,
        "3": 2.111541,
        "4": 4.254965,
        "5": 6.058274,
        "6": 10.766583,
        "7": 5.171707,
        "8": 2.163606,
        "9": 11.572406,
        "10": 9.365796,
        "11": 4.569132,
        "12": 3.290078,
        "13": 1.457356,
        "14": 8.141212,
        "15": 5.475905,
        "16": 9.860208,
        "17": 2.832688,
        "18": 2.754562,
        "19": 4.185041,
        "20": 2.58955,
        "21": 4.002214,
        "22": 2.581641,
        "23": 5.090029,
        "24": 7.403525,
        "25": 5.605338,
        "26": 4.380965,
        "27": 2.683979,
        "28": 2.457997,
        "29": 2.878171,
        "30": 3.002275,
        "31": 5.286365,
        "32": 15.476876,
        "33": 2.921275,
        "34": 11.194596,
        "35": 2.319128,
        "36": 3.75514,
        "37": 4.933292,
        "38": 4.783887,
        "39": 3.653194,
        "40": 5.998651,
        "41": 7.338711,
        "42": 4.489749,
        "43": 4.206883
      }
    }
  }
}