{
  "topology_id": 46,
  "load_conditions": {
    "low": {
      "utilization_fraction": 0.2,
      "edge_latencies_ms": {
        "0": 2.213081,
        "1": 3.38965,
        "2": 3.314473,
        "3": 9.48053,
        "4": 4.478413,
        "5": 7.047555,
        "6": 7.25692,
        "7": 4.519384,
        "8": 6.802473,
        "9": 3.322915,
        "10": 3.244775,
        "11": 4.633596,
        "12": 2.137955,
        "13": 5.068591,
        "14": 3.92019,
        "15": 4.696345,
        "16": 6.198987,
        "17": 5.171066,
        "18": 3.270328,
        "19": 11.615782,
        "20": 7.104027,
        "21": 10.646644,
        "22": 9.39287,
        "23": 3.42436,
        "24": 4.721734,
        "25": 12.958392,
        "26": 2.858892,
        "27": 4.32094,
        "28": 2.641402,
        "29": 4.673891,
        "30": 2.716227,
        "31": 3.253631,
        "32": 4.367632,
        "33": 0.541387,
        "34": 6.406455,
        "35": 1.853678,
        "36": 5.081095,
        "37": 4.106924,
        "38": 3.08359,
        "39": 3.510182,
        "40": 5.044293,
        "41": 3.709462,
        "42": 3.076881,
        "43": 4.310161,
        "44": 4.593742,
        "45": 4.120905,
        "46": 4.433163,
        "47": 3.006823,
        "48": 3.108818,
        "49": 1.543049,
        "50": 2.412462,
        "51": 4.603616,
        "52": 2.312727,
        "53": 4.498097,
        "54": 3.074352,
        "55": 2.911077,
        "56": 5.756063,
        "57": 3.2905,
        "58": 1.044779,
        "59": 3.673464,
        "60": 3.582845,
        "61": 3.254375,
        "62": 3.465044,
        "63": 1.874236,
        "64": 3.026544,
        "65": 2.467269,
        "66": 3.824351,
        "67": 3.365637,
        "68": 1.249385,
        "69": 3.135338,
        "70": 3.512908,
        "71": 2.845985,
        "72": 3.659959,
        "73": 7.154803,
        "74": 3.615896,
        "75": 4.01436,
        "76": 3.257716,
        "77": 4.044693,
        "78": 4.475007,
        "79": 2.528297,
        "80": 4.352507,
        "81": 4.731518,
        "82": 7.520521,
        "83": 4.924606,
        "84": 6.120951,
        "85": 6.453635,
        "86": 3.868238,
        "87": 2.933322,
        "88": 3.818676,
        "89": 2.717481,
        "90": 2.739495,
        "91": 3.825642,
        "92": 2.338092,
        "93": 4.126623,
        "94": 2.766735,
        "95": 4.429819,
        "96": 3.290831,
        "97": 2.93738,
        "98": 3.311913,
        "99": 2.189387,
        "100": 2.509231,
        "101": 4.049331,
        "102": 5.522099,
        "103": 1.517448,
        "104": 2.921345,
        "105": 5.976028,
        "106": 3.124658,
        "107": 2.058308,
        "108": 4.284138,
        "109": 2.8215,
        "110": 3.986875,
        "111": 1.706951,
        "112": 6.788232,
        "113": 4.202084,
        "114": 5.550725,
        "115": 4.916802,
        "116": 4.370156,
        "117": 4.030073,
        "118": 5.254293,
        "119": 6.311266,
        "120": 3.69591,
        "121": 4.168582,
        "122": 3.918845,
        "123": 2.296742,
        "124": 2.061448,
        "125": 3.510712,
        "126": 2.450418,
        "127": 3.562846,
        "128": 6.242534,
        "129": 2.761986,
        "130": 5.268098,
        "131": 2.294225,
        "132": 3.070794,
        "133": 1.982996,
        "134": 1.402461,
        "135": 2.261637,
        "136": 2.998851,
        "137": 5.363154,
        "138": 3.037845,
        "139": 3.915508,
        "140": 6.345522,
        "141": 3.812562,
        "142": 5.251489,
        "143": 4.664478,
        "144": 3.755131,
        "145": 4.209908,
        "146": 3.085786,
        "147": 5.280255,
        "148": 2.642792
      }
    },
    "medium": {
      "utilization_fraction": 0.5,
      "edge_latencies_ms": {
        "0": 2.213978,
        "1": 3.393976,
        "2": 3.315327,
        "3": 9.482061,
        "4": 4.479331,
        "5": 7.049909,
        "6": 7.259802,
        "7": 4.522076,
        "8": 6.804403,
        "9": 3.323998,
        "10": 3.245542,
        "11": 4.634437,
        "12": 2.140837,
        "13": 5.071596,
        "14": 3.924698,
        "15": 4.698488,
        "16": 6.199856,
        "17": 5.172901,
        "18": 3.271695,
        "19": 11.63292,
        "20": 7.143625,
        "21": 10.656633,
        "22": 9.400943,
        "23": 3.425198,
        "24": 4.722846,
        "25": 12.969757,
        "26": 2.86043,
        "27": 4.321776,
        "28": 2.64234,
        "29": 4.676078,
        "30": 2.717001,
        "31": 3.254543,
        "32": 4.368417,
        "33": 0.542684,
        "34": 6.407696,
        "35": 1.854679,
        "36": 5.083681,
        "37": 4.109463,
        "38": 3.084343,
        "39": 3.511056,
        "40": 5.045491,
        "41": 3.710816,
        "42": 3.082089,
        "43": 4.311107,
        "44": 4.594502,
        "45": 4.123494,
        "46": 4.433982,
        "47": 3.00867,
        "48": 3.115943,
        "49": 1.547243,
        "50": 2.413859,
        "51": 4.609449,
        "52": 2.314336,
        "53": 4.500166,
        "54": 3.075917,
        "55": 2.914412,
        "56": 5.757327,
        "57": 3.291363,
        "58": 1.047275,
        "59": 3.677682,
        "60": 3.583879,
        "61": 3.256652,
        "62": 3.466677,
        "63": 1.875255,
        "64": 3.028844,
        "65": 2.468596,
        "66": 3.826636,
        "67": 3.367678,
        "68": 1.255062,
        "69": 3.136707,
        "70": 3.518153,
        "71": 2.847454,
        "72": 3.660862,
        "73": 7.155788,
        "74": 3.617396,
        "75": 4.015764,
        "76": 3.258531,
        "77": 4.045748,
        "78": 4.4906,
        "79": 2.529728,
        "80": 4.355047,
        "81": 4.735994,
        "82": 7.521606,
        "83": 4.927117,
        "84": 6.121862,
        "85": 6.457933,
        "86": 3.870588,
        "87": 2.934158,
        "88": 3.825771,
        "89": 2.718262,
        "90": 2.74062,
        "91": 3.827851,
        "92": 2.339213,
        "93": 4.127466,
        "94": 2.76835,
        "95": 4.43057,
        "96": 3.292557,
        "97": 2.939993,
        "98": 3.313071,
        "99": 2.194658,
        "100": 2.514547,
        "101": 4.050812,
        "102": 5.524508,
        "103": 1.518924,
        "104": 2.922838,
        "105": 5.977185,
        "106": 3.126066,
        "107": 2.059317,
        "108": 4.285306,
        "109": 2.822337,
        "110": 3.987793,
        "111": 1.708011,
        "112": 6.790174,
        "113": 4.204487,
        "114": 5.552263,
        "115": 4.917733,
        "116": 4.372872,
        "117": 4.031267,
        "118": 5.256532,
        "119": 6.312045,
        "120": 3.69817,
        "121": 4.16969,
        "122": 3.922251,
        "123": 2.298015,
        "124": 2.062839,
        "125": 3.515483,
        "126": 2.451585,
        "127": 3.563637,
        "128": 6.25026,
        "129": 2.76891,
        "130": 5.268956,
        "131": 2.296236,
        "132": 3.072844,
        "133": 1.98668,
        "134": 1.403782,
        "135": 2.262511,
        "136": 3.001119,
        "137": 5.364172,
        "138": 3.039761,
        "139": 3.916438,
        "140": 6.346623,
        "141": 3.817902,
        "142": 5.253803,
        "143": 4.669694,
        "144": 3.756389,
        "145": 4.210913,
        "146": 3.086899,
        "147": 5.283186,
        "148": 2.647516
      }
    },
    "high": {
      "utilization_fraction": 0.8,
      "edge_latencies_ms": {
        "0": 2.217563,
        "1": 3.41128,
        "2": 3.318741,
        "3": 9.488187,
        "4": 4.483002,
        "5": 7.059328,
        "6": 7.27133,
        "7": 4.532845,
        "8": 6.81212,
        "9": 3.328328,
        "10": 3.248608,
        "11": 4.637799,
        "12": 2.152364,
        "13": 5.083617,
        "14": 3.942726,
        "15": 4.707059,
        "16": 6.203329,
        "17": 5.180243,
        "18": 3.277165,
        "19": 11.701469,