{
  "topology_id": 234,
  "load_conditions": {
    "low": {
      "utilization_fraction": 0.2,
      "edge_latencies_ms": {
        "0": 2.276502,
        "1": 2.335106,
        "2": 5.697861,
        "3": 4.964421,
        "4": 3.302188,
        "5": 4.177592,
        "6": 2.92077,
        "7": 5.212186,
        "8": 4.050178,
        "9": 1.305779,
        "10": 7.342955,
        "11": 6.536865,
        "12": 7.77462,
        "13": 7.220975,
        "14": 3.918428,
        "15": 2.770252,
        "16": 1.006123,
        "17": 7.178884,
        "18": 7.142867,
        "19": 7.761133,
        "20": 6.276093,
        "21": 6.890137,
        "22": 3.075045,
        "23": 2.694354,
        "24": 1.863229,
        "25": 1.757365,
        "26": 3.94411,
        "27": 3.929736,
        "28": 7.482212,
        "29": 3.785038,
        "30": 3.967555,
        "31": 3.871848,
        "32": 4.023041,
        "33": 5.775206,
        "34": 5.671785,
        "35": 5.349793,
        "36": 2.254018,
        "37": 5.001258,
        "38": 6.24334,
        "39": 5.304984,
        "40": 1.984818,
        "41": 3.838806,
        "42": 3.576635,
        "43": 3.329781,
        "44": 2.787573,
        "45": 4.312753,
        "46": 8.036712,
        "47": 3.461084,
        "48": 5.558711,
        "49": 3.690571,
        "50": 5.150047,
        "51": 5.695376,
        "52": 4.489082,
        "53": 6.133807,
        "54": 7.009774,
        "55": 5.867273,
        "56": 5.166264,
        "57": 4.235674,
        "58": 2.818616,
        "59": 6.018759,
        "60": 5.881248,
        "61": 3.620566,
        "62": 2.819491,
        "63": 3.676223,
        "64": 6.832594,
        "65": 5.701004,
        "66": 6.166191,
        "67": 4.310119,
        "68": 5.056084,
        "69": 3.993284,
        "70": 2.946922,
        "71": 2.07091,
        "72": 4.037811,
        "73": 6.946482,
        "74": 3.695978,
        "75": 4.838422,
        "76": 2.520627,
        "77": 3.467794,
        "78": 4.334062,
        "79": 4.01614,
        "80": 4.270893,
        "81": 5.141408,
        "82": 3.414953,
        "83": 6.496338,
        "84": 2.396882,
        "85": 4.373265,
        "86": 3.003365,
        "87": 2.904484,
        "88": 3.323207,
        "89": 2.329776,
        "90": 3.149732,
        "91": 1.568315,
        "92": 4.268998,
        "93": 3.038294,
        "94": 5.000893,
        "95": 3.890846,
        "96": 3.048012,
        "97": 3.326491,
        "98": 2.312873,
        "99": 3.606693,
        "100": 2.265801,
        "101": 4.003666,
        "102": 3.981052,
        "103": 2.090153,
        "104": 5.450468,
        "105": 5.722189,
        "106": 3.020953,
        "107": 3.929012,
        "108": 3.223256,
        "109": 1.627261,
        "110": 18.891553,
        "111": 4.975105,
        "112": 3.137451,
        "113": 1.976462,
        "114": 2.586811,
        "115": 2.363999,
        "116": 2.631331,
        "117": 4.184871,
        "118": 4.533012,
        "119": 3.807998,
        "120": 5.485132,
        "121": 4.266806,
        "122": 3.445101,
        "123": 10.469945,
        "124": 2.353933,
        "125": 3.012683,
        "126": 3.047779,
        "127": 2.580041,
        "128": 2.019754,
        "129": 22.134416,
        "130": 4.016891,
        "131": 20.818527,
        "132": 22.87741,
        "133": 2.571831,
        "134": 4.570872,
        "135": 4.70646,
        "136": 3.544597,
        "137": 3.04741,
        "138": 3.79186,
        "139": 4.216991,
        "140": 3.460521,
        "141": 4.019173,
        "142": 3.2969,
        "143": 4.513321,
        "144": 2.451696,
        "145": 2.201068,
        "146": 15.002849,
        "147": 3.545887,
        "148": 3.513164,
        "149": 6.148801,
        "150": 2.683688,
        "151": 3.286025,
        "152": 3.886604,
        "153": 2.478301,
        "154": 6.106303,
        "155": 1.758402,
        "156": 4.118824,
        "157": 6.363753,
        "158": 4.709257,
        "159": 4.021419,
        "160": 4.682771,
        "161": 1.4237,
        "162": 2.947917,
        "163": 17.487013,
        "164": 4.941563,
        "165": 3.654592,
        "166": 2.864618,
        "167": 2.913442,
        "168": 3.505557,
        "169": 1.561553,
        "170": 3.66587,
        "171": 1.575411,
        "172": 2.596942,
        "173": 6.807089,
        "174": 4.950983,
        "175": 2.497712,
        "176": 4.205328,
        "177": 1.70838,
        "178": 2.644306,
        "179": 4.776762,
        "180": 3.416309,
        "181": 5.813452,
        "182": 6.882645,
        "183": 2.597493,
        "184": 4.625724,
        "185": 4.68267,
        "186": 3.567892,
        "187": 3.907185,
        "188": 5.635239,
        "189": 2.09649,
        "190": 4.6693,
        "191": 3.995708,
        "192": 7.006411,
        "193": 5.170719,
        "194": 6.645976
      }
    },
    "medium": {
      "utilization_fraction": 0.5,
      "edge_latencies_ms": {
        "0": 2.278167,
        "1": 2.336071,
        "2": 5.699272,
        "3": 4.968977,
        "4": 3.303278,
        "5": 4.178344,
        "6": 2.921716,
        "7": 5.213129,
        "8": 4.05228,
        "9": 1.310097,
        "10": 7.351055,
        "11": 6.541194,
        "12": 7.818009,
        "13": 7.221928,
        "14": 3.921807,
        "15": 2.772024,
        "16": 1.007176,
        "17": 7.18157,
        "18": 7.146978,
        "19": 7.762887,
        "20": 6.27699,
        "21": 6.891837,
        "22": 3.079024,
        "23": 2.696038,
        "24": 1.865028,
        "25": 1.758575,
        "26": 3.945999,
        "27": 3.934175,
        "28": 7.486094,
        "29": 3.78728,
        "30": 3.968761,
        "31": 3.872827,
        "32": 4.023933,
        "33": 5.779286,
        "34": 5.672605,
        "35": 5.350823,
        "36": 2.256719,
        "37": 5.00293,
        "38": 6.244478,
        "39": 5.307904,
        "40": 1.986179,
        "41": 3.841,
        "42": 3.577393,
        "43": 3.330772,
        "44": 2.792197,
        "45": 4.315035,
        "46": 8.039223,
        "47": 3.462033,
        "48": 5.560474,
        "49": 3.692083,
        "50": 5.154271,
        "51": 5.701228,
        "52": 4.493358,
        "53": 6.135175,
        "54": 7.010632,
        "55": 5.868379,
        "56": 5.169351,
        "57": 4.237028,
        "58": 2.819401,
        "59": 6.020693,
        "60": 5.882088,
        "61": 3.621585,
        "62": 2.820362,
        "63": 3.677826,
        "64": 6.833491,
        "65": 5.70189,
        "66": 6.167441,
        "67": 4.315904,
        "68": 5.056852,
        "69": 3.995449,
        "70": 2.948182,
        "71": 2.071774,
        "72": 4.042071,
        "73": 6.947301,
        "74": 3.697931,
        "75": 4.843065,
        "76": 2.521447,
        "77": 3.469026,
        "78": 4.335986,
        "79": 4.017644,
        "80": 4.272231,
        "81": 5.143234,
        "82": 3.415954,
        "83": 6.497559,
        "84": 2.398647,
        "85": 4.376266,
        "86": 3.0051,
        "87": 2.905527,
        "88": 3.323975,
        "89": 2.330892,
        "90": 3.153209,
        "91": 1.569326,
        "92": 4.271592,
        "93": 3.039437,
        "94": 5.002865,
        "95": 3.893871,
        "96": 3.049494,
        "97": 3.332794,
        "98": 2.313707,
        "99": 3.607528,
        "100": 2.270902,
        "101": 4.010504,
        "102": 3.982464,
        "103": 2.09119,
        "104": 5.453935,
        "105": 5.729334,
        "106": 3.021818,
        "107": 3.930177,
        "108": 3.224243,
        "109": 1.629366,
        "110": 18.899072,
        "111": 4.976155,
        "112": 3.138929,
        "113": 1.977348,
        "114": 2.587963,
        "115": 2.365132,
        "116": 2.632283,
        "117": 4.185766,
        "118": 4.534007,
        "119": 3.808898,
        "120": 5.48677,
        "121": 4.267887,
        "122": 3.446069,
        "123": 10.47757,
        "124": 2.354741,
        "125": 3.013727,