{
  "topology_id": 209,
  "load_conditions": {
    "low": {
      "utilization_fraction": 0.2,
      "edge_latencies_ms": {
        "0": 1.826065,
        "1": 3.778855,
        "2": 1.944176,
        "3": 2.621694,
        "4": 2.845175,
        "5": 2.826534,
        "6": 3.395355,
        "7": 4.68657,
        "8": 3.460948,
        "9": 3.487408,
        "10": 1.947476,
        "11": 1.606673,
        "12": 8.292069,
        "13": 2.179085,
        "14": 4.449942,
        "15": 6.278179,
        "16": 4.689488,
        "17": 2.839613,
        "18": 6.698362,
        "19": 3.42712,
        "20": 2.171635,
        "21": 5.44095,
        "22": 1.151051,
        "23": 3.558336,
        "24": 2.225591,
        "25": 3.016845,
        "26": 4.286027,
        "27": 1.528231,
        "28": 4.227499,
        "29": 1.779654,
        "30": 4.968729,
        "31": 6.991663,
        "32": 4.61611,
        "33": 5.626911,
        "34": 6.415407,
        "35": 4.416409,
        "36": 4.778524,
        "37": 4.118533,
        "38": 6.203364,
        "39": 4.528605,
        "40": 4.509013,
        "41": 6.388675,
        "42": 6.147672,
        "43": 5.544034,
        "44": 4.156614,
        "45": 5.323734,
        "46": 3.058427,
        "47": 3.646424,
        "48": 2.662739,
        "49": 3.589988,
        "50": 4.10361,
        "51": 3.182329,
        "52": 2.997491,
        "53": 4.775793,
        "54": 4.301025,
        "55": 8.653639,
        "56": 2.965882,
        "57": 0.924096,
        "58": 3.700888,
        "59": 4.037105,
        "60": 3.944405,
        "61": 1.946059,
        "62": 2.589438,
        "63": 3.801729,
        "64": 2.785994,
        "65": 6.202443,
        "66": 3.694142,
        "67": 7.031482,
        "68": 4.874987,
        "69": 2.373669,
        "70": 8.062788,
        "71": 3.724152,
        "72": 3.381736,
        "73": 6.694765,
        "74": 6.025909,
        "75": 5.219763,
        "76": 0.999954,
        "77": 4.77082,
        "78": 2.923723,
        "79": 1.691084,
        "80": 2.193729,
        "81": 5.899847,
        "82": 4.654404,
        "83": 5.527211,
        "84": 8.125936,
        "85": 2.640039,
        "86": 5.607594,
        "87": 3.236069,
        "88": 1.943259,
        "89": 2.922475,
        "90": 3.427537,
        "91": 4.063479,
        "92": 6.487506,
        "93": 3.167508,
        "94": 1.562675,
        "95": 2.810393,
        "96": 3.45678,
        "97": 2.936662,
        "98": 2.399931,
        "99": 2.385178,
        "100": 4.113498,
        "101": 6.782676,
        "102": 1.644444,
        "103": 2.879083,
        "104": 5.314023,
        "105": 3.61912,
        "106": 2.906266,
        "107": 2.923516,
        "108": 2.916311,
        "109": 4.644994,
        "110": 5.877093,
        "111": 3.962882,
        "112": 4.777242,
        "113": 3.824219,
        "114": 4.283272,
        "115": 1.798771,
        "116": 8.454497,
        "117": 1.633538,
        "118": 5.946953,
        "119": 4.490518,
        "120": 4.546502,
        "121": 7.57458,
        "122": 7.612302,
        "123": 5.65675,
        "124": 2.935662,
        "125": 4.393215,
        "126": 5.325508,
        "127": 2.350015,
        "128": 3.357138,
        "129": 1.669084,
        "130": 4.894104,
        "131": 2.629881,
        "132": 3.764441,
        "133": 4.044637,
        "134": 1.52704,
        "135": 1.877582,
        "136": 8.32712,
        "137": 2.718776,
        "138": 2.092134,
        "139": 4.310665,
        "140": 2.396071,
        "141": 3.097428,
        "142": 1.94677,
        "143": 2.432821,
        "144": 4.76678,
        "145": 12.050427,
        "146": 3.710423,
        "147": 2.143146,
        "148": 5.211999,
        "149": 6.010827,
        "150": 4.409991,
        "151": 5.464047,
        "152": 4.898159,
        "153": 6.624755,
        "154": 4.258027,
        "155": 3.835552,
        "156": 2.198581,
        "157": 11.470025,
        "158": 6.098014,
        "159": 6.816924,
        "160": 2.74459,
        "161": 5.02859,
        "162": 5.399229,
        "163": 6.303914,
        "164": 5.024955,
        "165": 2.366029,
        "166": 6.241,
        "167": 3.829627,
        "168": 4.450843,
        "169": 3.597428,
        "170": 1.777979,
        "171": 3.42957,
        "172": 3.325222,
        "173": 4.626363,
        "174": 4.192725,
        "175": 5.261569,
        "176": 3.699673,
        "177": 1.906168,
        "178": 3.153947,
        "179": 2.231818,
        "180": 2.859095,
        "181": 2.268734,
        "182": 3.306039,
        "183": 2.104512,
        "184": 2.426251,
        "185": 3.951683,
        "186": 3.838106,
        "187": 3.564487,
        "188": 2.926715,
        "189": 2.37494,
        "190": 4.156316,
        "191": 4.139512,
        "192": 5.762442,
        "193": 2.303945
      }
    },
    "medium": {
      "utilization_fraction": 0.5,
      "edge_latencies_ms": {
        "0": 1.827871,
        "1": 3.779704,
        "2": 1.945323,
        "3": 2.6236,
        "4": 2.847223,
        "5": 2.83281,
        "6": 3.396378,
        "7": 4.689585,
        "8": 3.464547,
        "9": 3.490446,
        "10": 1.948665,
        "11": 1.60831,
        "12": 8.293288,
        "13": 2.182482,
        "14": 4.451215,
        "15": 6.279381,
        "16": 4.690418,
        "17": 2.84048,
        "18": 6.7156,
        "19": 3.428547,
        "20": 2.172756,
        "21": 5.441821,
        "22": 1.152546,
        "23": 3.559811,
        "24": 2.227103,
        "25": 3.017689,
        "26": 4.286873,
        "27": 1.5304,
        "28": 4.229482,
        "29": 1.780601,
        "30": 4.970149,
        "31": 6.992981,
        "32": 4.61765,
        "33": 5.627737,
        "34": 6.416278,
        "35": 4.417452,
        "36": 4.79836,
        "37": 4.119556,
        "38": 6.20417,
        "39": 4.52983,
        "40": 4.509911,
        "41": 6.389815,
        "42": 6.148559,
        "43": 5.547485,
        "44": 4.15965,
        "45": 5.325396,
        "46": 3.072228,
        "47": 3.647357,
        "48": 2.663811,
        "49": 3.590804,
        "50": 4.104505,
        "51": 3.183278,
        "52": 2.998295,
        "53": 4.777725,
        "54": 4.302396,
        "55": 8.654987,
        "56": 2.967031,
        "57": 0.925457,
        "58": 3.701692,
        "59": 4.03849,
        "60": 3.947049,
        "61": 1.947061,
        "62": 2.590807,
        "63": 3.802894,
        "64": 2.787277,
        "65": 6.203444,
        "66": 3.695457,
        "67": 7.035801,
        "68": 4.877262,
        "69": 2.38052,
        "70": 8.071154,
        "71": 3.725022,
        "72": 3.383044,
        "73": 6.700277,
        "74": 6.02732,
        "75": 5.220577,
        "76": 1.001239,
        "77": 4.772302,
        "78": 2.926621,
        "79": 1.692022,
        "80": 2.199558,
        "81": 5.909625,
        "82": 4.655215,
        "83": 5.528587,
        "84": 8.128315,
        "85": 2.641201,
        "86": 5.610068,
        "87": 3.237985,
        "88": 1.944133,
        "89": 2.923492,
        "90": 3.428695,
        "91": 4.068242,
        "92": 6.490331,
        "93": 3.169617,
        "94": 1.564691,
        "95": 2.816324,
        "96": 3.457658,
        "97": 2.938237,
        "98": 2.401047,
        "99": 2.386701,
        "100": 4.117243,
        "101": 6.794774,
        "102": 1.646208,
        "103": 2.88002,
        "104": 5.314819,
        "105": 3.621245,
        "106": 2.90758,
        "107": 2.926212,
        "108": 2.922189,
        "109": 4.645875,
        "110": 5.877913,
        "111": 3.965604,
        "112": 4.778641,
        "113": 3.825358,
        "114": 4.287319,
        "115": 1.799631,
        "116": 8.455266,
        "117": 1.63502,
        "118": 5.947928,
        "119": 4.495188,
        "120": 4.547846,
        "121": 7.576052,
        "122": 7.613109,
        "123": 5.657579,
        "124": 2.956011,
        "125": 4.395761,
        "126": 5.327808,