{
  "topology_id": 428,
  "load_conditions": {
    "low": {
      "utilization_fraction": 0.2,
      "edge_latencies_ms": {
        "0": 5.541038,
        "1": 2.619684,
        "2": 3.342076,
        "3": 2.11296,
        "4": 2.746309,
        "5": 3.558405,
        "6": 3.348975,
        "7": 2.575715,
        "8": 4.136561,
        "9": 4.525064,
        "10": 0.893503,
        "11": 4.685684,
        "12": 5.383913,
        "13": 4.066926,
        "14": 3.251574,
        "15": 2.691086,
        "16": 4.549878,
        "17": 2.658443,
        "18": 11.8219,
        "19": 3.896309,
        "20": 4.332543,
        "21": 3.374029,
        "22": 0.891291,
        "23": 1.041518,
        "24": 3.676571,
        "25": 4.564049,
        "26": 4.839096,
        "27": 3.681674,
        "28": 2.426115,
        "29": 2.749091,
        "30": 4.907941,
        "31": 9.0146,
        "32": 4.218853,
        "33": 3.307011,
        "34": 6.895328,
        "35": 8.888158,
        "36": 10.795055,
        "37": 3.471689,
        "38": 3.526225,
        "39": 4.231042,
        "40": 2.406564,
        "41": 2.845004,
        "42": 11.20615,
        "43": 1.086568,
        "44": 3.173609,
        "45": 3.727933,
        "46": 3.88518,
        "47": 3.36918,
        "48": 3.804699,
        "49": 1.816214,
        "50": 7.104722,
        "51": 2.502298,
        "52": 2.925407,
        "53": 2.712337,
        "54": 5.063401,
        "55": 1.954536,
        "56": 2.392855,
        "57": 2.894092,
        "58": 2.878932,
        "59": 1.648907,
        "60": 2.354285,
        "61": 1.533223,
        "62": 2.766857,
        "63": 3.030186,
        "64": 4.162126,
        "65": 2.484956,
        "66": 2.159939,
        "67": 4.960145,
        "68": 3.17939,
        "69": 2.86749,
        "70": 3.35667,
        "71": 4.531172,
        "72": 5.105521,
        "73": 3.093087,
        "74": 3.240689,
        "75": 5.621348,
        "76": 2.550406,
        "77": 3.14584,
        "78": 7.131564,
        "79": 4.083156,
        "80": 5.547529,
        "81": 9.457508,
        "82": 2.462834,
        "83": 5.809979,
        "84": 7.592759,
        "85": 2.86139,
        "86": 4.54359,
        "87": 4.179142,
        "88": 3.307077,
        "89": 5.873637,
        "90": 2.091387,
        "91": 6.109427,
        "92": 5.909497,
        "93": 5.023554,
        "94": 4.493327,
        "95": 4.181811,
        "96": 2.775961,
        "97": 7.684277,
        "98": 2.588042,
        "99": 4.801488,
        "100": 3.142362,
        "101": 2.241697,
        "102": 3.349101,
        "103": 1.503754,
        "104": 2.143802,
        "105": 2.082881,
        "106": 15.968076,
        "107": 2.719476,
        "108": 2.769341,
        "109": 2.616143,
        "110": 1.740041,
        "111": 2.540509,
        "112": 3.135908,
        "113": 3.239913,
        "114": 3.027556,
        "115": 3.630489,
        "116": 3.658989,
        "117": 7.417101,
        "118": 5.866759,
        "119": 4.734707,
        "120": 3.668976,
        "121": 5.265824,
        "122": 3.809629,
        "123": 4.542317,
        "124": 2.976686,
        "125": 3.779246,
        "126": 3.997686,
        "127": 2.126107,
        "128": 1.545449,
        "129": 0.839108,
        "130": 4.380021,
        "131": 5.589687,
        "132": 2.233901,
        "133": 5.150533,
        "134": 5.099749,
        "135": 2.290393,
        "136": 1.271497,
        "137": 3.253219,
        "138": 0.854633,
        "139": 2.913336,
        "140": 1.091611,
        "141": 1.38273,
        "142": 3.459982,
        "143": 16.749421,
        "144": 4.333534,
        "145": 1.915948,
        "146": 3.428706,
        "147": 1.790973,
        "148": 6.301782,
        "149": 5.347683,
        "150": 4.86807,
        "151": 7.76298,
        "152": 6.258428,
        "153": 8.728072,
        "154": 2.208133,
        "155": 5.240241,
        "156": 3.648076,
        "157": 3.067753,
        "158": 6.005064,
        "159": 1.823567,
        "160": 6.074505,
        "161": 5.894919,
        "162": 1.945009,
        "163": 4.9903,
        "164": 4.316007,
        "165": 4.695321,
        "166": 5.30197,
        "167": 2.291763,
        "168": 1.377791,
        "169": 3.331001,
        "170": 3.344873,
        "171": 2.134863,
        "172": 1.762494,
        "173": 4.177479,
        "174": 3.403938,
        "175": 3.030632,
        "176": 4.706997,
        "177": 1.953942,
        "178": 2.597075,
        "179": 5.464092,
        "180": 3.925458,
        "181": 2.751724,
        "182": 5.276866,
        "183": 8.289254,
        "184": 6.7024,
        "185": 2.369418,
        "186": 3.399999,
        "187": 4.115204,
        "188": 1.075626,
        "189": 5.206216,
        "190": 6.665532,
        "191": 8.385556,
        "192": 5.316167,
        "193": 7.758404,
        "194": 3.2549,
        "195": 5.162959,
        "196": 3.033241,
        "197": 4.025546
      }
    },
    "medium": {
      "utilization_fraction": 0.5,
      "edge_latencies_ms": {
        "0": 5.541936,
        "1": 2.620535,
        "2": 3.345494,
        "3": 2.114804,
        "4": 2.747105,
        "5": 3.562137,
        "6": 3.351094,
        "7": 2.578356,
        "8": 4.137316,
        "9": 4.526825,
        "10": 0.899782,
        "11": 4.68704,
        "12": 5.385945,
        "13": 4.067949,
        "14": 3.252355,
        "15": 2.693872,
        "16": 4.551431,
        "17": 2.660984,
        "18": 11.836743,
        "19": 3.897093,
        "20": 4.334669,
        "21": 3.377354,
        "22": 0.893543,
        "23": 1.042785,
        "24": 3.67752,
        "25": 4.565681,
        "26": 4.840125,
        "27": 3.683159,
        "28": 2.427333,
        "29": 2.750156,
        "30": 4.908809,
        "31": 9.062688,
        "32": 4.220148,
        "33": 3.307773,
        "34": 6.896429,
        "35": 8.892746,
        "36": 10.812097,
        "37": 3.473407,
        "38": 3.527373,
        "39": 4.232393,
        "40": 2.407912,
        "41": 2.845927,
        "42": 11.214139,
        "43": 1.08772,
        "44": 3.174701,
        "45": 3.735009,
        "46": 3.886029,
        "47": 3.370646,
        "48": 3.806018,
        "49": 1.818348,
        "50": 7.114859,
        "51": 2.504591,
        "52": 2.92848,
        "53": 2.715237,
        "54": 5.064542,
        "55": 1.960474,
        "56": 2.39418,
        "57": 2.898049,
        "58": 2.883693,
        "59": 1.650651,
        "60": 2.355084,
        "61": 1.533977,
        "62": 2.769632,
        "63": 3.030988,
        "64": 4.163369,
        "65": 2.486522,
        "66": 2.160986,
        "67": 4.961522,
        "68": 3.182091,
        "69": 2.868418,
        "70": 3.358128,
        "71": 4.533762,
        "72": 5.107323,
        "73": 3.099748,
        "74": 3.24284,
        "75": 5.624227,
        "76": 2.552029,
        "77": 3.146805,
        "78": 7.140133,
        "79": 4.086169,
        "80": 5.549033,
        "81": 9.466002,
        "82": 2.463976,
        "83": 5.811521,
        "84": 7.602919,
        "85": 2.862453,
        "86": 4.544365,
        "87": 4.18565,
        "88": 3.307898,
        "89": 5.877109,
        "90": 2.092781,
        "91": 6.110383,
        "92": 5.910653,
        "93": 5.02664,
        "94": 4.49422,
        "95": 4.183694,
        "96": 2.778635,
        "97": 7.685919,
        "98": 2.58951,
        "99": 4.802251,
        "100": 3.143644,
        "101": 2.243125,
        "102": 3.350378,
        "103": 1.504582,
        "104": 2.145466,
        "105": 2.083649,
        "106": 15.979427,
        "107": 2.722069,
        "108": 2.770372,
        "109": 2.618916,
        "110": 1.742893,
        "111": 2.542747,
        "112": 3.139605,
        "113": 3.241343,
        "114": 3.033211,
        "115": 3.633476,
        "116": 3.661521,
        "117": 7.42013,
        "118": 5.867794,
        "119": 4.735517,
        "120": 3.669741,
        "121": 5.267662,
        "122": 3.810425,