{
  "topology_id": 217,
  "load_conditions": {
    "low": {
      "utilization_fraction": 0.2,
      "edge_latencies_ms": {
        "0": 5.31705,
        "1": 4.235103,
        "2": 5.940452,
        "3": 7.388765,
        "4": 6.565974,
        "5": 4.991069,
        "6": 5.569529,
        "7": 15.468338,
        "8": 10.367137,
        "9": 2.393914,
        "10": 2.96767,
        "11": 9.17423,
        "12": 2.576792,
        "13": 1.920619,
        "14": 2.109159,
        "15": 11.97849,
        "16": 4.74425,
        "17": 4.294239,
        "18": 2.55277,
        "19": 2.722488,
        "20": 2.137295,
        "21": 3.789082,
        "22": 4.820208,
        "23": 5.585429,
        "24": 10.58713,
        "25": 7.555796,
        "26": 5.23525,
        "27": 3.948921,
        "28": 5.06372,
        "29": 2.691961,
        "30": 3.137864,
        "31": 3.528515,
        "32": 3.929904,
        "33": 3.107401,
        "34": 4.3419,
        "35": 3.953314,
        "36": 3.268075,
        "37": 3.056421,
        "38": 4.698517,
        "39": 3.398953,
        "40": 2.508748,
        "41": 4.350426,
        "42": 4.651552,
        "43": 3.261119,
        "44": 5.077597,
        "45": 5.969872,
        "46": 1.68433,
        "47": 3.373902,
        "48": 12.917503,
        "49": 6.572208,
        "50": 5.456119,
        "51": 3.754624,
        "52": 4.216275,
        "53": 5.040728,
        "54": 4.016587,
        "55": 3.267594,
        "56": 4.673663,
        "57": 4.922196,
        "58": 3.68373,
        "59": 4.36275,
        "60": 11.272279,
        "61": 3.662436,
        "62": 6.345817,
        "63": 0.863849,
        "64": 2.522173,
        "65": 5.144231,
        "66": 5.318936,
        "67": 0.967602,
        "68": 3.516513,
        "69": 4.960015,
        "70": 3.103002,
        "71": 5.068825,
        "72": 3.839899,
        "73": 3.457636,
        "74": 2.522303,
        "75": 2.824086,
        "76": 1.892821,
        "77": 5.563658,
        "78": 1.546496,
        "79": 1.825724,
        "80": 2.287979
      }
    },
    "medium": {
      "utilization_fraction": 0.5,
      "edge_latencies_ms": {
        "0": 5.321964,
        "1": 4.236607,
        "2": 5.941258,
        "3": 7.390252,
        "4": 6.568455,
        "5": 4.991984,
        "6": 5.570661,
        "7": 15.482523,
        "8": 10.407163,
        "9": 2.3951,
        "10": 2.97269,
        "11": 9.184658,
        "12": 2.57958,
        "13": 1.921939,
        "14": 2.11198,
        "15": 12.037203,
        "16": 4.749978,
        "17": 4.29509,
        "18": 2.554439,
        "19": 2.727593,
        "20": 2.138112,
        "21": 3.790634,
        "22": 4.822032,
        "23": 5.587162,
        "24": 10.595421,
        "25": 7.575801,
        "26": 5.236434,
        "27": 3.949729,
        "28": 5.07288,
        "29": 2.694362,
        "30": 3.138918,
        "31": 3.558781,
        "32": 3.945841,
        "33": 3.115146,
        "34": 4.347036,
        "35": 3.955535,
        "36": 3.269237,
        "37": 3.057572,
        "38": 4.699716,
        "39": 3.400261,
        "40": 2.510003,
        "41": 4.353523,
        "42": 4.65233,
        "43": 3.261928,
        "44": 5.080046,
        "45": 5.970624,
        "46": 1.685665,
        "47": 3.375012,
        "48": 12.925904,
        "49": 6.573734,
        "50": 5.457871,
        "51": 3.755802,
        "52": 4.217142,
        "53": 5.041765,
        "54": 4.017648,
        "55": 3.268777,
        "56": 4.674498,
        "57": 4.923839,
        "58": 3.685529,
        "59": 4.363809,
        "60": 11.282671,
        "61": 3.663262,
        "62": 6.360037,
        "63": 0.86481,
        "64": 2.522962,
        "65": 5.145437,
        "66": 5.320641,
        "67": 0.969999,
        "68": 3.517746,
        "69": 4.961817,
        "70": 3.103763,
        "71": 5.072808,
        "72": 3.84073,
        "73": 3.461291,
        "74": 2.523121,
        "75": 2.825222,
        "76": 1.895617,
        "77": 5.565985,
        "78": 1.548364,
        "79": 1.82708,
        "80": 2.288828
      }
    },
    "high": {
      "utilization_fraction": 0.8,
      "edge_latencies_ms": {
        "0": 5.341622,
        "1": 4.242624,
        "2": 5.944484,
        "3": 7.396199,
        "4": 6.578378,
        "5": 4.995643,
        "6": 5.575188,
        "7": 15.53926,
        "8": 10.567267,
        "9": 2.399846,
        "10": 2.992771,
        "11": 9.226371,
        "12": 2.590735,
        "13": 1.927219,
        "14": 2.123265,
        "15": 12.272051,
        "16": 4.772889,
        "17": 4.298495,
        "18": 2.561115,
        "19": 2.748012,
        "20": 2.141377,
        "21": 3.796843,
        "22": 4.829331,
        "23": 5.594093,
        "24": 10.628583,
        "25": 7.655819,
        "26": 5.241174,
        "27": 3.952962,
        "28": 5.109521,
        "29": 2.703966,
        "30": 3.143135,
        "31": 3.679845,
        "32": 4.00959,
        "33": 3.146127,
        "34": 4.367581,
        "35": 3.964421,
        "36": 3.273883,
        "37": 3.062176,
        "38": 4.704512,
        "39": 3.405494,
        "40": 2.515027,
        "41": 4.36591,
        "42": 4.655445,
        "43": 3.265167,
        "44": 5.089844,
        "45": 5.973635,
        "46": 1.691005,
        "47": 3.379454,
        "48": 12.959504,
        "49": 6.579838,
        "50": 5.464878,
        "51": 3.760513,
        "52": 4.220609,
        "53": 5.04591,
        "54": 4.02189,
        "55": 3.273505,
        "56": 4.677837,
        "57": 4.93041,
        "58": 3.692725,
        "59": 4.368044,
        "60": 11.324237,
        "61": 3.666564,
        "62": 6.416916,
        "63": 0.868652,
        "64": 2.52612,
        "65": 5.150262,
        "66": 5.327461,
        "67": 0.979584,
        "68": 3.522675,
        "69": 4.969026,
        "70": 3.106805,
        "71": 5.08874,
        "72": 3.844052,
        "73": 3.47591,
        "74": 2.526389,
        "75": 2.829768,
        "76": 1.906799,
        "77": 5.575293,
        "78": 1.555838,
        "79": 1.832504,
        "80": 2.292226
      }
    },
    "flash": {
      "utilization_fraction": 0.95,
      "edge_latencies_ms": {
        "0": 5.439911,
        "1": 4.272706,
        "2": 5.960611,
        "3": 7.425934,
        "4": 6.627993,
        "5": 5.013938,
        "6": 5.597826,
        "7": 15.822946,
        "8": 11.367785,
        "9": 2.423578,
        "10": 3.093176,
        "11": 9.434936,
        "12": 2.646508,
        "13": 1.95362,
        "14": 2.179689,
        "15": 13.446295,
        "16": 4.887442,
        "17": 4.315519,
        "18": 2.594492,
        "19": 2.850109,
        "20": 2.157706,
        "21": 3.827887,
        "22": 4.865822,
        "23": 5.628747,
        "24": 10.794392,
        "25": 8.055907,
        "26": 5.264871,
        "27": 3.969125,
        "28": 5.292728,
        "29": 2.751987,
        "30": 3.164218,
        "31": 4.285164,
        "32": 4.328332,
        "33": 3.30103,
        "34": 4.470308,
        "35": 4.00885,
        "36": 3.297112,
        "37": 3.085194,
        "38": 4.728493,
        "39": 3.431659,
        "40": 2.540143,
        "41": 4.427848,
        "42": 4.671018,
        "43": 3.281357,
        "44": 5.13883,
        "45": 5.988686,
        "46": 1.717706,
        "47": 3.401665,
        "48": 13.127504,
        "49": 6.610359,
        "50": 5.499913,
        "51": 3.784071,
        "52": 4.237946,
        "53": 5.066639,
        "54": 4.043102,
        "55": 3.297149,
        "56": 4.694532,
        "57": 4.963265,
        "58": 3.728706,
        "59": 4.389216,
        "60": 11.532069,
        "61": 3.683076,
        "62": 6.701312,
        "63": 0.887863,
        "64": 2.541907,
        "65": 5.174389,
        "66": 5.361564,
        "67": 1.027513,
        "68": 3.547323,
        "69": 5.00507,
        "70": 3.122016,
        "71": 5.1684,
        "72": 3.860661,
        "73": 3.549008,
        "74": 2.542732,