{
  "topology_id": 13,
  "load_conditions": {
    "low": {
      "utilization_fraction": 0.2,
      "edge_latencies_ms": {
        "0": 4.058046,
        "1": 6.748019,
        "2": 4.994877,
        "3": 5.347091,
        "4": 5.874796,
        "5": 7.686838,
        "6": 4.024048,
        "7": 4.643849,
        "8": 6.962329,
        "9": 5.508963,
        "10": 6.44616,
        "11": 6.266889,
        "12": 5.717794,
        "13": 4.479138,
        "14": 4.39818,
        "15": 3.105145,
        "16": 12.866381,
        "17": 5.424704,
        "18": 3.481573,
        "19": 1.45155,
        "20": 8.995714,
        "21": 6.01836,
        "22": 7.769822,
        "23": 4.373926,
        "24": 6.816554,
        "25": 2.704462,
        "26": 13.763386,
        "27": 3.509511,
        "28": 4.754578,
        "29": 2.045101,
        "30": 3.303387,
        "31": 4.964586,
        "32": 3.346978,
        "33": 3.568754,
        "34": 5.290396,
        "35": 1.446792,
        "36": 3.321093,
        "37": 2.543677,
        "38": 13.980507,
        "39": 4.52949,
        "40": 4.36114,
        "41": 3.241857,
        "42": 3.798143,
        "43": 4.223554,
        "44": 3.881145,
        "45": 19.176951,
        "46": 5.926957,
        "47": 5.549081,
        "48": 3.758892,
        "49": 3.396219,
        "50": 3.880616,
        "51": 3.215844,
        "52": 3.270991,
        "53": 2.389398,
        "54": 8.289196,
        "55": 7.77476,
        "56": 5.913504,
        "57": 4.589026,
        "58": 5.497848,
        "59": 6.072784,
        "60": 4.796149,
        "61": 6.151606,
        "62": 5.356772,
        "63": 10.167767,
        "64": 3.253251,
        "65": 3.1384,
        "66": 3.5403,
        "67": 6.987555,
        "68": 5.665594
      }
    },
    "medium": {
      "utilization_fraction": 0.5,
      "edge_latencies_ms": {
        "0": 4.058845,
        "1": 6.75242,
        "2": 4.995654,
        "3": 5.348157,
        "4": 5.87611,
        "5": 7.687839,
        "6": 4.025355,
        "7": 4.644626,
        "8": 6.963101,
        "9": 5.510808,
        "10": 6.44723,
        "11": 6.312606,
        "12": 5.727917,
        "13": 4.480478,
        "14": 4.401025,
        "15": 3.106896,
        "16": 12.892934,
        "17": 5.428042,
        "18": 3.482684,
        "19": 1.452635,
        "20": 9.035063,
        "21": 6.019175,
        "22": 7.773587,
        "23": 4.375012,
        "24": 6.817334,
        "25": 2.70529,
        "26": 13.787564,
        "27": 3.515246,
        "28": 4.755785,
        "29": 2.045989,
        "30": 3.304389,
        "31": 4.965461,
        "32": 3.348153,
        "33": 3.569655,
        "34": 5.29162,
        "35": 1.447675,
        "36": 3.322475,
        "37": 2.545818,
        "38": 13.997596,
        "39": 4.534464,
        "40": 4.364549,
        "41": 3.243538,
        "42": 3.798901,
        "43": 4.224313,
        "44": 3.881947,
        "45": 19.188236,
        "46": 5.929465,
        "47": 5.550346,
        "48": 3.760376,
        "49": 3.397715,
        "50": 3.88262,
        "51": 3.221771,
        "52": 3.272767,
        "53": 2.390314,
        "54": 8.291438,
        "55": 7.776108,
        "56": 5.915408,
        "57": 4.592399,
        "58": 5.499355,
        "59": 6.074628,
        "60": 4.798087,
        "61": 6.152923,
        "62": 5.358184,
        "63": 10.168529,
        "64": 3.258554,
        "65": 3.139152,
        "66": 3.541671,
        "67": 6.988479,
        "68": 5.670306
      }
    },
    "high": {
      "utilization_fraction": 0.8,
      "edge_latencies_ms": {
        "0": 4.062039,
        "1": 6.770025,
        "2": 4.998758,
        "3": 5.35242,
        "4": 5.881364,
        "5": 7.691843,
        "6": 4.030583,
        "7": 4.647733,
        "8": 6.966189,
        "9": 5.518185,
        "10": 6.45151,
        "11": 6.495473,
        "12": 5.768408,
        "13": 4.485838,
        "14": 4.412403,
        "15": 3.113901,
        "16": 12.999143,
        "17": 5.441392,
        "18": 3.487128,
        "19": 1.456974,
        "20": 9.19246,
        "21": 6.022435,
        "22": 7.788648,
        "23": 4.379354,
        "24": 6.820453,
        "25": 2.708603,
        "26": 13.884273,
        "27": 3.538188,
        "28": 4.760615,
        "29": 2.049545,
        "30": 3.308398,
        "31": 4.968963,
        "32": 3.352854,
        "33": 3.573256,
        "34": 5.296513,
        "35": 1.451205,
        "36": 3.327999,
        "37": 2.554382,
        "38": 14.065953,
        "39": 4.554362,
        "40": 4.378185,
        "41": 3.250264,
        "42": 3.801933,
        "43": 4.22735,
        "44": 3.885158,
        "45": 19.233376,
        "46": 5.939493,
        "47": 5.555403,
        "48": 3.766311,
        "49": 3.403699,
        "50": 3.890637,
        "51": 3.24548,
        "52": 3.279869,
        "53": 2.393979,
        "54": 8.300408,
        "55": 7.781501,
        "56": 5.923027,
        "57": 4.60589,
        "58": 5.505385,
        "59": 6.082008,
        "60": 4.80584,
        "61": 6.158191,
        "62": 5.363831,
        "63": 10.171578,
        "64": 3.279768,
        "65": 3.142163,
        "66": 3.547153,
        "67": 6.992175,
        "68": 5.689155
      }
    },
    "flash": {
      "utilization_fraction": 0.95,
      "edge_latencies_ms": {
        "0": 4.07801,
        "1": 6.858047,
        "2": 5.01428,
        "3": 5.373733,
        "4": 5.907634,
        "5": 7.711865,
        "6": 4.056719,
        "7": 4.663271,
        "8": 6.98163,
        "9": 5.55507,
        "10": 6.472911,
        "11": 7.409808,
        "12": 5.970864,
        "13": 4.512638,
        "14": 4.469294,
        "15": 3.148924,
        "16": 13.530193,
        "17": 5.508145,
        "18": 3.509347,
        "19": 1.478671,
        "20": 9.979443,
        "21": 6.038732,
        "22": 7.863951,
        "23": 4.401067,
        "24": 6.836046,
        "25": 2.725169,
        "26": 14.367819,
        "27": 3.652896,
        "28": 4.784763,
        "29": 2.067322,
        "30": 3.328442,
        "31": 4.98647,
        "32": 3.376356,
        "33": 3.591265,
        "34": 5.32098,
        "35": 1.468857,
        "36": 3.355621,
        "37": 2.597202,
        "38": 14.40774,
        "39": 4.65385,
        "40": 4.446366,
        "41": 3.283893,
        "42": 3.817095,
        "43": 4.242532,
        "44": 3.901211,
        "45": 19.459075,
        "46": 5.989635,
        "47": 5.58069,
        "48": 3.795987,
        "49": 3.43362,
        "50": 3.930723,
        "51": 3.364023,
        "52": 3.315382,
        "53": 2.412305,
        "54": 8.345254,
        "55": 7.808465,
        "56": 5.961118,
        "57": 4.673343,
        "58": 5.535532,
        "59": 6.118907,
        "60": 4.844605,
        "61": 6.184533,
        "62": 5.392071,
        "63": 10.186822,
        "64": 3.385838,
        "65": 3.157217,
        "66": 3.574561,
        "67": 7.010654,
        "68": 5.783399
      }
    }
  }
}