{
  "topology_id": 294,
  "load_conditions": {
    "low": {
      "utilization_fraction": 0.2,
      "edge_latencies_ms": {
        "0": 7.213051,
        "1": 5.141617,
        "2": 2.78628,
        "3": 3.067449,
        "4": 1.530415,
        "5": 5.570636,
        "6": 9.626937,
        "7": 4.115542,
        "8": 4.786918,
        "9": 1.755207,
        "10": 9.131076,
        "11": 11.821027,
        "12": 8.837548,
        "13": 7.49791,
        "14": 2.730363,
        "15": 3.643005,
        "16": 3.008863,
        "17": 2.570113,
        "18": 5.915939,
        "19": 2.202766,
        "20": 5.493512,
        "21": 3.447653,
        "22": 5.796178,
        "23": 5.424433,
        "24": 4.812926,
        "25": 15.376599,
        "26": 1.890599,
        "27": 2.336733,
        "28": 10.636966,
        "29": 12.448076,
        "30": 11.744324,
        "31": 13.552611,
        "32": 6.787295,
        "33": 3.8954,
        "34": 2.725262,
        "35": 3.22808,
        "36": 3.748348,
        "37": 4.059496,
        "38": 2.264773,
        "39": 2.263772,
        "40": 3.38386,
        "41": 2.496109,
        "42": 2.320146,
        "43": 11.965358,
        "44": 5.636868,
        "45": 2.896243,
        "46": 4.953486,
        "47": 4.403313,
        "48": 2.021791,
        "49": 4.429525,
        "50": 4.4206,
        "51": 2.877308,
        "52": 1.685233,
        "53": 4.335277,
        "54": 5.415546,
        "55": 3.800739
      }
    },
    "medium": {
      "utilization_fraction": 0.5,
      "edge_latencies_ms": {
        "0": 7.214028,
        "1": 5.14299,
        "2": 2.787698,
        "3": 3.069629,
        "4": 1.531471,
        "5": 5.581221,
        "6": 9.638689,
        "7": 4.118037,
        "8": 4.78851,
        "9": 1.757026,
        "10": 9.145485,
        "11": 11.833675,
        "12": 8.852353,
        "13": 7.499285,
        "14": 2.732693,
        "15": 3.644181,
        "16": 3.012552,
        "17": 2.571646,
        "18": 5.916753,
        "19": 2.203962,
        "20": 5.495008,
        "21": 3.448752,
        "22": 5.797037,
        "23": 5.425477,
        "24": 4.814031,
        "25": 15.416306,
        "26": 1.891766,
        "27": 2.33768,
        "28": 10.660594,
        "29": 12.459023,
        "30": 11.799475,
        "31": 13.563624,
        "32": 6.810706,
        "33": 3.897729,
        "34": 2.726576,
        "35": 3.228942,
        "36": 3.74924,
        "37": 4.060407,
        "38": 2.267519,
        "39": 2.264905,
        "40": 3.386126,
        "41": 2.496931,
        "42": 2.321132,
        "43": 11.978366,
        "44": 5.638295,
        "45": 2.898407,
        "46": 4.954473,
        "47": 4.408521,
        "48": 2.022665,
        "49": 4.43047,
        "50": 4.423758,
        "51": 2.878531,
        "52": 1.686109,
        "53": 4.336121,
        "54": 5.418168,
        "55": 3.803348
      }
    },
    "high": {
      "utilization_fraction": 0.8,
      "edge_latencies_ms": {
        "0": 7.217936,
        "1": 5.14848,
        "2": 2.79337,
        "3": 3.078349,
        "4": 1.535699,
        "5": 5.623558,
        "6": 9.685697,
        "7": 4.128018,
        "8": 4.794881,
        "9": 1.764303,
        "10": 9.20312,
        "11": 11.884266,
        "12": 8.911576,
        "13": 7.504784,
        "14": 2.74201,
        "15": 3.648885,
        "16": 3.027312,
        "17": 2.577779,
        "18": 5.92001,
        "19": 2.208747,
        "20": 5.500988,
        "21": 3.453145,
        "22": 5.80047,
        "23": 5.42965,
        "24": 4.818451,
        "25": 15.575132,
        "26": 1.896434,
        "27": 2.341472,
        "28": 10.755106,
        "29": 12.50281,
        "30": 12.020081,
        "31": 13.607672,
        "32": 6.904347,
        "33": 3.907042,
        "34": 2.731835,
        "35": 3.232391,
        "36": 3.752807,
        "37": 4.06405,
        "38": 2.278504,
        "39": 2.269437,
        "40": 3.395189,
        "41": 2.500219,
        "42": 2.325077,
        "43": 12.030397,
        "44": 5.644003,
        "45": 2.907065,
        "46": 4.958421,
        "47": 4.429354,
        "48": 2.026158,
        "49": 4.434253,
        "50": 4.436389,
        "51": 2.883422,
        "52": 1.689613,
        "53": 4.339498,
        "54": 5.428655,
        "55": 3.813781
      }
    },
    "flash": {
      "utilization_fraction": 0.95,
      "edge_latencies_ms": {
        "0": 7.237478,
        "1": 5.175928,
        "2": 2.821729,
        "3": 3.121948,
        "4": 1.556835,
        "5": 5.835247,
        "6": 9.920738,
        "7": 4.177921,
        "8": 4.826734,
        "9": 1.800687,
        "10": 9.491296,
        "11": 12.137223,
        "12": 9.207688,
        "13": 7.532279,
        "14": 2.788598,
        "15": 3.672406,
        "16": 3.10111,
        "17": 2.608446,
        "18": 5.936294,
        "19": 2.23267,
        "20": 5.53089,
        "21": 3.475115,
        "22": 5.817638,
        "23": 5.450518,
        "24": 4.840551,
        "25": 16.369263,
        "26": 1.919772,
        "27": 2.360431,
        "28": 11.227666,
        "29": 12.721744,
        "30": 13.123108,
        "31": 13.827913,
        "32": 7.372554,
        "33": 3.953612,
        "34": 2.758128,
        "35": 3.249637,
        "36": 3.770645,
        "37": 4.082266,
        "38": 2.333427,
        "39": 2.292096,
        "40": 3.440505,
        "41": 2.51666,
        "42": 2.344803,
        "43": 12.29055,
        "44": 5.672541,
        "45": 2.950353,
        "46": 4.978157,
        "47": 4.533519,
        "48": 2.043625,
        "49": 4.453168,
        "50": 4.499545,
        "51": 2.907876,
        "52": 1.707133,
        "53": 4.356383,
        "54": 5.481088,
        "55": 3.865948
      }
    }
  }
}