{
  "topology_id": 52,
  "load_conditions": {
    "low": {
      "utilization_fraction": 0.2,
      "edge_latencies_ms": {
        "0": 5.050045,
        "1": 4.482939,
        "2": 9.326632,
        "3": 11.311372,
        "4": 5.747893,
        "5": 4.555573,
        "6": 1.601047,
        "7": 2.609486,
        "8": 10.155213,
        "9": 3.237938,
        "10": 11.034827,
        "11": 4.998069,
        "12": 2.518632,
        "13": 13.665912,
        "14": 1.869602,
        "15": 15.983138,
        "16": 5.290333,
        "17": 1.257393,
        "18": 4.691692
      }
    },
    "medium": {
      "utilization_fraction": 0.5,
      "edge_latencies_ms": {
        "0": 5.050847,
        "1": 4.483795,
        "2": 9.35406,
        "3": 11.324932,
        "4": 5.792805,
        "5": 4.562262,
        "6": 1.605611,
        "7": 2.610628,
        "8": 10.165245,
        "9": 3.238939,
        "10": 11.043209,
        "11": 4.999897,
        "12": 2.520108,
        "13": 13.685002,
        "14": 1.871238,
        "15": 15.994639,
        "16": 5.291426,
        "17": 1.259682,
        "18": 4.69503
      }
    },
    "high": {
      "utilization_fraction": 0.8,
      "edge_latencies_ms": {
        "0": 5.054056,
        "1": 4.487217,
        "2": 9.463771,
        "3": 11.379173,
        "4": 5.972454,
        "5": 4.58902,
        "6": 1.62387,
        "7": 2.615197,
        "8": 10.205373,
        "9": 3.24294,
        "10": 11.076736,
        "11": 5.007209,
        "12": 2.52601,
        "13": 13.761358,
        "14": 1.877783,
        "15": 16.040642,
        "16": 5.295798,
        "17": 1.268841,
        "18": 4.708381
      }
    },
    "flash": {
      "utilization_fraction": 0.95,
      "edge_latencies_ms": {
        "0": 5.070098,
        "1": 4.504326,
        "2": 10.012326,
        "3": 11.650379,
        "4": 6.870697,
        "5": 4.72281,
        "6": 1.715164,
        "7": 2.638041,
        "8": 10.406011,
        "9": 3.262948,
        "10": 11.244371,
        "11": 5.043772,
        "12": 2.555524,
        "13": 14.14314,
        "14": 1.910508,
        "15": 16.270656,
        "16": 5.317659,
        "17": 1.314633,
        "18": 4.775138
      }
    }
  }
}