{
  "topology_id": 437,
  "load_conditions": {
    "low": {
      "utilization_fraction": 0.2,
      "edge_latencies_ms": {
        "0": 2.875447,
        "1": 3.381988,
        "2": 3.425237,
        "3": 4.818831,
        "4": 5.980397,
        "5": 1.387716,
        "6": 2.832254,
        "7": 1.134317,
        "8": 11.075249,
        "9": 1.805102,
        "10": 3.325374,
        "11": 5.262541,
        "12": 3.127907,
        "13": 3.036445,
        "14": 4.872659,
        "15": 1.996748,
        "16": 5.237149,
        "17": 4.492858,
        "18": 5.192393,
        "19": 4.383785,
        "20": 2.435163,
        "21": 0.833045,
        "22": 1.611029,
        "23": 2.585195,
        "24": 1.339673,
        "25": 3.951682,
        "26": 2.627954,
        "27": 1.947849,
        "28": 2.892647,
        "29": 3.552982,
        "30": 14.307511,
        "31": 2.971287,
        "32": 2.145445,
        "33": 2.549991,
        "34": 2.553068,
        "35": 1.980644,
        "36": 1.954874,
        "37": 4.155527,
        "38": 4.043995,
        "39": 3.080743,
        "40": 8.294595,
        "41": 3.143936,
        "42": 4.733591,
        "43": 3.576213,
        "44": 4.528739,
        "45": 2.904425,
        "46": 1.235426,
        "47": 3.261529,
        "48": 5.627188,
        "49": 4.030449,
        "50": 1.787455,
        "51": 1.80329,
        "52": 0.557064,
        "53": 4.290514,
        "54": 3.147443,
        "55": 2.945596,
        "56": 3.428685,
        "57": 1.911227,
        "58": 4.125372,
        "59": 5.574767,
        "60": 2.866863,
        "61": 3.834717,
        "62": 4.149071,
        "63": 3.433705,
        "64": 3.696188,
        "65": 2.349442,
        "66": 1.565353,
        "67": 7.116883,
        "68": 15.444942,
        "69": 13.563082,
        "70": 5.022075,
        "71": 2.870529,
        "72": 3.496012,
        "73": 5.16087,
        "74": 3.278911,
        "75": 5.498011,
        "76": 3.999264,
        "77": 3.333595,
        "78": 2.578293,
        "79": 2.392465,
        "80": 3.351223,
        "81": 4.651153,
        "82": 6.495669,
        "83": 3.226487,
        "84": 2.695661,
        "85": 2.537874,
        "86": 2.469678,
        "87": 2.594683,
        "88": 4.83768,
        "89": 7.440636,
        "90": 7.595176,
        "91": 7.43685,
        "92": 6.814786,
        "93": 4.425657,
        "94": 4.008719,
        "95": 5.217175,
        "96": 5.366375,
        "97": 6.881264,
        "98": 9.381698,
        "99": 2.513012,
        "100": 1.655637,
        "101": 3.83784,
        "102": 2.979043,
        "103": 3.465917,
        "104": 4.909732,
        "105": 2.633624,
        "106": 3.261932,
        "107": 4.571672,
        "108": 3.195797,
        "109": 3.279922,
        "110": 2.327087,
        "111": 4.707403,
        "112": 5.627387,
        "113": 2.226618,
        "114": 3.670412,
        "115": 6.341573,
        "116": 5.923513,
        "117": 6.696033,
        "118": 2.595346,
        "119": 2.754441,
        "120": 3.440972,
        "121": 4.354289,
        "122": 4.104506,
        "123": 4.731023,
        "124": 5.379529,
        "125": 3.030321,
        "126": 5.04823,
        "127": 4.1749,
        "128": 4.177816,
        "129": 7.117219,
        "130": 3.835498,
        "131": 4.148,
        "132": 2.211166,
        "133": 3.564392,
        "134": 4.832815,
        "135": 2.445216,
        "136": 5.002598,
        "137": 3.320869,
        "138": 2.022162,
        "139": 5.119997,
        "140": 6.852564,
        "141": 4.845492,
        "142": 2.376383,
        "143": 5.80896,
        "144": 3.99069,
        "145": 4.056802,
        "146": 3.270698,
        "147": 1.876282,
        "148": 4.11287,
        "149": 1.685331,
        "150": 3.671345,
        "151": 5.178398,
        "152": 2.483244
      }
    },
    "medium": {
      "utilization_fraction": 0.5,
      "edge_latencies_ms": {
        "0": 2.876348,
        "1": 3.382893,
        "2": 3.426106,
        "3": 4.823095,
        "4": 5.981947,
        "5": 1.389523,
        "6": 2.833825,
        "7": 1.135671,
        "8": 11.10633,
        "9": 1.808865,
        "10": 3.326277,
        "11": 5.279004,
        "12": 3.128753,
        "13": 3.037846,
        "14": 4.873596,
        "15": 1.999911,
        "16": 5.237982,
        "17": 4.528245,
        "18": 5.19487,
        "19": 4.387997,
        "20": 2.437427,
        "21": 0.834132,
        "22": 1.612542,
        "23": 2.586514,
        "24": 1.341576,
        "25": 3.952612,
        "26": 2.629116,
        "27": 1.948775,
        "28": 2.893742,
        "29": 3.554034,
        "30": 14.315865,
        "31": 2.972922,
        "32": 2.147464,
        "33": 2.552057,
        "34": 2.55401,
        "35": 1.981833,
        "36": 1.955907,
        "37": 4.15964,
        "38": 4.050559,
        "39": 3.081612,
        "40": 8.30798,
        "41": 3.165094,
        "42": 4.735176,
        "43": 3.577261,
        "44": 4.529595,
        "45": 2.905377,
        "46": 1.237586,
        "47": 3.262281,
        "48": 5.628144,
        "49": 4.033775,
        "50": 1.789852,
        "51": 1.804394,
        "52": 0.558338,
        "53": 4.29783,
        "54": 3.148689,
        "55": 2.946368,
        "56": 3.429435,
        "57": 1.913327,
        "58": 4.12715,
        "59": 5.576107,
        "60": 2.870458,
        "61": 3.83585,
        "62": 4.150169,
        "63": 3.434535,
        "64": 3.697293,
        "65": 2.351272,
        "66": 1.566684,
        "67": 7.117741,
        "68": 15.48104,
        "69": 13.571171,
        "70": 5.023697,
        "71": 2.874488,
        "72": 3.498049,
        "73": 5.162387,
        "74": 3.279696,
        "75": 5.49909,
        "76": 4.00007,
        "77": 3.335169,
        "78": 2.579497,
        "79": 2.393565,
        "80": 3.352545,
        "81": 4.651938,
        "82": 6.497037,
        "83": 3.228511,
        "84": 2.699188,
        "85": 2.538666,
        "86": 2.470527,
        "87": 2.595642,
        "88": 4.838454,
        "89": 7.442897,
        "90": 7.595979,
        "91": 7.438712,
        "92": 6.816072,
        "93": 4.426503,
        "94": 4.009587,
        "95": 5.218584,
        "96": 5.367519,
        "97": 6.882099,
        "98": 9.391258,
        "99": 2.514208,
        "100": 1.657054,
        "101": 3.840686,
        "102": 2.98227,
        "103": 3.467079,
        "104": 4.916499,
        "105": 2.636527,
        "106": 3.262827,
        "107": 4.574392,
        "108": 3.196811,
        "109": 3.280698,
        "110": 2.328699,
        "111": 4.708483,
        "112": 5.628155,
        "113": 2.228664,
        "114": 3.67131,
        "115": 6.342382,
        "116": 5.930289,
        "117": 6.697026,
        "118": 2.5962,
        "119": 2.756062,
        "120": 3.443954,
        "121": 4.35536,
        "122": 4.106207,
        "123": 4.732489,
        "124": 5.380293,
        "125": 3.032577,
        "126": 5.051307,
        "127": 4.177677,
        "128": 4.178837,
        "129": 7.118391,
        "130": 3.83663,
        "131": 4.149918,
        "132": 2.213346,
        "133": 3.56531,
        "134": 4.833827,
        "135": 2.446518,
        "136": 5.003396,
        "137": 3.322429,
        "138": 2.023095,
        "139": 5.120898,
        "140": 6.854256,
        "141": 4.847738,
        "142": 2.377695,
        "143": 5.81152,
        "144": 3.992426,
        "145": 4.058039,
        "146": 3.272137,
        "147": 1.877996,
        "148": 4.113987,
        "149": 1.692217,
        "150": 3.673405,
        "151": 5.17932,
        "152": 2.484323
      }
    },
    "high": {
      "utilization_fraction": 0.8,
      "edge_latencies_ms": {
        "0": 2.879952,
        "1": 3.386511,
        "2": 3.429585,
        "3": 4.840151,
        "4": 5.988148,
        "5": 1.396749,
        "6": 2.840108,
        "7": 1.14109,
        "8": 11.230657,
        "9": 1.823916,
        "10": 3.329891,
        "11": 5.344858,