{
  "topology_id": 64,
  "load_conditions": {
    "low": {
      "utilization_fraction": 0.2,
      "edge_latencies_ms": {
        "0": 5.893677,
        "1": 2.954999,
        "2": 1.410161,
        "3": 5.313517,
        "4": 4.306528,
        "5": 4.305659,
        "6": 3.641994,
        "7": 2.557205,
        "8": 7.328573,
        "9": 1.138387,
        "10": 3.237259,
        "11": 4.837054,
        "12": 2.10993,
        "13": 1.268432,
        "14": 1.798917,
        "15": 5.091465,
        "16": 2.259318,
        "17": 4.541779,
        "18": 3.719428,
        "19": 7.715282,
        "20": 4.759972,
        "21": 5.03991,
        "22": 2.61862,
        "23": 2.44097,
        "24": 2.69551,
        "25": 5.51006,
        "26": 6.051698,
        "27": 4.851386,
        "28": 3.978586,
        "29": 9.447537,
        "30": 3.233202,
        "31": 3.41305,
        "32": 5.695941,
        "33": 7.117797,
        "34": 2.405597,
        "35": 4.647922,
        "36": 3.670942,
        "37": 3.028583,
        "38": 1.104089,
        "39": 2.580916,
        "40": 3.752313,
        "41": 2.467574,
        "42": 1.594519,
        "43": 3.733159,
        "44": 5.25587,
        "45": 3.246486,
        "46": 4.293815,
        "47": 3.84146,
        "48": 4.764625,
        "49": 3.725037,
        "50": 2.742488,
        "51": 1.457313,
        "52": 4.636915,
        "53": 4.449957,
        "54": 5.431667,
        "55": 4.879516,
        "56": 2.223687,
        "57": 4.723187,
        "58": 1.323841,
        "59": 4.650376,
        "60": 4.877564,
        "61": 2.117826,
        "62": 3.958006,
        "63": 4.092567,
        "64": 1.056836,
        "65": 5.157912,
        "66": 2.218793,
        "67": 6.163332,
        "68": 5.174205,
        "69": 1.851817,
        "70": 2.623895,
        "71": 3.645465,
        "72": 4.229358,
        "73": 4.730013,
        "74": 4.495304,
        "75": 1.695206,
        "76": 4.036305,
        "77": 2.130074,
        "78": 1.928234,
        "79": 6.640009,
        "80": 4.516907,
        "81": 3.302663,
        "82": 3.418859,
        "83": 3.991225,
        "84": 1.857233,
        "85": 4.222673,
        "86": 4.471847,
        "87": 3.500905,
        "88": 4.102803,
        "89": 1.674381,
        "90": 5.324715,
        "91": 3.145587,
        "92": 1.497961,
        "93": 5.791552,
        "94": 6.369273,
        "95": 5.332551,
        "96": 5.299869,
        "97": 5.10398,
        "98": 4.759546,
        "99": 4.392479,
        "100": 5.416519,
        "101": 2.276872,
        "102": 2.016826,
        "103": 3.242391,
        "104": 6.072392,
        "105": 3.1536,
        "106": 2.528505,
        "107": 4.273205,
        "108": 3.380288,
        "109": 6.172581,
        "110": 5.106911,
        "111": 1.971853,
        "112": 1.527464,
        "113": 5.754327,
        "114": 2.545284,
        "115": 4.051463,
        "116": 4.409827,
        "117": 2.512248,
        "118": 3.284546,
        "119": 3.114546,
        "120": 4.426717,
        "121": 4.078755,
        "122": 3.687929,
        "123": 2.500234,
        "124": 3.064759,
        "125": 1.879285,
        "126": 2.741164,
        "127": 3.151157,
        "128": 2.850881,
        "129": 6.048143,
        "130": 4.70212,
        "131": 6.042597,
        "132": 4.39299,
        "133": 3.949973,
        "134": 5.593662,
        "135": 3.340216,
        "136": 3.1289,
        "137": 6.008438,
        "138": 5.106494,
        "139": 4.621461,
        "140": 3.127568,
        "141": 1.611323,
        "142": 5.993129,
        "143": 5.549612,
        "144": 6.949303,
        "145": 1.3717,
        "146": 2.371351,
        "147": 3.244357,
        "148": 2.435307,
        "149": 2.710477,
        "150": 3.031391,
        "151": 4.221389,
        "152": 2.388797,
        "153": 1.025092,
        "154": 2.000857,
        "155": 1.583615,
        "156": 4.810819,
        "157": 3.3367,
        "158": 2.151494,
        "159": 4.071792,
        "160": 5.632854,
        "161": 3.938297,
        "162": 5.286572,
        "163": 3.293196,
        "164": 2.290673,
        "165": 2.3005,
        "166": 1.232309,
        "167": 4.202657,
        "168": 1.743573,
        "169": 1.535383,
        "170": 4.845659,
        "171": 2.886261,
        "172": 6.142035,
        "173": 2.710267,
        "174": 4.288843,
        "175": 5.020302,
        "176": 4.145504,
        "177": 3.543616,
        "178": 5.299121,
        "179": 5.286453,
        "180": 3.591868,
        "181": 2.195893,
        "182": 2.525795,
        "183": 4.280085,
        "184": 3.462317,
        "185": 5.752458,
        "186": 3.691359,
        "187": 4.194107,
        "188": 4.740711,
        "189": 3.148222
      }
    },
    "medium": {
      "utilization_fraction": 0.5,
      "edge_latencies_ms": {
        "0": 5.894782,
        "1": 2.956331,
        "2": 1.417654,
        "3": 5.314378,
        "4": 4.316702,
        "5": 4.307168,
        "6": 3.642786,
        "7": 2.558274,
        "8": 7.333086,
        "9": 1.1398,
        "10": 3.238012,
        "11": 4.838147,
        "12": 2.110947,
        "13": 1.272459,
        "14": 1.800163,
        "15": 5.092449,
        "16": 2.260468,
        "17": 4.543141,
        "18": 3.725444,
        "19": 7.723721,
        "20": 4.765789,
        "21": 5.041531,
        "22": 2.620428,
        "23": 2.445105,
        "24": 2.696415,
        "25": 5.512036,
        "26": 6.056176,
        "27": 4.852199,
        "28": 3.979352,
        "29": 9.455429,
        "30": 3.236923,
        "31": 3.416744,
        "32": 5.697041,
        "33": 7.120268,
        "34": 2.409337,
        "35": 4.651274,
        "36": 3.672443,
        "37": 3.029803,
        "38": 1.106132,
        "39": 2.583369,
        "40": 3.753374,
        "41": 2.469198,
        "42": 1.59539,
        "43": 3.734243,
        "44": 5.256988,
        "45": 3.24745,
        "46": 4.294749,
        "47": 3.842863,
        "48": 4.76946,
        "49": 3.757814,
        "50": 2.749337,
        "51": 1.458149,
        "52": 4.640639,
        "53": 4.450815,
        "54": 5.435743,
        "55": 4.880408,
        "56": 2.225457,
        "57": 4.724576,
        "58": 1.324849,
        "59": 4.654044,
        "60": 4.879438,
        "61": 2.119914,
        "62": 3.958823,
        "63": 4.09415,
        "64": 1.057775,
        "65": 5.158895,
        "66": 2.220775,
        "67": 6.165022,
        "68": 5.177649,
        "69": 1.852584,
        "70": 2.624915,
        "71": 3.646424,
        "72": 4.230981,
        "73": 4.731957,
        "74": 4.498092,
        "75": 1.698481,
        "76": 4.042137,
        "77": 2.132949,
        "78": 1.92912,
        "79": 6.641115,
        "80": 4.519499,
        "81": 3.304284,
        "82": 3.420838,
        "83": 3.992145,
        "84": 1.859627,
        "85": 4.225457,
        "86": 4.472673,
        "87": 3.502494,
        "88": 4.105636,
        "89": 1.679723,
        "90": 5.325529,
        "91": 3.146576,
        "92": 1.501463,
        "93": 5.792474,
        "94": 6.370127,
        "95": 5.337021,
        "96": 5.303853,
        "97": 5.107648,
        "98": 4.760553,
        "99": 4.393702,
        "100": 5.418018,
        "101": 2.277856,
        "102": 2.019234,
        "103": 3.279692,
        "104": 6.073182,
        "105": 3.16019,
        "106": 2.529753,
        "107": 4.274791,
        "108": 3.384303,
        "109": 6.173484,
        "110": 5.10903,
        "111": 1.973,
        "112": 1.530938,
        "113": 5.755993,
        "114": 2.546272,
        "115": 4.052749,
        "116": 4.412238,
        "117": 2.514308,
        "118": 3.285374,
        "119": 3.1166,
        "120": 4.427495,
        "121": 4.082517,
        "122": 3.68881,
        "123": 2.507386,
        "124": 3.066136,
        "125": 1.88023,
        "126": 2.742243,
        "127": 3.154686,
        "128": 2.852497,
        "129": 6.04899,
        "130": 4.703283,