{
  "topology_id": 417,
  "load_conditions": {
    "low": {
      "utilization_fraction": 0.2,
      "edge_latencies_ms": {
        "0": 3.258238,
        "1": 2.772008,
        "2": 3.251007,
        "3": 3.948816,
        "4": 1.659084,
        "5": 12.215596,
        "6": 2.555041,
        "7": 7.014389,
        "8": 4.525508,
        "9": 10.943827,
        "10": 4.986242,
        "11": 2.809858,
        "12": 5.506566,
        "13": 2.833684,
        "14": 3.755899,
        "15": 6.163022,
        "16": 2.774183,
        "17": 3.481335
      }
    },
    "medium": {
      "utilization_fraction": 0.5,
      "edge_latencies_ms": {
        "0": 3.259729,
        "1": 2.778879,
        "2": 3.252015,
        "3": 3.949941,
        "4": 1.660122,
        "5": 12.223421,
        "6": 2.558296,
        "7": 7.026411,
        "8": 4.527174,
        "9": 10.954074,
        "10": 4.989558,
        "11": 2.812095,
        "12": 5.508163,
        "13": 2.836973,
        "14": 3.756807,
        "15": 6.164033,
        "16": 2.77598,
        "17": 3.485429
      }
    },
    "high": {
      "utilization_fraction": 0.8,
      "edge_latencies_ms": {
        "0": 3.265691,
        "1": 2.806361,
        "2": 3.256049,
        "3": 3.954442,
        "4": 1.664276,
        "5": 12.254719,
        "6": 2.571315,
        "7": 7.074499,
        "8": 4.533835,
        "9": 10.995059,
        "10": 5.002822,
        "11": 2.821044,
        "12": 5.51455,
        "13": 2.850131,
        "14": 3.760437,
        "15": 6.168076,
        "16": 2.78317,
        "17": 3.501805
      }
    },
    "flash": {
      "utilization_fraction": 0.95,
      "edge_latencies_ms": {
        "0": 3.295503,
        "1": 2.943773,
        "2": 3.276218,
        "3": 3.976945,
        "4": 1.685044,
        "5": 12.411211,
        "6": 2.636415,
        "7": 7.314935,
        "8": 4.567143,
        "9": 11.199984,
        "10": 5.069143,
        "11": 2.865786,
        "12": 5.546487,
        "13": 2.915921,
        "14": 3.778587,
        "15": 6.188291,
        "16": 2.81912,
        "17": 3.583684
      }
    }
  }
}