{
  "topology_id": 490,
  "load_conditions": {
    "low": {
      "utilization_fraction": 0.2,
      "edge_latencies_ms": {
        "0": 5.060157,
        "1": 2.086278,
        "2": 1.386228,
        "3": 12.771412,
        "4": 3.597526,
        "5": 4.329822,
        "6": 5.45394,
        "7": 1.853694,
        "8": 3.087487,
        "9": 2.389817,
        "10": 3.036947,
        "11": 3.34714,
        "12": 4.490719,
        "13": 3.9489,
        "14": 1.167785,
        "15": 1.060366,
        "16": 5.066126,
        "17": 4.963628,
        "18": 3.169523,
        "19": 4.983898,
        "20": 3.746756,
        "21": 6.447855,
        "22": 1.223187,
        "23": 1.843594,
        "24": 2.745289,
        "25": 8.502619,
        "26": 3.619984,
        "27": 5.468558,
        "28": 6.825139,
        "29": 3.14855,
        "30": 5.671811,
        "31": 5.860732,
        "32": 5.510008,
        "33": 3.159709,
        "34": 2.124689,
        "35": 1.375794,
        "36": 3.797818,
        "37": 3.570659,
        "38": 4.293696,
        "39": 4.570268,
        "40": 4.952712,
        "41": 2.051524,
        "42": 3.468501,
        "43": 2.627745,
        "44": 2.648559,
        "45": 1.788373,
        "46": 2.616883,
        "47": 1.503721,
        "48": 1.532994,
        "49": 1.764024,
        "50": 10.302592,
        "51": 2.812927,
        "52": 4.205957,
        "53": 2.624556,
        "54": 3.738407,
        "55": 5.681154,
        "56": 3.372035,
        "57": 2.771158,
        "58": 5.522635,
        "59": 3.311676,
        "60": 4.62438,
        "61": 3.574024,
        "62": 2.760325,
        "63": 2.323201,
        "64": 5.38466,
        "65": 2.614694,
        "66": 2.999109,
        "67": 2.796686,
        "68": 2.22067,
        "69": 4.661082,
        "70": 4.171111,
        "71": 2.951129,
        "72": 5.94929,
        "73": 4.732326,
        "74": 1.230676,
        "75": 4.69297,
        "76": 5.385322,
        "77": 0.934474,
        "78": 3.409458,
        "79": 1.972986,
        "80": 3.957446,
        "81": 4.242917,
        "82": 7.399206,
        "83": 3.064724,
        "84": 6.68029,
        "85": 6.638229,
        "86": 0.838453,
        "87": 6.11347,
        "88": 3.962597,
        "89": 4.293453,
        "90": 5.201645,
        "91": 3.854981,
        "92": 2.135824,
        "93": 4.70971,
        "94": 6.197492,
        "95": 2.309972,
        "96": 4.682484,
        "97": 3.749085,
        "98": 3.24925,
        "99": 2.837603,
        "100": 6.07084,
        "101": 4.661149,
        "102": 3.873679,
        "103": 4.729142,
        "104": 5.442187,
        "105": 4.376963,
        "106": 4.362333,
        "107": 1.936921,
        "108": 3.322371,
        "109": 2.27372,
        "110": 4.431878,
        "111": 2.728856,
        "112": 3.205763
      }
    },
    "medium": {
      "utilization_fraction": 0.5,
      "edge_latencies_ms": {
        "0": 5.062742,
        "1": 2.087883,
        "2": 1.387369,
        "3": 12.781837,
        "4": 3.598609,
        "5": 4.330641,
        "6": 5.455505,
        "7": 1.855717,
        "8": 3.088423,
        "9": 2.392525,
        "10": 3.039646,
        "11": 3.348526,
        "12": 4.494831,
        "13": 3.952408,
        "14": 1.172774,
        "15": 1.063573,
        "16": 5.067576,
        "17": 4.965059,
        "18": 3.170694,
        "19": 4.985176,
        "20": 3.74765,
        "21": 6.451865,
        "22": 1.225184,
        "23": 1.847778,
        "24": 2.746076,
        "25": 8.510234,
        "26": 3.620888,
        "27": 5.469545,
        "28": 6.826364,
        "29": 3.149347,
        "30": 5.673463,
        "31": 5.866355,
        "32": 5.511144,
        "33": 3.161001,
        "34": 2.125613,
        "35": 1.376948,
        "36": 3.798907,
        "37": 3.572105,
        "38": 4.295285,
        "39": 4.573156,
        "40": 4.953528,
        "41": 2.054181,
        "42": 3.469687,
        "43": 2.630624,
        "44": 2.649528,
        "45": 1.789325,
        "46": 2.618726,
        "47": 1.50484,
        "48": 1.534854,
        "49": 1.766323,
        "50": 10.330325,
        "51": 2.813681,
        "52": 4.207706,
        "53": 2.626106,
        "54": 3.740676,
        "55": 5.682722,
        "56": 3.37337,
        "57": 2.775599,
        "58": 5.525503,
        "59": 3.31313,
        "60": 4.631353,
        "61": 3.575265,
        "62": 2.765217,
        "63": 2.325997,
        "64": 5.388359,
        "65": 2.615976,
        "66": 3.00037,
        "67": 2.797761,
        "68": 2.222153,
        "69": 4.66239,
        "70": 4.171887,
        "71": 2.953563,
        "72": 5.950337,
        "73": 4.734801,
        "74": 1.231764,
        "75": 4.694338,
        "76": 5.386132,
        "77": 0.935229,
        "78": 3.410492,
        "79": 1.974915,
        "80": 3.958319,
        "81": 4.246033,
        "82": 7.400398,
        "83": 3.065595,
        "84": 6.681057,
        "85": 6.642031,
        "86": 0.839492,
        "87": 6.116804,
        "88": 3.963582,
        "89": 4.296004,
        "90": 5.202507,
        "91": 3.856723,
        "92": 2.137584,
        "93": 4.710754,
        "94": 6.19924,
        "95": 2.310747,
        "96": 4.683623,
        "97": 3.750159,
        "98": 3.251595,
        "99": 2.838529,
        "100": 6.072444,
        "101": 4.663726,
        "102": 3.874943,
        "103": 4.729945,
        "104": 5.449089,
        "105": 4.377732,
        "106": 4.36347,
        "107": 1.93832,
        "108": 3.323525,
        "109": 2.274933,
        "110": 4.435064,
        "111": 2.729649,
        "112": 3.206953
      }
    },
    "high": {
      "utilization_fraction": 0.8,
      "edge_latencies_ms": {
        "0": 5.073083,
        "1": 2.094306,
        "2": 1.391932,
        "3": 12.823541,
        "4": 3.602939,
        "5": 4.333919,
        "6": 5.461767,
        "7": 1.863809,
        "8": 3.092168,
        "9": 2.403359,
        "10": 3.050441,
        "11": 3.354068,
        "12": 4.511277,
        "13": 3.966439,
        "14": 1.192728,
        "15": 1.076403,
        "16": 5.073376,
        "17": 4.970782,
        "18": 3.175378,
        "19": 4.990289,
        "20": 3.751225,
        "21": 6.467909,
        "22": 1.233174,
        "23": 1.864514,
        "24": 2.74922,
        "25": 8.540695,
        "26": 3.624503,
        "27": 5.47349,
        "28": 6.831263,
        "29": 3.152533,
        "30": 5.68007,
        "31": 5.888849,
        "32": 5.515687,
        "33": 3.16617,
        "34": 2.129309,
        "35": 1.381566,
        "36": 3.803264,
        "37": 3.577886,
        "38": 4.30164,
        "39": 4.58471,
        "40": 4.956793,
        "41": 2.064809,
        "42": 3.474432,
        "43": 2.64214,
        "44": 2.653405,
        "45": 1.793132,
        "46": 2.626098,
        "47": 1.509313,
        "48": 1.542292,
        "49": 1.775521,
        "50": 10.44126,
        "51": 2.816699,
        "52": 4.214702,
        "53": 2.632307,
        "54": 3.749748,
        "55": 5.688993,
        "56": 3.378709,
        "57": 2.793365,
        "58": 5.536976,
        "59": 3.31895,
        "60": 4.659247,
        "61": 3.580229,
        "62": 2.784784,
        "63": 2.337183,
        "64": 5.403157,
        "65": 2.621102,
        "66": 3.005411,
        "67": 2.802061,
        "68": 2.228084,
        "69": 4.667625,
        "70": 4.174991,
        "71": 2.963297,
        "72": 5.954525,
        "73": 4.7447,
        "74": 1.236115,
        "75": 4.699809,
        "76": 5.389373,
        "77": 0.93825,
        "78": 3.41463,
        "79": 1.982632,
        "80": 3.961807,
        "81": 4.258497,
        "82": 7.405164,
        "83": 3.069082,
        "84": 6.684125,
        "85": 6.657243,
        "86": 0.843649,
        "87": 6.130138,
        "88": 3.967519,
        "89": 4.306208,
        "90": 5.205956,
        "91": 3.863689,
        "92": 2.144626,
        "93": 4.714931,
        "94": 6.206233,