{
  "topology_id": 249,
  "load_conditions": {
    "low": {
      "utilization_fraction": 0.2,
      "edge_latencies_ms": {
        "0": 5.081624,
        "1": 13.725188,
        "2": 7.477217,
        "3": 3.519998,
        "4": 1.692713,
        "5": 3.948242,
        "6": 14.234808,
        "7": 13.292621,
        "8": 2.138572,
        "9": 19.005186,
        "10": 3.142916,
        "11": 5.23547,
        "12": 3.845644,
        "13": 3.730652,
        "14": 1.125982,
        "15": 3.313802,
        "16": 3.787454,
        "17": 4.236516,
        "18": 4.29186,
        "19": 4.429631,
        "20": 6.918296,
        "21": 6.142558,
        "22": 3.369627,
        "23": 6.318214,
        "24": 5.511393,
        "25": 4.258815,
        "26": 3.776486,
        "27": 6.657659,
        "28": 6.663923,
        "29": 5.850473,
        "30": 12.401583,
        "31": 13.722,
        "32": 3.997153,
        "33": 4.858266,
        "34": 5.974316,
        "35": 3.267819,
        "36": 2.255435,
        "37": 4.574712,
        "38": 3.711848,
        "39": 2.347104,
        "40": 2.508589,
        "41": 1.963391,
        "42": 3.052757,
        "43": 3.288405
      }
    },
    "medium": {
      "utilization_fraction": 0.5,
      "edge_latencies_ms": {
        "0": 5.083648,
        "1": 13.733159,
        "2": 7.491303,
        "3": 3.521234,
        "4": 1.694084,
        "5": 3.950733,
        "6": 14.252867,
        "7": 13.330049,
        "8": 2.145028,
        "9": 19.019308,
        "10": 3.144238,
        "11": 5.237248,
        "12": 3.848451,
        "13": 3.732365,
        "14": 1.127502,
        "15": 3.316255,
        "16": 3.788213,
        "17": 4.237357,
        "18": 4.292939,
        "19": 4.43165,
        "20": 6.919229,
        "21": 6.143562,
        "22": 3.371212,
        "23": 6.319029,
        "24": 5.515191,
        "25": 4.261438,
        "26": 3.778299,
        "27": 6.661991,
        "28": 6.665619,
        "29": 5.855624,
        "30": 12.427866,
        "31": 13.738894,
        "32": 3.998639,
        "33": 4.860608,
        "34": 5.981667,
        "35": 3.268881,
        "36": 2.25694,
        "37": 4.575562,
        "38": 3.71278,
        "39": 2.34796,
        "40": 2.510153,
        "41": 1.964226,
        "42": 3.053525,
        "43": 3.290669
      }
    },
    "high": {
      "utilization_fraction": 0.8,
      "edge_latencies_ms": {
        "0": 5.091744,
        "1": 13.765042,
        "2": 7.547648,
        "3": 3.526175,
        "4": 1.699567,
        "5": 3.960696,
        "6": 14.325105,
        "7": 13.47976,
        "8": 2.170849,
        "9": 19.075798,
        "10": 3.149525,
        "11": 5.24436,
        "12": 3.859677,
        "13": 3.73922,
        "14": 1.133582,
        "15": 3.326069,
        "16": 3.791251,
        "17": 4.240717,
        "18": 4.297253,
        "19": 4.439727,
        "20": 6.92296,
        "21": 6.14758,
        "22": 3.377552,
        "23": 6.322289,
        "24": 5.53038,
        "25": 4.271931,
        "26": 3.785549,
        "27": 6.679321,
        "28": 6.672406,
        "29": 5.87623,
        "30": 12.532996,
        "31": 13.806472,
        "32": 4.004581,
        "33": 4.869973,
        "34": 6.011071,
        "35": 3.273129,
        "36": 2.26296,
        "37": 4.578962,
        "38": 3.716509,
        "39": 2.351382,
        "40": 2.516408,
        "41": 1.967563,
        "42": 3.056597,
        "43": 3.299728
      }
    },
    "flash": {
      "utilization_fraction": 0.95,
      "edge_latencies_ms": {
        "0": 5.132222,
        "1": 13.924459,
        "2": 7.829375,
        "3": 3.550881,
        "4": 1.726983,
        "5": 4.010512,
        "6": 14.686295,
        "7": 14.228315,
        "8": 2.299955,
        "9": 19.358247,
        "10": 3.175961,
        "11": 5.279917,
        "12": 3.915805,
        "13": 3.773492,
        "14": 1.163979,
        "15": 3.375139,
        "16": 3.80644,
        "17": 4.257522,
        "18": 4.318826,
        "19": 4.480113,
        "20": 6.941616,
        "21": 6.167668,
        "22": 3.409252,
        "23": 6.33859,
        "24": 5.606326,
        "25": 4.324397,
        "26": 3.821801,
        "27": 6.765972,
        "28": 6.70634,
        "29": 5.979257,
        "30": 13.058647,
        "31": 14.144361,
        "32": 4.034294,
        "33": 4.916801,
        "34": 6.158088,
        "35": 3.29437,
        "36": 2.293059,
        "37": 4.595963,
        "38": 3.735156,
        "39": 2.368495,
        "40": 2.547684,
        "41": 1.984249,
        "42": 3.071954,
        "43": 3.345019
      }
    }
  }
}