{
  "topology_id": 162,
  "load_conditions": {
    "low": {
      "utilization_fraction": 0.2,
      "edge_latencies_ms": {
        "0": 3.80862,
        "1": 2.149148,
        "2": 2.392993,
        "3": 3.462374,
        "4": 1.549219,
        "5": 2.769905,
        "6": 5.195841,
        "7": 1.582516,
        "8": 4.276257,
        "9": 2.684207,
        "10": 5.593981,
        "11": 4.102708,
        "12": 4.815296,
        "13": 3.334251,
        "14": 1.460265,
        "15": 6.986594,
        "16": 4.074255,
        "17": 4.244444,
        "18": 3.815789,
        "19": 3.181927,
        "20": 3.82406,
        "21": 4.191346,
        "22": 5.666013,
        "23": 5.89234,
        "24": 3.238097,
        "25": 2.026697,
        "26": 1.889308,
        "27": 6.768146,
        "28": 5.800665,
        "29": 2.765524,
        "30": 3.089334,
        "31": 3.599227,
        "32": 1.901795,
        "33": 2.212208,
        "34": 1.498835,
        "35": 3.688879,
        "36": 1.939946,
        "37": 4.400437,
        "38": 3.559486,
        "39": 5.619227,
        "40": 5.843014,
        "41": 6.091262,
        "42": 4.984951,
        "43": 6.4695,
        "44": 1.913175,
        "45": 3.325771,
        "46": 6.419791,
        "47": 1.909786,
        "48": 5.882144,
        "49": 3.909516,
        "50": 9.658302,
        "51": 4.556057,
        "52": 7.574123,
        "53": 5.189705,
        "54": 5.052708,
        "55": 4.407715,
        "56": 4.402229,
        "57": 2.58309,
        "58": 2.794732,
        "59": 7.029123,
        "60": 4.08772,
        "61": 4.176836,
        "62": 4.668742,
        "63": 5.273982,
        "64": 2.791891,
        "65": 2.550854,
        "66": 5.138239,
        "67": 3.72897,
        "68": 4.338648,
        "69": 3.109114,
        "70": 4.145522,
        "71": 3.401276,
        "72": 2.227472,
        "73": 4.676231,
        "74": 5.81469,
        "75": 1.556065,
        "76": 3.673572,
        "77": 5.31389,
        "78": 4.711383,
        "79": 2.820389,
        "80": 2.875719,
        "81": 1.796567,
        "82": 3.656741,
        "83": 4.093433,
        "84": 5.379187,
        "85": 3.861409,
        "86": 3.451151,
        "87": 5.675324,
        "88": 2.884133,
        "89": 4.372868,
        "90": 4.446531,
        "91": 5.74001,
        "92": 3.135559,
        "93": 3.998459,
        "94": 6.506459,
        "95": 4.921135,
        "96": 7.185464,
        "97": 2.067302,
        "98": 4.210182,
        "99": 3.482006,
        "100": 2.687057,
        "101": 6.995996,
        "102": 3.410863,
        "103": 4.319828,
        "104": 6.225857,
        "105": 1.382938,
        "106": 2.743065,
        "107": 4.026748,
        "108": 3.98045,
        "109": 7.424163,
        "110": 5.264776,
        "111": 1.899711,
        "112": 5.931963,
        "113": 6.376872
      }
    },
    "medium": {
      "utilization_fraction": 0.5,
      "edge_latencies_ms": {
        "0": 3.81246,
        "1": 2.150624,
        "2": 2.397192,
        "3": 3.463319,
        "4": 1.550901,
        "5": 2.771551,
        "6": 5.196887,
        "7": 1.58385,
        "8": 4.277133,
        "9": 2.686257,
        "10": 5.595755,
        "11": 4.103484,
        "12": 4.816102,
        "13": 3.335198,
        "14": 1.461848,
        "15": 6.995597,
        "16": 4.076133,
        "17": 4.248289,
        "18": 3.817401,
        "19": 3.182761,
        "20": 3.824957,
        "21": 4.196761,
        "22": 5.667081,
        "23": 5.893781,
        "24": 3.23999,
        "25": 2.032015,
        "26": 1.89036,
        "27": 6.769036,
        "28": 5.801519,
        "29": 2.767136,
        "30": 3.090535,
        "31": 3.600191,
        "32": 1.904105,
        "33": 2.21476,
        "34": 1.50024,
        "35": 3.689719,
        "36": 1.941069,
        "37": 4.404991,
        "38": 3.560355,
        "39": 5.619998,
        "40": 5.844678,
        "41": 6.092159,
        "42": 4.985737,
        "43": 6.487695,
        "44": 1.914022,
        "45": 3.331394,
        "46": 6.421923,
        "47": 1.910804,
        "48": 5.882942,
        "49": 3.910429,
        "50": 9.666578,
        "51": 4.559797,
        "52": 7.575395,
        "53": 5.190476,
        "54": 5.057061,
        "55": 4.408921,
        "56": 4.403114,
        "57": 2.586248,
        "58": 2.79717,
        "59": 7.031245,
        "60": 4.088585,
        "61": 4.178006,
        "62": 4.675761,
        "63": 5.274971,
        "64": 2.792921,
        "65": 2.553296,
        "66": 5.139045,
        "67": 3.733624,
        "68": 4.340047,
        "69": 3.110007,
        "70": 4.146482,
        "71": 3.402083,
        "72": 2.228283,
        "73": 4.677567,
        "74": 5.815686,
        "75": 1.558435,
        "76": 3.674714,
        "77": 5.315163,
        "78": 4.712215,
        "79": 2.822414,
        "80": 2.877388,
        "81": 1.797456,
        "82": 3.658883,
        "83": 4.094629,
        "84": 5.38328,
        "85": 3.862161,
        "86": 3.45223,
        "87": 5.676814,
        "88": 2.885105,
        "89": 4.376773,
        "90": 4.448928,
        "91": 5.740842,
        "92": 3.136382,
        "93": 3.999905,
        "94": 6.508603,
        "95": 4.92414,
        "96": 7.189563,
        "97": 2.069001,
        "98": 4.210979,
        "99": 3.483395,
        "100": 2.688707,
        "101": 6.997127,
        "102": 3.411862,
        "103": 4.320733,
        "104": 6.22726,
        "105": 1.383914,
        "106": 2.743857,
        "107": 4.027681,
        "108": 3.981972,
        "109": 7.425091,
        "110": 5.267199,
        "111": 1.901764,
        "112": 5.932989,
        "113": 6.377962
      }
    },
    "high": {
      "utilization_fraction": 0.8,
      "edge_latencies_ms": {
        "0": 3.82782,
        "1": 2.156525,
        "2": 2.413988,
        "3": 3.4671,
        "4": 1.557629,
        "5": 2.778137,
        "6": 5.20107,
        "7": 1.589187,
        "8": 4.280636,
        "9": 2.694457,
        "10": 5.602851,
        "11": 4.106589,
        "12": 4.819325,
        "13": 3.338987,
        "14": 1.468182,
        "15": 7.031606,
        "16": 4.083645,
        "17": 4.263669,
        "18": 3.823852,
        "19": 3.186097,
        "20": 3.828543,
        "21": 4.218422,
        "22": 5.671353,
        "23": 5.899545,
        "24": 3.247563,
        "25": 2.053289,
        "26": 1.89457,
        "27": 6.772596,
        "28": 5.804935,
        "29": 2.773582,
        "30": 3.095339,
        "31": 3.604046,
        "32": 1.913343,
        "33": 2.224969,
        "34": 1.50586,
        "35": 3.693083,
        "36": 1.945558,
        "37": 4.423208,
        "38": 3.563831,
        "39": 5.62308,
        "40": 5.851337,
        "41": 6.095747,
        "42": 4.988878,
        "43": 6.560476,
        "44": 1.917408,
        "45": 3.353887,
        "46": 6.430454,
        "47": 1.914876,
        "48": 5.886135,
        "49": 3.91408,
        "50": 9.699682,
        "51": 4.574757,
        "52": 7.580483,
        "53": 5.193562,
        "54": 5.074473,
        "55": 4.413744,
        "56": 4.406652,
        "57": 2.59888,
        "58": 2.806919,
        "59": 7.039733,
        "60": 4.092046,
        "61": 4.182686,
        "62": 4.703839,
        "63": 5.278925,
        "64": 2.79704,
        "65": 2.563062,
        "66": 5.142272,
        "67": 3.752238,
        "68": 4.345646,
        "69": 3.113582,
        "70": 4.15032,
        "71": 3.40531,
        "72": 2.231528,
        "73": 4.682913,
        "74": 5.819673,
        "75": 1.567914,
        "76": 3.679283,
        "77": 5.320256,
        "78": 4.715545,
        "79": 2.830513,
        "80": 2.884066,
        "81": 1.801013,
        "82": 3.667454,
        "83": 4.099411,
        "84": 5.399654,
        "85": 3.86517,
        "86": 3.456548,
        "87": 5.682771,
        "88": 2.88899,
        "89": 4.392396,
        "90": 4.458517,
        "91": 5.744169,
        "92": 3.139672,
        "93": 4.005688,