{
  "topology_id": 62,
  "load_conditions": {
    "low": {
      "utilization_fraction": 0.2,
      "edge_latencies_ms": {
        "0": 2.841365,
        "1": 4.783472,
        "2": 0.939314,
        "3": 4.527338,
        "4": 2.416046,
        "5": 4.42719,
        "6": 8.437629,
        "7": 3.381693,
        "8": 1.195189,
        "9": 4.585578,
        "10": 3.845438,
        "11": 3.352648,
        "12": 3.285945,
        "13": 2.531844,
        "14": 6.05214,
        "15": 3.969652,
        "16": 6.671418,
        "17": 1.062996,
        "18": 1.676802,
        "19": 1.472678,
        "20": 4.221209,
        "21": 4.705606,
        "22": 6.61456,
        "23": 2.720162,
        "24": 5.233006,
        "25": 3.190356,
        "26": 3.49183,
        "27": 13.593913,
        "28": 13.132072,
        "29": 2.153814,
        "30": 9.076095,
        "31": 5.819396,
        "32": 4.997711,
        "33": 3.002416,
        "34": 11.771386,
        "35": 3.184812,
        "36": 2.715047,
        "37": 11.199611,
        "38": 4.483286,
        "39": 4.499238,
        "40": 4.979125,
        "41": 9.474883,
        "42": 5.091926,
        "43": 5.36072,
        "44": 7.19948,
        "45": 4.401998,
        "46": 2.680663,
        "47": 2.768742,
        "48": 5.705855,
        "49": 4.675755,
        "50": 1.790799,
        "51": 2.485544,
        "52": 4.623054,
        "53": 1.201722,
        "54": 5.97956,
        "55": 4.352477,
        "56": 2.686551,
        "57": 3.954457,
        "58": 3.5145,
        "59": 9.141478,
        "60": 6.380828,
        "61": 1.747928,
        "62": 0.587832,
        "63": 10.525136,
        "64": 3.209061,
        "65": 2.432081,
        "66": 3.982791,
        "67": 1.692905,
        "68": 3.320863,
        "69": 4.216817,
        "70": 2.430094,
        "71": 2.89421,
        "72": 3.934337,
        "73": 5.463793,
        "74": 5.599411,
        "75": 2.850652,
        "76": 4.661478,
        "77": 4.158074,
        "78": 3.288829,
        "79": 1.736433,
        "80": 4.353644,
        "81": 5.396214,
        "82": 2.751318,
        "83": 6.434206,
        "84": 15.875013,
        "85": 4.279757,
        "86": 5.180041,
        "87": 2.317958,
        "88": 3.15431,
        "89": 2.826491,
        "90": 6.43201,
        "91": 4.553549,
        "92": 2.799229,
        "93": 3.448919,
        "94": 4.939957,
        "95": 4.800283,
        "96": 2.128735,
        "97": 3.144
      }
    },
    "medium": {
      "utilization_fraction": 0.5,
      "edge_latencies_ms": {
        "0": 2.84251,
        "1": 4.784677,
        "2": 0.940773,
        "3": 4.528156,
        "4": 2.417708,
        "5": 4.42798,
        "6": 8.438462,
        "7": 3.383799,
        "8": 1.201374,
        "9": 4.586658,
        "10": 3.847024,
        "11": 3.354711,
        "12": 3.292195,
        "13": 2.532723,
        "14": 6.054627,
        "15": 3.97313,
        "16": 6.672171,
        "17": 1.064895,
        "18": 1.678944,
        "19": 1.47581,
        "20": 4.222429,
        "21": 4.708345,
        "22": 6.615454,
        "23": 2.72164,
        "24": 5.234017,
        "25": 3.191117,
        "26": 3.4971,
        "27": 13.605395,
        "28": 13.143586,
        "29": 2.154751,
        "30": 9.138792,
        "31": 5.820534,
        "32": 4.999681,
        "33": 3.003176,
        "34": 11.783183,
        "35": 3.191497,
        "36": 2.717037,
        "37": 11.211838,
        "38": 4.485121,
        "39": 4.500535,
        "40": 4.979883,
        "41": 9.477959,
        "42": 5.110151,
        "43": 5.362418,
        "44": 7.200939,
        "45": 4.402861,
        "46": 2.682219,
        "47": 2.769586,
        "48": 5.706698,
        "49": 4.677334,
        "50": 1.792239,
        "51": 2.486708,
        "52": 4.626898,
        "53": 1.202742,
        "54": 5.98098,
        "55": 4.353605,
        "56": 2.687311,
        "57": 3.957629,
        "58": 3.515436,
        "59": 9.153405,
        "60": 6.384075,
        "61": 1.748692,
        "62": 0.588918,
        "63": 10.586607,
        "64": 3.210407,
        "65": 2.43391,
        "66": 3.985166,
        "67": 1.693788,
        "68": 3.321822,
        "69": 4.221996,
        "70": 2.431005,
        "71": 2.895307,
        "72": 3.935552,
        "73": 5.466796,
        "74": 5.601773,
        "75": 2.851475,
        "76": 4.665124,
        "77": 4.159024,
        "78": 3.289694,
        "79": 1.738523,
        "80": 4.354667,
        "81": 5.401878,
        "82": 2.752612,
        "83": 6.435436,
        "84": 15.88359,
        "85": 4.283161,
        "86": 5.18113,
        "87": 2.320527,
        "88": 3.155258,
        "89": 2.827438,
        "90": 6.434385,
        "91": 4.555154,
        "92": 2.80025,
        "93": 3.450043,
        "94": 4.947219,
        "95": 4.802089,
        "96": 2.130072,
        "97": 3.144794
      }
    },
    "high": {
      "utilization_fraction": 0.8,
      "edge_latencies_ms": {
        "0": 2.847092,
        "1": 4.789497,
        "2": 0.94661,
        "3": 4.531431,
        "4": 2.424354,
        "5": 4.43114,
        "6": 8.441794,
        "7": 3.392224,
        "8": 1.226114,
        "9": 4.590974,
        "10": 3.853372,
        "11": 3.362962,
        "12": 3.317194,
        "13": 2.536242,
        "14": 6.064575,
        "15": 3.987045,
        "16": 6.675184,
        "17": 1.072494,
        "18": 1.687512,
        "19": 1.488337,
        "20": 4.227307,
        "21": 4.719303,
        "22": 6.619028,
        "23": 2.72755,
        "24": 5.238059,
        "25": 3.194161,
        "26": 3.518179,
        "27": 13.651324,
        "28": 13.189641,
        "29": 2.158497,
        "30": 9.389581,
        "31": 5.825089,
        "32": 5.007562,
        "33": 3.006217,
        "34": 11.830374,
        "35": 3.218237,
        "36": 2.724996,
        "37": 11.260746,
        "38": 4.492461,
        "39": 4.505723,
        "40": 4.982914,
        "41": 9.490263,
        "42": 5.183053,
        "43": 5.36921,
        "44": 7.206776,
        "45": 4.406311,
        "46": 2.688443,
        "47": 2.772963,
        "48": 5.710071,
        "49": 4.683646,
        "50": 1.798,
        "51": 2.491365,
        "52": 4.642274,
        "53": 1.206821,
        "54": 5.986659,
        "55": 4.358119,
        "56": 2.690351,
        "57": 3.970317,
        "58": 3.519181,
        "59": 9.201115,
        "60": 6.397065,
        "61": 1.751747,
        "62": 0.59326,
        "63": 10.832489,
        "64": 3.215787,
        "65": 2.441227,
        "66": 3.994664,
        "67": 1.697318,
        "68": 3.325657,
        "69": 4.242713,
        "70": 2.434647,
        "71": 2.899693,
        "72": 3.940413,
        "73": 5.478808,
        "74": 5.611223,
        "75": 2.854764,
        "76": 4.67971,
        "77": 4.162822,
        "78": 3.293157,
        "79": 1.746884,
        "80": 4.35876,
        "81": 5.424534,
        "82": 2.757786,
        "83": 6.440356,
        "84": 15.917899,
        "85": 4.296779,
        "86": 5.185487,
        "87": 2.330801,
        "88": 3.159048,
        "89": 2.831229,
        "90": 6.443882,
        "91": 4.561576,
        "92": 2.804334,
        "93": 3.454541,
        "94": 4.976268,
        "95": 4.809315,
        "96": 2.135419,
        "97": 3.147966
      }
    },
    "flash": {
      "utilization_fraction": 0.95,
      "edge_latencies_ms": {
        "0": 2.87,
        "1": 4.813597,
        "2": 0.97579,
        "3": 4.547804,
        "4": 2.457587,
        "5": 4.446943,
        "6": 8.458455,
        "7": 3.434348,
        "8": 1.349817,
        "9": 4.612555,
        "10": 3.885109,
        "11": 3.404219,
        "12": 3.442186,
        "13": 2.553833,
        "14": 6.114319,
        "15": 4.056616,
        "16": 6.690248,
        "17": 1.110486,
        "18": 1.730351,
        "19": 1.550974,
        "20": 4.251697,
        "21": 4.774091,
        "22": 6.6369,
        "23": 2.7571,
        "24": 5.25827,