{
  "topology_id": 206,
  "load_conditions": {
    "low": {
      "utilization_fraction": 0.2,
      "edge_latencies_ms": {
        "0": 4.190203,
        "1": 2.882142,
        "2": 3.484868,
        "3": 1.249589,
        "4": 4.801135,
        "5": 2.436739,
        "6": 8.904836,
        "7": 1.209926,
        "8": 2.985911,
        "9": 4.588063,
        "10": 9.630288,
        "11": 2.11411,
        "12": 3.334421,
        "13": 3.267128,
        "14": 9.644273,
        "15": 1.800468,
        "16": 12.176804,
        "17": 11.807196,
        "18": 4.435451,
        "19": 3.1054,
        "20": 6.323696,
        "21": 3.244413,
        "22": 6.272206,
        "23": 4.418091,
        "24": 1.446598,
        "25": 12.790925,
        "26": 2.662652,
        "27": 4.056539,
        "28": 3.772301,
        "29": 3.800316,
        "30": 1.232099,
        "31": 5.364702,
        "32": 1.945505,
        "33": 1.968215,
        "34": 4.37287,
        "35": 5.589545,
        "36": 4.070256,
        "37": 7.581398,
        "38": 3.477535,
        "39": 14.015455,
        "40": 7.326038,
        "41": 2.603274,
        "42": 2.865423,
        "43": 13.634169,
        "44": 3.468704,
        "45": 3.25678,
        "46": 3.395112,
        "47": 4.062075,
        "48": 2.939999,
        "49": 3.723551,
        "50": 3.656091,
        "51": 4.298431,
        "52": 5.160763,
        "53": 3.993237,
        "54": 3.855143,
        "55": 2.450352,
        "56": 1.738769,
        "57": 1.419278,
        "58": 2.171483,
        "59": 3.128952,
        "60": 1.356025,
        "61": 3.293824,
        "62": 3.109361,
        "63": 3.595245,
        "64": 3.1834,
        "65": 4.197231,
        "66": 2.388485,
        "67": 3.39151,
        "68": 3.140106,
        "69": 2.780967,
        "70": 2.334762,
        "71": 3.980946,
        "72": 3.863821,
        "73": 2.355918,
        "74": 5.284156,
        "75": 4.02489,
        "76": 3.015913,
        "77": 1.934787,
        "78": 9.518615,
        "79": 3.32633,
        "80": 4.96732,
        "81": 6.204185,
        "82": 3.650879,
        "83": 2.29337,
        "84": 2.65798,
        "85": 4.00609,
        "86": 3.330765,
        "87": 2.19728,
        "88": 2.804559,
        "89": 5.107857,
        "90": 1.683685,
        "91": 3.617564,
        "92": 4.134317,
        "93": 6.308788,
        "94": 6.327187,
        "95": 2.036612,
        "96": 2.579691,
        "97": 0.667534,
        "98": 4.615539,
        "99": 4.101295,
        "100": 2.341443,
        "101": 1.472924,
        "102": 1.3216,
        "103": 1.641266,
        "104": 4.628676,
        "105": 1.458448,
        "106": 2.451794,
        "107": 5.177159,
        "108": 3.98481,
        "109": 4.007099,
        "110": 4.743112,
        "111": 3.643524,
        "112": 3.878925,
        "113": 3.568055,
        "114": 4.040023,
        "115": 6.57433,
        "116": 4.315291,
        "117": 2.255776,
        "118": 3.989867,
        "119": 6.049172,
        "120": 4.410464,
        "121": 3.389714,
        "122": 6.308558
      }
    },
    "medium": {
      "utilization_fraction": 0.5,
      "edge_latencies_ms": {
        "0": 4.191555,
        "1": 2.883462,
        "2": 3.487,
        "3": 1.252242,
        "4": 4.802925,
        "5": 2.438144,
        "6": 8.918285,
        "7": 1.212276,
        "8": 2.986851,
        "9": 4.589045,
        "10": 9.643061,
        "11": 2.115618,
        "12": 3.33571,
        "13": 3.269731,
        "14": 9.659387,
        "15": 1.802172,
        "16": 12.186226,
        "17": 11.816633,
        "18": 4.436228,
        "19": 3.107633,
        "20": 6.324667,
        "21": 3.245757,
        "22": 6.273962,
        "23": 4.419791,
        "24": 1.458371,
        "25": 12.833426,
        "26": 2.665575,
        "27": 4.059725,
        "28": 3.774362,
        "29": 3.801146,
        "30": 1.232935,
        "31": 5.365606,
        "32": 1.946283,
        "33": 1.969078,
        "34": 4.373742,
        "35": 5.590398,
        "36": 4.071356,
        "37": 7.582338,
        "38": 3.480261,
        "39": 14.059059,
        "40": 7.329868,
        "41": 2.604199,
        "42": 2.868284,
        "43": 13.645573,
        "44": 3.469726,
        "45": 3.257602,
        "46": 3.395878,
        "47": 4.063337,
        "48": 2.940945,
        "49": 3.724815,
        "50": 3.659442,
        "51": 4.299237,
        "52": 5.162249,
        "53": 3.994509,
        "54": 3.856576,
        "55": 2.451988,
        "56": 1.741333,
        "57": 1.420999,
        "58": 2.17393,
        "59": 3.130655,
        "60": 1.35746,
        "61": 3.294986,
        "62": 3.111279,
        "63": 3.596218,
        "64": 3.188035,
        "65": 4.198774,
        "66": 2.390622,
        "67": 3.392884,
        "68": 3.141705,
        "69": 2.783406,
        "70": 2.335994,
        "71": 3.982029,
        "72": 3.869921,
        "73": 2.357421,
        "74": 5.285089,
        "75": 4.027886,
        "76": 3.017774,
        "77": 1.935755,
        "78": 9.532023,
        "79": 3.327128,
        "80": 4.968301,
        "81": 6.205322,
        "82": 3.652359,
        "83": 2.295901,
        "84": 2.658774,
        "85": 4.008249,
        "86": 3.335199,
        "87": 2.200029,
        "88": 2.805891,
        "89": 5.109028,
        "90": 1.684443,
        "91": 3.619713,
        "92": 4.140709,
        "93": 6.309745,
        "94": 6.33238,
        "95": 2.038,
        "96": 2.58069,
        "97": 0.671042,
        "98": 4.617435,
        "99": 4.10336,
        "100": 2.34309,
        "101": 1.47416,
        "102": 1.324767,
        "103": 1.642114,
        "104": 4.630079,
        "105": 1.459591,
        "106": 2.452936,
        "107": 5.178045,
        "108": 3.986217,
        "109": 4.00856,
        "110": 4.743952,
        "111": 3.645161,
        "112": 3.881528,
        "113": 3.57236,
        "114": 4.040816,
        "115": 6.575176,
        "116": 4.316138,
        "117": 2.256955,
        "118": 3.990631,
        "119": 6.050196,
        "120": 4.412293,
        "121": 3.391964,
        "122": 6.309445
      }
    },
    "high": {
      "utilization_fraction": 0.8,
      "edge_latencies_ms": {
        "0": 4.196963,
        "1": 2.888741,
        "2": 3.495526,
        "3": 1.262853,
        "4": 4.810084,
        "5": 2.443766,
        "6": 8.972081,
        "7": 1.221674,
        "8": 2.990609,
        "9": 4.592971,
        "10": 9.694155,
        "11": 2.121649,
        "12": 3.340867,
        "13": 3.280144,
        "14": 9.719845,
        "15": 1.808987,
        "16": 12.223916,
        "17": 11.854381,
        "18": 4.439338,
        "19": 3.116568,
        "20": 6.328551,
        "21": 3.251133,
        "22": 6.280986,
        "23": 4.426589,
        "24": 1.505466,
        "25": 13.003428,
        "26": 2.67727,
        "27": 4.07247,
        "28": 3.782605,
        "29": 3.804466,
        "30": 1.236277,
        "31": 5.369221,
        "32": 1.949399,
        "33": 1.972526,
        "34": 4.377233,
        "35": 5.593811,
        "36": 4.075757,
        "37": 7.5861,
        "38": 3.491165,
        "39": 14.233475,
        "40": 7.345188,
        "41": 2.607897,
        "42": 2.879726,
        "43": 13.691193,
        "44": 3.473812,
        "45": 3.260887,
        "46": 3.398944,
        "47": 4.068386,
        "48": 2.944732,
        "49": 3.729868,
        "50": 3.672844,
        "51": 4.302462,
        "52": 5.168192,
        "53": 3.999596,
        "54": 3.862307,
        "55": 2.458535,
        "56": 1.751585,
        "57": 1.42788,
        "58": 2.183718,
        "59": 3.137466,
        "60": 1.363201,
        "61": 3.299634,
        "62": 3.118951,
        "63": 3.60011,
        "64": 3.206576,
        "65": 4.204945,
        "66": 2.399167,
        "67": 3.398379,
        "68": 3.148103,
        "69": 2.793164,
        "70": 2.340925,
        "71": 3.986362,
        "72": 3.894321,
        "73": 2.363432,