{
  "topology_id": 2,
  "load_conditions": {
    "low": {
      "utilization_fraction": 0.2,
      "edge_latencies_ms": {
        "0": 4.396299,
        "1": 3.676848,
        "2": 4.602779,
        "3": 2.804987,
        "4": 6.608231,
        "5": 1.773946,
        "6": 5.15461,
        "7": 1.81173,
        "8": 3.819033,
        "9": 4.786254,
        "10": 3.722122,
        "11": 3.278367,
        "12": 5.480702,
        "13": 1.934873,
        "14": 3.849849,
        "15": 2.43949,
        "16": 5.336384,
        "17": 7.642659,
        "18": 3.544602,
        "19": 7.757648,
        "20": 3.297666,
        "21": 5.08522,
        "22": 4.556924,
        "23": 2.475125,
        "24": 6.532703,
        "25": 5.864185,
        "26": 9.635113,
        "27": 4.821497,
        "28": 6.702149,
        "29": 5.709806,
        "30": 11.496424,
        "31": 9.742065,
        "32": 4.713574,
        "33": 2.235974,
        "34": 3.329373,
        "35": 5.686415,
        "36": 2.646659,
        "37": 2.314126,
        "38": 4.519776,
        "39": 3.390106,
        "40": 3.392475,
        "41": 2.859824,
        "42": 3.604425,
        "43": 3.029293,
        "44": 4.744867,
        "45": 2.431707,
        "46": 3.637623,
        "47": 4.221738,
        "48": 5.667687,
        "49": 4.161583,
        "50": 2.316234,
        "51": 3.201925,
        "52": 4.108786,
        "53": 5.484741,
        "54": 3.061806,
        "55": 1.509928,
        "56": 5.01012,
        "57": 2.294805,
        "58": 2.242516,
        "59": 6.217202,
        "60": 5.585723,
        "61": 1.943617,
        "62": 4.540047,
        "63": 2.494984,
        "64": 5.250976,
        "65": 8.281457,
        "66": 6.130157,
        "67": 7.315588,
        "68": 2.957143,
        "69": 9.110781,
        "70": 3.085008,
        "71": 2.742299,
        "72": 3.965158,
        "73": 1.348756,
        "74": 2.554658,
        "75": 4.181687,
        "76": 6.057261,
        "77": 7.18212,
        "78": 3.759688,
        "79": 3.138423,
        "80": 3.607772,
        "81": 2.106238,
        "82": 5.352471,
        "83": 2.343479,
        "84": 6.597098,
        "85": 1.717092,
        "86": 3.651957,
        "87": 5.266485,
        "88": 4.353302,
        "89": 5.343617,
        "90": 4.473464,
        "91": 1.676928,
        "92": 5.186524,
        "93": 2.931838,
        "94": 2.472876,
        "95": 2.999439,
        "96": 3.997106,
        "97": 4.512512
      }
    },
    "medium": {
      "utilization_fraction": 0.5,
      "edge_latencies_ms": {
        "0": 4.397054,
        "1": 3.678263,
        "2": 4.604453,
        "3": 2.80658,
        "4": 6.610574,
        "5": 1.776637,
        "6": 5.155818,
        "7": 1.814191,
        "8": 3.820194,
        "9": 4.788452,
        "10": 3.72345,
        "11": 3.279773,
        "12": 5.487354,
        "13": 1.935735,
        "14": 3.852286,
        "15": 2.440551,
        "16": 5.340587,
        "17": 7.643825,
        "18": 3.545826,
        "19": 7.758517,
        "20": 3.299441,
        "21": 5.086239,
        "22": 4.561415,
        "23": 2.476709,
        "24": 6.533824,
        "25": 5.867599,
        "26": 9.65078,
        "27": 4.822948,
        "28": 6.705413,
        "29": 5.710557,
        "30": 11.517328,
        "31": 9.750743,
        "32": 4.714456,
        "33": 2.239244,
        "34": 3.330159,
        "35": 5.690896,
        "36": 2.647721,
        "37": 2.314971,
        "38": 4.520556,
        "39": 3.391433,
        "40": 3.393241,
        "41": 2.860686,
        "42": 3.605865,
        "43": 3.032913,
        "44": 4.747443,
        "45": 2.432858,
        "46": 3.641543,
        "47": 4.222714,
        "48": 5.66919,
        "49": 4.162669,
        "50": 2.319696,
        "51": 3.202773,
        "52": 4.109639,
        "53": 5.487028,
        "54": 3.06513,
        "55": 1.51106,
        "56": 5.011007,
        "57": 2.297086,
        "58": 2.244832,
        "59": 6.218004,
        "60": 5.587775,
        "61": 1.945575,
        "62": 4.540984,
        "63": 2.495923,
        "64": 5.256175,
        "65": 8.302014,
        "66": 6.131405,
        "67": 7.320432,
        "68": 2.958334,
        "69": 9.12298,
        "70": 3.088531,
        "71": 2.745873,
        "72": 3.969769,
        "73": 1.34993,
        "74": 2.55658,
        "75": 4.183771,
        "76": 6.058079,
        "77": 7.183201,
        "78": 3.761888,
        "79": 3.140281,
        "80": 3.610018,
        "81": 2.111849,
        "82": 5.353765,
        "83": 2.344624,
        "84": 6.598282,
        "85": 1.719068,
        "86": 3.654162,
        "87": 5.267641,
        "88": 4.357952,
        "89": 5.344397,
        "90": 4.47422,
        "91": 1.680658,
        "92": 5.187985,
        "93": 2.933128,
        "94": 2.474008,
        "95": 3.001846,
        "96": 3.998456,
        "97": 4.514152
      }
    },
    "high": {
      "utilization_fraction": 0.8,
      "edge_latencies_ms": {
        "0": 4.400077,
        "1": 3.683924,
        "2": 4.61115,
        "3": 2.812953,
        "4": 6.619943,
        "5": 1.787402,
        "6": 5.16065,
        "7": 1.824036,
        "8": 3.824835,
        "9": 4.797246,
        "10": 3.728766,
        "11": 3.285398,
        "12": 5.513963,
        "13": 1.939184,
        "14": 3.862032,
        "15": 2.444796,
        "16": 5.357399,
        "17": 7.648492,
        "18": 3.550719,
        "19": 7.761993,
        "20": 3.306543,
        "21": 5.090312,
        "22": 4.579378,
        "23": 2.483044,
        "24": 6.538309,
        "25": 5.881254,
        "26": 9.713445,
        "27": 4.828756,
        "28": 6.718467,
        "29": 5.713559,
        "30": 11.600943,
        "31": 9.785457,
        "32": 4.717982,
        "33": 2.252323,
        "34": 3.3333,
        "35": 5.708821,
        "36": 2.65197,
        "37": 2.318353,
        "38": 4.523676,
        "39": 3.396744,
        "40": 3.396305,
        "41": 2.864135,
        "42": 3.611628,
        "43": 3.047391,
        "44": 4.757751,
        "45": 2.437458,
        "46": 3.657222,
        "47": 4.226618,
        "48": 5.675201,
        "49": 4.167011,
        "50": 2.333545,
        "51": 3.206163,
        "52": 4.113048,
        "53": 5.496177,
        "54": 3.078424,
        "55": 1.515586,
        "56": 5.014555,
        "57": 2.306213,
        "58": 2.254097,
        "59": 6.221208,
        "60": 5.59598,
        "61": 1.953409,
        "62": 4.544732,
        "63": 2.499681,
        "64": 5.27697,
        "65": 8.384244,
        "66": 6.136396,
        "67": 7.339809,
        "68": 2.963101,
        "69": 9.171773,
        "70": 3.102627,
        "71": 2.760172,
        "72": 3.988215,
        "73": 1.354629,
        "74": 2.56427,
        "75": 4.192109,
        "76": 6.061353,
        "77": 7.187526,
        "78": 3.770686,
        "79": 3.147711,
        "80": 3.619004,
        "81": 2.134294,
        "82": 5.358942,
        "83": 2.349204,
        "84": 6.603018,
        "85": 1.726971,
        "86": 3.662982,
        "87": 5.272262,
        "88": 4.376555,
        "89": 5.347521,
        "90": 4.477245,
        "91": 1.695579,
        "92": 5.193829,
        "93": 2.938287,
        "94": 2.478536,
        "95": 3.011472,
        "96": 4.003857,
        "97": 4.520713
      }
    },
    "flash": {
      "utilization_fraction": 0.95,
      "edge_latencies_ms": {
        "0": 4.415191,
        "1": 3.712224,
        "2": 4.644635,
        "3": 2.844819,
        "4": 6.66679,
        "5": 1.841223,
        "6": 5.18481,
        "7": 1.873262,
        "8": 3.848045,
        "9": 4.841211,
        "10": 3.755345,
        "11": 3.313521,
        "12": 5.64701,
        "13": 1.956427,
        "14": 3.910764,
        "15": 2.466021,
        "16": 5.44146,
        "17": 7.671825,
        "18": 3.575186,
        "19": 7.779374,
        "20": 3.342052,
        "21": 5.110678,
        "22": 4.669193,
        "23": 2.514723,
        "24": 6.560734,