{
  "topology_id": 333,
  "load_conditions": {
    "low": {
      "utilization_fraction": 0.2,
      "edge_latencies_ms": {
        "0": 4.844098,
        "1": 3.932189,
        "2": 2.545436,
        "3": 2.604005,
        "4": 5.456245,
        "5": 7.290494,
        "6": 2.415414,
        "7": 8.495116,
        "8": 3.022682,
        "9": 4.910119,
        "10": 6.144257,
        "11": 2.440611,
        "12": 5.202167,
        "13": 2.903898,
        "14": 4.008963,
        "15": 4.881907,
        "16": 2.676361,
        "17": 4.399593,
        "18": 2.540213,
        "19": 2.497043
      }
    },
    "medium": {
      "utilization_fraction": 0.5,
      "edge_latencies_ms": {
        "0": 4.846011,
        "1": 3.933095,
        "2": 2.546716,
        "3": 2.61024,
        "4": 5.464757,
        "5": 7.298733,
        "6": 2.417362,
        "7": 8.502819,
        "8": 3.023613,
        "9": 4.931045,
        "10": 6.179416,
        "11": 2.443919,
        "12": 5.203114,
        "13": 2.917127,
        "14": 4.016829,
        "15": 4.890694,
        "16": 2.67774,
        "17": 4.401322,
        "18": 2.543152,
        "19": 2.497871
      }
    },
    "high": {
      "utilization_fraction": 0.8,
      "edge_latencies_ms": {
        "0": 4.853665,
        "1": 3.936721,
        "2": 2.551835,
        "3": 2.635182,
        "4": 5.498807,
        "5": 7.33169,
        "6": 2.425152,
        "7": 8.53363,
        "8": 3.027336,
        "9": 5.014749,
        "10": 6.320054,
        "11": 2.457152,
        "12": 5.206904,
        "13": 2.970042,
        "14": 4.048296,
        "15": 4.925842,
        "16": 2.683257,
        "17": 4.408239,
        "18": 2.554905,
        "19": 2.50118
      }
    },
    "flash": {
      "utilization_fraction": 0.95,
      "edge_latencies_ms": {
        "0": 4.891935,
        "1": 3.954851,
        "2": 2.577429,
        "3": 2.75989,
        "4": 5.669057,
        "5": 7.496471,
        "6": 2.464102,
        "7": 8.687687,
        "8": 3.045954,
        "9": 5.433272,
        "10": 7.023243,
        "11": 2.523318,
        "12": 5.225852,
        "13": 3.23462,
        "14": 4.20563,
        "15": 5.10158,
        "16": 2.710839,
        "17": 4.442819,
        "18": 2.613669,
        "19": 2.517728
      }
    }
  }
}