{
  "topology_id": 446,
  "load_conditions": {
    "low": {
      "utilization_fraction": 0.2,
      "edge_latencies_ms": {
        "0": 1.334361,
        "1": 5.452533,
        "2": 3.685648,
        "3": 2.338136,
        "4": 2.981233,
        "5": 3.267303,
        "6": 3.046894,
        "7": 3.593935,
        "8": 3.387523,
        "9": 5.034477,
        "10": 3.332128,
        "11": 3.899076,
        "12": 1.509133,
        "13": 3.109296,
        "14": 3.988353,
        "15": 6.159378,
        "16": 3.635668,
        "17": 3.283956,
        "18": 4.650292,
        "19": 5.484629,
        "20": 1.734913,
        "21": 2.696029,
        "22": 2.182606,
        "23": 2.197104,
        "24": 3.166646,
        "25": 1.443858,
        "26": 0.7556,
        "27": 2.991392,
        "28": 2.742296,
        "29": 2.754726,
        "30": 11.617838,
        "31": 14.353136,
        "32": 3.748287,
        "33": 4.682623,
        "34": 8.139889,
        "35": 2.726177,
        "36": 2.828982,
        "37": 1.688559,
        "38": 3.143771,
        "39": 11.367921,
        "40": 1.632395,
        "41": 2.453886,
        "42": 4.274221,
        "43": 3.916382,
        "44": 3.452693,
        "45": 3.140917,
        "46": 4.953339,
        "47": 5.573911,
        "48": 6.373377,
        "49": 1.155733,
        "50": 2.694056,
        "51": 6.408782,
        "52": 3.65409,
        "53": 4.628814,
        "54": 5.487068,
        "55": 4.137443,
        "56": 6.127981,
        "57": 5.201083,
        "58": 4.258389,
        "59": 3.822135,
        "60": 1.775931,
        "61": 7.403853,
        "62": 5.381975,
        "63": 5.727655,
        "64": 3.276126,
        "65": 6.041543,
        "66": 8.389182,
        "67": 3.084869,
        "68": 4.65721,
        "69": 8.261752,
        "70": 4.57485,
        "71": 2.866888,
        "72": 3.547207,
        "73": 7.145307,
        "74": 3.455815,
        "75": 4.715385,
        "76": 6.889627,
        "77": 3.72435,
        "78": 9.260596,
        "79": 4.2014,
        "80": 4.472341,
        "81": 8.334866,
        "82": 5.410923,
        "83": 7.051447,
        "84": 3.352689,
        "85": 5.435814,
        "86": 4.502232,
        "87": 2.882454,
        "88": 3.962148,
        "89": 4.418388,
        "90": 1.825999,
        "91": 7.572102,
        "92": 2.910899,
        "93": 2.42797,
        "94": 2.885709,
        "95": 2.58201,
        "96": 4.031137,
        "97": 4.168742,
        "98": 6.333223,
        "99": 3.97707,
        "100": 5.076342,
        "101": 14.071834,
        "102": 3.296584,
        "103": 5.110799,
        "104": 4.870307,
        "105": 3.343991,
        "106": 3.732168,
        "107": 13.056475,
        "108": 3.857944,
        "109": 7.252925,
        "110": 5.216791,
        "111": 3.268276,
        "112": 5.248211,
        "113": 4.731999,
        "114": 5.881885,
        "115": 3.946812,
        "116": 2.139404,
        "117": 3.423259,
        "118": 6.959549,
        "119": 3.593101,
        "120": 3.343759,
        "121": 7.89329,
        "122": 4.167759,
        "123": 1.935876,
        "124": 3.826896,
        "125": 2.591747,
        "126": 4.188393,
        "127": 6.204106,
        "128": 1.87032,
        "129": 5.178453,
        "130": 1.019127,
        "131": 3.833139,
        "132": 5.182749,
        "133": 2.065656,
        "134": 5.235663,
        "135": 4.670115,
        "136": 1.401208,
        "137": 3.951037,
        "138": 4.097927,
        "139": 3.071095,
        "140": 2.444652,
        "141": 4.808607,
        "142": 3.041381,
        "143": 3.847491,
        "144": 3.863385,
        "145": 2.851931,
        "146": 2.611833,
        "147": 3.739362,
        "148": 3.594469,
        "149": 3.487211,
        "150": 2.544905
      }
    },
    "medium": {
      "utilization_fraction": 0.5,
      "edge_latencies_ms": {
        "0": 1.338735,
        "1": 5.454345,
        "2": 3.686951,
        "3": 2.340083,
        "4": 2.982127,
        "5": 3.268415,
        "6": 3.04776,
        "7": 3.596687,
        "8": 3.389826,
        "9": 5.039436,
        "10": 3.333329,
        "11": 3.90029,
        "12": 1.516167,
        "13": 3.110883,
        "14": 3.991447,
        "15": 6.160839,
        "16": 3.63655,
        "17": 3.284759,
        "18": 4.651133,
        "19": 5.485415,
        "20": 1.737507,
        "21": 2.697057,
        "22": 2.183636,
        "23": 2.198474,
        "24": 3.168149,
        "25": 1.445001,
        "26": 0.756504,
        "27": 2.993511,
        "28": 2.744752,
        "29": 2.758649,
        "30": 11.626728,
        "31": 14.376669,
        "32": 3.749219,
        "33": 4.688612,
        "34": 8.179822,
        "35": 2.728193,
        "36": 2.830622,
        "37": 1.689386,
        "38": 3.144577,
        "39": 11.375934,
        "40": 1.634907,
        "41": 2.454667,
        "42": 4.275087,
        "43": 3.918206,
        "44": 3.454498,
        "45": 3.141714,
        "46": 4.956117,
        "47": 5.574751,
        "48": 6.379141,
        "49": 1.156942,
        "50": 2.695041,
        "51": 6.411078,
        "52": 3.65543,
        "53": 4.63066,
        "54": 5.488519,
        "55": 4.13825,
        "56": 6.128746,
        "57": 5.202549,
        "58": 4.259239,
        "59": 3.829179,
        "60": 1.776809,
        "61": 7.420202,
        "62": 5.383021,
        "63": 5.728613,
        "64": 3.277031,
        "65": 6.042362,
        "66": 8.390308,
        "67": 3.08616,
        "68": 4.659261,
        "69": 8.322087,
        "70": 4.57561,
        "71": 2.868643,
        "72": 3.549726,
        "73": 7.14733,
        "74": 3.456636,
        "75": 4.721045,
        "76": 6.898406,
        "77": 3.725979,
        "78": 9.275842,
        "79": 4.204366,
        "80": 4.473101,
        "81": 8.356304,
        "82": 5.445199,
        "83": 7.05593,
        "84": 3.353832,
        "85": 5.437977,
        "86": 4.503934,
        "87": 2.884364,
        "88": 3.964962,
        "89": 4.419538,
        "90": 1.830199,
        "91": 7.582271,
        "92": 2.911888,
        "93": 2.429251,
        "94": 2.886909,
        "95": 2.584237,
        "96": 4.032756,
        "97": 4.170214,
        "98": 6.336002,
        "99": 3.977857,
        "100": 5.077171,
        "101": 14.105082,
        "102": 3.298087,
        "103": 5.111609,
        "104": 4.871884,
        "105": 3.345463,
        "106": 3.733287,
        "107": 13.078255,
        "108": 3.859186,
        "109": 7.253894,
        "110": 5.217571,
        "111": 3.269149,
        "112": 5.252776,
        "113": 4.734461,
        "114": 5.883457,
        "115": 3.949467,
        "116": 2.140368,
        "117": 3.424541,
        "118": 6.961322,
        "119": 3.595085,
        "120": 3.347218,
        "121": 7.894064,
        "122": 4.17188,
        "123": 1.937406,
        "124": 3.831624,
        "125": 2.593686,
        "126": 4.190599,
        "127": 6.205219,
        "128": 1.871104,
        "129": 5.179747,
        "130": 1.020146,
        "131": 3.834516,
        "132": 5.188566,
        "133": 2.067778,
        "134": 5.236508,
        "135": 4.671004,
        "136": 1.40257,
        "137": 3.952282,
        "138": 4.10143,
        "139": 3.07243,
        "140": 2.445407,
        "141": 4.809922,
        "142": 3.04267,
        "143": 3.8489,
        "144": 3.864395,
        "145": 2.85298,
        "146": 2.612698,
        "147": 3.742174,
        "148": 3.59549,
        "149": 3.487986,
        "150": 2.545672
      }
    },
    "high": {
      "utilization_fraction": 0.8,
      "edge_latencies_ms": {
        "0": 1.356231,
        "1": 5.461595,
        "2": 3.692165,
        "3": 2.34787,
        "4": 2.985702,
        "5": 3.272867,
        "6": 3.051226,
        "7": 3.607694,
        "8": 3.39904,
        "9": 5.059272,
        "10": 3.338129,
        "11": 3.905148,
        "12": 1.544302,
        "13": 3.117228,
        "14": 4.00382,
        "15": 6.166686,