{
  "topology_id": 236,
  "load_conditions": {
    "low": {
      "utilization_fraction": 0.2,
      "edge_latencies_ms": {
        "0": 2.622346,
        "1": 5.370205,
        "2": 2.625818,
        "3": 1.777708,
        "4": 3.073802,
        "5": 2.480973,
        "6": 5.123472,
        "7": 1.535426,
        "8": 7.008987,
        "9": 2.478135,
        "10": 2.421179,
        "11": 1.826473,
        "12": 0.630922,
        "13": 4.725684,
        "14": 4.723276,
        "15": 4.314107,
        "16": 6.818473,
        "17": 8.93266,
        "18": 2.706938,
        "19": 4.173501,
        "20": 2.319721,
        "21": 2.843262,
        "22": 2.13966,
        "23": 3.127109,
        "24": 4.879155,
        "25": 14.282547,
        "26": 3.432357,
        "27": 2.971482,
        "28": 3.074542,
        "29": 11.491763,
        "30": 4.927137,
        "31": 2.755743,
        "32": 6.35809,
        "33": 3.324001,
        "34": 3.15724,
        "35": 3.191608,
        "36": 3.925038,
        "37": 4.704986,
        "38": 3.118231,
        "39": 5.917604,
        "40": 3.474479,
        "41": 6.615338,
        "42": 1.615893,
        "43": 2.357413,
        "44": 5.410686,
        "45": 7.870959,
        "46": 5.590251,
        "47": 3.770485,
        "48": 5.701633,
        "49": 1.851721,
        "50": 2.341334,
        "51": 2.932798,
        "52": 4.350231,
        "53": 2.957677,
        "54": 5.355344,
        "55": 7.29083,
        "56": 5.911384,
        "57": 3.816705,
        "58": 7.545687,
        "59": 6.357244,
        "60": 2.256633,
        "61": 2.959902,
        "62": 3.713013,
        "63": 3.374938,
        "64": 4.295386,
        "65": 6.27345,
        "66": 6.020121,
        "67": 4.285144,
        "68": 3.965395
      }
    },
    "medium": {
      "utilization_fraction": 0.5,
      "edge_latencies_ms": {
        "0": 2.624587,
        "1": 5.371146,
        "2": 2.626713,
        "3": 1.779297,
        "4": 3.078432,
        "5": 2.481762,
        "6": 5.124746,
        "7": 1.536222,
        "8": 7.010724,
        "9": 2.479435,
        "10": 2.422654,
        "11": 1.827956,
        "12": 0.634361,
        "13": 4.72713,
        "14": 4.724074,
        "15": 4.314944,
        "16": 6.836295,
        "17": 8.943101,
        "18": 2.708538,
        "19": 4.174648,
        "20": 2.323338,
        "21": 2.844106,
        "22": 2.144911,
        "23": 3.128041,
        "24": 4.880993,
        "25": 14.292027,
        "26": 3.433532,
        "27": 2.972249,
        "28": 3.075515,
        "29": 11.503187,
        "30": 4.9282,
        "31": 2.756645,
        "32": 6.387014,
        "33": 3.324961,
        "34": 3.158367,
        "35": 3.193744,
        "36": 3.926005,
        "37": 4.714097,
        "38": 3.122691,
        "39": 5.919095,
        "40": 3.475465,
        "41": 6.629285,
        "42": 1.617214,
        "43": 2.359298,
        "44": 5.412899,
        "45": 7.872512,
        "46": 5.591692,
        "47": 3.772169,
        "48": 5.702553,
        "49": 1.853925,
        "50": 2.343639,
        "51": 2.935198,
        "52": 4.351199,
        "53": 2.9588,
        "54": 5.356151,
        "55": 7.293467,
        "56": 5.912214,
        "57": 3.81747,
        "58": 7.548529,
        "59": 6.358282,
        "60": 2.258149,
        "61": 2.961424,
        "62": 3.715364,
        "63": 3.375769,
        "64": 4.296847,
        "65": 6.275188,
        "66": 6.022575,
        "67": 4.287346,
        "68": 3.966186
      }
    },
    "high": {
      "utilization_fraction": 0.8,
      "edge_latencies_ms": {
        "0": 2.633548,
        "1": 5.374909,
        "2": 2.630294,
        "3": 1.785653,
        "4": 3.096953,
        "5": 2.484915,
        "6": 5.129845,
        "7": 1.539402,
        "8": 7.017671,
        "9": 2.484636,
        "10": 2.428555,
        "11": 1.833886,
        "12": 0.648115,
        "13": 4.732913,
        "14": 4.727265,
        "15": 4.318295,
        "16": 6.907581,
        "17": 8.984861,
        "18": 2.714937,
        "19": 4.179233,
        "20": 2.337805,
        "21": 2.847479,
        "22": 2.165916,
        "23": 3.131767,
        "24": 4.888345,
        "25": 14.329948,
        "26": 3.438234,
        "27": 2.975318,
        "28": 3.079406,
        "29": 11.548884,
        "30": 4.932454,
        "31": 2.760253,
        "32": 6.502708,
        "33": 3.3288,
        "34": 3.162877,
        "35": 3.202286,
        "36": 3.929873,
        "37": 4.750542,
        "38": 3.140532,
        "39": 5.925058,
        "40": 3.479408,
        "41": 6.685071,
        "42": 1.622498,
        "43": 2.366842,
        "44": 5.421753,
        "45": 7.878723,
        "46": 5.597458,
        "47": 3.778908,
        "48": 5.706233,
        "49": 1.862741,
        "50": 2.35286,
        "51": 2.944794,
        "52": 4.355073,
        "53": 2.963292,
        "54": 5.359379,
        "55": 7.304014,
        "56": 5.915531,
        "57": 3.820526,
        "58": 7.559899,
        "59": 6.362432,
        "60": 2.264213,
        "61": 2.967513,
        "62": 3.72477,
        "63": 3.379095,
        "64": 4.302691,
        "65": 6.28214,
        "66": 6.032389,
        "67": 4.296156,
        "68": 3.969349
      }
    },
    "flash": {
      "utilization_fraction": 0.95,
      "edge_latencies_ms": {
        "0": 2.678356,
        "1": 5.393726,
        "2": 2.6482,
        "3": 1.817435,
        "4": 3.189557,
        "5": 2.500684,
        "6": 5.155336,
        "7": 1.555305,
        "8": 7.052409,
        "9": 2.510639,
        "10": 2.45806,
        "11": 1.863537,
        "12": 0.716885,
        "13": 4.761826,
        "14": 4.743223,
        "15": 4.335051,
        "16": 7.264012,
        "17": 9.193662,
        "18": 2.746934,
        "19": 4.202162,
        "20": 2.410145,
        "21": 2.864347,
        "22": 2.270942,
        "23": 3.150399,
        "24": 4.925105,
        "25": 14.519553,
        "26": 3.461743,
        "27": 2.990665,
        "28": 3.098865,
        "29": 11.777364,
        "30": 4.95372,
        "31": 2.778296,
        "32": 7.081177,
        "33": 3.347998,
        "34": 3.185423,
        "35": 3.244997,
        "36": 3.949213,
        "37": 4.932767,
        "38": 3.229736,
        "39": 5.954874,
        "40": 3.499121,
        "41": 6.964,
        "42": 1.648915,
        "43": 2.404557,
        "44": 5.466025,
        "45": 7.909776,
        "46": 5.626285,
        "47": 3.812601,
        "48": 5.724634,
        "49": 1.906823,
        "50": 2.398963,
        "51": 2.992779,
        "52": 4.374438,
        "53": 2.985754,
        "54": 5.375517,
        "55": 7.356747,
        "56": 5.932119,
        "57": 3.835811,
        "58": 7.616749,
        "59": 6.383182,
        "60": 2.294531,
        "61": 2.997956,
        "62": 3.771801,
        "63": 3.395726,
        "64": 4.331908,
        "65": 6.316901,
        "66": 6.081461,
        "67": 4.340208,
        "68": 3.985165
      }
    }
  }
}