{
  "topology_id": 426,
  "load_conditions": {
    "low": {
      "utilization_fraction": 0.2,
      "edge_latencies_ms": {
        "0": 6.782326,
        "1": 4.59887,
        "2": 6.418516,
        "3": 4.526408,
        "4": 7.471489,
        "5": 5.690257,
        "6": 3.7807,
        "7": 3.782386,
        "8": 3.270515,
        "9": 1.83145,
        "10": 3.387884,
        "11": 6.403912,
        "12": 3.902844,
        "13": 5.094862,
        "14": 3.919675,
        "15": 2.714499,
        "16": 2.021974,
        "17": 4.820161,
        "18": 6.695041,
        "19": 5.169196,
        "20": 3.156023,
        "21": 3.391669,
        "22": 2.150241,
        "23": 3.396491,
        "24": 1.891926,
        "25": 4.6514,
        "26": 3.977356,
        "27": 4.57547,
        "28": 2.287693,
        "29": 3.936296,
        "30": 2.446313,
        "31": 3.572235,
        "32": 3.145928,
        "33": 6.315706,
        "34": 5.24156,
        "35": 4.060562,
        "36": 3.671322,
        "37": 9.608311,
        "38": 4.920326,
        "39": 5.15486,
        "40": 2.124451,
        "41": 5.497986,
        "42": 6.902937,
        "43": 4.584137,
        "44": 6.872101,
        "45": 4.112282,
        "46": 5.540347,
        "47": 6.271515,
        "48": 3.03189,
        "49": 6.308861,
        "50": 3.801649,
        "51": 2.296409,
        "52": 3.582492,
        "53": 4.055667,
        "54": 2.940056,
        "55": 7.040258,
        "56": 6.023988,
        "57": 2.958108,
        "58": 5.536504,
        "59": 2.452912,
        "60": 3.066511,
        "61": 5.24172,
        "62": 2.78879,
        "63": 8.082822,
        "64": 3.611937,
        "65": 3.068927,
        "66": 4.963437,
        "67": 2.742318,
        "68": 3.816622,
        "69": 2.717259,
        "70": 4.331545,
        "71": 3.788838,
        "72": 3.979065,
        "73": 6.122592,
        "74": 4.829681,
        "75": 11.199945,
        "76": 2.600738,
        "77": 3.257434,
        "78": 1.022637,
        "79": 3.020369,
        "80": 8.119976,
        "81": 4.164553,
        "82": 2.666813,
        "83": 8.511247,
        "84": 2.947984,
        "85": 3.607855,
        "86": 4.997465,
        "87": 5.062589,
        "88": 3.091479,
        "89": 3.093771,
        "90": 2.275947,
        "91": 3.789383,
        "92": 3.410541,
        "93": 5.376011,
        "94": 3.446804,
        "95": 0.341625,
        "96": 3.23197,
        "97": 3.386821,
        "98": 3.620221,
        "99": 6.468936,
        "100": 1.580782,
        "101": 3.166183,
        "102": 3.512993,
        "103": 2.901382,
        "104": 3.090359,
        "105": 4.950143,
        "106": 6.15241,
        "107": 6.149878,
        "108": 2.858638,
        "109": 4.269398,
        "110": 6.722889,
        "111": 3.605363,
        "112": 5.183125,
        "113": 4.798194,
        "114": 8.380712,
        "115": 7.613087,
        "116": 12.454903,
        "117": 3.971043,
        "118": 2.248024,
        "119": 1.166073,
        "120": 3.114553,
        "121": 8.664345,
        "122": 2.390611,
        "123": 5.83689,
        "124": 4.344391,
        "125": 6.900149,
        "126": 3.674602,
        "127": 2.919503,
        "128": 3.3021,
        "129": 3.146153,
        "130": 6.242028,
        "131": 4.544644,
        "132": 3.253342,
        "133": 3.267162,
        "134": 1.668488,
        "135": 15.098147,
        "136": 3.812756,
        "137": 1.434077,
        "138": 11.183349,
        "139": 2.727917,
        "140": 6.2638,
        "141": 4.206138,
        "142": 3.504679,
        "143": 0.872426,
        "144": 6.087403,
        "145": 4.398594,
        "146": 1.457588,
        "147": 4.538252,
        "148": 2.264984,
        "149": 4.974485,
        "150": 1.680476,
        "151": 7.097383,
        "152": 6.155132
      }
    },
    "medium": {
      "utilization_fraction": 0.5,
      "edge_latencies_ms": {
        "0": 6.786375,
        "1": 4.602376,
        "2": 6.419587,
        "3": 4.528095,
        "4": 7.472818,
        "5": 5.691519,
        "6": 3.784429,
        "7": 3.78431,
        "8": 3.276635,
        "9": 1.83255,
        "10": 3.389783,
        "11": 6.413174,
        "12": 3.903658,
        "13": 5.095957,
        "14": 3.920841,
        "15": 2.722608,
        "16": 2.022766,
        "17": 4.820933,
        "18": 6.701506,
        "19": 5.170079,
        "20": 3.159141,
        "21": 3.39277,
        "22": 2.152045,
        "23": 3.397585,
        "24": 1.894201,
        "25": 4.65231,
        "26": 3.978431,
        "27": 4.577003,
        "28": 2.291147,
        "29": 3.937074,
        "30": 2.447327,
        "31": 3.577061,
        "32": 3.146896,
        "33": 6.31875,
        "34": 5.279963,
        "35": 4.061511,
        "36": 3.673069,
        "37": 9.621352,
        "38": 4.9252,
        "39": 5.155679,
        "40": 2.126341,
        "41": 5.498943,
        "42": 6.904143,
        "43": 4.585446,
        "44": 6.873163,
        "45": 4.113275,
        "46": 5.541148,
        "47": 6.272338,
        "48": 3.035985,
        "49": 6.310983,
        "50": 3.805514,
        "51": 2.297807,
        "52": 3.583591,
        "53": 4.056639,
        "54": 2.940922,
        "55": 7.04124,
        "56": 6.028318,
        "57": 2.962756,
        "58": 5.537527,
        "59": 2.453972,
        "60": 3.067675,
        "61": 5.245787,
        "62": 2.789597,
        "63": 8.096882,
        "64": 3.612916,
        "65": 3.069711,
        "66": 4.96445,
        "67": 2.743515,
        "68": 3.817998,
        "69": 2.720749,
        "70": 4.334988,
        "71": 3.790037,
        "72": 3.980719,
        "73": 6.123743,
        "74": 4.831026,
        "75": 11.229239,
        "76": 2.602833,
        "77": 3.259181,
        "78": 1.023967,
        "79": 3.025565,
        "80": 8.168274,
        "81": 4.166107,
        "82": 2.667988,
        "83": 8.526609,
        "84": 2.94893,
        "85": 3.610252,
        "86": 4.998999,
        "87": 5.063551,
        "88": 3.092233,
        "89": 3.095236,
        "90": 2.277083,
        "91": 3.790277,
        "92": 3.411399,
        "93": 5.376809,
        "94": 3.451367,
        "95": 0.342583,
        "96": 3.233902,
        "97": 3.3893,
        "98": 3.620985,
        "99": 6.473328,
        "100": 1.585394,
        "101": 3.168452,
        "102": 3.514155,
        "103": 2.904125,
        "104": 3.105976,
        "105": 4.951032,
        "106": 6.153805,
        "107": 6.152196,
        "108": 2.865469,
        "109": 4.270431,
        "110": 6.72475,
        "111": 3.606631,
        "112": 5.185133,
        "113": 4.799982,
        "114": 8.382937,
        "115": 7.619249,
        "116": 12.510515,
        "117": 3.972884,
        "118": 2.25017,
        "119": 1.166837,
        "120": 3.117362,
        "121": 8.674205,
        "122": 2.391464,
        "123": 5.83832,
        "124": 4.345377,
        "125": 6.902799,
        "126": 3.676303,
        "127": 2.925186,
        "128": 3.305241,
        "129": 3.146947,
        "130": 6.242879,
        "131": 4.546038,
        "132": 3.256968,
        "133": 3.267968,
        "134": 1.669263,
        "135": 15.109567,
        "136": 3.815614,
        "137": 1.434881,
        "138": 11.19188,
        "139": 2.731169,
        "140": 6.265119,
        "141": 4.207652,
        "142": 3.506249,
        "143": 0.875542,
        "144": 6.088901,
        "145": 4.399936,
        "146": 1.458652,
        "147": 4.539012,
        "148": 2.268123,
        "149": 4.975708,
        "150": 1.681288,
        "151": 7.098908,
        "152": 6.156648
      }
    },
    "high": {
      "utilization_fraction": 0.8,
      "edge_latencies_ms": {
        "0": 6.802571,
        "1": 4.616398,
        "2": 6.423873,
        "3": 4.534846,
        "4": 7.478136,
        "5": 5.696567,
        "6": 3.799342,
        "7": 3.792006,
        "8": 3.301114,
        "9": 1.836947,
        "10": 3.397376,
        "11": 6.450222,