{
  "topology_id": 288,
  "load_conditions": {
    "low": {
      "utilization_fraction": 0.2,
      "edge_latencies_ms": {
        "0": 1.506637,
        "1": 3.009563,
        "2": 5.965119,
        "3": 3.438556,
        "4": 5.852645,
        "5": 4.307383,
        "6": 3.441555,
        "7": 2.271859,
        "8": 2.417541,
        "9": 1.729166,
        "10": 3.774209,
        "11": 3.719435,
        "12": 2.048124,
        "13": 3.888279,
        "14": 1.658933,
        "15": 10.922484,
        "16": 5.112298,
        "17": 4.38258,
        "18": 2.386126,
        "19": 3.984834,
        "20": 2.769451,
        "21": 3.471227,
        "22": 3.477695,
        "23": 8.426869,
        "24": 2.147447,
        "25": 4.669199,
        "26": 4.685262,
        "27": 4.201695,
        "28": 5.460021,
        "29": 3.711158,
        "30": 2.065275,
        "31": 4.72016,
        "32": 2.563565,
        "33": 2.524967,
        "34": 9.999983,
        "35": 3.586862,
        "36": 4.491205,
        "37": 2.533676,
        "38": 3.848473,
        "39": 6.15858,
        "40": 7.950917,
        "41": 2.661082,
        "42": 6.11783,
        "43": 1.601844,
        "44": 3.834452,
        "45": 3.414362,
        "46": 1.395031,
        "47": 4.909625,
        "48": 4.728596,
        "49": 3.887224,
        "50": 4.972638,
        "51": 3.083089,
        "52": 5.451872,
        "53": 4.391399,
        "54": 3.309564,
        "55": 6.533174,
        "56": 7.779157,
        "57": 7.160606,
        "58": 3.39804,
        "59": 4.138901,
        "60": 6.53158,
        "61": 3.209081,
        "62": 2.824543,
        "63": 4.644358,
        "64": 3.573239,
        "65": 1.94389,
        "66": 3.889778,
        "67": 5.902069,
        "68": 5.02294,
        "69": 5.26999,
        "70": 1.650451,
        "71": 5.49182,
        "72": 4.083455,
        "73": 5.772906,
        "74": 5.238275,
        "75": 2.59099,
        "76": 2.282515,
        "77": 3.845502,
        "78": 8.480838,
        "79": 6.93561
      }
    },
    "medium": {
      "utilization_fraction": 0.5,
      "edge_latencies_ms": {
        "0": 1.507476,
        "1": 3.010782,
        "2": 5.966449,
        "3": 3.440688,
        "4": 5.853607,
        "5": 4.310289,
        "6": 3.442481,
        "7": 2.273557,
        "8": 2.418546,
        "9": 1.731406,
        "10": 3.776014,
        "11": 3.721472,
        "12": 2.04956,
        "13": 3.889378,
        "14": 1.659707,
        "15": 10.930334,
        "16": 5.122631,
        "17": 4.38797,
        "18": 2.386894,
        "19": 3.986037,
        "20": 2.772017,
        "21": 3.472586,
        "22": 3.478561,
        "23": 8.427623,
        "24": 2.148358,
        "25": 4.671545,
        "26": 4.686479,
        "27": 4.20246,
        "28": 5.461471,
        "29": 3.713656,
        "30": 2.068405,
        "31": 4.721305,
        "32": 2.564611,
        "33": 2.528678,
        "34": 10.058401,
        "35": 3.587907,
        "36": 4.492125,
        "37": 2.534616,
        "38": 3.850848,
        "39": 6.159441,
        "40": 7.959439,
        "41": 2.662991,
        "42": 6.119171,
        "43": 1.604095,
        "44": 3.83672,
        "45": 3.41573,
        "46": 1.397955,
        "47": 4.912446,
        "48": 4.732043,
        "49": 3.888496,
        "50": 4.973782,
        "51": 3.087331,
        "52": 5.453796,
        "53": 4.392558,
        "54": 3.310339,
        "55": 6.535717,
        "56": 7.780303,
        "57": 7.162717,
        "58": 3.399601,
        "59": 4.139735,
        "60": 6.532565,
        "61": 3.214314,
        "62": 2.828105,
        "63": 4.646006,
        "64": 3.574697,
        "65": 1.94517,
        "66": 3.891005,
        "67": 5.903348,
        "68": 5.02396,
        "69": 5.271255,
        "70": 1.652752,
        "71": 5.493244,
        "72": 4.084614,
        "73": 5.774537,
        "74": 5.240007,
        "75": 2.591806,
        "76": 2.28514,
        "77": 3.850619,
        "78": 8.481627,
        "79": 6.938616
      }
    },
    "high": {
      "utilization_fraction": 0.8,
      "edge_latencies_ms": {
        "0": 1.51083,
        "1": 3.015657,
        "2": 5.971768,
        "3": 3.449214,
        "4": 5.857454,
        "5": 4.321915,
        "6": 3.446184,
        "7": 2.280349,
        "8": 2.422566,
        "9": 1.740368,
        "10": 3.783237,
        "11": 3.72962,
        "12": 2.055305,
        "13": 3.893774,
        "14": 1.662805,
        "15": 10.961737,
        "16": 5.163963,
        "17": 4.409534,
        "18": 2.389967,
        "19": 3.99085,
        "20": 2.78228,
        "21": 3.478021,
        "22": 3.482023,
        "23": 8.430635,
        "24": 2.152003,
        "25": 4.680926,
        "26": 4.691347,
        "27": 4.205521,
        "28": 5.467272,
        "29": 3.723649,
        "30": 2.080928,
        "31": 4.725888,
        "32": 2.568798,
        "33": 2.543523,
        "34": 10.292072,
        "35": 3.592088,
        "36": 4.495803,
        "37": 2.538374,
        "38": 3.860344,
        "39": 6.162882,
        "40": 7.993529,
        "41": 2.670631,
        "42": 6.124535,
        "43": 1.613101,
        "44": 3.845792,
        "45": 3.421203,
        "46": 1.409649,
        "47": 4.923731,
        "48": 4.745832,
        "49": 3.893587,
        "50": 4.978357,
        "51": 3.104298,
        "52": 5.461492,
        "53": 4.397194,
        "54": 3.313441,
        "55": 6.545888,
        "56": 7.784885,
        "57": 7.171164,
        "58": 3.405844,
        "59": 4.143071,
        "60": 6.536505,
        "61": 3.235246,
        "62": 2.842355,
        "63": 4.6526,
        "64": 3.580529,
        "65": 1.95029,
        "66": 3.895911,
        "67": 5.908465,
        "68": 5.02804,
        "69": 5.276316,
        "70": 1.661956,
        "71": 5.49894,
        "72": 4.089249,
        "73": 5.781062,
        "74": 5.246939,
        "75": 2.595068,
        "76": 2.295641,
        "77": 3.871087,
        "78": 8.484782,
        "79": 6.950644
      }
    },
    "flash": {
      "utilization_fraction": 0.95,
      "edge_latencies_ms": {
        "0": 1.527602,
        "1": 3.040032,
        "2": 5.998361,
        "3": 3.491844,
        "4": 5.87669,
        "5": 4.380046,
        "6": 3.464696,
        "7": 2.31431,
        "8": 2.442669,
        "9": 1.785177,
        "10": 3.81935,
        "11": 3.770359,
        "12": 2.084028,
        "13": 3.915753,
        "14": 1.678294,
        "15": 11.118752,
        "16": 5.370623,
        "17": 4.517353,
        "18": 2.405331,
        "19": 4.014915,
        "20": 2.833596,
        "21": 3.505196,
        "22": 3.499331,
        "23": 8.445696,
        "24": 2.17023,
        "25": 4.727831,
        "26": 4.715687,
        "27": 4.220827,
        "28": 5.496275,
        "29": 3.77361,
        "30": 2.143542,
        "31": 4.748799,
        "32": 2.589729,
        "33": 2.617747,
        "34": 11.460429,
        "35": 3.61299,
        "36": 4.514196,
        "37": 2.557165,
        "38": 3.907827,
        "39": 6.180088,
        "40": 8.163977,
        "41": 2.708826,
        "42": 6.151354,
        "43": 1.65813,
        "44": 3.891153,
        "45": 3.448568,
        "46": 1.468122,
        "47": 4.980156,
        "48": 4.814775,
        "49": 3.919037,
        "50": 5.001233,
        "51": 3.18913,
        "52": 5.49997,
        "53": 4.420372,
        "54": 3.328948,
        "55": 6.596742,
        "56": 7.807794,
        "57": 7.213398,
        "58": 3.43706,
        "59": 4.159751,
        "60": 6.556207,
        "61": 3.339904,
        "62": 2.913605,
        "63": 4.685568,
        "64": 3.609688,
        "65": 1.975893,
        "66": 3.920442,
        "67": 5.934046,
        "68": 5.048439,
        "69": 5.301623,
        "70": 1.707977,
        "71": 5.527418,
        "72": 4.112424,
        "73": 5.813687,
        "74": 5.281594,
        "75": 2.611378,
        "76": 2.348142,
        "77": 3.973428,
        "78": 8.500559,