{
  "topology_id": 357,
  "load_conditions": {
    "low": {
      "utilization_fraction": 0.2,
      "edge_latencies_ms": {
        "0": 1.235075,
        "1": 4.303423,
        "2": 7.318566,
        "3": 2.747355,
        "4": 2.916785,
        "5": 7.19166,
        "6": 4.32833,
        "7": 4.838636,
        "8": 3.172889,
        "9": 2.401106,
        "10": 4.894976,
        "11": 8.539437,
        "12": 6.705416,
        "13": 5.101769,
        "14": 2.827158,
        "15": 7.24079,
        "16": 6.55423,
        "17": 10.62649,
        "18": 1.959796,
        "19": 2.34505,
        "20": 2.831415,
        "21": 13.954398,
        "22": 3.901769,
        "23": 18.783478,
        "24": 3.493698,
        "25": 3.36602,
        "26": 4.667248,
        "27": 8.991369,
        "28": 2.120398,
        "29": 2.262408,
        "30": 2.407924,
        "31": 9.287024,
        "32": 4.151422,
        "33": 1.418636,
        "34": 2.174852,
        "35": 2.071056,
        "36": 1.764979,
        "37": 4.642617,
        "38": 2.705436,
        "39": 3.9932,
        "40": 2.547581,
        "41": 3.204381,
        "42": 4.591062,
        "43": 7.173475,
        "44": 4.938842,
        "45": 3.828344,
        "46": 1.873698
      }
    },
    "medium": {
      "utilization_fraction": 0.5,
      "edge_latencies_ms": {
        "0": 1.235912,
        "1": 4.30493,
        "2": 7.319399,
        "3": 2.748748,
        "4": 2.917632,
        "5": 7.205895,
        "6": 4.32912,
        "7": 4.839576,
        "8": 3.173771,
        "9": 2.403429,
        "10": 4.896135,
        "11": 8.564025,
        "12": 6.723716,
        "13": 5.102573,
        "14": 2.832752,
        "15": 7.252851,
        "16": 6.56475,
        "17": 10.636242,
        "18": 1.961503,
        "19": 2.347313,
        "20": 2.832394,
        "21": 13.97101,
        "22": 3.903186,
        "23": 18.800065,
        "24": 3.500661,
        "25": 3.366819,
        "26": 4.670793,
        "27": 8.999701,
        "28": 2.125443,
        "29": 2.263971,
        "30": 2.410759,
        "31": 9.306704,
        "32": 4.15388,
        "33": 1.4198,
        "34": 2.179688,
        "35": 2.071892,
        "36": 1.76773,
        "37": 4.64412,
        "38": 2.706432,
        "39": 3.994801,
        "40": 2.54861,
        "41": 3.206089,
        "42": 4.59815,
        "43": 7.174675,
        "44": 4.939957,
        "45": 3.829274,
        "46": 1.874983
      }
    },
    "high": {
      "utilization_fraction": 0.8,
      "edge_latencies_ms": {
        "0": 1.239259,
        "1": 4.310957,
        "2": 7.322734,
        "3": 2.75432,
        "4": 2.921019,
        "5": 7.262833,
        "6": 4.332281,
        "7": 4.843333,
        "8": 3.177296,
        "9": 2.41272,
        "10": 4.900773,
        "11": 8.662377,
        "12": 6.796915,
        "13": 5.105791,
        "14": 2.85513,
        "15": 7.301097,
        "16": 6.606832,
        "17": 10.675251,
        "18": 1.968328,
        "19": 2.356365,
        "20": 2.836313,
        "21": 14.037459,
        "22": 3.908856,
        "23": 18.866414,
        "24": 3.528514,
        "25": 3.370017,
        "26": 4.684973,
        "27": 9.033031,
        "28": 2.145624,
        "29": 2.270223,
        "30": 2.422101,
        "31": 9.385425,
        "32": 4.163712,
        "33": 1.424457,
        "34": 2.19903,
        "35": 2.075236,
        "36": 1.778733,
        "37": 4.650131,
        "38": 2.710417,
        "39": 4.001209,
        "40": 2.552723,
        "41": 3.212921,
        "42": 4.626502,
        "43": 7.179473,
        "44": 4.944417,
        "45": 3.832992,
        "46": 1.880124
      }
    },
    "flash": {
      "utilization_fraction": 0.95,
      "edge_latencies_ms": {
        "0": 1.255996,
        "1": 4.341093,
        "2": 7.33941,
        "3": 2.782176,
        "4": 2.937953,
        "5": 7.547524,
        "6": 4.348081,
        "7": 4.862121,
        "8": 3.194925,
        "9": 2.459174,
        "10": 4.923959,
        "11": 9.154135,
        "12": 7.162909,
        "13": 5.12188,
        "14": 2.967015,
        "15": 7.542327,
        "16": 6.817238,
        "17": 10.870297,
        "18": 2.002455,
        "19": 2.401625,
        "20": 2.855906,
        "21": 14.369705,
        "22": 3.937205,
        "23": 19.198157,
        "24": 3.667777,
        "25": 3.386004,
        "26": 4.755874,
        "27": 9.199677,
        "28": 2.246527,
        "29": 2.301483,
        "30": 2.478812,
        "31": 9.779027,
        "32": 4.212869,
        "33": 1.44774,
        "34": 2.295743,
        "35": 2.091958,
        "36": 1.833749,
        "37": 4.680186,
        "38": 2.730341,
        "39": 4.033245,
        "40": 2.573292,
        "41": 3.247081,
        "42": 4.768264,
        "43": 7.203464,
        "44": 4.966717,
        "45": 3.85158,
        "46": 1.90583
      }
    }
  }
}