{
  "topology_id": 103,
  "load_conditions": {
    "low": {
      "utilization_fraction": 0.2,
      "edge_latencies_ms": {
        "0": 3.959946,
        "1": 4.240421,
        "2": 5.052137,
        "3": 4.352169,
        "4": 5.169028,
        "5": 3.04686,
        "6": 4.075836,
        "7": 2.073544,
        "8": 1.497299,
        "9": 1.897484,
        "10": 2.853078,
        "11": 0.956336,
        "12": 2.191807,
        "13": 5.602924,
        "14": 3.646012,
        "15": 1.639805,
        "16": 3.871803,
        "17": 4.057364,
        "18": 2.594037,
        "19": 1.846017,
        "20": 4.881576,
        "21": 4.292689,
        "22": 3.924675,
        "23": 4.231083,
        "24": 2.299855,
        "25": 3.354042,
        "26": 7.036116,
        "27": 8.655167,
        "28": 2.966348,
        "29": 3.640029,
        "30": 3.34969,
        "31": 13.264674,
        "32": 2.056112,
        "33": 5.720681,
        "34": 4.141747,
        "35": 2.944109,
        "36": 17.426864,
        "37": 3.563829,
        "38": 6.833021,
        "39": 4.945809,
        "40": 3.076603,
        "41": 7.612131,
        "42": 3.475297,
        "43": 5.191099,
        "44": 3.602004,
        "45": 3.046534,
        "46": 5.149248,
        "47": 5.082922,
        "48": 2.553226,
        "49": 2.116524,
        "50": 2.932377,
        "51": 2.818353,
        "52": 12.183973,
        "53": 5.550826,
        "54": 3.456291,
        "55": 4.47352,
        "56": 1.372856,
        "57": 4.668819,
        "58": 4.939278,
        "59": 3.050862,
        "60": 2.832788,
        "61": 3.715074,
        "62": 3.555548,
        "63": 2.93743,
        "64": 2.799445,
        "65": 3.491899,
        "66": 4.373628,
        "67": 6.151393,
        "68": 3.819658,
        "69": 3.156468,
        "70": 3.993693,
        "71": 3.062106,
        "72": 2.401647,
        "73": 3.999094,
        "74": 6.000513,
        "75": 4.769822,
        "76": 5.071049,
        "77": 5.534458,
        "78": 4.771684,
        "79": 4.694748,
        "80": 2.296,
        "81": 1.98957,
        "82": 3.354124,
        "83": 4.09552,
        "84": 5.039594,
        "85": 3.941835,
        "86": 1.943327,
        "87": 7.553248,
        "88": 3.95405,
        "89": 4.038966,
        "90": 1.713258,
        "91": 4.347049,
        "92": 5.341283,
        "93": 2.444816,
        "94": 6.082602,
        "95": 6.865926,
        "96": 7.86192,
        "97": 3.826244,
        "98": 6.180737,
        "99": 1.98492,
        "100": 2.522605,
        "101": 3.168089,
        "102": 3.494622,
        "103": 4.425414,
        "104": 3.800213,
        "105": 3.338874,
        "106": 3.053242,
        "107": 4.410832,
        "108": 1.583519,
        "109": 5.112401,
        "110": 2.239137,
        "111": 4.405292,
        "112": 3.97304,
        "113": 6.874889,
        "114": 5.927367,
        "115": 2.291372,
        "116": 5.067915,
        "117": 5.068149,
        "118": 3.016797,
        "119": 4.570823,
        "120": 9.488913,
        "121": 2.28259,
        "122": 5.457833,
        "123": 3.964253,
        "124": 6.710182,
        "125": 8.685413,
        "126": 1.036938,
        "127": 2.589112,
        "128": 7.151887,
        "129": 7.421958,
        "130": 2.787975,
        "131": 3.109275,
        "132": 3.631715,
        "133": 4.70649,
        "134": 2.688013,
        "135": 3.463254,
        "136": 4.262513,
        "137": 3.034593,
        "138": 4.494958,
        "139": 5.951484,
        "140": 2.743641,
        "141": 2.583988,
        "142": 5.704892,
        "143": 2.172146,
        "144": 4.533632,
        "145": 3.880643,
        "146": 3.554004,
        "147": 11.634508,
        "148": 3.93074,
        "149": 2.991143,
        "150": 1.496446,
        "151": 2.779486,
        "152": 3.614729,
        "153": 3.481702,
        "154": 5.060651,
        "155": 4.023075,
        "156": 2.792754,
        "157": 2.844058,
        "158": 3.164431,
        "159": 2.988835,
        "160": 1.988188,
        "161": 2.735463,
        "162": 3.327068,
        "163": 8.082311,
        "164": 2.069807,
        "165": 3.007329,
        "166": 4.996589,
        "167": 6.232682,
        "168": 4.639745,
        "169": 4.668201,
        "170": 3.067803,
        "171": 4.05486,
        "172": 5.435336,
        "173": 7.694849,
        "174": 5.707212,
        "175": 4.758647,
        "176": 4.797956,
        "177": 1.194937,
        "178": 3.146871,
        "179": 5.412827,
        "180": 2.203248,
        "181": 2.4382,
        "182": 6.251212
      }
    },
    "medium": {
      "utilization_fraction": 0.5,
      "edge_latencies_ms": {
        "0": 3.960908,
        "1": 4.242743,
        "2": 5.05303,
        "3": 4.352962,
        "4": 5.170047,
        "5": 3.050508,
        "6": 4.076759,
        "7": 2.074371,
        "8": 1.498652,
        "9": 1.900053,
        "10": 2.855297,
        "11": 0.9572,
        "12": 2.195865,
        "13": 5.605296,
        "14": 3.647268,
        "15": 1.640864,
        "16": 3.872562,
        "17": 4.058413,
        "18": 2.595343,
        "19": 1.847617,
        "20": 4.882709,
        "21": 4.293988,
        "22": 3.925464,
        "23": 4.234385,
        "24": 2.301668,
        "25": 3.35502,
        "26": 7.037046,
        "27": 8.655946,
        "28": 2.967757,
        "29": 3.640901,
        "30": 3.351916,
        "31": 13.28382,
        "32": 2.056982,
        "33": 5.721559,
        "34": 4.146771,
        "35": 2.945673,
        "36": 17.441587,
        "37": 3.564758,
        "38": 6.83399,
        "39": 4.947445,
        "40": 3.08298,
        "41": 7.614633,
        "42": 3.484934,
        "43": 5.192468,
        "44": 3.603316,
        "45": 3.047741,
        "46": 5.150209,
        "47": 5.083943,
        "48": 2.554207,
        "49": 2.118382,
        "50": 2.935816,
        "51": 2.819748,
        "52": 12.19477,
        "53": 5.556595,
        "54": 3.462853,
        "55": 4.475122,
        "56": 1.373932,
        "57": 4.670939,
        "58": 4.944181,
        "59": 3.052169,
        "60": 2.83382,
        "61": 3.715962,
        "62": 3.556413,
        "63": 2.938208,
        "64": 2.800322,
        "65": 3.494481,
        "66": 4.374638,
        "67": 6.152397,
        "68": 3.823651,
        "69": 3.157643,
        "70": 3.994485,
        "71": 3.062915,
        "72": 2.403904,
        "73": 3.999955,
        "74": 6.001781,
        "75": 4.771836,
        "76": 5.071959,
        "77": 5.536003,
        "78": 4.773386,
        "79": 4.695922,
        "80": 2.298011,
        "81": 1.991398,
        "82": 3.355516,
        "83": 4.096966,
        "84": 5.044858,
        "85": 3.943687,
        "86": 1.944151,
        "87": 7.555023,
        "88": 3.955876,
        "89": 4.039737,
        "90": 1.714417,
        "91": 4.350048,
        "92": 5.34232,
        "93": 2.457609,
        "94": 6.08352,
        "95": 6.867041,
        "96": 7.864954,
        "97": 3.827676,
        "98": 6.181568,
        "99": 1.98578,
        "100": 2.523787,
        "101": 3.170406,
        "102": 3.496548,
        "103": 4.427067,
        "104": 3.80137,
        "105": 3.340124,
        "106": 3.054185,
        "107": 4.412019,
        "108": 1.585488,
        "109": 5.113352,
        "110": 2.242497,
        "111": 4.406044,
        "112": 3.974528,
        "113": 6.878558,
        "114": 5.937321,
        "115": 2.292611,
        "116": 5.068883,
        "117": 5.073636,
        "118": 3.019361,
        "119": 4.571932,
        "120": 9.512885,
        "121": 2.283399,
        "122": 5.458801,
        "123": 3.965123,
        "124": 6.711165,
        "125": 8.703595,
        "126": 1.037722,
        "127": 2.589867,
        "128": 7.152789,
        "129": 7.422768,
        "130": 2.790946,
        "131": 3.110229,
        "132": 3.632498,
        "133": 4.708749,
        "134": 2.689294,
        "135": 3.4644,
        "136": 4.264111,
        "137": 3.036309,