{
  "topology_id": 61,
  "load_conditions": {
    "low": {
      "utilization_fraction": 0.2,
      "edge_latencies_ms": {
        "0": 6.124421,
        "1": 4.026525,
        "2": 3.22594,
        "3": 4.118747,
        "4": 1.510828,
        "5": 5.699758,
        "6": 4.885222,
        "7": 4.000861,
        "8": 4.265242,
        "9": 13.565738,
        "10": 6.70399,
        "11": 5.286193,
        "12": 7.238843,
        "13": 4.461733,
        "14": 3.64233,
        "15": 3.443383,
        "16": 3.360274,
        "17": 3.079002,
        "18": 17.40696,
        "19": 7.747357,
        "20": 3.791865,
        "21": 4.578077,
        "22": 2.838983,
        "23": 2.217755,
        "24": 5.705699,
        "25": 3.454187,
        "26": 3.238392,
        "27": 2.230832,
        "28": 3.744345,
        "29": 5.685865,
        "30": 3.40186,
        "31": 3.471853,
        "32": 7.277704,
        "33": 4.277053,
        "34": 4.123237,
        "35": 1.635187,
        "36": 16.725783,
        "37": 3.179741,
        "38": 4.090869,
        "39": 9.743963,
        "40": 5.332509,
        "41": 4.8552,
        "42": 4.188856,
        "43": 6.153525,
        "44": 3.72139,
        "45": 2.860481,
        "46": 4.12347,
        "47": 2.957134,
        "48": 2.487527,
        "49": 1.279306,
        "50": 2.364492,
        "51": 2.682477,
        "52": 1.60278,
        "53": 4.234389,
        "54": 3.162033,
        "55": 2.090081,
        "56": 5.132973,
        "57": 6.841467,
        "58": 5.133486,
        "59": 6.830846,
        "60": 4.182054,
        "61": 3.732324,
        "62": 3.624945,
        "63": 4.813159,
        "64": 1.928685,
        "65": 3.507325,
        "66": 3.191181,
        "67": 2.530388,
        "68": 2.993371,
        "69": 4.562385,
        "70": 2.841783,
        "71": 3.23679,
        "72": 1.536468,
        "73": 15.471904,
        "74": 6.301544,
        "75": 3.599999,
        "76": 3.500489,
        "77": 1.744808,
        "78": 2.236544,
        "79": 3.592069,
        "80": 3.250957,
        "81": 4.173495,
        "82": 3.186897,
        "83": 5.593295,
        "84": 3.197871,
        "85": 3.759687,
        "86": 4.333063,
        "87": 2.466149,
        "88": 3.258524,
        "89": 5.74898,
        "90": 4.369832,
        "91": 2.820605,
        "92": 8.613707,
        "93": 3.642393,
        "94": 5.624801,
        "95": 2.788185,
        "96": 3.554088,
        "97": 2.29641,
        "98": 2.224236,
        "99": 5.817394,
        "100": 3.385346,
        "101": 2.684416,
        "102": 3.081571,
        "103": 2.973301,
        "104": 4.309865,
        "105": 1.714245,
        "106": 3.934533,
        "107": 4.40079,
        "108": 2.621313,
        "109": 5.812122,
        "110": 1.102591,
        "111": 3.191867,
        "112": 3.574673,
        "113": 2.550226,
        "114": 14.534001,
        "115": 6.823844,
        "116": 8.054128,
        "117": 4.757357,
        "118": 5.472713,
        "119": 4.969733,
        "120": 4.776174,
        "121": 7.401724,
        "122": 6.135067,
        "123": 4.180961,
        "124": 4.704035,
        "125": 3.652425,
        "126": 2.452456,
        "127": 1.814729,
        "128": 2.180488,
        "129": 0.691778,
        "130": 4.796941,
        "131": 1.526129,
        "132": 4.321263,
        "133": 5.016985,
        "134": 5.909101,
        "135": 4.295504,
        "136": 4.5039,
        "137": 2.776806,
        "138": 5.745053,
        "139": 2.313547,
        "140": 2.287558,
        "141": 2.244347,
        "142": 4.888565,
        "143": 3.097859,
        "144": 1.533977,
        "145": 3.537192,
        "146": 4.137324,
        "147": 7.065271,
        "148": 3.227781,
        "149": 3.191685,
        "150": 3.9516,
        "151": 2.768009,
        "152": 2.605261,
        "153": 4.562816,
        "154": 4.344645,
        "155": 0.790396,
        "156": 2.87335,
        "157": 3.423272,
        "158": 5.369698,
        "159": 3.067711,
        "160": 4.072194,
        "161": 2.195429
      }
    },
    "medium": {
      "utilization_fraction": 0.5,
      "edge_latencies_ms": {
        "0": 6.125205,
        "1": 4.029207,
        "2": 3.227302,
        "3": 4.120023,
        "4": 1.513169,
        "5": 5.700544,
        "6": 4.888396,
        "7": 4.001651,
        "8": 4.267553,
        "9": 13.573511,
        "10": 6.70568,
        "11": 5.287872,
        "12": 7.240112,
        "13": 4.463442,
        "14": 3.6432,
        "15": 3.444834,
        "16": 3.366803,
        "17": 3.080455,
        "18": 17.41676,
        "19": 7.748442,
        "20": 3.793274,
        "21": 4.579756,
        "22": 2.839902,
        "23": 2.219176,
        "24": 5.706986,
        "25": 3.455815,
        "26": 3.239465,
        "27": 2.231868,
        "28": 3.745338,
        "29": 5.688269,
        "30": 3.403785,
        "31": 3.47424,
        "32": 7.278568,
        "33": 4.280623,
        "34": 4.124678,
        "35": 1.636135,
        "36": 16.74002,
        "37": 3.184682,
        "38": 4.091734,
        "39": 9.751628,
        "40": 5.333712,
        "41": 4.856781,
        "42": 4.189748,
        "43": 6.159013,
        "44": 3.722394,
        "45": 2.861555,
        "46": 4.124669,
        "47": 2.958337,
        "48": 2.488594,
        "49": 1.280131,
        "50": 2.367169,
        "51": 2.685743,
        "52": 1.607757,
        "53": 4.23788,
        "54": 3.163275,
        "55": 2.092002,
        "56": 5.133768,
        "57": 6.843388,
        "58": 5.134404,
        "59": 6.833048,
        "60": 4.183723,
        "61": 3.733081,
        "62": 3.625961,
        "63": 4.813923,
        "64": 1.935372,
        "65": 3.508647,
        "66": 3.192047,
        "67": 2.532509,
        "68": 2.997536,
        "69": 4.563434,
        "70": 2.842718,
        "71": 3.241513,
        "72": 1.537465,
        "73": 15.481108,
        "74": 6.321955,
        "75": 3.600935,
        "76": 3.501252,
        "77": 1.746233,
        "78": 2.238414,
        "79": 3.592844,
        "80": 3.252802,
        "81": 4.18082,
        "82": 3.187665,
        "83": 5.594831,
        "84": 3.202255,
        "85": 3.760898,
        "86": 4.334521,
        "87": 2.467486,
        "88": 3.259696,
        "89": 5.750177,
        "90": 4.372008,
        "91": 2.821451,
        "92": 8.622279,
        "93": 3.647682,
        "94": 5.625757,
        "95": 2.789642,
        "96": 3.554978,
        "97": 2.302617,
        "98": 2.225269,
        "99": 5.818614,
        "100": 3.386112,
        "101": 2.685279,
        "102": 3.083543,
        "103": 2.974458,
        "104": 4.31178,
        "105": 1.716535,
        "106": 3.935444,
        "107": 4.401917,
        "108": 2.626895,
        "109": 5.817072,
        "110": 1.103359,
        "111": 3.193674,
        "112": 3.57559,
        "113": 2.551288,
        "114": 14.60813,
        "115": 6.825031,
        "116": 8.054951,
        "117": 4.758124,
        "118": 5.473545,
        "119": 4.970737,
        "120": 4.778018,
        "121": 7.403629,
        "122": 6.136212,
        "123": 4.1846,
        "124": 4.705336,
        "125": 3.65333,
        "126": 2.453691,
        "127": 1.81555,
        "128": 2.18417,
        "129": 0.69263,
        "130": 4.798405,
        "131": 1.527119,
        "132": 4.323071,
        "133": 5.019434,
        "134": 5.910594,
        "135": 4.298007,
        "136": 4.510225,
        "137": 2.782448,
        "138": 5.745967,
        "139": 2.314444,
        "140": 2.288715,
        "141": 2.246114,
        "142": 4.88947,
        "143": 3.098778,
        "144": 1.535256,
        "145": 3.53828,
        "146": 4.142911,
        "147": 7.066373,
        "148": 3.228706,
        "149": 3.19318,
        "150": 3.953024,
        "151": 2.769053,
        "152": 2.6085,
        "153": 4.566399,
        "154": 4.349101,
        "155": 0.791603,
        "156": 2.87428,
        "157": 3.424092,
        "158": 5.370609,