{
  "topology_id": 468,
  "load_conditions": {
    "low": {
      "utilization_fraction": 0.2,
      "edge_latencies_ms": {
        "0": 2.406732,
        "1": 2.776989,
        "2": 3.343969,
        "3": 3.17923,
        "4": 2.110263,
        "5": 0.830442,
        "6": 5.216091,
        "7": 3.470778,
        "8": 2.573695,
        "9": 3.156902,
        "10": 3.601825,
        "11": 4.755511,
        "12": 5.598029,
        "13": 2.75354,
        "14": 4.796479,
        "15": 2.845177,
        "16": 3.096986,
        "17": 2.186423,
        "18": 2.785602,
        "19": 2.213381,
        "20": 4.321755,
        "21": 3.148037,
        "22": 0.948372,
        "23": 2.132612,
        "24": 4.004119,
        "25": 3.976381,
        "26": 5.224486,
        "27": 4.946641,
        "28": 1.72919,
        "29": 4.947777,
        "30": 2.65763,
        "31": 5.097946,
        "32": 7.079444,
        "33": 2.422705,
        "34": 2.441095,
        "35": 4.515333,
        "36": 3.738457,
        "37": 5.119186,
        "38": 4.982262,
        "39": 1.740822,
        "40": 0.920535,
        "41": 3.276341,
        "42": 7.684774,
        "43": 3.341854,
        "44": 3.522617,
        "45": 19.833504,
        "46": 2.842425,
        "47": 5.283772,
        "48": 4.004764,
        "49": 0.5119,
        "50": 5.572123,
        "51": 4.99591,
        "52": 7.924118,
        "53": 2.928961,
        "54": 4.172454,
        "55": 4.536381,
        "56": 3.745548,
        "57": 8.908809,
        "58": 6.3685,
        "59": 3.860471,
        "60": 3.437704,
        "61": 3.115384,
        "62": 2.047678,
        "63": 4.055518,
        "64": 1.910784,
        "65": 2.931266,
        "66": 2.85871,
        "67": 3.462298,
        "68": 5.136534,
        "69": 3.191447,
        "70": 14.675461,
        "71": 3.736411,
        "72": 3.687028,
        "73": 5.644299,
        "74": 2.833825,
        "75": 3.645862,
        "76": 2.289875,
        "77": 5.099343,
        "78": 4.847945,
        "79": 3.477609,
        "80": 2.996349,
        "81": 4.894757,
        "82": 7.241432,
        "83": 3.48365,
        "84": 4.51241,
        "85": 3.607892,
        "86": 3.857987,
        "87": 1.071178,
        "88": 2.382109,
        "89": 3.83239,
        "90": 4.029941,
        "91": 4.757282,
        "92": 6.816926,
        "93": 4.782841,
        "94": 2.998846,
        "95": 3.209201,
        "96": 2.610029,
        "97": 4.634292,
        "98": 4.428133,
        "99": 1.205735,
        "100": 2.698503,
        "101": 1.501209,
        "102": 1.693424,
        "103": 1.241853,
        "104": 1.733887,
        "105": 4.277465,
        "106": 3.53125,
        "107": 3.699069,
        "108": 4.265106,
        "109": 5.549918,
        "110": 4.769612,
        "111": 3.676147,
        "112": 3.775438,
        "113": 2.943713,
        "114": 1.614928,
        "115": 2.291634,
        "116": 1.658134,
        "117": 4.06829,
        "118": 2.321266,
        "119": 2.682094,
        "120": 4.325473,
        "121": 1.993003,
        "122": 2.529305,
        "123": 3.419245,
        "124": 6.675073,
        "125": 6.394321,
        "126": 3.318962,
        "127": 3.500758,
        "128": 1.756927,
        "129": 3.422474,
        "130": 2.72109,
        "131": 5.935862,
        "132": 6.581864,
        "133": 4.689562,
        "134": 3.256508,
        "135": 5.618844,
        "136": 5.426864,
        "137": 1.962174,
        "138": 3.809298,
        "139": 3.619378,
        "140": 7.126004,
        "141": 3.310375,
        "142": 3.13296,
        "143": 7.14512,
        "144": 5.530472,
        "145": 4.748606,
        "146": 3.506054,
        "147": 3.384935,
        "148": 3.000511,
        "149": 4.830229,
        "150": 5.022719,
        "151": 3.748784,
        "152": 1.90865,
        "153": 2.358477,
        "154": 4.877721,
        "155": 1.788344,
        "156": 2.709796,
        "157": 4.291468,
        "158": 1.751329,
        "159": 3.894449,
        "160": 2.842928,
        "161": 5.152855,
        "162": 4.068709,
        "163": 4.159881,
        "164": 4.355721,
        "165": 3.911906,
        "166": 3.42224,
        "167": 3.257732,
        "168": 5.430223,
        "169": 4.733531,
        "170": 5.982079,
        "171": 2.503343,
        "172": 4.107764,
        "173": 4.769939,
        "174": 3.039632,
        "175": 4.229837,
        "176": 1.471732,
        "177": 2.752227,
        "178": 3.84516,
        "179": 4.295184,
        "180": 3.131415,
        "181": 4.135887,
        "182": 0.923371,
        "183": 4.170998,
        "184": 3.069748,
        "185": 1.445808,
        "186": 4.424278,
        "187": 5.243969
      }
    },
    "medium": {
      "utilization_fraction": 0.5,
      "edge_latencies_ms": {
        "0": 2.408096,
        "1": 2.778023,
        "2": 3.344859,
        "3": 3.180126,
        "4": 2.111462,
        "5": 0.831199,
        "6": 5.219688,
        "7": 3.477938,
        "8": 2.574548,
        "9": 3.157688,
        "10": 3.602619,
        "11": 4.756677,
        "12": 5.600901,
        "13": 2.755418,
        "14": 4.798445,
        "15": 2.846325,
        "16": 3.098779,
        "17": 2.187484,
        "18": 2.787685,
        "19": 2.216956,
        "20": 4.322882,
        "21": 3.149061,
        "22": 0.950948,
        "23": 2.133678,
        "24": 4.007054,
        "25": 3.978015,
        "26": 5.225336,
        "27": 4.948621,
        "28": 1.730256,
        "29": 4.94882,
        "30": 2.659761,
        "31": 5.105231,
        "32": 7.080389,
        "33": 2.42348,
        "34": 2.448161,
        "35": 4.516092,
        "36": 3.739225,
        "37": 5.122857,
        "38": 4.983585,
        "39": 1.742445,
        "40": 0.921444,
        "41": 3.277622,
        "42": 7.693116,
        "43": 3.344009,
        "44": 3.526209,
        "45": 19.854034,
        "46": 2.845204,
        "47": 5.284718,
        "48": 4.01034,
        "49": 0.513714,
        "50": 5.574478,
        "51": 5.002555,
        "52": 7.935655,
        "53": 2.929824,
        "54": 4.173352,
        "55": 4.537196,
        "56": 3.750589,
        "57": 8.927053,
        "58": 6.377252,
        "59": 3.861704,
        "60": 3.439273,
        "61": 3.11824,
        "62": 2.051382,
        "63": 4.056428,
        "64": 1.913175,
        "65": 2.938283,
        "66": 2.859652,
        "67": 3.467089,
        "68": 5.141264,
        "69": 3.19803,
        "70": 14.69282,
        "71": 3.739334,
        "72": 3.687839,
        "73": 5.646099,
        "74": 2.834693,
        "75": 3.649278,
        "76": 2.290847,
        "77": 5.100264,
        "78": 4.849593,
        "79": 3.480315,
        "80": 2.99802,
        "81": 4.897916,
        "82": 7.244181,
        "83": 3.484548,
        "84": 4.513227,
        "85": 3.608662,
        "86": 3.858882,
        "87": 1.072903,
        "88": 2.382976,
        "89": 3.834185,
        "90": 4.031117,
        "91": 4.761191,
        "92": 6.818438,
        "93": 4.786848,
        "94": 3.000023,
        "95": 3.210296,
        "96": 2.611765,
        "97": 4.63601,
        "98": 4.429393,
        "99": 1.207176,
        "100": 2.700333,
        "101": 1.501994,
        "102": 1.698318,
        "103": 1.242971,
        "104": 1.735281,
        "105": 4.279398,
        "106": 3.535469,
        "107": 3.701954,
        "108": 4.267749,
        "109": 5.55112,
        "110": 4.77675,
        "111": 3.678308,
        "112": 3.77778,
        "113": 2.948917,
        "114": 1.616026,
        "115": 2.293291,
        "116": 1.65918,
        "117": 4.071154,
        "118": 2.322733,
        "119": 2.68313,
        "120": 4.326893,
        "121": 1.996322,
        "122": 2.530657,
        "123": 3.420493,
        "124": 6.690305,
        "125": 6.406949,
        "126": 3.321557,
        "127": 3.504178,
        "128": 1.758942,
        "129": 3.423394,
        "130": 2.725067,
        "131": 5.936976,
        "132": 6.582731,