{
  "topology_id": 338,
  "load_conditions": {
    "low": {
      "utilization_fraction": 0.2,
      "edge_latencies_ms": {
        "0": 1.836564,
        "1": 2.888717,
        "2": 13.921516,
        "3": 4.712916,
        "4": 3.380562,
        "5": 4.467658,
        "6": 9.119508,
        "7": 9.517689,
        "8": 3.493884,
        "9": 1.998062,
        "10": 4.06986,
        "11": 5.652011,
        "12": 4.614959,
        "13": 18.927349,
        "14": 2.263243,
        "15": 3.382602,
        "16": 4.309116,
        "17": 2.262855,
        "18": 7.240317,
        "19": 3.411643,
        "20": 2.959927,
        "21": 5.432697,
        "22": 7.544489,
        "23": 4.138443,
        "24": 3.674357,
        "25": 10.170874,
        "26": 3.770058,
        "27": 7.330369,
        "28": 3.942797,
        "29": 3.341444,
        "30": 3.004655,
        "31": 4.180787,
        "32": 3.9389,
        "33": 3.126397,
        "34": 3.525733,
        "35": 7.55444,
        "36": 1.46293,
        "37": 4.865588,
        "38": 1.720757,
        "39": 1.860997,
        "40": 2.202542,
        "41": 4.588536,
        "42": 4.852671,
        "43": 8.017104,
        "44": 2.711211,
        "45": 2.503869,
        "46": 2.895077,
        "47": 2.546736,
        "48": 3.504014,
        "49": 10.135966,
        "50": 2.648952,
        "51": 3.540713,
        "52": 3.095678,
        "53": 3.289625,
        "54": 2.537773,
        "55": 2.230932,
        "56": 3.821767,
        "57": 12.276673,
        "58": 5.713839,
        "59": 4.769961,
        "60": 3.221723,
        "61": 1.677217,
        "62": 2.663033,
        "63": 5.185368,
        "64": 7.290228,
        "65": 7.722886,
        "66": 4.046651,
        "67": 3.262471,
        "68": 6.049349,
        "69": 5.878341,
        "70": 6.028029,
        "71": 2.273956,
        "72": 2.986052,
        "73": 2.987714,
        "74": 4.954205,
        "75": 2.533083
      }
    },
    "medium": {
      "utilization_fraction": 0.5,
      "edge_latencies_ms": {
        "0": 1.837876,
        "1": 2.891052,
        "2": 13.935099,
        "3": 4.716574,
        "4": 3.381681,
        "5": 4.47287,
        "6": 9.132332,
        "7": 9.543251,
        "8": 3.495351,
        "9": 1.998929,
        "10": 4.071067,
        "11": 5.654463,
        "12": 4.615761,
        "13": 18.97324,
        "14": 2.264596,
        "15": 3.383903,
        "16": 4.309944,
        "17": 2.264672,
        "18": 7.241867,
        "19": 3.413118,
        "20": 2.962143,
        "21": 5.433777,
        "22": 7.546541,
        "23": 4.139352,
        "24": 3.676072,
        "25": 10.180023,
        "26": 3.776141,
        "27": 7.332659,
        "28": 3.943771,
        "29": 3.342452,
        "30": 3.005423,
        "31": 4.181625,
        "32": 3.942509,
        "33": 3.131356,
        "34": 3.528832,
        "35": 7.577501,
        "36": 1.463696,
        "37": 4.866363,
        "38": 1.721925,
        "39": 1.862869,
        "40": 2.204495,
        "41": 4.589448,
        "42": 4.856093,
        "43": 8.01888,
        "44": 2.71239,
        "45": 2.505251,
        "46": 2.897327,
        "47": 2.550012,
        "48": 3.506251,
        "49": 10.158306,
        "50": 2.650454,
        "51": 3.543495,
        "52": 3.099068,
        "53": 3.291636,
        "54": 2.539814,
        "55": 2.231797,
        "56": 3.824799,
        "57": 12.286565,
        "58": 5.715339,
        "59": 4.771889,
        "60": 3.222895,
        "61": 1.678729,
        "62": 2.664879,
        "63": 5.187209,
        "64": 7.313768,
        "65": 7.724279,
        "66": 4.049212,
        "67": 3.263268,
        "68": 6.060225,
        "69": 5.880224,
        "70": 6.029261,
        "71": 2.27499,
        "72": 2.987763,
        "73": 2.988783,
        "74": 4.955803,
        "75": 2.534644
      }
    },
    "high": {
      "utilization_fraction": 0.8,
      "edge_latencies_ms": {
        "0": 1.843124,
        "1": 2.900389,
        "2": 13.989431,
        "3": 4.731207,
        "4": 3.386155,
        "5": 4.49372,
        "6": 9.18363,
        "7": 9.645498,
        "8": 3.501221,
        "9": 2.002396,
        "10": 4.075896,
        "11": 5.66427,
        "12": 4.618966,
        "13": 19.156804,
        "14": 2.270005,
        "15": 3.389107,
        "16": 4.313257,
        "17": 2.27194,
        "18": 7.248068,
        "19": 3.419017,
        "20": 2.971007,
        "21": 5.438097,
        "22": 7.554746,
        "23": 4.142988,
        "24": 3.682935,
        "25": 10.216616,
        "26": 3.800472,
        "27": 7.341821,
        "28": 3.947667,
        "29": 3.346487,
        "30": 3.008498,
        "31": 4.184979,
        "32": 3.956943,
        "33": 3.151189,
        "34": 3.541228,
        "35": 7.669744,
        "36": 1.46676,
        "37": 4.869464,
        "38": 1.726597,
        "39": 1.870355,
        "40": 2.212306,
        "41": 4.593092,
        "42": 4.869782,
        "43": 8.025987,
        "44": 2.717108,
        "45": 2.510776,
        "46": 2.906326,
        "47": 2.563117,
        "48": 3.515198,
        "49": 10.247668,
        "50": 2.656461,
        "51": 3.554623,
        "52": 3.112626,
        "53": 3.299683,
        "54": 2.547976,
        "55": 2.23526,
        "56": 3.836928,
        "57": 12.326135,
        "58": 5.721339,
        "59": 4.779599,
        "60": 3.227582,
        "61": 1.684775,
        "62": 2.672266,
        "63": 5.194572,
        "64": 7.407927,
        "65": 7.729855,
        "66": 4.059456,
        "67": 3.266459,
        "68": 6.103731,
        "69": 5.88776,
        "70": 6.034187,
        "71": 2.279125,
        "72": 2.994606,
        "73": 2.993061,
        "74": 4.962192,
        "75": 2.540887
      }
    },
    "flash": {
      "utilization_fraction": 0.95,
      "edge_latencies_ms": {
        "0": 1.869365,
        "1": 2.947075,
        "2": 14.261089,
        "3": 4.804372,
        "4": 3.408525,
        "5": 4.59797,
        "6": 9.440117,
        "7": 10.156735,
        "8": 3.530573,
        "9": 2.019731,
        "10": 4.100041,
        "11": 5.713309,
        "12": 4.634995,
        "13": 20.074624,
        "14": 2.297052,
        "15": 3.415127,
        "16": 4.32982,
        "17": 2.308279,
        "18": 7.279072,
        "19": 3.448513,
        "20": 3.015327,
        "21": 5.459696,
        "22": 7.595771,
        "23": 4.161171,
        "24": 3.71725,
        "25": 10.399583,
        "26": 3.922128,
        "27": 7.387631,
        "28": 3.967148,
        "29": 3.366659,
        "30": 3.023871,
        "31": 4.20175,
        "32": 4.029111,
        "33": 3.250356,
        "34": 3.603205,
        "35": 8.130961,
        "36": 1.482081,
        "37": 4.884968,
        "38": 1.749959,
        "39": 1.907784,
        "40": 2.251364,
        "41": 4.611317,
        "42": 4.938226,
        "43": 8.061522,
        "44": 2.740695,
        "45": 2.538401,
        "46": 2.951325,
        "47": 2.628639,
        "48": 3.559934,
        "49": 10.694476,
        "50": 2.686495,
        "51": 3.610262,
        "52": 3.180415,
        "53": 3.339914,
        "54": 2.588789,
        "55": 2.252574,
        "56": 3.897574,
        "57": 12.523983,
        "58": 5.751338,
        "59": 4.818152,
        "60": 3.251018,
        "61": 1.715004,
        "62": 2.709197,
        "63": 5.231386,
        "64": 7.878721,
        "65": 7.757732,
        "66": 4.110672,
        "67": 3.282414,
        "68": 6.321261,
        "69": 5.925438,
        "70": 6.058816,
        "71": 2.299798,
        "72": 3.028825,
        "73": 3.014451,
        "74": 4.994139,
        "75": 2.572103
      }
    }
  }
}