{
  "topology_id": 101,
  "load_conditions": {
    "low": {
      "utilization_fraction": 0.2,
      "edge_latencies_ms": {
        "0": 2.619973,
        "1": 4.949319,
        "2": 3.075548,
        "3": 4.155888,
        "4": 3.977943,
        "5": 2.479922,
        "6": 14.343124,
        "7": 16.994792,
        "8": 14.56065,
        "9": 14.045389,
        "10": 14.907892,
        "11": 4.256947,
        "12": 3.308219,
        "13": 3.833401,
        "14": 1.190042,
        "15": 6.288778,
        "16": 11.555478,
        "17": 2.877903,
        "18": 2.87591,
        "19": 2.00874,
        "20": 4.989887,
        "21": 3.394694,
        "22": 2.248653,
        "23": 3.023592,
        "24": 2.112999,
        "25": 9.888103,
        "26": 2.959509,
        "27": 1.684881,
        "28": 2.120827,
        "29": 3.947081,
        "30": 4.128229,
        "31": 3.576229,
        "32": 5.049736,
        "33": 2.606814,
        "34": 19.225258,
        "35": 4.341746,
        "36": 2.67324,
        "37": 4.391985,
        "38": 1.942177,
        "39": 4.27246,
        "40": 4.391329,
        "41": 3.729438,
        "42": 4.067566,
        "43": 5.345152,
        "44": 15.868485,
        "45": 3.403918,
        "46": 2.798652,
        "47": 3.93859,
        "48": 1.530799,
        "49": 3.708179,
        "50": 4.095433,
        "51": 6.927741,
        "52": 5.013665,
        "53": 7.564775,
        "54": 6.040628,
        "55": 4.289836,
        "56": 1.546875,
        "57": 2.755727,
        "58": 4.078722,
        "59": 4.981325,
        "60": 3.322118,
        "61": 2.474204,
        "62": 4.465203,
        "63": 4.670007,
        "64": 3.064122,
        "65": 4.173246,
        "66": 2.344828,
        "67": 5.206784,
        "68": 3.397173,
        "69": 3.429952
      }
    },
    "medium": {
      "utilization_fraction": 0.5,
      "edge_latencies_ms": {
        "0": 2.622655,
        "1": 4.950449,
        "2": 3.076415,
        "3": 4.157508,
        "4": 3.9795,
        "5": 2.480725,
        "6": 14.351862,
        "7": 17.017279,
        "8": 14.583618,
        "9": 14.052998,
        "10": 14.919558,
        "11": 4.257725,
        "12": 3.311998,
        "13": 3.840271,
        "14": 1.191102,
        "15": 6.306358,
        "16": 11.572535,
        "17": 2.879872,
        "18": 2.876751,
        "19": 2.009566,
        "20": 4.991235,
        "21": 3.397562,
        "22": 2.249869,
        "23": 3.028967,
        "24": 2.118841,
        "25": 9.89595,
        "26": 2.962355,
        "27": 1.686329,
        "28": 2.121739,
        "29": 3.947873,
        "30": 4.129768,
        "31": 3.577937,
        "32": 5.051614,
        "33": 2.607659,
        "34": 19.23295,
        "35": 4.342939,
        "36": 2.677898,
        "37": 4.393535,
        "38": 1.942989,
        "39": 4.275337,
        "40": 4.392388,
        "41": 3.73258,
        "42": 4.072626,
        "43": 5.347258,
        "44": 15.880753,
        "45": 3.406295,
        "46": 2.799447,
        "47": 3.940916,
        "48": 1.533035,
        "49": 3.709175,
        "50": 4.096386,
        "51": 6.930368,
        "52": 5.015858,
        "53": 7.565701,
        "54": 6.042579,
        "55": 4.291059,
        "56": 1.548015,
        "57": 2.760834,
        "58": 4.081011,
        "59": 4.983719,
        "60": 3.323835,
        "61": 2.479901,
        "62": 4.466687,
        "63": 4.671821,
        "64": 3.064963,
        "65": 4.174159,
        "66": 2.350589,
        "67": 5.207582,
        "68": 3.401577,
        "69": 3.433806
      }
    },
    "high": {
      "utilization_fraction": 0.8,
      "edge_latencies_ms": {
        "0": 2.633383,
        "1": 4.954968,
        "2": 3.079883,
        "3": 4.163987,
        "4": 3.985728,
        "5": 2.483939,
        "6": 14.386816,
        "7": 17.107226,
        "8": 14.675491,
        "9": 14.083434,
        "10": 14.966223,
        "11": 4.260837,
        "12": 3.327113,
        "13": 3.867753,
        "14": 1.195344,
        "15": 6.37668,
        "16": 11.640765,
        "17": 2.887748,
        "18": 2.880111,
        "19": 2.012867,
        "20": 4.996624,
        "21": 3.409033,
        "22": 2.25473,
        "23": 3.050469,
        "24": 2.142212,
        "25": 9.927336,
        "26": 2.973739,
        "27": 1.692117,
        "28": 2.125388,
        "29": 3.951042,
        "30": 4.135921,
        "31": 3.584768,
        "32": 5.059123,
        "33": 2.611036,
        "34": 19.263717,
        "35": 4.347709,
        "36": 2.696529,
        "37": 4.399736,
        "38": 1.946238,
        "39": 4.286847,
        "40": 4.396626,
        "41": 3.74515,
        "42": 4.092869,
        "43": 5.355682,
        "44": 15.929824,
        "45": 3.415806,
        "46": 2.802625,
        "47": 3.950222,
        "48": 1.541977,
        "49": 3.713159,
        "50": 4.100196,
        "51": 6.940876,
        "52": 5.02463,
        "53": 7.569405,
        "54": 6.050381,
        "55": 4.295951,
        "56": 1.552576,
        "57": 2.781263,
        "58": 4.090165,
        "59": 4.993293,
        "60": 3.330703,
        "61": 2.502689,
        "62": 4.472619,
        "63": 4.67908,
        "64": 3.068326,
        "65": 4.177811,
        "66": 2.373632,
        "67": 5.21077,
        "68": 3.419194,
        "69": 3.449219
      }
    },
    "flash": {
      "utilization_fraction": 0.95,
      "edge_latencies_ms": {
        "0": 2.687022,
        "1": 4.977563,
        "2": 3.097224,
        "3": 4.196384,
        "4": 4.01687,
        "5": 2.500006,
        "6": 14.561581,
        "7": 17.556959,
        "8": 15.134857,
        "9": 14.235616,
        "10": 15.199547,
        "11": 4.276397,
        "12": 3.402693,
        "13": 4.005163,
        "14": 1.216551,
        "15": 6.728289,
        "16": 11.981912,
        "17": 2.927127,
        "18": 2.896913,
        "19": 2.029372,
        "20": 5.023573,
        "21": 3.466392,
        "22": 2.279034,
        "23": 3.157976,
        "24": 2.259063,
        "25": 10.084268,
        "26": 3.030656,
        "27": 1.721062,
        "28": 2.143628,
        "29": 3.966886,
        "30": 4.166686,
        "31": 3.618922,
        "32": 5.096671,
        "33": 2.627922,
        "34": 19.417551,
        "35": 4.371563,
        "36": 2.789689,
        "37": 4.430741,
        "38": 1.962482,
        "39": 4.344397,
        "40": 4.417815,
        "41": 3.807999,
        "42": 4.194082,
        "43": 5.397802,
        "44": 16.17518,
        "45": 3.463359,
        "46": 2.818513,
        "47": 3.996752,
        "48": 1.586688,
        "49": 3.733079,
        "50": 4.119249,
        "51": 6.993417,
        "52": 5.068492,
        "53": 7.587928,
        "54": 6.08939,
        "55": 4.32041,
        "56": 1.575382,
        "57": 2.883408,
        "58": 4.135938,
        "59": 5.041164,
        "60": 3.365043,
        "61": 2.616631,
        "62": 4.502284,
        "63": 4.715374,
        "64": 3.085141,
        "65": 4.196067,
        "66": 2.488846,
        "67": 5.226713,
        "68": 3.507276,
        "69": 3.526287
      }
    }
  }
}