{
  "topology_id": 251,
  "load_conditions": {
    "low": {
      "utilization_fraction": 0.2,
      "edge_latencies_ms": {
        "0": 5.633747,
        "1": 7.1402,
        "2": 4.212233,
        "3": 1.911353,
        "4": 3.852657,
        "5": 6.439903,
        "6": 1.358869,
        "7": 2.807904,
        "8": 2.650506,
        "9": 10.933522,
        "10": 10.440716,
        "11": 2.107535,
        "12": 1.766605,
        "13": 4.274741,
        "14": 3.134902,
        "15": 4.710638,
        "16": 2.429802,
        "17": 2.321318,
        "18": 2.119287,
        "19": 1.394673,
        "20": 9.360536,
        "21": 5.259831,
        "22": 2.556541,
        "23": 5.105713,
        "24": 1.980107,
        "25": 3.323292,
        "26": 6.105978,
        "27": 5.391661,
        "28": 4.275686,
        "29": 4.145975,
        "30": 3.840306,
        "31": 4.789,
        "32": 5.176409,
        "33": 3.405095,
        "34": 3.455351,
        "35": 1.888306,
        "36": 1.938603,
        "37": 3.14543,
        "38": 1.397231,
        "39": 4.10881,
        "40": 1.599444,
        "41": 5.3437,
        "42": 6.146461,
        "43": 4.827546,
        "44": 5.110427,
        "45": 2.678475,
        "46": 2.293368,
        "47": 1.659355,
        "48": 4.844287,
        "49": 1.993029,
        "50": 4.477601,
        "51": 2.843363,
        "52": 2.454442,
        "53": 3.801318,
        "54": 5.446222,
        "55": 1.797504,
        "56": 6.02509
      }
    },
    "medium": {
      "utilization_fraction": 0.5,
      "edge_latencies_ms": {
        "0": 5.638967,
        "1": 7.147129,
        "2": 4.218586,
        "3": 1.912511,
        "4": 3.853717,
        "5": 6.440733,
        "6": 1.359913,
        "7": 2.809003,
        "8": 2.65132,
        "9": 10.953486,
        "10": 10.452382,
        "11": 2.10874,
        "12": 1.769028,
        "13": 4.275912,
        "14": 3.137941,
        "15": 4.712074,
        "16": 2.430661,
        "17": 2.326483,
        "18": 2.121976,
        "19": 1.395909,
        "20": 9.368055,
        "21": 5.26137,
        "22": 2.557498,
        "23": 5.120847,
        "24": 1.981758,
        "25": 3.324118,
        "26": 6.107239,
        "27": 5.393942,
        "28": 4.277107,
        "29": 4.146978,
        "30": 3.844309,
        "31": 4.790159,
        "32": 5.182686,
        "33": 3.406872,
        "34": 3.456894,
        "35": 1.891812,
        "36": 1.939389,
        "37": 3.146273,
        "38": 1.398094,
        "39": 4.111066,
        "40": 1.603821,
        "41": 5.346038,
        "42": 6.148016,
        "43": 4.828468,
        "44": 5.111633,
        "45": 2.680167,
        "46": 2.294148,
        "47": 1.666085,
        "48": 4.845245,
        "49": 1.99841,
        "50": 4.478963,
        "51": 2.844381,
        "52": 2.459033,
        "53": 3.802742,
        "54": 5.451374,
        "55": 1.798264,
        "56": 6.026069
      }
    },
    "high": {
      "utilization_fraction": 0.8,
      "edge_latencies_ms": {
        "0": 5.659849,
        "1": 7.174848,
        "2": 4.244,
        "3": 1.917144,
        "4": 3.85796,
        "5": 6.444055,
        "6": 1.364089,
        "7": 2.813396,
        "8": 2.654576,
        "9": 11.033344,
        "10": 10.499048,
        "11": 2.11356,
        "12": 1.778718,
        "13": 4.280596,
        "14": 3.150099,
        "15": 4.717817,
        "16": 2.434097,
        "17": 2.347142,
        "18": 2.132732,
        "19": 1.400853,
        "20": 9.398131,
        "21": 5.267527,
        "22": 2.561326,
        "23": 5.181383,
        "24": 1.98836,
        "25": 3.327423,
        "26": 6.112281,
        "27": 5.403065,
        "28": 4.282792,
        "29": 4.15099,
        "30": 3.86032,
        "31": 4.794794,
        "32": 5.207793,
        "33": 3.413984,
        "34": 3.463067,
        "35": 1.905837,
        "36": 1.942535,
        "37": 3.149644,
        "38": 1.401545,
        "39": 4.120089,
        "40": 1.621329,
        "41": 5.35539,
        "42": 6.154239,
        "43": 4.832152,
        "44": 5.116456,
        "45": 2.686933,
        "46": 2.297264,
        "47": 1.693003,
        "48": 4.849077,
        "49": 2.019933,
        "50": 4.484408,
        "51": 2.848453,
        "52": 2.477397,
        "53": 3.808436,
        "54": 5.471982,
        "55": 1.801303,
        "56": 6.029986
      }
    },
    "flash": {
      "utilization_fraction": 0.95,
      "edge_latencies_ms": {
        "0": 5.764258,
        "1": 7.31344,
        "2": 4.371066,
        "3": 1.940308,
        "4": 3.879174,
        "5": 6.460662,
        "6": 1.384969,
        "7": 2.835364,
        "8": 2.670858,
        "9": 11.432633,
        "10": 10.732374,
        "11": 2.137656,
        "12": 1.827168,
        "13": 4.304017,
        "14": 3.21089,
        "15": 4.746533,
        "16": 2.451278,
        "17": 2.450436,
        "18": 2.186511,
        "19": 1.425571,
        "20": 9.548514,
        "21": 5.298309,
        "22": 2.580468,
        "23": 5.484063,
        "24": 2.021372,
        "25": 3.343947,
        "26": 6.137493,
        "27": 5.44868,
        "28": 4.311217,
        "29": 4.171051,
        "30": 3.940376,
        "31": 4.81797,
        "32": 5.333329,
        "33": 3.449539,
        "34": 3.49393,
        "35": 1.975963,
        "36": 1.958262,
        "37": 3.166502,
        "38": 1.418802,
        "39": 4.165205,
        "40": 1.70887,
        "41": 5.402148,
        "42": 6.185352,
        "43": 4.850575,
        "44": 5.140573,
        "45": 2.720765,
        "46": 2.312849,
        "47": 1.827593,
        "48": 4.868239,
        "49": 2.127552,
        "50": 4.511636,
        "51": 2.868814,
        "52": 2.569218,
        "53": 3.836908,
        "54": 5.575025,
        "55": 1.8165,
        "56": 6.04957
      }
    }
  }
}