{
  "topology_id": 453,
  "load_conditions": {
    "low": {
      "utilization_fraction": 0.2,
      "edge_latencies_ms": {
        "0": 5.127602,
        "1": 3.03625,
        "2": 3.697212,
        "3": 4.407075,
        "4": 3.906631,
        "5": 4.435016,
        "6": 3.952736,
        "7": 6.210018,
        "8": 4.067825,
        "9": 5.229516,
        "10": 8.539476,
        "11": 4.337899,
        "12": 4.248101,
        "13": 4.159668,
        "14": 5.153416,
        "15": 2.528407,
        "16": 4.543915,
        "17": 2.767338,
        "18": 4.677941,
        "19": 3.993513,
        "20": 4.423719,
        "21": 3.346464,
        "22": 1.533776,
        "23": 3.039735,
        "24": 2.028025,
        "25": 4.183082,
        "26": 2.246028,
        "27": 6.291515,
        "28": 4.278714,
        "29": 2.508499,
        "30": 2.633784,
        "31": 2.293197,
        "32": 4.957491,
        "33": 1.973846,
        "34": 9.384053,
        "35": 10.783286,
        "36": 0.319617,
        "37": 2.512389,
        "38": 3.746289,
        "39": 3.672497,
        "40": 4.395884,
        "41": 1.640325,
        "42": 5.54119,
        "43": 4.716778,
        "44": 2.946756,
        "45": 5.79233,
        "46": 5.030278,
        "47": 0.787934,
        "48": 3.311554,
        "49": 6.632733,
        "50": 7.574724,
        "51": 3.671797,
        "52": 3.00528,
        "53": 7.81635,
        "54": 6.373948,
        "55": 1.026471,
        "56": 6.050012,
        "57": 7.059232,
        "58": 1.739517,
        "59": 4.010283,
        "60": 6.074338,
        "61": 6.344142,
        "62": 7.48643,
        "63": 4.642631,
        "64": 5.85804,
        "65": 1.116266,
        "66": 3.258092,
        "67": 2.414376,
        "68": 4.546819,
        "69": 5.055254,
        "70": 5.169389,
        "71": 1.006814,
        "72": 5.143317,
        "73": 2.618127,
        "74": 5.23786,
        "75": 3.99613,
        "76": 3.903295,
        "77": 4.617495,
        "78": 2.361296,
        "79": 3.238209,
        "80": 3.953229,
        "81": 4.403622,
        "82": 5.69673,
        "83": 7.866386,
        "84": 4.990037,
        "85": 2.59981,
        "86": 2.499097,
        "87": 5.567021,
        "88": 4.630707,
        "89": 2.02657,
        "90": 5.91309,
        "91": 2.672436,
        "92": 4.619504,
        "93": 2.211322,
        "94": 3.977839,
        "95": 5.719614,
        "96": 5.376097,
        "97": 4.553133,
        "98": 1.933769,
        "99": 6.999603,
        "100": 3.491903,
        "101": 2.833466,
        "102": 2.435301,
        "103": 3.979097,
        "104": 4.922323,
        "105": 2.599953,
        "106": 5.83575,
        "107": 5.497318,
        "108": 5.08225,
        "109": 5.736919,
        "110": 2.184371,
        "111": 4.695991,
        "112": 3.341166,
        "113": 3.102424,
        "114": 5.219453,
        "115": 3.756878,
        "116": 5.465341,
        "117": 4.038376,
        "118": 5.204819,
        "119": 3.125626,
        "120": 4.030998,
        "121": 3.498571,
        "122": 6.012355,
        "123": 3.372573,
        "124": 2.368179,
        "125": 3.634407,
        "126": 3.662058,
        "127": 4.727666,
        "128": 1.921984,
        "129": 2.524026,
        "130": 2.148979,
        "131": 1.764626,
        "132": 2.042999,
        "133": 3.696252,
        "134": 2.825248,
        "135": 3.46476,
        "136": 3.459522,
        "137": 2.134467,
        "138": 4.087884,
        "139": 3.730503,
        "140": 4.585474,
        "141": 4.328911,
        "142": 5.256387,
        "143": 5.584473,
        "144": 9.364748,
        "145": 6.539096,
        "146": 6.476823,
        "147": 4.419095,
        "148": 5.053311,
        "149": 3.120295,
        "150": 5.591616,
        "151": 4.988033,
        "152": 3.768752,
        "153": 1.955166,
        "154": 2.816098,
        "155": 5.012754,
        "156": 4.665672,
        "157": 3.833073,
        "158": 4.156878,
        "159": 2.121583,
        "160": 2.193218,
        "161": 1.754804,
        "162": 3.516128,
        "163": 4.482327,
        "164": 3.096267,
        "165": 3.511192,
        "166": 1.290071,
        "167": 3.096388,
        "168": 5.60763,
        "169": 4.50238,
        "170": 3.502863,
        "171": 4.485453,
        "172": 6.219398,
        "173": 2.991808,
        "174": 3.642257,
        "175": 3.807279,
        "176": 2.839631,
        "177": 2.582823,
        "178": 5.41166,
        "179": 2.347558,
        "180": 3.349371,
        "181": 1.049684,
        "182": 1.041362,
        "183": 2.458438,
        "184": 3.469497,
        "185": 2.648851,
        "186": 0.671689,
        "187": 2.418678,
        "188": 2.542421
      }
    },
    "medium": {
      "utilization_fraction": 0.5,
      "edge_latencies_ms": {
        "0": 5.128975,
        "1": 3.03716,
        "2": 3.698309,
        "3": 4.411496,
        "4": 3.908629,
        "5": 4.43581,
        "6": 3.95398,
        "7": 6.211044,
        "8": 4.06884,
        "9": 5.231122,
        "10": 8.598346,
        "11": 4.338739,
        "12": 4.248868,
        "13": 4.160847,
        "14": 5.154765,
        "15": 2.529604,
        "16": 4.545703,
        "17": 2.768459,
        "18": 4.68152,
        "19": 3.994366,
        "20": 4.424513,
        "21": 3.34747,
        "22": 1.538107,
        "23": 3.043472,
        "24": 2.029047,
        "25": 4.183899,
        "26": 2.247352,
        "27": 6.292965,
        "28": 4.279672,
        "29": 2.509317,
        "30": 2.634842,
        "31": 2.294324,
        "32": 4.960645,
        "33": 1.974767,
        "34": 9.413134,
        "35": 10.812677,
        "36": 0.325638,
        "37": 2.513402,
        "38": 3.747075,
        "39": 3.673351,
        "40": 4.400764,
        "41": 1.641128,
        "42": 5.542485,
        "43": 4.718354,
        "44": 2.947598,
        "45": 5.793111,
        "46": 5.031349,
        "47": 0.789527,
        "48": 3.313337,
        "49": 6.634099,
        "50": 7.575912,
        "51": 3.673742,
        "52": 3.008432,
        "53": 7.818947,
        "54": 6.375095,
        "55": 1.027724,
        "56": 6.051107,
        "57": 7.060376,
        "58": 1.743217,
        "59": 4.012603,
        "60": 6.075297,
        "61": 6.344902,
        "62": 7.487235,
        "63": 4.64368,
        "64": 5.860743,
        "65": 1.117214,
        "66": 3.260359,
        "67": 2.416862,
        "68": 4.547585,
        "69": 5.056044,
        "70": 5.170373,
        "71": 1.00798,
        "72": 5.144681,
        "73": 2.619552,
        "74": 5.240911,
        "75": 3.997483,
        "76": 3.904499,
        "77": 4.61873,
        "78": 2.363341,
        "79": 3.244261,
        "80": 3.957169,
        "81": 4.404787,
        "82": 5.698027,
        "83": 7.867353,
        "84": 4.991219,
        "85": 2.600732,
        "86": 2.499855,
        "87": 5.56803,
        "88": 4.634414,
        "89": 2.027997,
        "90": 5.920073,
        "91": 2.673534,
        "92": 4.620311,
        "93": 2.212208,
        "94": 3.979948,
        "95": 5.721933,
        "96": 5.378815,
        "97": 4.557339,
        "98": 1.938034,
        "99": 7.000447,
        "100": 3.494669,
        "101": 2.834685,
        "102": 2.436731,
        "103": 3.980058,
        "104": 4.924357,
        "105": 2.601093,
        "106": 5.836733,
        "107": 5.502742,
        "108": 5.08302,
        "109": 5.738321,
        "110": 2.187113,
        "111": 4.697802,
        "112": 3.342005,
        "113": 3.103856,
        "114": 5.221019,
        "115": 3.759347,
        "116": 5.466235,
        "117": 4.039984,
        "118": 5.20581,
        "119": 3.128242,
        "120": 4.034563,
        "121": 3.499863,
        "122": 6.014899,
        "123": 3.373369,
        "124": 2.369042,
        "125": 3.635272,
        "126": 3.664278,
        "127": 4.729173,
        "128": 1.922929,
        "129": 2.526347,
        "130": 2.151586,
        "131": 1.771723,