{
  "topology_id": 330,
  "load_conditions": {
    "low": {
      "utilization_fraction": 0.2,
      "edge_latencies_ms": {
        "0": 0.775572,
        "1": 4.725515,
        "2": 2.908996,
        "3": 5.070208,
        "4": 7.044906,
        "5": 9.476749,
        "6": 2.591252,
        "7": 3.939919,
        "8": 2.318455,
        "9": 3.433857,
        "10": 4.741247,
        "11": 8.52678,
        "12": 2.627094,
        "13": 9.526827,
        "14": 11.004565,
        "15": 6.966703,
        "16": 6.102863,
        "17": 3.779738,
        "18": 8.81182,
        "19": 3.803398,
        "20": 5.964749,
        "21": 3.559677,
        "22": 1.281101,
        "23": 3.930717,
        "24": 1.953254,
        "25": 9.548574,
        "26": 0.851217,
        "27": 3.341003,
        "28": 7.848799,
        "29": 4.201687,
        "30": 1.259664,
        "31": 2.021459,
        "32": 11.980873,
        "33": 5.452636,
        "34": 2.959841,
        "35": 2.561938,
        "36": 6.450968,
        "37": 4.967595,
        "38": 5.315008,
        "39": 2.986042,
        "40": 1.588923,
        "41": 4.679712,
        "42": 3.073468
      }
    },
    "medium": {
      "utilization_fraction": 0.5,
      "edge_latencies_ms": {
        "0": 0.77644,
        "1": 4.726754,
        "2": 2.909943,
        "3": 5.07223,
        "4": 7.105978,
        "5": 9.500158,
        "6": 2.592329,
        "7": 3.940975,
        "8": 2.31971,
        "9": 3.43739,
        "10": 4.743394,
        "11": 8.537593,
        "12": 2.630072,
        "13": 9.535948,
        "14": 11.037183,
        "15": 6.97438,
        "16": 6.105235,
        "17": 3.782083,
        "18": 8.829588,
        "19": 3.804323,
        "20": 5.967488,
        "21": 3.564215,
        "22": 1.282514,
        "23": 3.932043,
        "24": 1.954516,
        "25": 9.56563,
        "26": 0.851986,
        "27": 3.342165,
        "28": 7.887902,
        "29": 4.202995,
        "30": 1.260415,
        "31": 2.022296,
        "32": 11.996184,
        "33": 5.456386,
        "34": 2.961741,
        "35": 2.564364,
        "36": 6.453769,
        "37": 4.97095,
        "38": 5.315843,
        "39": 2.988488,
        "40": 1.590684,
        "41": 4.680972,
        "42": 3.076543
      }
    },
    "high": {
      "utilization_fraction": 0.8,
      "edge_latencies_ms": {
        "0": 0.779913,
        "1": 4.731709,
        "2": 2.913731,
        "3": 5.080316,
        "4": 7.350268,
        "5": 9.593795,
        "6": 2.596634,
        "7": 3.945202,
        "8": 2.32473,
        "9": 3.45152,
        "10": 4.751982,
        "11": 8.580842,
        "12": 2.641986,
        "13": 9.572434,
        "14": 11.167653,
        "15": 7.00509,
        "16": 6.114721,
        "17": 3.791463,
        "18": 8.900659,
        "19": 3.808025,
        "20": 5.978441,
        "21": 3.582363,
        "22": 1.288164,
        "23": 3.937348,
        "24": 1.959565,
        "25": 9.633855,
        "26": 0.855064,
        "27": 3.346812,
        "28": 8.044314,
        "29": 4.208227,
        "30": 1.26342,
        "31": 2.025641,
        "32": 12.057426,
        "33": 5.471387,
        "34": 2.969339,
        "35": 2.574071,
        "36": 6.464971,
        "37": 4.984367,
        "38": 5.319182,
        "39": 2.998272,
        "40": 1.597728,
        "41": 4.686013,
        "42": 3.088843
      }
    },
    "flash": {
      "utilization_fraction": 0.95,
      "edge_latencies_ms": {
        "0": 0.797278,
        "1": 4.756484,
        "2": 2.93267,
        "3": 5.12075,
        "4": 8.571717,
        "5": 10.061982,
        "6": 2.618161,
        "7": 3.966335,
        "8": 2.34983,
        "9": 3.522173,
        "10": 4.794924,
        "11": 8.797089,
        "12": 2.701555,
        "13": 9.754863,
        "14": 11.820006,
        "15": 7.158637,
        "16": 6.162155,
        "17": 3.838363,
        "18": 9.256016,
        "19": 3.826533,
        "20": 6.033206,
        "21": 3.673103,
        "22": 1.316414,
        "23": 3.963872,
        "24": 1.984807,
        "25": 9.974983,
        "26": 0.870451,
        "27": 3.37005,
        "28": 8.826372,
        "29": 4.234387,
        "30": 1.278444,
        "31": 2.042367,
        "32": 12.36364,
        "33": 5.546394,
        "34": 3.007332,
        "35": 2.622602,
        "36": 6.520982,
        "37": 5.051454,
        "38": 5.335879,
        "39": 3.047193,
        "40": 1.632949,
        "41": 4.711217,
        "42": 3.150345
      }
    }
  }
}