{
  "topology_id": 284,
  "load_conditions": {
    "low": {
      "utilization_fraction": 0.2,
      "edge_latencies_ms": {
        "0": 3.507629,
        "1": 3.247847,
        "2": 12.549327,
        "3": 3.641421,
        "4": 2.448427,
        "5": 8.503004,
        "6": 9.094946,
        "7": 2.602835,
        "8": 5.211806,
        "9": 3.451132,
        "10": 2.490781,
        "11": 13.464978,
        "12": 16.853198,
        "13": 4.3901,
        "14": 3.636728,
        "15": 5.917039,
        "16": 3.140082,
        "17": 9.687483,
        "18": 2.571277,
        "19": 2.988766,
        "20": 3.312681,
        "21": 3.574614,
        "22": 3.011889,
        "23": 2.553336,
        "24": 5.178445,
        "25": 5.427152,
        "26": 1.780898
      }
    },
    "medium": {
      "utilization_fraction": 0.5,
      "edge_latencies_ms": {
        "0": 3.510618,
        "1": 3.248911,
        "2": 12.563927,
        "3": 3.643101,
        "4": 2.449601,
        "5": 8.512514,
        "6": 9.107879,
        "7": 2.60466,
        "8": 5.21262,
        "9": 3.451898,
        "10": 2.492347,
        "11": 13.475477,
        "12": 16.862754,
        "13": 4.391892,
        "14": 3.638088,
        "15": 5.919919,
        "16": 3.141556,
        "17": 9.714926,
        "18": 2.57219,
        "19": 2.990208,
        "20": 3.318693,
        "21": 3.577101,
        "22": 3.013444,
        "23": 2.55475,
        "24": 5.183396,
        "25": 5.427963,
        "26": 1.782368
      }
    },
    "high": {
      "utilization_fraction": 0.8,
      "edge_latencies_ms": {
        "0": 3.522574,
        "1": 3.253166,
        "2": 12.622328,
        "3": 3.64982,
        "4": 2.454296,
        "5": 8.550554,
        "6": 9.15961,
        "7": 2.611959,
        "8": 5.21588,
        "9": 3.454963,
        "10": 2.498611,
        "11": 13.517473,
        "12": 16.90098,
        "13": 4.39906,
        "14": 3.64353,
        "15": 5.931437,
        "16": 3.147454,
        "17": 9.8247,
        "18": 2.575842,
        "19": 2.995976,
        "20": 3.34274,
        "21": 3.587049,
        "22": 3.019661,
        "23": 2.560408,
        "24": 5.203197,
        "25": 5.431207,
        "26": 1.788246
      }
    },
    "flash": {
      "utilization_fraction": 0.95,
      "edge_latencies_ms": {
        "0": 3.582353,
        "1": 3.274441,
        "2": 12.914332,
        "3": 3.683415,
        "4": 2.477771,
        "5": 8.740754,
        "6": 9.418267,
        "7": 2.648455,
        "8": 5.232178,
        "9": 3.470288,
        "10": 2.52993,
        "11": 13.727454,
        "12": 17.09211,
        "13": 4.434898,
        "14": 3.670737,
        "15": 5.98903,
        "16": 3.176941,
        "17": 10.37357,
        "18": 2.594102,
        "19": 3.024818,
        "20": 3.462977,
        "21": 3.636787,
        "22": 3.050749,
        "23": 2.588699,
        "24": 5.302201,
        "25": 5.447428,
        "26": 1.817635
      }
    }
  }
}