{
  "topology_id": 401,
  "load_conditions": {
    "low": {
      "utilization_fraction": 0.2,
      "edge_latencies_ms": {
        "0": 3.009803,
        "1": 4.943904,
        "2": 1.523663,
        "3": 5.55647,
        "4": 2.244655,
        "5": 7.941025,
        "6": 5.522063,
        "7": 2.602202,
        "8": 2.555388,
        "9": 10.346459,
        "10": 12.330402,
        "11": 12.929093,
        "12": 3.320929,
        "13": 4.573592,
        "14": 3.650804,
        "15": 2.561127,
        "16": 4.013054,
        "17": 5.007945,
        "18": 14.688498,
        "19": 4.509271,
        "20": 4.079925,
        "21": 4.054865
      }
    },
    "medium": {
      "utilization_fraction": 0.5,
      "edge_latencies_ms": {
        "0": 3.010999,
        "1": 4.945473,
        "2": 1.524989,
        "3": 5.565135,
        "4": 2.246757,
        "5": 7.96371,
        "6": 5.539484,
        "7": 2.603812,
        "8": 2.556711,
        "9": 10.371137,
        "10": 12.342192,
        "11": 12.945672,
        "12": 3.321787,
        "13": 4.576375,
        "14": 3.655319,
        "15": 2.562088,
        "16": 4.015186,
        "17": 5.012572,
        "18": 14.69746,
        "19": 4.510071,
        "20": 4.083874,
        "21": 4.055705
      }
    },
    "high": {
      "utilization_fraction": 0.8,
      "edge_latencies_ms": {
        "0": 3.015783,
        "1": 4.951745,
        "2": 1.530292,
        "3": 5.599795,
        "4": 2.255165,
        "5": 8.054451,
        "6": 5.609169,
        "7": 2.610252,
        "8": 2.562005,
        "9": 10.469851,
        "10": 12.389352,
        "11": 13.011989,
        "12": 3.325219,
        "13": 4.587509,
        "14": 3.673379,
        "15": 2.565929,
        "16": 4.023714,
        "17": 5.031083,
        "18": 14.733311,
        "19": 4.513273,
        "20": 4.09967,
        "21": 4.059069
      }
    },
    "flash": {
      "utilization_fraction": 0.95,
      "edge_latencies_ms": {
        "0": 3.039701,
        "1": 4.983105,
        "2": 1.556808,
        "3": 5.773094,
        "4": 2.297208,
        "5": 8.508154,
        "6": 5.957594,
        "7": 2.642452,
        "8": 2.588474,
        "9": 10.963423,
        "10": 12.625152,
        "11": 13.343576,
        "12": 3.342378,
        "13": 4.643175,
        "14": 3.763676,
        "15": 2.585138,
        "16": 4.066356,
        "17": 5.123637,
        "18": 14.912562,
        "19": 4.52928,
        "20": 4.17865,
        "21": 4.075885
      }
    }
  }
}