{
  "topology_id": 293,
  "load_conditions": {
    "low": {
      "utilization_fraction": 0.2,
      "edge_latencies_ms": {
        "0": 3.782537,
        "1": 5.086091,
        "2": 3.195697,
        "3": 4.194843,
        "4": 16.171032,
        "5": 3.962508,
        "6": 4.814393,
        "7": 7.070634,
        "8": 2.085589,
        "9": 3.40399,
        "10": 6.310082,
        "11": 4.032244,
        "12": 19.930642,
        "13": 3.445038,
        "14": 5.359684,
        "15": 4.794757,
        "16": 5.30206,
        "17": 5.794487,
        "18": 3.938578,
        "19": 6.563968,
        "20": 19.98801,
        "21": 18.361941,
        "22": 4.501835,
        "23": 2.764357,
        "24": 2.085494,
        "25": 1.896315,
        "26": 4.623375,
        "27": 3.709791,
        "28": 4.963375,
        "29": 3.300896,
        "30": 1.561679,
        "31": 3.571545,
        "32": 5.277716,
        "33": 5.353076,
        "34": 5.750035,
        "35": 4.048947,
        "36": 4.244879,
        "37": 1.415792,
        "38": 2.840741,
        "39": 5.754097,
        "40": 8.863888,
        "41": 3.538389,
        "42": 4.418574,
        "43": 5.157091
      }
    },
    "medium": {
      "utilization_fraction": 0.5,
      "edge_latencies_ms": {
        "0": 3.784082,
        "1": 5.087288,
        "2": 3.196511,
        "3": 4.197482,
        "4": 16.191801,
        "5": 3.963425,
        "6": 4.819166,
        "7": 7.072671,
        "8": 2.088897,
        "9": 3.4079,
        "10": 6.312719,
        "11": 4.035458,
        "12": 19.953876,
        "13": 3.446913,
        "14": 5.360495,
        "15": 4.797058,
        "16": 5.303377,
        "17": 5.795729,
        "18": 3.939559,
        "19": 6.565428,
        "20": 20.009457,
        "21": 18.374151,
        "22": 4.503878,
        "23": 2.765734,
        "24": 2.087219,
        "25": 1.900865,
        "26": 4.625133,
        "27": 3.711677,
        "28": 4.96989,
        "29": 3.301856,
        "30": 1.562927,
        "31": 3.574172,
        "32": 5.28261,
        "33": 5.35394,
        "34": 5.754701,
        "35": 4.050494,
        "36": 4.246178,
        "37": 1.42063,
        "38": 2.841717,
        "39": 5.7582,
        "40": 8.864681,
        "41": 3.539855,
        "42": 4.421798,
        "43": 5.162751
      }
    },
    "high": {
      "utilization_fraction": 0.8,
      "edge_latencies_ms": {
        "0": 3.790261,
        "1": 5.092079,
        "2": 3.199766,
        "3": 4.208039,
        "4": 16.274879,
        "5": 3.967091,
        "6": 4.838257,
        "7": 7.080821,
        "8": 2.10213,
        "9": 3.42354,
        "10": 6.323267,
        "11": 4.04831,
        "12": 20.046814,
        "13": 3.454412,
        "14": 5.36374,
        "15": 4.806263,
        "16": 5.308645,
        "17": 5.800695,
        "18": 3.943484,
        "19": 6.571269,
        "20": 20.095248,
        "21": 18.42299,
        "22": 4.512053,
        "23": 2.771241,
        "24": 2.094121,
        "25": 1.919064,
        "26": 4.632163,
        "27": 3.719222,
        "28": 4.995952,
        "29": 3.305694,
        "30": 1.567922,
        "31": 3.58468,
        "32": 5.302188,
        "33": 5.357397,
        "34": 5.773367,
        "35": 4.056682,
        "36": 4.25137,
        "37": 1.439982,
        "38": 2.845623,
        "39": 5.77461,
        "40": 8.867854,
        "41": 3.545719,
        "42": 4.434696,
        "43": 5.185391
      }
    },
    "flash": {
      "utilization_fraction": 0.95,
      "edge_latencies_ms": {
        "0": 3.821158,
        "1": 5.11603,
        "2": 3.216041,
        "3": 4.260824,
        "4": 16.690269,
        "5": 3.985421,
        "6": 4.933712,
        "7": 7.121572,
        "8": 2.168295,
        "9": 3.501739,
        "10": 6.376004,
        "11": 4.112571,
        "12": 20.5115,
        "13": 3.491908,
        "14": 5.379966,
        "15": 4.852288,
        "16": 5.334987,
        "17": 5.825524,
        "18": 3.96311,
        "19": 6.600475,
        "20": 20.524204,
        "21": 18.667186,
        "22": 4.552926,
        "23": 2.798776,
        "24": 2.12863,
        "25": 2.010061,
        "26": 4.667317,
        "27": 3.756946,
        "28": 5.126258,
        "29": 3.324889,
        "30": 1.592895,
        "31": 3.63722,
        "32": 5.400077,
        "33": 5.374679,
        "34": 5.866694,
        "35": 4.087623,
        "36": 4.277332,
        "37": 1.536744,
        "38": 2.865153,
        "39": 5.85666,
        "40": 8.883715,
        "41": 3.575043,
        "42": 4.499185,
        "43": 5.29859
      }
    }
  }
}