{
  "topology_id": 314,
  "load_conditions": {
    "low": {
      "utilization_fraction": 0.2,
      "edge_latencies_ms": {
        "0": 2.029022,
        "1": 2.17559,
        "2": 10.022631,
        "3": 3.118062,
        "4": 4.888278,
        "5": 3.439144,
        "6": 4.148353,
        "7": 2.764783,
        "8": 2.491152,
        "9": 2.573752,
        "10": 0.334708,
        "11": 4.701868,
        "12": 3.260799,
        "13": 0.761183,
        "14": 7.81161,
        "15": 10.069601,
        "16": 2.816497,
        "17": 1.944149,
        "18": 3.787587,
        "19": 6.725815,
        "20": 3.267343,
        "21": 5.231303,
        "22": 3.474851,
        "23": 3.486902
      }
    },
    "medium": {
      "utilization_fraction": 0.5,
      "edge_latencies_ms": {
        "0": 2.032387,
        "1": 2.177268,
        "2": 10.033371,
        "3": 3.120755,
        "4": 4.89155,
        "5": 3.443186,
        "6": 4.149491,
        "7": 2.765607,
        "8": 2.493393,
        "9": 2.574555,
        "10": 0.336511,
        "11": 4.702858,
        "12": 3.26169,
        "13": 0.763597,
        "14": 7.831656,
        "15": 10.083536,
        "16": 2.817441,
        "17": 1.945175,
        "18": 3.788337,
        "19": 6.727167,
        "20": 3.269382,
        "21": 5.232856,
        "22": 3.475809,
        "23": 3.489465
      }
    },
    "high": {
      "utilization_fraction": 0.8,
      "edge_latencies_ms": {
        "0": 2.045845,
        "1": 2.183981,
        "2": 10.076334,
        "3": 3.131525,
        "4": 4.90464,
        "5": 3.459351,
        "6": 4.154044,
        "7": 2.768903,
        "8": 2.502358,
        "9": 2.577767,
        "10": 0.343722,
        "11": 4.706819,
        "12": 3.265254,
        "13": 0.773254,
        "14": 7.911843,
        "15": 10.139274,
        "16": 2.821216,
        "17": 1.949281,
        "18": 3.791338,
        "19": 6.732574,
        "20": 3.277536,
        "21": 5.239071,
        "22": 3.479641,
        "23": 3.499714
      }
    },
    "flash": {
      "utilization_fraction": 0.95,
      "edge_latencies_ms": {
        "0": 2.113136,
        "1": 2.217547,
        "2": 10.291149,
        "3": 3.185376,
        "4": 4.970086,
        "5": 3.540176,
        "6": 4.176807,
        "7": 2.785381,
        "8": 2.547185,
        "9": 2.593827,
        "10": 0.379777,
        "11": 4.726625,
        "12": 3.283075,
        "13": 0.821536,
        "14": 8.312774,
        "15": 10.417964,
        "16": 2.840094,
        "17": 1.969806,
        "18": 3.806343,
        "19": 6.759607,
        "20": 3.318305,
        "21": 5.270147,
        "22": 3.498803,
        "23": 3.550961
      }
    }
  }
}