{
  "topology_id": 142,
  "load_conditions": {
    "low": {
      "utilization_fraction": 0.2,
      "edge_latencies_ms": {
        "0": 4.112298,
        "1": 5.659801,
        "2": 5.512641,
        "3": 4.106865,
        "4": 3.771812,
        "5": 2.41521,
        "6": 10.97365,
        "7": 11.325867,
        "8": 3.645529,
        "9": 7.50087,
        "10": 3.147955,
        "11": 1.176405,
        "12": 2.353988,
        "13": 6.74488,
        "14": 6.162177,
        "15": 4.640191,
        "16": 4.984388,
        "17": 3.01683,
        "18": 7.39702,
        "19": 3.383231,
        "20": 3.2612,
        "21": 4.274538,
        "22": 4.435424,
        "23": 5.987102,
        "24": 5.686257,
        "25": 3.331542,
        "26": 2.574821,
        "27": 6.06454,
        "28": 3.414047,
        "29": 4.609356,
        "30": 4.110163,
        "31": 6.75666,
        "32": 7.182973,
        "33": 5.12664,
        "34": 2.202174,
        "35": 3.253942,
        "36": 4.042715,
        "37": 1.474844,
        "38": 3.739809,
        "39": 1.91367,
        "40": 5.198317,
        "41": 3.143617,
        "42": 2.754417,
        "43": 1.789551,
        "44": 2.788378,
        "45": 4.236013,
        "46": 3.463011,
        "47": 3.157796,
        "48": 3.624969,
        "49": 9.215091,
        "50": 5.346863,
        "51": 4.767618,
        "52": 4.212516,
        "53": 4.628107,
        "54": 6.203027,
        "55": 4.650939,
        "56": 4.805699,
        "57": 5.740682,
        "58": 6.561414,
        "59": 5.103078,
        "60": 3.861298,
        "61": 5.430751,
        "62": 4.468018,
        "63": 2.434277,
        "64": 3.281481,
        "65": 5.124267,
        "66": 1.966282,
        "67": 3.356699,
        "68": 2.251769,
        "69": 3.620745,
        "70": 3.021116,
        "71": 2.334265,
        "72": 7.175122,
        "73": 5.482622,
        "74": 4.218962,
        "75": 2.151053,
        "76": 3.311604,
        "77": 3.930334,
        "78": 5.323732,
        "79": 2.782612,
        "80": 3.937203,
        "81": 5.385063,
        "82": 4.896793,
        "83": 1.814249,
        "84": 6.317824,
        "85": 4.209253,
        "86": 4.701727,
        "87": 4.251551,
        "88": 2.24631,
        "89": 2.285473,
        "90": 6.148746,
        "91": 3.601292,
        "92": 2.763767,
        "93": 2.978922,
        "94": 4.703878,
        "95": 4.001472,
        "96": 4.992285,
        "97": 3.918769,
        "98": 3.114432,
        "99": 1.276348,
        "100": 13.516316,
        "101": 11.57724,
        "102": 4.653797,
        "103": 4.899119,
        "104": 4.820932,
        "105": 1.123498,
        "106": 2.909715,
        "107": 2.507787,
        "108": 4.129608,
        "109": 1.506138,
        "110": 3.085159,
        "111": 3.469609,
        "112": 3.134916,
        "113": 2.60166,
        "114": 1.93805,
        "115": 1.755468,
        "116": 1.731531,
        "117": 2.421017,
        "118": 2.853899,
        "119": 1.722288,
        "120": 3.438828,
        "121": 3.466388
      }
    },
    "medium": {
      "utilization_fraction": 0.5,
      "edge_latencies_ms": {
        "0": 4.118408,
        "1": 5.661863,
        "2": 5.514664,
        "3": 4.107981,
        "4": 3.772703,
        "5": 2.416612,
        "6": 10.987007,
        "7": 11.341136,
        "8": 3.65103,
        "9": 7.502089,
        "10": 3.148897,
        "11": 1.178003,
        "12": 2.355163,
        "13": 6.746105,
        "14": 6.164498,
        "15": 4.642824,
        "16": 4.985958,
        "17": 3.018856,
        "18": 7.398165,
        "19": 3.385713,
        "20": 3.262403,
        "21": 4.275463,
        "22": 4.440076,
        "23": 5.994695,
        "24": 5.687605,
        "25": 3.332648,
        "26": 2.575718,
        "27": 6.070111,
        "28": 3.415473,
        "29": 4.611023,
        "30": 4.111668,
        "31": 6.764461,
        "32": 7.185666,
        "33": 5.127822,
        "34": 2.203687,
        "35": 3.254858,
        "36": 4.043696,
        "37": 1.476014,
        "38": 3.741892,
        "39": 1.914854,
        "40": 5.200214,
        "41": 3.144862,
        "42": 2.755326,
        "43": 1.790785,
        "44": 2.789467,
        "45": 4.236887,
        "46": 3.46445,
        "47": 3.158558,
        "48": 3.626467,
        "49": 9.226811,
        "50": 5.351022,
        "51": 4.768728,
        "52": 4.213841,
        "53": 4.628884,
        "54": 6.204485,
        "55": 4.65559,
        "56": 4.807039,
        "57": 5.741774,
        "58": 6.562539,
        "59": 5.103981,
        "60": 3.862302,
        "61": 5.433756,
        "62": 4.47041,
        "63": 2.435093,
        "64": 3.283517,
        "65": 5.125331,
        "66": 1.967062,
        "67": 3.36353,
        "68": 2.253559,
        "69": 3.621665,
        "70": 3.025768,
        "71": 2.336695,
        "72": 7.18134,
        "73": 5.48401,
        "74": 4.219806,
        "75": 2.151878,
        "76": 3.313841,
        "77": 3.936674,
        "78": 5.329834,
        "79": 2.783387,
        "80": 3.938184,
        "81": 5.386466,
        "82": 4.897558,
        "83": 1.815028,
        "84": 6.319568,
        "85": 4.21049,
        "86": 4.703112,
        "87": 4.252781,
        "88": 2.247296,
        "89": 2.287921,
        "90": 6.150479,
        "91": 3.603944,
        "92": 2.764567,
        "93": 2.985963,
        "94": 4.70582,
        "95": 4.003076,
        "96": 4.993369,
        "97": 3.922718,
        "98": 3.121694,
        "99": 1.277445,
        "100": 13.524907,
        "101": 11.586484,
        "102": 4.654645,
        "103": 4.899888,
        "104": 4.822307,
        "105": 1.124282,
        "106": 2.91074,
        "107": 2.50918,
        "108": 4.131842,
        "109": 1.507108,
        "110": 3.086054,
        "111": 3.472222,
        "112": 3.137128,
        "113": 2.608288,
        "114": 1.939125,
        "115": 1.758094,
        "116": 1.734943,
        "117": 2.423764,
        "118": 2.856346,
        "119": 1.72396,
        "120": 3.439707,
        "121": 3.472133
      }
    },
    "high": {
      "utilization_fraction": 0.8,
      "edge_latencies_ms": {
        "0": 4.14285,
        "1": 5.670107,
        "2": 5.522752,
        "3": 4.112444,
        "4": 3.77627,
        "5": 2.422217,
        "6": 11.040433,
        "7": 11.40221,
        "8": 3.673036,
        "9": 7.506964,
        "10": 3.152664,
        "11": 1.184391,
        "12": 2.359863,
        "13": 6.751004,
        "14": 6.173782,
        "15": 4.653355,
        "16": 4.992237,
        "17": 3.026961,
        "18": 7.402745,
        "19": 3.395642,
        "20": 3.267213,
        "21": 4.279163,
        "22": 4.458684,
        "23": 6.025067,
        "24": 5.692995,
        "25": 3.337072,
        "26": 2.579304,
        "27": 6.092396,
        "28": 3.42118,
        "29": 4.617691,
        "30": 4.117687,
        "31": 6.795662,
        "32": 7.196437,
        "33": 5.132549,
        "34": 2.20974,
        "35": 3.258521,
        "36": 4.047621,
        "37": 1.480692,
        "38": 3.750223,
        "39": 1.919588,
        "40": 5.207801,
        "41": 3.149844,
        "42": 2.758963,
        "43": 1.795722,
        "44": 2.793822,
        "45": 4.240386,
        "46": 3.470207,
        "47": 3.161606,
        "48": 3.632459,
        "49": 9.27369,
        "50": 5.367657,
        "51": 4.773168,
        "52": 4.219139,
        "53": 4.631991,
        "54": 6.210318,
        "55": 4.674196,
        "56": 4.812397,
        "57": 5.746142,
        "58": 6.567038,
        "59": 5.107591,
        "60": 3.86632,
        "61": 5.445777,
        "62": 4.479977,
        "63": 2.438358,
        "64": 3.291665,
        "65": 5.129588,
        "66": 1.970183,
        "67": 3.390853,
        "68": 2.260719,
        "69": 3.625343,
        "70": 3.044376,
        "71": 2.346417,
        "72": 7.206211,
        "73": 5.489564,
        "74": 4.223179,
        "75": 2.15518,
        "76": 3.32279,