{
  "topology_id": 190,
  "load_conditions": {
    "low": {
      "utilization_fraction": 0.2,
      "edge_latencies_ms": {
        "0": 6.11846,
        "1": 2.038068,
        "2": 1.063941,
        "3": 4.433344,
        "4": 3.179501,
        "5": 4.780759,
        "6": 9.58958,
        "7": 10.618313,
        "8": 5.525013,
        "9": 3.424124,
        "10": 5.619721,
        "11": 2.655951,
        "12": 2.790964,
        "13": 2.576266,
        "14": 2.251466,
        "15": 2.774421,
        "16": 5.144863,
        "17": 3.785694,
        "18": 2.189588,
        "19": 4.491149,
        "20": 3.452894,
        "21": 3.890187,
        "22": 5.098031,
        "23": 5.856114,
        "24": 4.681958,
        "25": 12.433843,
        "26": 5.266348,
        "27": 2.787524,
        "28": 1.342875,
        "29": 1.70211,
        "30": 12.48077,
        "31": 4.051934,
        "32": 12.546527,
        "33": 8.780496,
        "34": 3.130866,
        "35": 3.791255,
        "36": 1.749777,
        "37": 8.6257,
        "38": 4.144706,
        "39": 5.141881,
        "40": 6.391975,
        "41": 7.471917,
        "42": 4.108223,
        "43": 3.653668,
        "44": 6.965603,
        "45": 4.222279,
        "46": 4.253844,
        "47": 12.143485,
        "48": 6.896213,
        "49": 9.973096,
        "50": 5.47462,
        "51": 8.526804,
        "52": 3.131934,
        "53": 2.309663,
        "54": 2.916012,
        "55": 4.447327,
        "56": 8.608476,
        "57": 6.960852,
        "58": 4.154947,
        "59": 3.86868,
        "60": 1.200624,
        "61": 4.06803,
        "62": 6.824217,
        "63": 4.378889
      }
    },
    "medium": {
      "utilization_fraction": 0.5,
      "edge_latencies_ms": {
        "0": 6.12122,
        "1": 2.040503,
        "2": 1.066148,
        "3": 4.434856,
        "4": 3.181642,
        "5": 4.781519,
        "6": 9.607507,
        "7": 10.678154,
        "8": 5.526606,
        "9": 3.424928,
        "10": 5.623596,
        "11": 2.656719,
        "12": 2.79253,
        "13": 2.577078,
        "14": 2.253154,
        "15": 2.775345,
        "16": 5.147635,
        "17": 3.787232,
        "18": 2.190552,
        "19": 4.49333,
        "20": 3.453699,
        "21": 3.891384,
        "22": 5.101132,
        "23": 5.857152,
        "24": 4.682916,
        "25": 12.442448,
        "26": 5.273931,
        "27": 2.78891,
        "28": 1.344884,
        "29": 1.704315,
        "30": 12.495669,
        "31": 4.055889,
        "32": 12.561947,
        "33": 8.796952,
        "34": 3.132393,
        "35": 3.792159,
        "36": 1.751001,
        "37": 8.62726,
        "38": 4.146374,
        "39": 5.142995,
        "40": 6.400762,
        "41": 7.476318,
        "42": 4.114501,
        "43": 3.655364,
        "44": 6.967214,
        "45": 4.223161,
        "46": 4.254665,
        "47": 12.203948,
        "48": 6.906609,
        "49": 9.974731,
        "50": 5.475409,
        "51": 8.534954,
        "52": 3.132943,
        "53": 2.311317,
        "54": 2.919377,
        "55": 4.44873,
        "56": 8.616744,
        "57": 6.969605,
        "58": 4.156042,
        "59": 3.870658,
        "60": 1.203327,
        "61": 4.071657,
        "62": 6.825265,
        "63": 4.385165
      }
    },
    "high": {
      "utilization_fraction": 0.8,
      "edge_latencies_ms": {
        "0": 6.132259,
        "1": 2.050244,
        "2": 1.074973,
        "3": 4.440904,
        "4": 3.190209,
        "5": 4.784556,
        "6": 9.679217,
        "7": 10.917522,
        "8": 5.532978,
        "9": 3.428145,
        "10": 5.639099,
        "11": 2.65979,
        "12": 2.79879,
        "13": 2.580328,
        "14": 2.259907,
        "15": 2.779038,
        "16": 5.158721,
        "17": 3.793386,
        "18": 2.194409,
        "19": 4.502052,
        "20": 3.45692,
        "21": 3.89617,
        "22": 5.113538,
        "23": 5.861304,
        "24": 4.68675,
        "25": 12.47687,
        "26": 5.304265,
        "27": 2.794455,
        "28": 1.35292,
        "29": 1.713138,
        "30": 12.555264,
        "31": 4.071712,
        "32": 12.623625,
        "33": 8.862774,
        "34": 3.138503,
        "35": 3.795777,
        "36": 1.755899,
        "37": 8.633499,
        "38": 4.153046,
        "39": 5.147451,
        "40": 6.435908,
        "41": 7.493921,
        "42": 4.139612,
        "43": 3.662145,
        "44": 6.973656,
        "45": 4.22669,
        "46": 4.257951,
        "47": 12.445799,
        "48": 6.948196,
        "49": 9.981272,
        "50": 5.478565,
        "51": 8.567555,
        "52": 3.136979,
        "53": 2.317933,
        "54": 2.932838,
        "55": 4.45434,
        "56": 8.649819,
        "57": 7.004614,
        "58": 4.160421,
        "59": 3.878568,
        "60": 1.214139,
        "61": 4.086165,
        "62": 6.82946,
        "63": 4.410267
      }
    },
    "flash": {
      "utilization_fraction": 0.95,
      "edge_latencies_ms": {
        "0": 6.187457,
        "1": 2.098947,
        "2": 1.119098,
        "3": 4.471143,
        "4": 3.233041,
        "5": 4.799744,
        "6": 10.037763,
        "7": 12.114359,
        "8": 5.564839,
        "9": 3.444229,
        "10": 5.716609,
        "11": 2.675145,
        "12": 2.830092,
        "13": 2.596574,
        "14": 2.293674,
        "15": 2.797504,
        "16": 5.214153,
        "17": 3.824155,
        "18": 2.213693,
        "19": 4.545662,
        "20": 3.473021,
        "21": 3.920103,
        "22": 5.175564,
        "23": 5.882064,
        "24": 4.705919,
        "25": 12.648978,
        "26": 5.455931,
        "27": 2.822178,
        "28": 1.393101,
        "29": 1.75725,
        "30": 12.853242,
        "31": 4.150826,
        "32": 12.932017,
        "33": 9.191884,
        "34": 3.169052,
        "35": 3.813864,
        "36": 1.780385,
        "37": 8.664697,
        "38": 4.186408,
        "39": 5.169728,
        "40": 6.611641,
        "41": 7.581934,
        "42": 4.26517,
        "43": 3.69605,
        "44": 7.005869,
        "45": 4.244332,
        "46": 4.27438,
        "47": 13.655054,
        "48": 7.15613,
        "49": 10.013977,
        "50": 5.494343,
        "51": 8.73056,
        "52": 3.157157,
        "53": 2.351009,
        "54": 3.00014,
        "55": 4.482393,
        "56": 8.815193,
        "57": 7.17966,
        "58": 4.182315,
        "59": 3.91812,
        "60": 1.2682,
        "61": 4.158705,
        "62": 6.850434,
        "63": 4.535776
      }
    }
  }
}