{
  "topology_id": 111,
  "load_conditions": {
    "low": {
      "utilization_fraction": 0.2,
      "edge_latencies_ms": {
        "0": 5.013836,
        "1": 5.266732,
        "2": 6.29505,
        "3": 3.196263,
        "4": 10.547079,
        "5": 1.802673,
        "6": 2.999133,
        "7": 4.640659,
        "8": 7.12817,
        "9": 6.735004,
        "10": 1.119348,
        "11": 3.208962,
        "12": 15.534101,
        "13": 1.345067,
        "14": 9.591526,
        "15": 2.673188,
        "16": 2.977042,
        "17": 5.149204,
        "18": 3.099102,
        "19": 1.933731,
        "20": 2.529527,
        "21": 2.926282,
        "22": 3.406875,
        "23": 2.719614,
        "24": 6.530294,
        "25": 9.986836,
        "26": 3.61846,
        "27": 11.655431,
        "28": 5.588519,
        "29": 10.784868,
        "30": 2.281294,
        "31": 8.51002,
        "32": 1.808814,
        "33": 2.439376,
        "34": 6.294259,
        "35": 1.798279,
        "36": 2.032826,
        "37": 7.52801,
        "38": 3.487336,
        "39": 16.600988,
        "40": 3.075453,
        "41": 4.754605,
        "42": 3.438615,
        "43": 2.689304,
        "44": 3.681439,
        "45": 4.745708,
        "46": 3.571447,
        "47": 3.720047,
        "48": 21.673813,
        "49": 5.298125,
        "50": 4.514134,
        "51": 3.35274,
        "52": 22.540486,
        "53": 4.212613,
        "54": 4.68466,
        "55": 4.272112,
        "56": 21.17773,
        "57": 6.369201,
        "58": 5.408233,
        "59": 5.731041,
        "60": 2.580994,
        "61": 4.404188,
        "62": 4.011903,
        "63": 3.528425,
        "64": 5.157404,
        "65": 4.188644,
        "66": 4.837351,
        "67": 3.370422,
        "68": 3.83163,
        "69": 3.436936,
        "70": 6.666326,
        "71": 3.534551,
        "72": 7.039272,
        "73": 6.377363,
        "74": 6.83762,
        "75": 6.370456,
        "76": 4.778626,
        "77": 1.644394,
        "78": 4.301134,
        "79": 1.181787,
        "80": 3.459988
      }
    },
    "medium": {
      "utilization_fraction": 0.5,
      "edge_latencies_ms": {
        "0": 5.015779,
        "1": 5.268256,
        "2": 6.295864,
        "3": 3.19951,
        "4": 10.591334,
        "5": 1.803681,
        "6": 3.000641,
        "7": 4.641548,
        "8": 7.136038,
        "9": 6.749974,
        "10": 1.121234,
        "11": 3.210454,
        "12": 15.54579,
        "13": 1.346115,
        "14": 9.601323,
        "15": 2.676539,
        "16": 2.979554,
        "17": 5.15023,
        "18": 3.101128,
        "19": 1.935924,
        "20": 2.530455,
        "21": 2.927603,
        "22": 3.408334,
        "23": 2.720995,
        "24": 6.539247,
        "25": 10.003423,
        "26": 3.619672,
        "27": 11.671717,
        "28": 5.589501,
        "29": 10.787637,
        "30": 2.284528,
        "31": 8.51181,
        "32": 1.810083,
        "33": 2.446406,
        "34": 6.296622,
        "35": 1.800396,
        "36": 2.062979,
        "37": 7.529872,
        "38": 3.488873,
        "39": 16.614271,
        "40": 3.076743,
        "41": 4.756019,
        "42": 3.440743,
        "43": 2.690495,
        "44": 3.68287,
        "45": 4.746723,
        "46": 3.572342,
        "47": 3.725053,
        "48": 21.688544,
        "49": 5.299403,
        "50": 4.515519,
        "51": 3.355963,
        "52": 22.549104,
        "53": 4.213549,
        "54": 4.68544,
        "55": 4.275978,
        "56": 21.186779,
        "57": 6.369984,
        "58": 5.409274,
        "59": 5.732049,
        "60": 2.583056,
        "61": 4.407781,
        "62": 4.014507,
        "63": 3.529183,
        "64": 5.159196,
        "65": 4.190593,
        "66": 4.838164,
        "67": 3.371682,
        "68": 3.832842,
        "69": 3.439601,
        "70": 6.667473,
        "71": 3.537424,
        "72": 7.041195,
        "73": 6.378727,
        "74": 6.83839,
        "75": 6.37148,
        "76": 4.781401,
        "77": 1.645158,
        "78": 4.302288,
        "79": 1.18266,
        "80": 3.464142
      }
    },
    "high": {
      "utilization_fraction": 0.8,
      "edge_latencies_ms": {
        "0": 5.023551,
        "1": 5.274355,
        "2": 6.299117,
        "3": 3.2125,
        "4": 10.768358,
        "5": 1.807713,
        "6": 3.006675,
        "7": 4.645105,
        "8": 7.167509,
        "9": 6.809857,
        "10": 1.128776,
        "11": 3.216422,
        "12": 15.592547,
        "13": 1.350308,
        "14": 9.640511,
        "15": 2.689942,
        "16": 2.9896,
        "17": 5.154332,
        "18": 3.109234,
        "19": 1.944694,
        "20": 2.534166,
        "21": 2.932885,
        "22": 3.414173,
        "23": 2.72652,
        "24": 6.575062,
        "25": 10.06977,
        "26": 3.624523,
        "27": 11.736861,
        "28": 5.593429,
        "29": 10.798712,
        "30": 2.297467,
        "31": 8.518967,
        "32": 1.81516,
        "33": 2.474527,
        "34": 6.306074,
        "35": 1.808866,
        "36": 2.183588,
        "37": 7.537323,
        "38": 3.495021,
        "39": 16.667406,
        "40": 3.081905,
        "41": 4.761675,
        "42": 3.449255,
        "43": 2.69526,
        "44": 3.688594,
        "45": 4.750781,
        "46": 3.575918,
        "47": 3.745078,
        "48": 21.74747,
        "49": 5.304511,
        "50": 4.521059,
        "51": 3.368853,
        "52": 22.583577,
        "53": 4.217294,
        "54": 4.688558,
        "55": 4.291442,
        "56": 21.222975,
        "57": 6.373112,
        "58": 5.413437,
        "59": 5.73608,
        "60": 2.591305,
        "61": 4.422155,
        "62": 4.024923,
        "63": 3.532213,
        "64": 5.166366,
        "65": 4.198392,
        "66": 4.841416,
        "67": 3.37672,
        "68": 3.837691,
        "69": 3.450257,
        "70": 6.672057,
        "71": 3.548916,
        "72": 7.048889,
        "73": 6.384183,
        "74": 6.841471,
        "75": 6.375577,
        "76": 4.792502,
        "77": 1.648215,
        "78": 4.306905,
        "79": 1.186153,
        "80": 3.480757
      }
    },
    "flash": {
      "utilization_fraction": 0.95,
      "edge_latencies_ms": {
        "0": 5.062413,
        "1": 5.304848,
        "2": 6.315386,
        "3": 3.277447,
        "4": 11.653477,
        "5": 1.827872,
        "6": 3.036846,
        "7": 4.662892,
        "8": 7.324864,
        "9": 7.109273,
        "10": 1.166487,
        "11": 3.246262,
        "12": 15.826333,
        "13": 1.37127,
        "14": 9.83645,
        "15": 2.756957,
        "16": 3.039833,
        "17": 5.174842,
        "18": 3.14976,
        "19": 1.988543,
        "20": 2.55272,
        "21": 2.959297,
        "22": 3.443365,
        "23": 2.754145,
        "24": 6.754137,
        "25": 10.401504,
        "26": 3.648779,
        "27": 12.062578,
        "28": 5.613066,
        "29": 10.854088,
        "30": 2.362159,
        "31": 8.554752,
        "32": 1.840544,
        "33": 2.615131,
        "34": 6.353334,
        "35": 1.851216,
        "36": 2.786634,
        "37": 7.574575,
        "38": 3.525765,
        "39": 16.933078,
        "40": 3.107715,
        "41": 4.789957,
        "42": 3.491813,
        "43": 2.719086,
        "44": 3.717212,
        "45": 4.771073,
        "46": 3.593802,
        "47": 3.8452,
        "48": 22.042097,
        "49": 5.330056,
        "50": 4.548758,
        "51": 3.433303,
        "52": 22.755943,
        "53": 4.236019,
        "54": 4.70415,
        "55": 4.36876,
        "56": 21.403953,
        "57": 6.388755,
        "58": 5.434253,
        "59": 5.756234,
        "60": 2.632549,
        "61": 4.494022,
        "62": 4.076999,
        "63": 3.547364,
        "64": 5.202212,
        "65": 4.237382,
        "66": 4.857679,
        "67": 3.401911,
        "68": 3.861931,
        "69": 3.503537,
        "70": 6.694979,
        "71": 3.606376,
        "72": 7.087357,
        "73": 6.411461,
        "74": 6.856872,