{
  "topology_id": 168,
  "load_conditions": {
    "low": {
      "utilization_fraction": 0.2,
      "edge_latencies_ms": {
        "0": 4.060912,
        "1": 2.494132,
        "2": 4.204291,
        "3": 2.608354,
        "4": 3.824171,
        "5": 4.389973,
        "6": 2.120218,
        "7": 4.791872,
        "8": 8.746005,
        "9": 2.599616,
        "10": 3.819159,
        "11": 2.882929,
        "12": 1.599699,
        "13": 3.522428,
        "14": 5.519438,
        "15": 5.695844,
        "16": 4.856793,
        "17": 9.345512,
        "18": 3.709194,
        "19": 5.746423,
        "20": 2.833166,
        "21": 3.922025,
        "22": 6.650058,
        "23": 2.002408,
        "24": 5.405892,
        "25": 4.692872,
        "26": 3.789262,
        "27": 1.921762,
        "28": 3.473947,
        "29": 3.044915,
        "30": 2.808618,
        "31": 1.806219,
        "32": 1.967439,
        "33": 1.52329,
        "34": 3.140491,
        "35": 7.157936,
        "36": 21.385605,
        "37": 3.433439,
        "38": 2.043026,
        "39": 5.696138,
        "40": 3.184237,
        "41": 2.23858,
        "42": 4.760301,
        "43": 4.087093,
        "44": 1.792595,
        "45": 2.177901,
        "46": 3.801401,
        "47": 1.708269,
        "48": 4.756473,
        "49": 2.185208,
        "50": 5.196124,
        "51": 7.080353,
        "52": 1.949125,
        "53": 8.632482,
        "54": 11.488622,
        "55": 2.404364,
        "56": 3.190466,
        "57": 4.43877,
        "58": 1.005276,
        "59": 1.679059,
        "60": 1.018988,
        "61": 4.024615,
        "62": 1.133321,
        "63": 4.817057,
        "64": 5.349666,
        "65": 1.988192,
        "66": 1.916337,
        "67": 2.154303,
        "68": 3.099908,
        "69": 3.626846,
        "70": 1.949759,
        "71": 6.075116,
        "72": 2.342533,
        "73": 5.326303,
        "74": 3.051845,
        "75": 2.415778,
        "76": 3.690501,
        "77": 1.707567,
        "78": 5.982002,
        "79": 3.625059,
        "80": 5.511563,
        "81": 4.16498,
        "82": 2.573011,
        "83": 8.326462,
        "84": 2.371689,
        "85": 3.548339,
        "86": 2.419056,
        "87": 4.327681,
        "88": 3.719111,
        "89": 2.81476,
        "90": 2.263597,
        "91": 1.573227,
        "92": 4.227808,
        "93": 2.146701,
        "94": 5.238256,
        "95": 1.871051,
        "96": 1.479594,
        "97": 4.016142,
        "98": 3.750926,
        "99": 5.74407,
        "100": 2.402979,
        "101": 2.331223,
        "102": 7.360032,
        "103": 2.026124,
        "104": 3.714052,
        "105": 6.703643,
        "106": 1.595565,
        "107": 3.275515,
        "108": 4.390309,
        "109": 3.320441,
        "110": 4.185375,
        "111": 4.675513,
        "112": 3.144,
        "113": 2.20358,
        "114": 1.643311,
        "115": 4.28729,
        "116": 2.676986,
        "117": 2.531226,
        "118": 3.263852,
        "119": 4.08922,
        "120": 4.004864
      }
    },
    "medium": {
      "utilization_fraction": 0.5,
      "edge_latencies_ms": {
        "0": 4.061836,
        "1": 2.495288,
        "2": 4.205183,
        "3": 2.61032,
        "4": 3.825059,
        "5": 4.390823,
        "6": 2.121593,
        "7": 4.797565,
        "8": 8.763593,
        "9": 2.604555,
        "10": 3.821684,
        "11": 2.883816,
        "12": 1.600546,
        "13": 3.524901,
        "14": 5.524532,
        "15": 5.696843,
        "16": 4.884494,
        "17": 9.354374,
        "18": 3.709952,
        "19": 5.747887,
        "20": 2.834639,
        "21": 3.952241,
        "22": 6.658062,
        "23": 2.004634,
        "24": 5.40685,
        "25": 4.694981,
        "26": 3.790325,
        "27": 1.922916,
        "28": 3.475069,
        "29": 3.050774,
        "30": 2.809375,
        "31": 1.80789,
        "32": 1.969931,
        "33": 1.524427,
        "34": 3.142201,
        "35": 7.160098,
        "36": 21.399932,
        "37": 3.438199,
        "38": 2.044932,
        "39": 5.697484,
        "40": 3.185855,
        "41": 2.242252,
        "42": 4.761417,
        "43": 4.088026,
        "44": 1.798766,
        "45": 2.180515,
        "46": 3.802154,
        "47": 1.709475,
        "48": 4.757351,
        "49": 2.187732,
        "50": 5.197279,
        "51": 7.083837,
        "52": 1.950617,
        "53": 8.63478,
        "54": 11.514964,
        "55": 2.405454,
        "56": 3.193063,
        "57": 4.444173,
        "58": 1.006938,
        "59": 1.680106,
        "60": 1.024729,
        "61": 4.025811,
        "62": 1.135536,
        "63": 4.818777,
        "64": 5.350499,
        "65": 1.989297,
        "66": 1.917657,
        "67": 2.155263,
        "68": 3.101753,
        "69": 3.628093,
        "70": 1.95341,
        "71": 6.082132,
        "72": 2.343317,
        "73": 5.328743,
        "74": 3.053301,
        "75": 2.416662,
        "76": 3.69133,
        "77": 1.708642,
        "78": 5.982778,
        "79": 3.62602,
        "80": 5.514328,
        "81": 4.165904,
        "82": 2.575221,
        "83": 8.328308,
        "84": 2.375017,
        "85": 3.550732,
        "86": 2.420424,
        "87": 4.328945,
        "88": 3.72012,
        "89": 2.81941,
        "90": 2.264858,
        "91": 1.575197,
        "92": 4.228741,
        "93": 2.147461,
        "94": 5.23902,
        "95": 1.873197,
        "96": 1.481221,
        "97": 4.017282,
        "98": 3.751694,
        "99": 5.745409,
        "100": 2.405827,
        "101": 2.332156,
        "102": 7.360955,
        "103": 2.026926,
        "104": 3.714912,
        "105": 6.706979,
        "106": 1.59664,
        "107": 3.276713,
        "108": 4.391292,
        "109": 3.322399,
        "110": 4.186873,
        "111": 4.677141,
        "112": 3.144858,
        "113": 2.205141,
        "114": 1.648425,
        "115": 4.288615,
        "116": 2.677868,
        "117": 2.536443,
        "118": 3.264634,
        "119": 4.091792,
        "120": 4.005627
      }
    },
    "high": {
      "utilization_fraction": 0.8,
      "edge_latencies_ms": {
        "0": 4.065531,
        "1": 2.49991,
        "2": 4.208753,
        "3": 2.618183,
        "4": 3.828613,
        "5": 4.394219,
        "6": 2.127094,
        "7": 4.820338,
        "8": 8.833943,
        "9": 2.624313,
        "10": 3.831786,
        "11": 2.887364,
        "12": 1.603933,
        "13": 3.534794,
        "14": 5.544912,
        "15": 5.700837,
        "16": 4.995302,
        "17": 9.389823,
        "18": 3.712984,
        "19": 5.753741,
        "20": 2.84053,
        "21": 4.073106,
        "22": 6.690077,
        "23": 2.013539,
        "24": 5.410682,
        "25": 4.703419,
        "26": 3.794578,
        "27": 1.927532,
        "28": 3.479558,
        "29": 3.074209,
        "30": 2.812404,
        "31": 1.814571,
        "32": 1.979897,
        "33": 1.528979,
        "34": 3.14904,
        "35": 7.168747,
        "36": 21.45724,
        "37": 3.457236,
        "38": 2.052557,
        "39": 5.702868,
        "40": 3.192327,
        "41": 2.25694,
        "42": 4.76588,
        "43": 4.091757,
        "44": 1.823451,
        "45": 2.19097,
        "46": 3.805162,
        "47": 1.714296,
        "48": 4.760865,
        "49": 2.197828,
        "50": 5.201897,
        "51": 7.097773,
        "52": 1.956584,
        "53": 8.643969,
        "54": 11.620332,
        "55": 2.409815,
        "56": 3.203451,
        "57": 4.465787,
        "58": 1.013584,
        "59": 1.684296,
        "60": 1.047696,
        "61": 4.030593,
        "62": 1.144399,
        "63": 4.82566,
        "64": 5.35383,
        "65": 1.993718,
        "66": 1.922939,
        "67": 2.159107,
        "68": 3.109133,
        "69": 3.633079,
        "70": 1.968016,
        "71": 6.110198,
        "72": 2.346449,
        "73": 5.338505,
        "74": 3.059127,
        "75": 2.420199,
        "76": 3.69465,
        "77": 1.712939,
        "78": 5.985884,