{
  "topology_id": 170,
  "load_conditions": {
    "low": {
      "utilization_fraction": 0.2,
      "edge_latencies_ms": {
        "0": 2.285593,
        "1": 1.474666,
        "2": 2.277938,
        "3": 2.635007,
        "4": 3.032376,
        "5": 2.914027,
        "6": 3.583447,
        "7": 7.990507,
        "8": 2.543681,
        "9": 2.580565,
        "10": 9.85225,
        "11": 17.088056,
        "12": 2.543932,
        "13": 2.397599,
        "14": 4.305736,
        "15": 13.384495,
        "16": 3.953072,
        "17": 2.205467,
        "18": 1.977665,
        "19": 5.320118,
        "20": 1.935484,
        "21": 3.699566,
        "22": 1.285257,
        "23": 3.74764,
        "24": 7.070856,
        "25": 3.028412,
        "26": 3.661951,
        "27": 7.279901,
        "28": 3.573648,
        "29": 0.690992,
        "30": 2.266693,
        "31": 5.147744,
        "32": 8.857126,
        "33": 2.40654,
        "34": 9.333375,
        "35": 11.018663,
        "36": 3.876571,
        "37": 2.369867,
        "38": 2.392238,
        "39": 5.771315,
        "40": 3.881421,
        "41": 1.339465,
        "42": 1.994002,
        "43": 3.21482,
        "44": 3.650917,
        "45": 3.440273,
        "46": 3.266965,
        "47": 4.221668,
        "48": 2.213919,
        "49": 1.351948,
        "50": 1.696195,
        "51": 11.276621,
        "52": 2.974643,
        "53": 4.46326,
        "54": 3.479475,
        "55": 5.18051,
        "56": 5.744503,
        "57": 2.873666,
        "58": 5.263458,
        "59": 3.464333,
        "60": 7.941798,
        "61": 4.057404,
        "62": 5.998855,
        "63": 3.806803,
        "64": 4.168949,
        "65": 1.039775,
        "66": 4.233176,
        "67": 4.047107,
        "68": 4.437516,
        "69": 5.442547,
        "70": 4.837208,
        "71": 13.021606,
        "72": 4.24878,
        "73": 1.345841,
        "74": 2.083099,
        "75": 7.507237,
        "76": 5.702048,
        "77": 4.439722,
        "78": 4.869177,
        "79": 6.093692,
        "80": 6.878994
      }
    },
    "medium": {
      "utilization_fraction": 0.5,
      "edge_latencies_ms": {
        "0": 2.289985,
        "1": 1.475452,
        "2": 2.279842,
        "3": 2.63596,
        "4": 3.034716,
        "5": 2.917525,
        "6": 3.584724,
        "7": 8.003228,
        "8": 2.545975,
        "9": 2.581454,
        "10": 9.91073,
        "11": 17.115052,
        "12": 2.545817,
        "13": 2.399477,
        "14": 4.310127,
        "15": 13.458022,
        "16": 3.955101,
        "17": 2.20645,
        "18": 1.979114,
        "19": 5.323557,
        "20": 1.936566,
        "21": 3.701579,
        "22": 1.286105,
        "23": 3.748623,
        "24": 7.072114,
        "25": 3.029197,
        "26": 3.66311,
        "27": 7.298756,
        "28": 3.574403,
        "29": 0.692218,
        "30": 2.26757,
        "31": 5.151055,
        "32": 8.880517,
        "33": 2.407461,
        "34": 9.342085,
        "35": 11.029341,
        "36": 3.877845,
        "37": 2.370659,
        "38": 2.394418,
        "39": 5.772396,
        "40": 3.882576,
        "41": 1.341807,
        "42": 1.995262,
        "43": 3.218234,
        "44": 3.652243,
        "45": 3.441042,
        "46": 3.267851,
        "47": 4.223464,
        "48": 2.214927,
        "49": 1.354513,
        "50": 1.697451,
        "51": 11.286792,
        "52": 2.975545,
        "53": 4.468047,
        "54": 3.480286,
        "55": 5.181448,
        "56": 5.760014,
        "57": 2.874913,
        "58": 5.264241,
        "59": 3.465148,
        "60": 7.946908,
        "61": 4.05884,
        "62": 6.000235,
        "63": 3.807851,
        "64": 4.169924,
        "65": 1.041774,
        "66": 4.23396,
        "67": 4.048808,
        "68": 4.442265,
        "69": 5.444761,
        "70": 4.838353,
        "71": 13.029738,
        "72": 4.249897,
        "73": 1.347542,
        "74": 2.084038,
        "75": 7.508026,
        "76": 5.704728,
        "77": 4.442374,
        "78": 4.871093,
        "79": 6.099117,
        "80": 6.879834
      }
    },
    "high": {
      "utilization_fraction": 0.8,
      "edge_latencies_ms": {
        "0": 2.307551,
        "1": 1.478595,
        "2": 2.287461,
        "3": 2.639771,
        "4": 3.044077,
        "5": 2.931518,
        "6": 3.589835,
        "7": 8.054111,
        "8": 2.55515,
        "9": 2.585007,
        "10": 10.144652,
        "11": 17.223037,
        "12": 2.553357,
        "13": 2.406989,
        "14": 4.327692,
        "15": 13.752128,
        "16": 3.963217,
        "17": 2.210385,
        "18": 1.984911,
        "19": 5.337313,
        "20": 1.940897,
        "21": 3.709627,
        "22": 1.2895,
        "23": 3.752555,
        "24": 7.077145,
        "25": 3.032338,
        "26": 3.667748,
        "27": 7.374174,
        "28": 3.577423,
        "29": 0.697125,
        "30": 2.271079,
        "31": 5.164297,
        "32": 8.97408,
        "33": 2.411142,
        "34": 9.376926,
        "35": 11.072052,
        "36": 3.882939,
        "37": 2.373828,
        "38": 2.403136,
        "39": 5.776719,
        "40": 3.887197,
        "41": 1.351174,
        "42": 2.000301,
        "43": 3.23189,
        "44": 3.657548,
        "45": 3.444117,
        "46": 3.271392,
        "47": 4.230648,
        "48": 2.218961,
        "49": 1.364774,
        "50": 1.702474,
        "51": 11.327475,
        "52": 2.979154,
        "53": 4.487192,
        "54": 3.48353,
        "55": 5.1852,
        "56": 5.82206,
        "57": 2.879904,
        "58": 5.267372,
        "59": 3.46841,
        "60": 7.967347,
        "61": 4.064584,
        "62": 6.005752,
        "63": 3.812046,
        "64": 4.173824,
        "65": 1.04977,
        "66": 4.237098,
        "67": 4.055611,
        "68": 4.461259,
        "69": 5.453617,
        "70": 4.842931,
        "71": 13.062264,
        "72": 4.254365,
        "73": 1.354345,
        "74": 2.087795,
        "75": 7.511182,
        "76": 5.71545,
        "77": 4.452981,
        "78": 4.878753,
        "79": 6.120816,
        "80": 6.883194
      }
    },
    "flash": {
      "utilization_fraction": 0.95,
      "edge_latencies_ms": {
        "0": 2.395379,
        "1": 1.494314,
        "2": 2.325556,
        "3": 2.658826,
        "4": 3.090883,
        "5": 3.001481,
        "6": 3.615386,
        "7": 8.308529,
        "8": 2.601028,
        "9": 2.602776,
        "10": 11.314259,
        "11": 17.762961,
        "12": 2.591057,
        "13": 2.444552,
        "14": 4.415517,
        "15": 15.222661,
        "16": 4.003797,
        "17": 2.230057,
        "18": 2.013894,
        "19": 5.406095,
        "20": 1.962548,
        "21": 3.749871,
        "22": 1.306476,
        "23": 3.772217,
        "24": 7.102303,
        "25": 3.048043,
        "26": 3.690937,
        "27": 7.751266,
        "28": 3.592524,
        "29": 0.721661,
        "30": 2.288621,
        "31": 5.230506,
        "32": 9.441896,
        "33": 2.429547,
        "34": 9.551132,
        "35": 11.285605,
        "36": 3.908413,
        "37": 2.389673,
        "38": 2.446727,
        "39": 5.798337,
        "40": 3.910299,
        "41": 1.398012,
        "42": 2.025494,
        "43": 3.300171,
        "44": 3.684075,
        "45": 3.459491,
        "46": 3.289097,
        "47": 4.266567,
        "48": 2.23913,
        "49": 1.416081,
        "50": 1.727588,
        "51": 11.530889,
        "52": 2.997201,
        "53": 4.582916,
        "54": 3.499749,
        "55": 5.203959,
        "56": 6.132288,
        "57": 2.904857,
        "58": 5.28303,
        "59": 3.484716,
        "60": 8.069542,
        "61": 4.093303,
        "62": 6.033339,
        "63": 3.833022,
        "64": 4.193325,
        "65": 1.089751,
        "66": 4.252787,
        "67": 4.089625,
        "68": 4.556227,
        "69": 5.497897,
        "70": 4.86582,
        "71": 13.224894,
        "72": 4.276705,
        "73": 1.388362,
        "74": 2.106576,