{
  "topology_id": 359,
  "load_conditions": {
    "low": {
      "utilization_fraction": 0.2,
      "edge_latencies_ms": {
        "0": 3.601882,
        "1": 3.637337,
        "2": 1.477417,
        "3": 5.958702,
        "4": 2.782494,
        "5": 2.042232,
        "6": 6.983367,
        "7": 2.590893,
        "8": 3.617643,
        "9": 13.217778,
        "10": 3.210978,
        "11": 2.356082,
        "12": 3.441616,
        "13": 3.621513,
        "14": 16.447671,
        "15": 14.873002,
        "16": 6.045989,
        "17": 3.527226,
        "18": 6.727101,
        "19": 22.115101,
        "20": 6.187998,
        "21": 5.079605,
        "22": 2.356789,
        "23": 17.478381,
        "24": 2.675431,
        "25": 6.544427,
        "26": 1.499589,
        "27": 2.737456,
        "28": 4.553753,
        "29": 3.863612,
        "30": 10.179325,
        "31": 3.641998,
        "32": 4.641802,
        "33": 5.302973,
        "34": 2.292259,
        "35": 4.084277,
        "36": 6.219363
      }
    },
    "medium": {
      "utilization_fraction": 0.5,
      "edge_latencies_ms": {
        "0": 3.602709,
        "1": 3.639604,
        "2": 1.479,
        "3": 5.972385,
        "4": 2.787001,
        "5": 2.043753,
        "6": 6.996961,
        "7": 2.591787,
        "8": 3.620688,
        "9": 13.23121,
        "10": 3.21189,
        "11": 2.358929,
        "12": 3.44254,
        "13": 3.635484,
        "14": 16.458441,
        "15": 14.883609,
        "16": 6.051977,
        "17": 3.531767,
        "18": 6.728724,
        "19": 22.176488,
        "20": 6.18941,
        "21": 5.080511,
        "22": 2.357639,
        "23": 17.48906,
        "24": 2.6786,
        "25": 6.545805,
        "26": 1.500487,
        "27": 2.739641,
        "28": 4.555249,
        "29": 3.877136,
        "30": 10.203089,
        "31": 3.642874,
        "32": 4.642606,
        "33": 5.304226,
        "34": 2.293131,
        "35": 4.085388,
        "36": 6.220326
      }
    },
    "high": {
      "utilization_fraction": 0.8,
      "edge_latencies_ms": {
        "0": 3.606019,
        "1": 3.648676,
        "2": 1.485332,
        "3": 6.027114,
        "4": 2.805029,
        "5": 2.049834,
        "6": 7.051335,
        "7": 2.595363,
        "8": 3.632871,
        "9": 13.284936,
        "10": 3.21554,
        "11": 2.370316,
        "12": 3.446238,
        "13": 3.691369,
        "14": 16.501523,
        "15": 14.92604,
        "16": 6.075929,
        "17": 3.549931,
        "18": 6.735217,
        "19": 22.422035,
        "20": 6.195057,
        "21": 5.084136,
        "22": 2.361038,
        "23": 17.531777,
        "24": 2.691276,
        "25": 6.551318,
        "26": 1.504079,
        "27": 2.748378,
        "28": 4.561232,
        "29": 3.93123,
        "30": 10.298146,
        "31": 3.646377,
        "32": 4.645823,
        "33": 5.309242,
        "34": 2.296617,
        "35": 4.089833,
        "36": 6.224179
      }
    },
    "flash": {
      "utilization_fraction": 0.95,
      "edge_latencies_ms": {
        "0": 3.622567,
        "1": 3.694031,
        "2": 1.516993,
        "3": 6.300761,
        "4": 2.895172,
        "5": 2.080241,
        "6": 7.323208,
        "7": 2.613247,
        "8": 3.693785,
        "9": 13.553568,
        "10": 3.233791,
        "11": 2.42725,
        "12": 3.464724,
        "13": 3.970796,
        "14": 16.716931,
        "15": 15.13819,
        "16": 6.195689,
        "17": 3.640748,
        "18": 6.767682,
        "19": 23.649773,
        "20": 6.223296,
        "21": 5.10226,
        "22": 2.378032,
        "23": 17.745359,
        "24": 2.754656,
        "25": 6.578883,
        "26": 1.522038,
        "27": 2.792065,
        "28": 4.59115,
        "29": 4.201701,
        "30": 10.773434,
        "31": 3.663891,
        "32": 4.661905,
        "33": 5.334319,
        "34": 2.314049,
        "35": 4.112058,
        "36": 6.243443
      }
    }
  }
}