{
  "topology_id": 409,
  "load_conditions": {
    "low": {
      "utilization_fraction": 0.2,
      "edge_latencies_ms": {
        "0": 3.599547,
        "1": 5.519272,
        "2": 12.822437,
        "3": 2.744491,
        "4": 2.47706,
        "5": 3.413744,
        "6": 0.905952,
        "7": 4.813004,
        "8": 12.695184,
        "9": 5.951061,
        "10": 12.498089,
        "11": 0.752435,
        "12": 2.958978,
        "13": 3.163973,
        "14": 3.19576,
        "15": 3.630717,
        "16": 4.199994,
        "17": 3.385786,
        "18": 5.477985,
        "19": 3.826414,
        "20": 1.989296,
        "21": 3.316506,
        "22": 4.176915,
        "23": 3.336763,
        "24": 3.629546,
        "25": 2.602744,
        "26": 2.333602,
        "27": 1.533048,
        "28": 2.746709,
        "29": 3.217911,
        "30": 4.244462,
        "31": 3.640585,
        "32": 3.873586,
        "33": 3.749587,
        "34": 7.005169,
        "35": 4.684115,
        "36": 5.277689
      }
    },
    "medium": {
      "utilization_fraction": 0.5,
      "edge_latencies_ms": {
        "0": 3.602523,
        "1": 5.523744,
        "2": 12.830884,
        "3": 2.749323,
        "4": 2.479379,
        "5": 3.414641,
        "6": 0.907446,
        "7": 4.819091,
        "8": 12.715591,
        "9": 5.95351,
        "10": 12.507698,
        "11": 0.754553,
        "12": 2.960255,
        "13": 3.164745,
        "14": 3.197977,
        "15": 3.632268,
        "16": 4.201094,
        "17": 3.387944,
        "18": 5.481157,
        "19": 3.827573,
        "20": 1.995347,
        "21": 3.320558,
        "22": 4.178532,
        "23": 3.341184,
        "24": 3.630358,
        "25": 2.603614,
        "26": 2.33531,
        "27": 1.534028,
        "28": 2.747656,
        "29": 3.224528,
        "30": 4.247309,
        "31": 3.641631,
        "32": 3.876114,
        "33": 3.750758,
        "34": 7.006196,
        "35": 4.685338,
        "36": 5.279318
      }
    },
    "high": {
      "utilization_fraction": 0.8,
      "edge_latencies_ms": {
        "0": 3.614429,
        "1": 5.541631,
        "2": 12.864673,
        "3": 2.76865,
        "4": 2.488654,
        "5": 3.418232,
        "6": 0.913419,
        "7": 4.843437,
        "8": 12.797216,
        "9": 5.963306,
        "10": 12.546131,
        "11": 0.763022,
        "12": 2.965361,
        "13": 3.167833,
        "14": 3.206843,
        "15": 3.638471,
        "16": 4.205492,
        "17": 3.396576,
        "18": 5.493845,
        "19": 3.832209,
        "20": 2.01955,
        "21": 3.336765,
        "22": 4.185,
        "23": 3.35887,
        "24": 3.633605,
        "25": 2.607091,
        "26": 2.342143,
        "27": 1.537951,
        "28": 2.751444,
        "29": 3.250997,
        "30": 4.258697,
        "31": 3.645816,
        "32": 3.886228,
        "33": 3.75544,
        "34": 7.010304,
        "35": 4.690229,
        "36": 5.285831
      }
    },
    "flash": {
      "utilization_fraction": 0.95,
      "edge_latencies_ms": {
        "0": 3.673958,
        "1": 5.631066,
        "2": 13.033617,
        "3": 2.865287,
        "4": 2.535033,
        "5": 3.436186,
        "6": 0.943285,
        "7": 4.965168,
        "8": 13.205346,
        "9": 6.01229,
        "10": 12.738295,
        "11": 0.805366,
        "12": 2.990894,
        "13": 3.183275,
        "14": 3.251175,
        "15": 3.66949,
        "16": 4.227485,
        "17": 3.439734,
        "18": 5.557283,
        "19": 3.855392,
        "20": 2.140562,
        "21": 3.417799,
        "22": 4.217342,
        "23": 3.447297,
        "24": 3.649841,
        "25": 2.624478,
        "26": 2.376306,
        "27": 1.557566,
        "28": 2.770383,
        "29": 3.383341,
        "30": 4.315636,
        "31": 3.666742,
        "32": 3.936797,
        "33": 3.77885,
        "34": 7.030842,
        "35": 4.714685,
        "36": 5.318401
      }
    }
  }
}