{
  "topology_id": 360,
  "load_conditions": {
    "low": {
      "utilization_fraction": 0.2,
      "edge_latencies_ms": {
        "0": 4.506952,
        "1": 5.263376,
        "2": 7.025528,
        "3": 4.196751,
        "4": 4.246136,
        "5": 3.129109,
        "6": 5.765158,
        "7": 7.467577,
        "8": 6.524453,
        "9": 8.735479,
        "10": 8.746546,
        "11": 3.079344,
        "12": 1.82255,
        "13": 13.472121,
        "14": 4.202677,
        "15": 6.236954,
        "16": 5.175356,
        "17": 3.79084,
        "18": 4.850215,
        "19": 4.052275,
        "20": 3.114396,
        "21": 15.01049,
        "22": 2.602187,
        "23": 17.729543,
        "24": 0.678281,
        "25": 4.496221,
        "26": 12.425646,
        "27": 6.374209,
        "28": 2.620166,
        "29": 3.452701,
        "30": 4.532141,
        "31": 3.10063,
        "32": 2.824834,
        "33": 3.55721,
        "34": 4.391848,
        "35": 3.311906,
        "36": 3.779168,
        "37": 3.857225,
        "38": 4.0949,
        "39": 5.238082,
        "40": 5.252455,
        "41": 3.008004,
        "42": 4.726602,
        "43": 4.157782
      }
    },
    "medium": {
      "utilization_fraction": 0.5,
      "edge_latencies_ms": {
        "0": 4.507856,
        "1": 5.264304,
        "2": 7.035984,
        "3": 4.203593,
        "4": 4.247549,
        "5": 3.130568,
        "6": 5.769701,
        "7": 7.468492,
        "8": 6.525423,
        "9": 8.7402,
        "10": 8.748689,
        "11": 3.080192,
        "12": 1.829917,
        "13": 13.480286,
        "14": 4.209661,
        "15": 6.238374,
        "16": 5.178174,
        "17": 3.791827,
        "18": 4.854728,
        "19": 4.05315,
        "20": 3.11541,
        "21": 15.038536,
        "22": 2.603193,
        "23": 17.744745,
        "24": 0.679995,
        "25": 4.497279,
        "26": 12.446123,
        "27": 6.380929,
        "28": 2.622245,
        "29": 3.453652,
        "30": 4.533544,
        "31": 3.10411,
        "32": 2.829827,
        "33": 3.558554,
        "34": 4.393163,
        "35": 3.31461,
        "36": 3.782597,
        "37": 3.858856,
        "38": 4.096122,
        "39": 5.244054,
        "40": 5.253225,
        "41": 3.010605,
        "42": 4.729271,
        "43": 4.158861
      }
    },
    "high": {
      "utilization_fraction": 0.8,
      "edge_latencies_ms": {
        "0": 4.511475,
        "1": 5.268015,
        "2": 7.077805,
        "3": 4.230964,
        "4": 4.253201,
        "5": 3.136407,
        "6": 5.787871,
        "7": 7.472152,
        "8": 6.529306,
        "9": 8.759082,
        "10": 8.757262,
        "11": 3.083586,
        "12": 1.859385,
        "13": 13.512945,
        "14": 4.237598,
        "15": 6.244056,
        "16": 5.189447,
        "17": 3.795773,
        "18": 4.87278,
        "19": 4.05665,
        "20": 3.119463,
        "21": 15.150721,
        "22": 2.607219,
        "23": 17.805552,
        "24": 0.686847,
        "25": 4.501513,
        "26": 12.528034,
        "27": 6.407809,
        "28": 2.630561,
        "29": 3.457454,
        "30": 4.539158,
        "31": 3.11803,
        "32": 2.849797,
        "33": 3.563932,
        "34": 4.398424,
        "35": 3.325426,
        "36": 3.796312,
        "37": 3.865381,
        "38": 4.101008,
        "39": 5.26794,
        "40": 5.256302,
        "41": 3.021012,
        "42": 4.739946,
        "43": 4.163179
      }
    },
    "flash": {
      "utilization_fraction": 0.95,
      "edge_latencies_ms": {
        "0": 4.529569,
        "1": 5.286574,
        "2": 7.286912,
        "3": 4.367817,
        "4": 4.281462,
        "5": 3.165598,
        "6": 5.878721,
        "7": 7.490452,
        "8": 6.548718,
        "9": 8.853493,
        "10": 8.800128,
        "11": 3.100557,
        "12": 2.006725,
        "13": 13.676243,
        "14": 4.377282,
        "15": 6.272465,
        "16": 5.245812,
        "17": 3.815506,
        "18": 4.963041,
        "19": 4.074149,
        "20": 3.13973,
        "21": 15.711648,
        "22": 2.627347,
        "23": 18.109587,
        "24": 0.721111,
        "25": 4.522682,
        "26": 12.937587,
        "27": 6.542211,
        "28": 2.672139,
        "29": 3.476467,
        "30": 4.567227,
        "31": 3.187629,
        "32": 2.949649,
        "33": 3.590817,
        "34": 4.424728,
        "35": 3.379505,
        "36": 3.864891,
        "37": 3.898004,
        "38": 4.125442,
        "39": 5.387371,
        "40": 5.271688,
        "41": 3.073044,
        "42": 4.793321,
        "43": 4.184766
      }
    }
  }
}