{
  "topology_id": 32,
  "load_conditions": {
    "low": {
      "utilization_fraction": 0.2,
      "edge_latencies_ms": {
        "0": 4.552024,
        "1": 3.458348,
        "2": 2.222955,
        "3": 2.566265,
        "4": 4.169529,
        "5": 4.617272,
        "6": 4.652398,
        "7": 4.680325,
        "8": 4.188528,
        "9": 2.353422,
        "10": 6.737656,
        "11": 4.947878,
        "12": 6.504209,
        "13": 2.901036,
        "14": 4.292297,
        "15": 4.767504,
        "16": 5.579825,
        "17": 5.584929,
        "18": 5.68177,
        "19": 3.152049,
        "20": 4.842329,
        "21": 4.324999,
        "22": 3.694201,
        "23": 3.207988,
        "24": 5.68356,
        "25": 5.876852,
        "26": 3.904066,
        "27": 1.751396,
        "28": 4.115847,
        "29": 4.121837,
        "30": 14.982485,
        "31": 4.97561,
        "32": 5.554236,
        "33": 3.938126,
        "34": 2.195584,
        "35": 13.074142,
        "36": 4.27696,
        "37": 2.144737,
        "38": 3.590677,
        "39": 3.283027,
        "40": 3.100613,
        "41": 2.385529,
        "42": 2.312817,
        "43": 6.64329,
        "44": 4.654397,
        "45": 1.80491,
        "46": 3.026295,
        "47": 2.325948,
        "48": 4.280572,
        "49": 2.723267,
        "50": 5.260367,
        "51": 1.426615,
        "52": 7.435776,
        "53": 7.020138,
        "54": 7.741377,
        "55": 11.361353,
        "56": 4.313231,
        "57": 16.728719,
        "58": 1.716076,
        "59": 4.675842,
        "60": 4.026765,
        "61": 2.684527,
        "62": 3.583623,
        "63": 2.960925,
        "64": 2.427393,
        "65": 4.872514,
        "66": 4.588812,
        "67": 3.168081,
        "68": 3.689738,
        "69": 3.611125,
        "70": 2.283326,
        "71": 2.728339,
        "72": 3.660709,
        "73": 3.906278,
        "74": 2.069798,
        "75": 4.081403,
        "76": 3.881165,
        "77": 2.437017,
        "78": 3.109546,
        "79": 1.756666,
        "80": 2.025382,
        "81": 3.05471,
        "82": 4.023742,
        "83": 3.978895,
        "84": 3.22906,
        "85": 3.208688,
        "86": 4.615565,
        "87": 4.056483,
        "88": 1.244074,
        "89": 4.911212,
        "90": 5.260142,
        "91": 5.990198,
        "92": 3.37255,
        "93": 2.548071,
        "94": 4.610604,
        "95": 1.473826,
        "96": 1.878474,
        "97": 9.028163,
        "98": 4.136946,
        "99": 2.961182,
        "100": 2.829136,
        "101": 4.865357,
        "102": 5.065732,
        "103": 4.359676,
        "104": 4.241898,
        "105": 4.343664,
        "106": 2.583371,
        "107": 3.468899,
        "108": 2.653832,
        "109": 3.119306,
        "110": 2.218477,
        "111": 0.923582,
        "112": 2.863899,
        "113": 3.390036,
        "114": 2.195357,
        "115": 1.595408,
        "116": 4.007799,
        "117": 5.602808,
        "118": 1.514116,
        "119": 2.448912,
        "120": 9.03173,
        "121": 7.824994,
        "122": 1.933725,
        "123": 2.895578,
        "124": 5.88237,
        "125": 2.248254,
        "126": 4.967521,
        "127": 3.828222,
        "128": 2.548521,
        "129": 8.999143,
        "130": 7.46231,
        "131": 2.987573,
        "132": 7.286891,
        "133": 5.605668,
        "134": 2.892816,
        "135": 4.083001,
        "136": 4.115787,
        "137": 3.076904,
        "138": 3.023397,
        "139": 2.357502,
        "140": 12.67716,
        "141": 8.167875,
        "142": 6.123711,
        "143": 5.760634,
        "144": 3.871669,
        "145": 2.612224,
        "146": 1.873299,
        "147": 2.687673,
        "148": 4.866587,
        "149": 2.324615,
        "150": 4.292862,
        "151": 5.672293,
        "152": 4.655579,
        "153": 11.615884,
        "154": 3.80919,
        "155": 3.901413,
        "156": 4.371771,
        "157": 2.762164,
        "158": 1.699803,
        "159": 3.168122,
        "160": 4.856613,
        "161": 3.427644,
        "162": 2.293723,
        "163": 2.432623,
        "164": 4.175403,
        "165": 4.083387,
        "166": 2.863706,
        "167": 3.83873,
        "168": 3.675489,
        "169": 4.205159,
        "170": 5.236754,
        "171": 7.019448
      }
    },
    "medium": {
      "utilization_fraction": 0.5,
      "edge_latencies_ms": {
        "0": 4.553446,
        "1": 3.460794,
        "2": 2.224136,
        "3": 2.568629,
        "4": 4.172388,
        "5": 4.621133,
        "6": 4.68129,
        "7": 4.681164,
        "8": 4.189875,
        "9": 2.355178,
        "10": 6.739794,
        "11": 4.949875,
        "12": 6.505071,
        "13": 2.902651,
        "14": 4.293184,
        "15": 4.768441,
        "16": 5.581086,
        "17": 5.586067,
        "18": 5.682534,
        "19": 3.154033,
        "20": 4.843567,
        "21": 4.326408,
        "22": 3.695035,
        "23": 3.214971,
        "24": 5.686155,
        "25": 5.877849,
        "26": 3.904853,
        "27": 1.752544,
        "28": 4.116822,
        "29": 4.124,
        "30": 15.002011,
        "31": 4.978017,
        "32": 5.570658,
        "33": 3.940589,
        "34": 2.197154,
        "35": 13.091233,
        "36": 4.278613,
        "37": 2.147486,
        "38": 3.591434,
        "39": 3.284887,
        "40": 3.102248,
        "41": 2.38993,
        "42": 2.313613,
        "43": 6.644171,
        "44": 4.655439,
        "45": 1.805856,
        "46": 3.029788,
        "47": 2.327105,
        "48": 4.282508,
        "49": 2.729793,
        "50": 5.262333,
        "51": 1.427879,
        "52": 7.437871,
        "53": 7.021139,
        "54": 7.742162,
        "55": 11.401951,
        "56": 4.314533,
        "57": 16.791163,
        "58": 1.717264,
        "59": 4.677961,
        "60": 4.027625,
        "61": 2.686175,
        "62": 3.589715,
        "63": 2.961676,
        "64": 2.428385,
        "65": 4.873425,
        "66": 4.589612,
        "67": 3.169153,
        "68": 3.690628,
        "69": 3.612375,
        "70": 2.284967,
        "71": 2.729793,
        "72": 3.661463,
        "73": 3.907139,
        "74": 2.071639,
        "75": 4.08268,
        "76": 3.883685,
        "77": 2.439209,
        "78": 3.11339,
        "79": 1.757669,
        "80": 2.027514,
        "81": 3.055815,
        "82": 4.0245,
        "83": 3.979937,
        "84": 3.230378,
        "85": 3.210384,
        "86": 4.617614,
        "87": 4.057485,
        "88": 1.247665,
        "89": 4.912159,
        "90": 5.261107,
        "91": 5.993308,
        "92": 3.373345,
        "93": 2.549585,
        "94": 4.611985,
        "95": 1.475211,
        "96": 1.879346,
        "97": 9.038926,
        "98": 4.138374,
        "99": 2.962553,
        "100": 2.832787,
        "101": 4.868484,
        "102": 5.067466,
        "103": 4.363814,
        "104": 4.244415,
        "105": 4.344743,
        "106": 2.589022,
        "107": 3.470475,
        "108": 2.65491,
        "109": 3.122276,
        "110": 2.221978,
        "111": 0.928418,
        "112": 2.868152,
        "113": 3.391985,
        "114": 2.196392,
        "115": 1.596528,
        "116": 4.008764,
        "117": 5.604117,
        "118": 1.515275,
        "119": 2.44982,
        "120": 9.040446,
        "121": 7.8261,
        "122": 1.935205,
        "123": 2.897012,
        "124": 5.883876,
        "125": 2.249608,
        "126": 4.969096,
        "127": 3.831688,
        "128": 2.549336,
        "129": 9.002886,
        "130": 7.463893,
        "131": 2.988455,
        "132": 7.287944,
        "133": 5.606643,
        "134": 2.894215,
        "135": 4.084456,
        "136": 4.116548,
        "137": 3.077955,
        "138": 3.025193,
        "139": 2.358607,
        "140": 12.739109,
        "141": 8.168755,
        "142": 6.124902,
        "143": 5.761789,
        "144": 3.873615,
        "145": 2.613107,
        "146": 1.874072,
        "147": 2.688783,