{
  "topology_id": 132,
  "load_conditions": {
    "low": {
      "utilization_fraction": 0.2,
      "edge_latencies_ms": {
        "0": 3.427111,
        "1": 2.195686,
        "2": 4.049402,
        "3": 5.003539,
        "4": 13.736685,
        "5": 11.117323,
        "6": 11.752044,
        "7": 4.219939,
        "8": 8.870084,
        "9": 2.218557,
        "10": 11.980852,
        "11": 2.63579,
        "12": 5.198133,
        "13": 10.806419,
        "14": 14.101898,
        "15": 12.21568,
        "16": 17.934264,
        "17": 3.03576,
        "18": 4.304779,
        "19": 2.493421,
        "20": 2.11692,
        "21": 8.237595,
        "22": 4.846546,
        "23": 3.345657,
        "24": 4.23283,
        "25": 2.265637,
        "26": 3.20118,
        "27": 4.872968,
        "28": 6.259399,
        "29": 4.189387,
        "30": 6.295246,
        "31": 2.299389
      }
    },
    "medium": {
      "utilization_fraction": 0.5,
      "edge_latencies_ms": {
        "0": 3.428979,
        "1": 2.196482,
        "2": 4.051129,
        "3": 5.006445,
        "4": 13.766673,
        "5": 11.129068,
        "6": 11.760089,
        "7": 4.221325,
        "8": 8.879787,
        "9": 2.223257,
        "10": 12.008706,
        "11": 2.636707,
        "12": 5.199728,
        "13": 10.814692,
        "14": 14.128894,
        "15": 12.281896,
        "16": 17.947086,
        "17": 3.039861,
        "18": 4.30642,
        "19": 2.494182,
        "20": 2.117845,
        "21": 8.238546,
        "22": 4.847329,
        "23": 3.347055,
        "24": 4.234031,
        "25": 2.267775,
        "26": 3.270955,
        "27": 4.874482,
        "28": 6.261505,
        "29": 4.192467,
        "30": 6.296251,
        "31": 2.300214
      }
    },
    "high": {
      "utilization_fraction": 0.8,
      "edge_latencies_ms": {
        "0": 3.436449,
        "1": 2.199664,
        "2": 4.058038,
        "3": 5.018067,
        "4": 13.886626,
        "5": 11.17605,
        "6": 11.792271,
        "7": 4.226867,
        "8": 8.9186,
        "9": 2.242058,
        "10": 12.120122,
        "11": 2.640373,
        "12": 5.206104,
        "13": 10.847783,
        "14": 14.236879,
        "15": 12.546762,
        "16": 17.998374,
        "17": 3.056263,
        "18": 4.312986,
        "19": 2.497225,
        "20": 2.121544,
        "21": 8.242347,
        "22": 4.850461,
        "23": 3.35265,
        "24": 4.238834,
        "25": 2.276329,
        "26": 3.550052,
        "27": 4.88054,
        "28": 6.26993,
        "29": 4.204789,
        "30": 6.300269,
        "31": 2.303518
      }
    },
    "flash": {
      "utilization_fraction": 0.95,
      "edge_latencies_ms": {
        "0": 3.473801,
        "1": 2.215577,
        "2": 4.092582,
        "3": 5.076179,
        "4": 14.486392,
        "5": 11.41096,
        "6": 11.953182,
        "7": 4.254579,
        "8": 9.112662,
        "9": 2.336065,
        "10": 12.677203,
        "11": 2.658704,
        "12": 5.237989,
        "13": 11.013241,
        "14": 14.776804,
        "15": 13.871093,
        "16": 18.254812,
        "17": 3.138276,
        "18": 4.345818,
        "19": 2.512438,
        "20": 2.140039,
        "21": 8.261352,
        "22": 4.866121,
        "23": 3.380622,
        "24": 4.262849,
        "25": 2.319096,
        "26": 4.945541,
        "27": 4.910828,
        "28": 6.312055,
        "29": 4.266395,
        "30": 6.320362,
        "31": 2.320033
      }
    }
  }
}