{
  "topology_id": 331,
  "load_conditions": {
    "low": {
      "utilization_fraction": 0.2,
      "edge_latencies_ms": {
        "0": 4.961147,
        "1": 5.437509,
        "2": 5.401143,
        "3": 2.349077,
        "4": 4.212616,
        "5": 3.547831,
        "6": 4.193824,
        "7": 4.717685,
        "8": 6.013176,
        "9": 2.023241,
        "10": 3.360634,
        "11": 4.011601,
        "12": 5.017786,
        "13": 1.830728,
        "14": 3.063469,
        "15": 1.831288,
        "16": 3.310169,
        "17": 2.312229,
        "18": 3.191276,
        "19": 5.610936
      }
    },
    "medium": {
      "utilization_fraction": 0.5,
      "edge_latencies_ms": {
        "0": 4.962514,
        "1": 5.438403,
        "2": 5.402281,
        "3": 2.349929,
        "4": 4.230853,
        "5": 3.549348,
        "6": 4.236534,
        "7": 4.718899,
        "8": 6.013931,
        "9": 2.023997,
        "10": 3.361399,
        "11": 4.024524,
        "12": 5.025123,
        "13": 1.831938,
        "14": 3.066312,
        "15": 1.832221,
        "16": 3.312362,
        "17": 2.312995,
        "18": 3.192294,
        "19": 5.613335
      }
    },
    "high": {
      "utilization_fraction": 0.8,
      "edge_latencies_ms": {
        "0": 4.967981,
        "1": 5.441977,
        "2": 5.406836,
        "3": 2.353338,
        "4": 4.303798,
        "5": 3.555417,
        "6": 4.407375,
        "7": 4.723752,
        "8": 6.016952,
        "9": 2.027019,
        "10": 3.364455,
        "11": 4.076215,
        "12": 5.054468,
        "13": 1.836779,
        "14": 3.077686,
        "15": 1.835952,
        "16": 3.321137,
        "17": 2.316056,
        "18": 3.19637,
        "19": 5.622932
      }
    },
    "flash": {
      "utilization_fraction": 0.95,
      "edge_latencies_ms": {
        "0": 4.995319,
        "1": 5.459848,
        "2": 5.429608,
        "3": 2.370382,
        "4": 4.668527,
        "5": 3.585759,
        "6": 5.261577,
        "7": 4.748017,
        "8": 6.032054,
        "9": 2.042128,
        "10": 3.379736,
        "11": 4.334672,
        "12": 5.201192,
        "13": 1.860983,
        "14": 3.134555,
        "15": 1.854607,
        "16": 3.365012,
        "17": 2.331362,
        "18": 3.216746,
        "19": 5.670918
      }
    }
  }
}