{
  "topology_id": 397,
  "load_conditions": {
    "low": {
      "utilization_fraction": 0.2,
      "edge_latencies_ms": {
        "0": 4.521465,
        "1": 1.658509,
        "2": 2.37114,
        "3": 17.118608,
        "4": 1.745796,
        "5": 17.852062,
        "6": 3.689454,
        "7": 3.96514,
        "8": 2.854398,
        "9": 5.553851,
        "10": 3.649256,
        "11": 3.466499,
        "12": 3.195941,
        "13": 5.864361,
        "14": 4.522059,
        "15": 9.11159,
        "16": 6.537289,
        "17": 6.568405,
        "18": 5.066872,
        "19": 2.752021,
        "20": 1.192159,
        "21": 1.936509,
        "22": 4.730865,
        "23": 3.509305,
        "24": 4.110563,
        "25": 4.918102,
        "26": 5.423045,
        "27": 5.220141
      }
    },
    "medium": {
      "utilization_fraction": 0.5,
      "edge_latencies_ms": {
        "0": 4.522397,
        "1": 1.659295,
        "2": 2.37189,
        "3": 17.126724,
        "4": 1.747497,
        "5": 17.860755,
        "6": 3.690458,
        "7": 3.966035,
        "8": 2.88948,
        "9": 5.554685,
        "10": 3.652403,
        "11": 3.483084,
        "12": 3.208877,
        "13": 5.865138,
        "14": 4.527,
        "15": 9.136067,
        "16": 6.542933,
        "17": 6.603916,
        "18": 5.068702,
        "19": 2.753202,
        "20": 1.193413,
        "21": 1.937822,
        "22": 4.732129,
        "23": 3.517353,
        "24": 4.111335,
        "25": 4.919516,
        "26": 5.424704,
        "27": 5.221087
      }
    },
    "high": {
      "utilization_fraction": 0.8,
      "edge_latencies_ms": {
        "0": 4.526123,
        "1": 1.662443,
        "2": 2.374891,
        "3": 17.15919,
        "4": 1.7543,
        "5": 17.895528,
        "6": 3.694472,
        "7": 3.969618,
        "8": 3.029805,
        "9": 5.558019,
        "10": 3.66499,
        "11": 3.549423,
        "12": 3.26062,
        "13": 5.868245,
        "14": 4.546767,
        "15": 9.233974,
        "16": 6.56551,
        "17": 6.745961,
        "18": 5.076023,
        "19": 2.757922,
        "20": 1.198429,
        "21": 1.943075,
        "22": 4.737183,
        "23": 3.549544,
        "24": 4.114425,
        "25": 4.925171,
        "26": 5.43134,
        "27": 5.224871
      }
    },
    "flash": {
      "utilization_fraction": 0.95,
      "edge_latencies_ms": {
        "0": 4.544753,
        "1": 1.678179,
        "2": 2.389895,
        "3": 17.321521,
        "4": 1.788313,
        "5": 18.069391,
        "6": 3.714544,
        "7": 3.987533,
        "8": 3.731434,
        "9": 5.574694,
        "10": 3.727924,
        "11": 3.881118,
        "12": 3.519334,
        "13": 5.883782,
        "14": 4.6456,
        "15": 9.723509,
        "16": 6.678395,
        "17": 7.456185,
        "18": 5.112628,
        "19": 2.781523,
        "20": 1.223508,
        "21": 1.969339,
        "22": 4.762456,
        "23": 3.7105,
        "24": 4.129871,
        "25": 4.953447,
        "26": 5.464519,
        "27": 5.24379
      }
    }
  }
}