{
  "topology_id": 70,
  "load_conditions": {
    "low": {
      "utilization_fraction": 0.2,
      "edge_latencies_ms": {
        "0": 7.331516,
        "1": 2.342594,
        "2": 6.307147,
        "3": 12.443503,
        "4": 17.087727,
        "5": 14.471029,
        "6": 2.084116,
        "7": 3.934474,
        "8": 13.133581,
        "9": 12.893001,
        "10": 5.804134,
        "11": 2.607801,
        "12": 2.55918
      }
    },
    "medium": {
      "utilization_fraction": 0.5,
      "edge_latencies_ms": {
        "0": 7.332499,
        "1": 2.343994,
        "2": 6.310045,
        "3": 12.456315,
        "4": 17.096287,
        "5": 14.49574,
        "6": 2.085106,
        "7": 3.938109,
        "8": 13.143147,
        "9": 12.90055,
        "10": 5.805275,
        "11": 2.609842,
        "12": 2.559982
      }
    },
    "high": {
      "utilization_fraction": 0.8,
      "edge_latencies_ms": {
        "0": 7.33643,
        "1": 2.349591,
        "2": 6.321637,
        "3": 12.507563,
        "4": 17.13053,
        "5": 14.594586,
        "6": 2.089069,
        "7": 3.952652,
        "8": 13.181413,
        "9": 12.930746,
        "10": 5.809838,
        "11": 2.618008,
        "12": 2.563191
      }
    },
    "flash": {
      "utilization_fraction": 0.95,
      "edge_latencies_ms": {
        "0": 7.356087,
        "1": 2.377578,
        "2": 6.379594,
        "3": 12.763805,
        "4": 17.301743,
        "5": 15.088816,
        "6": 2.108883,
        "7": 4.025364,
        "8": 13.372739,
        "9": 13.081726,
        "10": 5.832654,
        "11": 2.658836,
        "12": 2.579237
      }
    }
  }
}