{
  "topology_id": 299,
  "load_conditions": {
    "low": {
      "utilization_fraction": 0.2,
      "edge_latencies_ms": {
        "0": 2.517749,
        "1": 4.306449,
        "2": 6.477974,
        "3": 3.670162,
        "4": 9.26824,
        "5": 2.545883,
        "6": 6.069852,
        "7": 2.915403,
        "8": 4.925432,
        "9": 4.420803,
        "10": 4.019526,
        "11": 7.357273,
        "12": 5.711402,
        "13": 4.299815,
        "14": 7.957509,
        "15": 2.294309,
        "16": 3.48079,
        "17": 11.063925,
        "18": 10.098155,
        "19": 2.04391,
        "20": 1.300506,
        "21": 2.355566,
        "22": 5.179125
      }
    },
    "medium": {
      "utilization_fraction": 0.5,
      "edge_latencies_ms": {
        "0": 2.51874,
        "1": 4.307855,
        "2": 6.479054,
        "3": 3.672194,
        "4": 9.313934,
        "5": 2.552362,
        "6": 6.077716,
        "7": 2.916532,
        "8": 4.929058,
        "9": 4.422767,
        "10": 4.039345,
        "11": 7.365024,
        "12": 5.713602,
        "13": 4.301918,
        "14": 7.96751,
        "15": 2.299629,
        "16": 3.481569,
        "17": 11.079236,
        "18": 10.132252,
        "19": 2.044975,
        "20": 1.301332,
        "21": 2.356697,
        "22": 5.180834
      }
    },
    "high": {
      "utilization_fraction": 0.8,
      "edge_latencies_ms": {
        "0": 2.522702,
        "1": 4.313479,
        "2": 6.483374,
        "3": 3.680322,
        "4": 9.496709,
        "5": 2.578275,
        "6": 6.109171,
        "7": 2.921047,
        "8": 4.943563,
        "9": 4.430621,
        "10": 4.11862,
        "11": 7.396029,
        "12": 5.722401,
        "13": 4.31033,
        "14": 8.007514,
        "15": 2.320906,
        "16": 3.484683,
        "17": 11.140478,
        "18": 10.268639,
        "19": 2.049238,
        "20": 1.304637,
        "21": 2.361222,
        "22": 5.187668
      }
    },
    "flash": {
      "utilization_fraction": 0.95,
      "edge_latencies_ms": {
        "0": 2.542514,
        "1": 4.341597,
        "2": 6.504976,
        "3": 3.720961,
        "4": 10.410585,
        "5": 2.707845,
        "6": 6.266444,
        "7": 2.943623,
        "8": 5.016087,
        "9": 4.469892,
        "10": 4.514993,
        "11": 7.551056,
        "12": 5.766393,
        "13": 4.352388,
        "14": 8.207533,
        "15": 2.427294,
        "16": 3.500256,
        "17": 11.446689,
        "18": 10.950576,
        "19": 2.070553,
        "20": 1.32116,
        "21": 2.383843,
        "22": 5.221843
      }
    }
  }
}