{
  "topology_id": 377,
  "load_conditions": {
    "low": {
      "utilization_fraction": 0.2,
      "edge_latencies_ms": {
        "0": 2.715647,
        "1": 9.323703,
        "2": 8.193979,
        "3": 9.502401,
        "4": 12.520547,
        "5": 11.238074,
        "6": 7.660067,
        "7": 5.344706,
        "8": 4.474712,
        "9": 5.814673,
        "10": 5.086426,
        "11": 4.824324,
        "12": 4.040142,
        "13": 2.065976,
        "14": 6.266854,
        "15": 4.92477,
        "16": 9.898179,
        "17": 5.524144,
        "18": 2.080626,
        "19": 4.274991,
        "20": 4.547001
      }
    },
    "medium": {
      "utilization_fraction": 0.5,
      "edge_latencies_ms": {
        "0": 2.718122,
        "1": 9.333151,
        "2": 8.23118,
        "3": 9.518883,
        "4": 12.533404,
        "5": 11.275116,
        "6": 7.686961,
        "7": 5.350109,
        "8": 4.475835,
        "9": 5.824887,
        "10": 5.08872,
        "11": 4.83274,
        "12": 4.041059,
        "13": 2.0672,
        "14": 6.27111,
        "15": 4.925803,
        "16": 9.931605,
        "17": 5.525166,
        "18": 2.082252,
        "19": 4.276132,
        "20": 4.548023
      }
    },
    "high": {
      "utilization_fraction": 0.8,
      "edge_latencies_ms": {
        "0": 2.728018,
        "1": 9.370941,
        "2": 8.379986,
        "3": 9.584812,
        "4": 12.584829,
        "5": 11.423281,
        "6": 7.794537,
        "7": 5.371722,
        "8": 4.480326,
        "9": 5.865745,
        "10": 5.097896,
        "11": 4.866405,
        "12": 4.044727,
        "13": 2.072097,
        "14": 6.288132,
        "15": 4.929933,
        "16": 10.065308,
        "17": 5.529255,
        "18": 2.088756,
        "19": 4.280696,
        "20": 4.552109
      }
    },
    "flash": {
      "utilization_fraction": 0.95,
      "edge_latencies_ms": {
        "0": 2.777499,
        "1": 9.559893,
        "2": 9.124014,
        "3": 9.914455,
        "4": 12.841958,
        "5": 12.164108,
        "6": 8.332416,
        "7": 5.479786,
        "8": 4.502781,
        "9": 6.070032,
        "10": 5.143775,
        "11": 5.034729,
        "12": 4.06307,
        "13": 2.096581,
        "14": 6.373246,
        "15": 4.950585,
        "16": 10.733821,
        "17": 5.549699,
        "18": 2.121278,
        "19": 4.303518,
        "20": 4.572543
      }
    }
  }
}