{
  "topology_id": 244,
  "load_conditions": {
    "low": {
      "utilization_fraction": 0.2,
      "edge_latencies_ms": {
        "0": 4.661527,
        "1": 3.136314,
        "2": 2.562992,
        "3": 3.683408,
        "4": 4.691413,
        "5": 4.072824,
        "6": 2.291814,
        "7": 3.885015,
        "8": 4.808832,
        "9": 2.971402,
        "10": 3.770468,
        "11": 1.586301,
        "12": 3.72655,
        "13": 6.411417,
        "14": 2.189131,
        "15": 1.658887,
        "16": 2.61799,
        "17": 2.805111,
        "18": 5.238138,
        "19": 3.697318,
        "20": 4.206515,
        "21": 5.799993,
        "22": 7.967679,
        "23": 3.407725,
        "24": 1.379926,
        "25": 4.122757,
        "26": 2.500923,
        "27": 2.816242,
        "28": 3.319438,
        "29": 1.085371,
        "30": 3.053745,
        "31": 1.537537,
        "32": 8.89126,
        "33": 5.017741,
        "34": 3.891763,
        "35": 3.434181,
        "36": 6.586959,
        "37": 2.715852,
        "38": 2.833731,
        "39": 2.936735,
        "40": 7.211271,
        "41": 2.71784,
        "42": 3.776955,
        "43": 1.54431,
        "44": 2.240504,
        "45": 2.615955,
        "46": 6.227334,
        "47": 2.698405,
        "48": 2.616956,
        "49": 2.119984,
        "50": 3.446703,
        "51": 4.701399,
        "52": 4.403932,
        "53": 2.812104,
        "54": 2.500406,
        "55": 2.410081,
        "56": 3.71771,
        "57": 3.558647,
        "58": 2.891962,
        "59": 1.267237,
        "60": 0.999127,
        "61": 3.671601,
        "62": 3.469027,
        "63": 5.263091,
        "64": 2.74372,
        "65": 3.978064,
        "66": 5.878269,
        "67": 2.233511,
        "68": 1.754131,
        "69": 2.241211,
        "70": 9.521607,
        "71": 4.850762,
        "72": 3.124512,
        "73": 4.737048,
        "74": 2.48957,
        "75": 4.593972,
        "76": 3.668158,
        "77": 4.547854,
        "78": 4.044249,
        "79": 6.523281,
        "80": 2.482292,
        "81": 3.6595,
        "82": 2.228366,
        "83": 3.951376,
        "84": 3.22297,
        "85": 6.693819,
        "86": 6.729381,
        "87": 3.567785,
        "88": 5.979992,
        "89": 7.30849,
        "90": 2.365159,
        "91": 5.314599,
        "92": 4.355242,
        "93": 3.709776,
        "94": 6.032193,
        "95": 7.041197,
        "96": 4.777254,
        "97": 2.452795,
        "98": 3.924344,
        "99": 3.117236,
        "100": 4.416905,
        "101": 3.393252,
        "102": 5.231822,
        "103": 4.214791,
        "104": 3.873651,
        "105": 6.067946,
        "106": 4.192706,
        "107": 1.864436,
        "108": 7.507549,
        "109": 3.138249,
        "110": 2.920677,
        "111": 5.107733,
        "112": 5.149987,
        "113": 5.069921,
        "114": 3.961156,
        "115": 4.738978,
        "116": 5.468306,
        "117": 5.133029,
        "118": 3.662435,
        "119": 5.711109,
        "120": 2.650639,
        "121": 7.121085,
        "122": 5.501832,
        "123": 1.282715,
        "124": 3.484138,
        "125": 1.984559,
        "126": 3.754262,
        "127": 1.65996,
        "128": 4.144074,
        "129": 4.845037,
        "130": 1.939318,
        "131": 2.272046,
        "132": 3.945869,
        "133": 5.262603
      }
    },
    "medium": {
      "utilization_fraction": 0.5,
      "edge_latencies_ms": {
        "0": 4.664281,
        "1": 3.13755,
        "2": 2.563806,
        "3": 3.686704,
        "4": 4.692519,
        "5": 4.074153,
        "6": 2.295052,
        "7": 3.886074,
        "8": 4.810746,
        "9": 2.973698,
        "10": 3.771339,
        "11": 1.587264,
        "12": 3.728215,
        "13": 6.412453,
        "14": 2.190098,
        "15": 1.66165,
        "16": 2.619302,
        "17": 2.806052,
        "18": 5.243318,
        "19": 3.700619,
        "20": 4.207458,
        "21": 5.809208,
        "22": 7.977465,
        "23": 3.408531,
        "24": 1.381194,
        "25": 4.123732,
        "26": 2.503361,
        "27": 2.81729,
        "28": 3.320554,
        "29": 1.086724,
        "30": 3.055068,
        "31": 1.538395,
        "32": 8.902843,
        "33": 5.021171,
        "34": 3.892898,
        "35": 3.435629,
        "36": 6.58787,
        "37": 2.718254,
        "38": 2.837153,
        "39": 2.937673,
        "40": 7.221921,
        "41": 2.718798,
        "42": 3.777763,
        "43": 1.545226,
        "44": 2.243284,
        "45": 2.616991,
        "46": 6.228477,
        "47": 2.700355,
        "48": 2.617886,
        "49": 2.123557,
        "50": 3.447698,
        "51": 4.702187,
        "52": 4.407554,
        "53": 2.812923,
        "54": 2.503578,
        "55": 2.411467,
        "56": 3.723052,
        "57": 3.559652,
        "58": 2.893401,
        "59": 1.26922,
        "60": 1.000358,
        "61": 3.672376,
        "62": 3.471815,
        "63": 5.27376,
        "64": 2.745486,
        "65": 3.978938,
        "66": 5.879251,
        "67": 2.234335,
        "68": 1.755354,
        "69": 2.243303,
        "70": 9.537508,
        "71": 4.851674,
        "72": 3.125374,
        "73": 4.738034,
        "74": 2.491259,
        "75": 4.595679,
        "76": 3.671091,
        "77": 4.549061,
        "78": 4.045569,
        "79": 6.524146,
        "80": 2.48432,
        "81": 3.660973,
        "82": 2.230014,
        "83": 3.955672,
        "84": 3.224958,
        "85": 6.707271,
        "86": 6.730318,
        "87": 3.578633,
        "88": 6.009129,
        "89": 7.319596,
        "90": 2.366148,
        "91": 5.318062,
        "92": 4.358618,
        "93": 3.710635,
        "94": 6.034823,
        "95": 7.052168,
        "96": 4.780288,
        "97": 2.454034,
        "98": 3.926096,
        "99": 3.118062,
        "100": 4.422982,
        "101": 3.395334,
        "102": 5.236733,
        "103": 4.216014,
        "104": 3.875889,
        "105": 6.069982,
        "106": 4.193497,
        "107": 1.865529,
        "108": 7.509076,
        "109": 3.139745,
        "110": 2.922238,
        "111": 5.112274,
        "112": 5.151071,
        "113": 5.072079,
        "114": 3.963948,
        "115": 4.742364,
        "116": 5.469504,
        "117": 5.133988,
        "118": 3.66339,
        "119": 5.712562,
        "120": 2.652145,
        "121": 7.12189,
        "122": 5.50412,
        "123": 1.286007,
        "124": 3.485006,
        "125": 1.986287,
        "126": 3.7572,
        "127": 1.662178,
        "128": 4.144955,
        "129": 4.848411,
        "130": 1.940492,
        "131": 2.273391,
        "132": 3.946793,
        "133": 5.263427
      }
    },
    "high": {
      "utilization_fraction": 0.8,
      "edge_latencies_ms": {
        "0": 4.675297,
        "1": 3.142494,
        "2": 2.567064,
        "3": 3.699889,
        "4": 4.696942,
        "5": 4.07947,
        "6": 2.308005,
        "7": 3.890311,
        "8": 4.818403,
        "9": 2.982884,
        "10": 3.774822,
        "11": 1.591115,
        "12": 3.734876,
        "13": 6.4166,
        "14": 2.193967,
        "15": 1.672703,
        "16": 2.624549,
        "17": 2.809817,
        "18": 5.264037,
        "19": 3.713824,
        "20": 4.211231,
        "21": 5.846067,
        "22": 8.01661,
        "23": 3.411753,
        "24": 1.386267,
        "25": 4.127636,
        "26": 2.513112,
        "27": 2.821483,
        "28": 3.325018,
        "29": 1.092136,
        "30": 3.06036,
        "31": 1.541829,
        "32": 8.949175,
        "33": 5.034891,
        "34": 3.897435,
        "35": 3.441421,
        "36": 6.591514,
        "37": 2.72786,
        "38": 2.850843,
        "39": 2.941424,
        "40": 7.264523,
        "41": 2.722629,
        "42": 3.780992,
        "43": 1.548889,
        "44": 2.254404,
        "45": 2.621131,
        "46": 6.233049,
        "47": 2.708155,
        "48": 2.621603,
        "49": 2.137849,
        "50": 3.451679,
        "51": 4.70534,