{
  "topology_id": 309,
  "load_conditions": {
    "low": {
      "utilization_fraction": 0.2,
      "edge_latencies_ms": {
        "0": 1.515783,
        "1": 3.965245,
        "2": 11.683633,
        "3": 2.446872,
        "4": 3.753778,
        "5": 9.288824,
        "6": 1.691521,
        "7": 2.000187,
        "8": 5.047425,
        "9": 4.636999,
        "10": 4.966393,
        "11": 8.93945,
        "12": 0.694051,
        "13": 12.933284,
        "14": 5.885637,
        "15": 4.242555,
        "16": 4.15412,
        "17": 3.610565,
        "18": 5.278614,
        "19": 5.308147,
        "20": 4.880012,
        "21": 5.784616,
        "22": 10.047626,
        "23": 7.805118,
        "24": 2.396584,
        "25": 1.762564,
        "26": 8.92566,
        "27": 2.367806,
        "28": 3.966899,
        "29": 5.171791,
        "30": 3.552906,
        "31": 3.332173,
        "32": 10.648872,
        "33": 10.510551,
        "34": 7.684314,
        "35": 4.884898,
        "36": 4.310136,
        "37": 2.93599,
        "38": 2.264529,
        "39": 1.486775,
        "40": 3.699678,
        "41": 4.56809
      }
    },
    "medium": {
      "utilization_fraction": 0.5,
      "edge_latencies_ms": {
        "0": 1.519513,
        "1": 3.9671,
        "2": 11.692141,
        "3": 2.448011,
        "4": 3.75541,
        "5": 9.297095,
        "6": 1.693765,
        "7": 2.001384,
        "8": 5.048532,
        "9": 4.637893,
        "10": 4.969836,
        "11": 8.953871,
        "12": 0.694846,
        "13": 12.941132,
        "14": 5.915487,
        "15": 4.24439,
        "16": 4.155668,
        "17": 3.617343,
        "18": 5.27947,
        "19": 5.309829,
        "20": 4.880974,
        "21": 5.785848,
        "22": 10.060057,
        "23": 7.832868,
        "24": 2.398201,
        "25": 1.763658,
        "26": 8.947456,
        "27": 2.368992,
        "28": 3.968124,
        "29": 5.172797,
        "30": 3.553715,
        "31": 3.333502,
        "32": 10.670579,
        "33": 10.520935,
        "34": 7.688266,
        "35": 4.886941,
        "36": 4.311193,
        "37": 2.939165,
        "38": 2.265319,
        "39": 1.488205,
        "40": 3.700887,
        "41": 4.570118
      }
    },
    "high": {
      "utilization_fraction": 0.8,
      "edge_latencies_ms": {
        "0": 1.534435,
        "1": 3.974524,
        "2": 11.726173,
        "3": 2.452568,
        "4": 3.761939,
        "5": 9.330175,
        "6": 1.702743,
        "7": 2.006173,
        "8": 5.05296,
        "9": 4.641468,
        "10": 4.983608,
        "11": 9.011557,
        "12": 0.698026,
        "13": 12.972527,
        "14": 6.034888,
        "15": 4.25173,
        "16": 4.161863,
        "17": 3.644456,
        "18": 5.282895,
        "19": 5.316558,
        "20": 4.884825,
        "21": 5.790775,
        "22": 10.109781,
        "23": 7.943869,
        "24": 2.404669,
        "25": 1.768032,
        "26": 9.034639,
        "27": 2.373737,
        "28": 3.973022,
        "29": 5.176823,
        "30": 3.556952,
        "31": 3.338816,
        "32": 10.757404,
        "33": 10.562469,
        "34": 7.704073,
        "35": 4.895112,
        "36": 4.315421,
        "37": 2.951862,
        "38": 2.268478,
        "39": 1.493924,
        "40": 3.705722,
        "41": 4.578232
      }
    },
    "flash": {
      "utilization_fraction": 0.95,
      "edge_latencies_ms": {
        "0": 1.609045,
        "1": 4.011639,
        "2": 11.896335,
        "3": 2.475349,
        "4": 3.794579,
        "5": 9.495578,
        "6": 1.747633,
        "7": 2.030118,
        "8": 5.075099,
        "9": 4.659346,
        "10": 5.052469,
        "11": 9.299982,
        "12": 0.713927,
        "13": 13.129498,
        "14": 6.631891,
        "15": 4.28843,
        "16": 4.192837,
        "17": 3.780021,
        "18": 5.300018,
        "19": 5.350203,
        "20": 4.904078,
        "21": 5.815409,
        "22": 10.358399,
        "23": 8.498873,
        "24": 2.437012,
        "25": 1.789903,
        "26": 9.470554,
        "27": 2.397463,
        "28": 3.99751,
        "29": 5.196954,
        "30": 3.573139,
        "31": 3.365389,
        "32": 11.191532,
        "33": 10.770142,
        "34": 7.783111,
        "35": 4.935969,
        "36": 4.336563,
        "37": 3.015346,
        "38": 2.284271,
        "39": 1.522522,
        "40": 3.729895,
        "41": 4.618799
      }
    }
  }
}