{
  "topology_id": 370,
  "load_conditions": {
    "low": {
      "utilization_fraction": 0.2,
      "edge_latencies_ms": {
        "0": 1.039051,
        "1": 5.600279,
        "2": 4.668656,
        "3": 5.641873,
        "4": 8.431679,
        "5": 6.252142,
        "6": 5.344689,
        "7": 9.268533,
        "8": 5.354216,
        "9": 7.063503,
        "10": 2.834814,
        "11": 4.320626,
        "12": 12.162028,
        "13": 4.105996,
        "14": 3.997641,
        "15": 8.94484,
        "16": 3.416236,
        "17": 1.177533,
        "18": 2.286792,
        "19": 2.599299,
        "20": 4.52093,
        "21": 2.623644,
        "22": 4.975456,
        "23": 8.870926,
        "24": 6.330505,
        "25": 7.015249,
        "26": 5.047488,
        "27": 3.102073,
        "28": 6.331841,
        "29": 6.510155,
        "30": 5.111189,
        "31": 3.410367,
        "32": 4.415613,
        "33": 7.702083,
        "34": 4.937083,
        "35": 4.296769,
        "36": 2.929644,
        "37": 2.848706,
        "38": 12.624139,
        "39": 8.485266,
        "40": 11.700136,
        "41": 2.979689,
        "42": 3.27785,
        "43": 4.612221,
        "44": 2.138961,
        "45": 2.97266,
        "46": 2.947858,
        "47": 4.268141,
        "48": 3.527324,
        "49": 7.026907,
        "50": 5.540188,
        "51": 4.720752,
        "52": 4.42765,
        "53": 5.37932,
        "54": 3.397754,
        "55": 2.24702
      }
    },
    "medium": {
      "utilization_fraction": 0.5,
      "edge_latencies_ms": {
        "0": 1.040293,
        "1": 5.601439,
        "2": 4.672843,
        "3": 5.643319,
        "4": 8.495138,
        "5": 6.254989,
        "6": 5.345563,
        "7": 9.27925,
        "8": 5.355245,
        "9": 7.076862,
        "10": 2.836053,
        "11": 4.322193,
        "12": 12.177592,
        "13": 4.110376,
        "14": 3.999186,
        "15": 8.954237,
        "16": 3.417391,
        "17": 1.179332,
        "18": 2.287632,
        "19": 2.601498,
        "20": 4.521812,
        "21": 2.625361,
        "22": 4.976675,
        "23": 8.871846,
        "24": 6.350112,
        "25": 7.016137,
        "26": 5.053364,
        "27": 3.103184,
        "28": 6.337311,
        "29": 6.511205,
        "30": 5.112241,
        "31": 3.411913,
        "32": 4.417147,
        "33": 7.709585,
        "34": 4.940565,
        "35": 4.298865,
        "36": 2.931498,
        "37": 2.851266,
        "38": 12.633468,
        "39": 8.486613,
        "40": 11.718806,
        "41": 2.980581,
        "42": 3.278661,
        "43": 4.614313,
        "44": 2.140122,
        "45": 2.973414,
        "46": 2.954898,
        "47": 4.272765,
        "48": 3.52874,
        "49": 7.028838,
        "50": 5.542178,
        "51": 4.722,
        "52": 4.429229,
        "53": 5.380191,
        "54": 3.400325,
        "55": 2.248709
      }
    },
    "high": {
      "utilization_fraction": 0.8,
      "edge_latencies_ms": {
        "0": 1.045261,
        "1": 5.60608,
        "2": 4.689592,
        "3": 5.649103,
        "4": 8.748971,
        "5": 6.266375,
        "6": 5.349061,
        "7": 9.322118,
        "8": 5.359358,
        "9": 7.1303,
        "10": 2.841011,
        "11": 4.328461,
        "12": 12.239852,
        "13": 4.127894,
        "14": 4.005368,
        "15": 8.991823,
        "16": 3.422009,
        "17": 1.186528,
        "18": 2.290992,
        "19": 2.610297,
        "20": 4.525339,
        "21": 2.632229,
        "22": 4.981551,
        "23": 8.875528,
        "24": 6.42854,
        "25": 7.019685,
        "26": 5.076866,
        "27": 3.107626,
        "28": 6.359189,
        "29": 6.515404,
        "30": 5.116451,
        "31": 3.418095,
        "32": 4.423281,
        "33": 7.739594,
        "34": 4.954493,
        "35": 4.307248,
        "36": 2.938912,
        "37": 2.861508,
        "38": 12.670786,
        "39": 8.492002,
        "40": 11.793485,
        "41": 2.984146,
        "42": 3.281904,
        "43": 4.622679,
        "44": 2.144768,
        "45": 2.976433,
        "46": 2.983057,
        "47": 4.291261,
        "48": 3.534407,
        "49": 7.036561,
        "50": 5.550135,
        "51": 4.726991,
        "52": 4.435547,
        "53": 5.383674,
        "54": 3.410609,
        "55": 2.255465
      }
    },
    "flash": {
      "utilization_fraction": 0.95,
      "edge_latencies_ms": {
        "0": 1.0701,
        "1": 5.629288,
        "2": 4.773336,
        "3": 5.678025,
        "4": 10.018139,
        "5": 6.323309,
        "6": 5.366547,
        "7": 9.536461,
        "8": 5.379923,
        "9": 7.39749,
        "10": 2.865799,
        "11": 4.359798,
        "12": 12.551151,
        "13": 4.215487,
        "14": 4.036274,
        "15": 9.179755,
        "16": 3.445097,
        "17": 1.222506,
        "18": 2.307792,
        "19": 2.65429,
        "20": 4.542973,
        "21": 2.666566,
        "22": 5.005932,
        "23": 8.893936,
        "24": 6.82068,
        "25": 7.03743,
        "26": 5.194377,
        "27": 3.129836,
        "28": 6.468583,
        "29": 6.536401,
        "30": 5.137497,
        "31": 3.449005,
        "32": 4.45395,
        "33": 7.889636,
        "34": 5.024135,
        "35": 4.349162,
        "36": 2.975986,
        "37": 2.912719,
        "38": 12.857372,
        "39": 8.518944,
        "40": 12.166878,
        "41": 3.001973,
        "42": 3.298119,
        "43": 4.664507,
        "44": 2.167999,
        "45": 2.991529,
        "46": 3.123854,
        "47": 4.383743,
        "48": 3.562739,
        "49": 7.075174,
        "50": 5.589923,
        "51": 4.751948,
        "52": 4.467138,
        "53": 5.401089,
        "54": 3.462031,
        "55": 2.289242
      }
    }
  }
}