{
  "topology_id": 495,
  "load_conditions": {
    "low": {
      "utilization_fraction": 0.2,
      "edge_latencies_ms": {
        "0": 2.463327,
        "1": 3.883771,
        "2": 4.009307,
        "3": 4.065358,
        "4": 5.654405,
        "5": 4.044747,
        "6": 5.148178,
        "7": 2.973307,
        "8": 5.086943,
        "9": 4.351899,
        "10": 6.65607,
        "11": 4.511043,
        "12": 10.357881,
        "13": 5.611746,
        "14": 3.875511,
        "15": 3.536841,
        "16": 2.911265,
        "17": 3.198334,
        "18": 13.504761,
        "19": 4.833656,
        "20": 6.102249,
        "21": 5.553045,
        "22": 3.645485,
        "23": 3.344478,
        "24": 2.461496,
        "25": 3.023458,
        "26": 18.143595,
        "27": 19.194761,
        "28": 5.866836,
        "29": 16.717226,
        "30": 8.252931,
        "31": 7.681577,
        "32": 5.133316,
        "33": 9.259439,
        "34": 2.633272,
        "35": 0.669951,
        "36": 8.892785,
        "37": 1.507245,
        "38": 8.272454,
        "39": 3.95215,
        "40": 3.353464,
        "41": 4.762462,
        "42": 3.821494,
        "43": 5.914434,
        "44": 3.865405,
        "45": 1.873543,
        "46": 2.973309,
        "47": 2.567099,
        "48": 2.846074,
        "49": 3.670896,
        "50": 3.539941
      }
    },
    "medium": {
      "utilization_fraction": 0.5,
      "edge_latencies_ms": {
        "0": 2.465205,
        "1": 3.887488,
        "2": 4.013168,
        "3": 4.066176,
        "4": 5.655236,
        "5": 4.045924,
        "6": 5.153765,
        "7": 2.974893,
        "8": 5.087804,
        "9": 4.362662,
        "10": 6.657963,
        "11": 4.51314,
        "12": 10.409432,
        "13": 5.613369,
        "14": 3.880752,
        "15": 3.569988,
        "16": 2.918362,
        "17": 3.199261,
        "18": 13.533821,
        "19": 4.834768,
        "20": 6.103855,
        "21": 5.554285,
        "22": 3.646683,
        "23": 3.346056,
        "24": 2.467285,
        "25": 3.02468,
        "26": 18.185985,
        "27": 19.204706,
        "28": 5.870924,
        "29": 16.730451,
        "30": 8.259062,
        "31": 7.683177,
        "32": 5.135247,
        "33": 9.273176,
        "34": 2.634722,
        "35": 0.671905,
        "36": 8.910664,
        "37": 1.508068,
        "38": 8.29255,
        "39": 3.953971,
        "40": 3.354504,
        "41": 4.76335,
        "42": 3.823096,
        "43": 5.916654,
        "44": 3.866402,
        "45": 1.874693,
        "46": 2.974212,
        "47": 2.568584,
        "48": 2.848516,
        "49": 3.67202,
        "50": 3.540865
      }
    },
    "high": {
      "utilization_fraction": 0.8,
      "edge_latencies_ms": {
        "0": 2.472719,
        "1": 3.902357,
        "2": 4.028611,
        "3": 4.069449,
        "4": 5.658558,
        "5": 4.050634,
        "6": 5.17611,
        "7": 2.981237,
        "8": 5.09125,
        "9": 4.405711,
        "10": 6.665532,
        "11": 4.521527,
        "12": 10.61564,
        "13": 5.619863,
        "14": 3.901715,
        "15": 3.702576,
        "16": 2.946749,
        "17": 3.202971,
        "18": 13.65006,
        "19": 4.839217,
        "20": 6.110277,
        "21": 5.559244,
        "22": 3.651477,
        "23": 3.352366,
        "24": 2.490439,
        "25": 3.029569,
        "26": 18.355548,
        "27": 19.244485,
        "28": 5.887276,
        "29": 16.783353,
        "30": 8.283585,
        "31": 7.689576,
        "32": 5.142972,
        "33": 9.328121,
        "34": 2.640522,
        "35": 0.679724,
        "36": 8.98218,
        "37": 1.511364,
        "38": 8.372936,
        "39": 3.961252,
        "40": 3.358665,
        "41": 4.766902,
        "42": 3.829503,
        "43": 5.925534,
        "44": 3.870391,
        "45": 1.879293,
        "46": 2.977823,
        "47": 2.57452,
        "48": 2.858285,
        "49": 3.676518,
        "50": 3.544557
      }
    },
    "flash": {
      "utilization_fraction": 0.95,
      "edge_latencies_ms": {
        "0": 2.510286,
        "1": 3.976699,
        "2": 4.105826,
        "3": 4.085816,
        "4": 5.675172,
        "5": 4.074182,
        "6": 5.287839,
        "7": 3.012959,
        "8": 5.108477,
        "9": 4.62096,
        "10": 6.703378,
        "11": 4.563462,
        "12": 11.64668,
        "13": 5.65233,
        "14": 4.006532,
        "15": 4.365515,
        "16": 3.088688,
        "17": 3.221519,
        "18": 14.231253,
        "19": 4.86146,
        "20": 6.142386,
        "21": 5.58404,
        "22": 3.675445,
        "23": 3.383918,
        "24": 2.606211,
        "25": 3.054011,
        "26": 19.20336,
        "27": 19.443382,
        "28": 5.969033,
        "29": 17.047862,
        "30": 8.406203,
        "31": 7.721571,
        "32": 5.181595,
        "33": 9.602849,
        "34": 2.669526,
        "35": 0.718815,
        "36": 9.339756,
        "37": 1.527842,
        "38": 8.774866,
        "39": 3.99766,
        "40": 3.379468,
        "41": 4.784663,
        "42": 3.86154,
        "43": 5.969933,
        "44": 3.890336,
        "45": 1.902292,
        "46": 2.995877,
        "47": 2.604204,
        "48": 2.907131,
        "49": 3.699003,
        "50": 3.563021
      }
    }
  }
}