{
  "topology_id": 445,
  "load_conditions": {
    "low": {
      "utilization_fraction": 0.2,
      "edge_latencies_ms": {
        "0": 4.843196,
        "1": 3.694307,
        "2": 2.907764,
        "3": 3.599669,
        "4": 3.006992,
        "5": 4.979242,
        "6": 3.444061,
        "7": 4.594346,
        "8": 3.242463,
        "9": 1.448063,
        "10": 1.650607,
        "11": 4.917491,
        "12": 3.845812,
        "13": 2.565072,
        "14": 2.61228,
        "15": 2.944467,
        "16": 1.945054,
        "17": 1.752473,
        "18": 5.103709,
        "19": 6.517707,
        "20": 2.730174,
        "21": 4.217065,
        "22": 1.783241,
        "23": 4.486351,
        "24": 6.431077,
        "25": 6.861755,
        "26": 0.800423,
        "27": 2.471667,
        "28": 4.054647,
        "29": 3.495751,
        "30": 2.928396,
        "31": 3.034051,
        "32": 3.056491,
        "33": 3.829806,
        "34": 3.657279,
        "35": 2.838318,
        "36": 3.940598,
        "37": 2.545358,
        "38": 2.052266,
        "39": 2.181073,
        "40": 3.294435,
        "41": 4.268358,
        "42": 4.0357,
        "43": 7.73791,
        "44": 2.666236,
        "45": 2.40902,
        "46": 8.561086,
        "47": 3.98685,
        "48": 3.201201,
        "49": 0.749499,
        "50": 2.605882,
        "51": 3.117123,
        "52": 2.948203,
        "53": 5.521215,
        "54": 7.503107,
        "55": 2.503683,
        "56": 6.263072,
        "57": 4.258304,
        "58": 1.456948,
        "59": 4.232126,
        "60": 2.851191,
        "61": 2.842949,
        "62": 4.081479,
        "63": 4.578744,
        "64": 3.294268,
        "65": 7.08232,
        "66": 2.586383,
        "67": 4.061648,
        "68": 2.048232,
        "69": 3.353658,
        "70": 10.17894,
        "71": 5.669912,
        "72": 4.229382,
        "73": 1.137294,
        "74": 1.944304,
        "75": 1.223776,
        "76": 4.509765,
        "77": 5.094361,
        "78": 3.557451,
        "79": 3.650907,
        "80": 4.704559,
        "81": 4.152814,
        "82": 3.213339,
        "83": 4.817043,
        "84": 3.371506,
        "85": 3.710622,
        "86": 6.153229,
        "87": 4.826072,
        "88": 3.787594,
        "89": 3.041971,
        "90": 1.939419,
        "91": 4.619047,
        "92": 2.075315,
        "93": 4.827871,
        "94": 4.407161,
        "95": 2.640315,
        "96": 3.20192,
        "97": 4.272809,
        "98": 3.62035,
        "99": 3.818575,
        "100": 5.000987,
        "101": 4.818612,
        "102": 4.752078,
        "103": 5.168666,
        "104": 1.673025,
        "105": 4.96775,
        "106": 1.310615,
        "107": 2.610277,
        "108": 5.492118,
        "109": 4.536571,
        "110": 5.14218,
        "111": 2.761054,
        "112": 4.687504,
        "113": 2.150087,
        "114": 4.189582,
        "115": 2.843211,
        "116": 7.825682,
        "117": 4.075758,
        "118": 7.432062,
        "119": 7.605991,
        "120": 7.29129,
        "121": 2.419235,
        "122": 5.352245,
        "123": 6.269027,
        "124": 3.822309,
        "125": 4.160452,
        "126": 5.310753,
        "127": 3.870546,
        "128": 1.339236,
        "129": 3.047866,
        "130": 3.333542,
        "131": 5.805056,
        "132": 1.743011,
        "133": 4.437038,
        "134": 5.43244,
        "135": 4.809727,
        "136": 4.033448,
        "137": 4.391211,
        "138": 3.492638,
        "139": 2.372842,
        "140": 7.44948,
        "141": 4.241389,
        "142": 3.290001,
        "143": 3.244505,
        "144": 2.224473,
        "145": 4.44963,
        "146": 5.886811,
        "147": 4.089196,
        "148": 4.079501,
        "149": 2.17379,
        "150": 3.525939,
        "151": 1.539245,
        "152": 5.373613,
        "153": 3.810832,
        "154": 6.295094,
        "155": 6.353476,
        "156": 4.769875,
        "157": 5.148697,
        "158": 0.941382,
        "159": 4.46155,
        "160": 3.979323,
        "161": 6.739863
      }
    },
    "medium": {
      "utilization_fraction": 0.5,
      "edge_latencies_ms": {
        "0": 4.84481,
        "1": 3.698043,
        "2": 2.908929,
        "3": 3.601394,
        "4": 3.008912,
        "5": 4.980859,
        "6": 3.449114,
        "7": 4.599667,
        "8": 3.243504,
        "9": 1.451793,
        "10": 1.651402,
        "11": 4.923703,
        "12": 3.847036,
        "13": 2.566342,
        "14": 2.613888,
        "15": 2.947393,
        "16": 1.94655,
        "17": 1.753694,
        "18": 5.10449,
        "19": 6.519983,
        "20": 2.73094,
        "21": 4.218215,
        "22": 1.784145,
        "23": 4.488537,
        "24": 6.432951,
        "25": 6.868697,
        "26": 0.801223,
        "27": 2.472767,
        "28": 4.055904,
        "29": 3.496646,
        "30": 2.932159,
        "31": 3.035097,
        "32": 3.057471,
        "33": 3.833191,
        "34": 3.658126,
        "35": 2.839076,
        "36": 3.941592,
        "37": 2.54741,
        "38": 2.053566,
        "39": 2.182042,
        "40": 3.295192,
        "41": 4.269742,
        "42": 4.060288,
        "43": 7.750844,
        "44": 2.667087,
        "45": 2.409869,
        "46": 8.619022,
        "47": 3.987738,
        "48": 3.202003,
        "49": 0.750293,
        "50": 2.606991,
        "51": 3.117938,
        "52": 2.949069,
        "53": 5.527928,
        "54": 7.504269,
        "55": 2.50454,
        "56": 6.263866,
        "57": 4.259427,
        "58": 1.459268,
        "59": 4.23479,
        "60": 2.852262,
        "61": 2.847673,
        "62": 4.085065,
        "63": 4.580502,
        "64": 3.295049,
        "65": 7.085703,
        "66": 2.587527,
        "67": 4.062609,
        "68": 2.050001,
        "69": 3.357478,
        "70": 10.18712,
        "71": 5.670737,
        "72": 4.230534,
        "73": 1.138981,
        "74": 1.945863,
        "75": 1.224728,
        "76": 4.510741,
        "77": 5.096281,
        "78": 3.558567,
        "79": 3.652362,
        "80": 4.707063,
        "81": 4.157742,
        "82": 3.215133,
        "83": 4.819426,
        "84": 3.372664,
        "85": 3.712136,
        "86": 6.154962,
        "87": 4.827468,
        "88": 3.78877,
        "89": 3.046146,
        "90": 1.9433,
        "91": 4.620379,
        "92": 2.079816,
        "93": 4.831416,
        "94": 4.40798,
        "95": 2.641292,
        "96": 3.202988,
        "97": 4.275735,
        "98": 3.621104,
        "99": 3.819422,
        "100": 5.001774,
        "101": 4.822384,
        "102": 4.75773,
        "103": 5.169501,
        "104": 1.675077,
        "105": 4.968907,
        "106": 1.311514,
        "107": 2.611478,
        "108": 5.494551,
        "109": 4.537898,
        "110": 5.143197,
        "111": 2.76183,
        "112": 4.688669,
        "113": 2.150959,
        "114": 4.191227,
        "115": 2.84708,
        "116": 7.830584,
        "117": 4.07682,
        "118": 7.433705,
        "119": 7.607198,
        "120": 7.2925,
        "121": 2.420424,
        "122": 5.353334,
        "123": 6.269997,
        "124": 3.825115,
        "125": 4.161364,
        "126": 5.311646,
        "127": 3.872155,
        "128": 1.340759,
        "129": 3.049228,
        "130": 3.335842,
        "131": 5.805933,
        "132": 1.745581,
        "133": 4.43857,
        "134": 5.433241,
        "135": 4.810768,
        "136": 4.034508,
        "137": 4.392235,
        "138": 3.49343,
        "139": 2.37455,
        "140": 7.452628,
        "141": 4.242313,
        "142": 3.290875,
        "143": 3.247228,
        "144": 2.225978,
        "145": 4.45289,
        "146": 5.888229,
        "147": 4.091892,
        "148": 4.080336,
        "149": 2.174807,
        "150": 3.52693,
        "151": 1.540041,
        "152": 5.374877,
        "153": 3.811689,
        "154": 6.295959,
        "155": 6.354315,
        "156": 4.770659,
        "157": 5.149488,
        "158": 0.943167,