{
  "topology_id": 56,
  "load_conditions": {
    "low": {
      "utilization_fraction": 0.2,
      "edge_latencies_ms": {
        "0": 5.743808,
        "1": 5.019677,
        "2": 4.631756,
        "3": 3.580871,
        "4": 5.065603,
        "5": 2.827288,
        "6": 1.645231,
        "7": 3.452135,
        "8": 13.371242,
        "9": 4.548278,
        "10": 2.679026,
        "11": 1.144536,
        "12": 1.810644,
        "13": 3.934009,
        "14": 14.088844,
        "15": 2.953555,
        "16": 6.138576,
        "17": 3.6703,
        "18": 3.421206,
        "19": 4.682907,
        "20": 5.033317,
        "21": 6.713433,
        "22": 4.572955,
        "23": 4.598566,
        "24": 5.029454,
        "25": 6.205667,
        "26": 1.341428,
        "27": 3.924678,
        "28": 1.579876,
        "29": 2.770444,
        "30": 3.247795,
        "31": 2.598967,
        "32": 2.582012,
        "33": 3.743516,
        "34": 2.00454,
        "35": 2.137943,
        "36": 2.5881,
        "37": 5.774267,
        "38": 4.067362,
        "39": 5.444037,
        "40": 2.878468,
        "41": 3.650854,
        "42": 3.195794,
        "43": 1.315135,
        "44": 3.437819,
        "45": 2.713863,
        "46": 3.680021,
        "47": 9.599868,
        "48": 2.376484,
        "49": 6.528437,
        "50": 4.806124,
        "51": 2.154757,
        "52": 3.797369,
        "53": 5.870322,
        "54": 5.313932,
        "55": 5.542688,
        "56": 5.748628,
        "57": 4.042204,
        "58": 7.646875,
        "59": 6.195241,
        "60": 2.289761,
        "61": 6.297505,
        "62": 5.755885,
        "63": 6.227017,
        "64": 4.036582,
        "65": 3.255451,
        "66": 8.348933,
        "67": 4.315461,
        "68": 5.343432,
        "69": 6.862699,
        "70": 4.821914,
        "71": 4.923477,
        "72": 17.144648,
        "73": 2.745836,
        "74": 14.611875,
        "75": 2.267022,
        "76": 1.276543,
        "77": 2.638276,
        "78": 4.596819,
        "79": 1.502914,
        "80": 3.476204,
        "81": 2.728324,
        "82": 14.047032,
        "83": 4.702348,
        "84": 6.086592,
        "85": 5.389814,
        "86": 2.99073,
        "87": 3.698529,
        "88": 2.998254,
        "89": 2.989703,
        "90": 2.46659,
        "91": 4.135839,
        "92": 1.286803,
        "93": 5.431122,
        "94": 3.590756,
        "95": 4.889305,
        "96": 3.958134,
        "97": 4.53859,
        "98": 1.168503,
        "99": 1.951438,
        "100": 3.06539,
        "101": 2.62675,
        "102": 2.84086,
        "103": 3.887013,
        "104": 2.101179,
        "105": 3.291736,
        "106": 1.961912,
        "107": 3.681552,
        "108": 2.028433,
        "109": 4.544948,
        "110": 4.539421,
        "111": 19.614628,
        "112": 3.788924,
        "113": 3.187192,
        "114": 4.094715,
        "115": 4.452199,
        "116": 7.226075,
        "117": 6.092688,
        "118": 5.085222,
        "119": 4.46948,
        "120": 1.471871,
        "121": 4.070399,
        "122": 6.065469,
        "123": 6.704778,
        "124": 2.904619,
        "125": 2.525101,
        "126": 1.187347,
        "127": 3.892286,
        "128": 3.718091,
        "129": 4.125109,
        "130": 6.482722,
        "131": 2.976888,
        "132": 2.801056,
        "133": 4.079856,
        "134": 3.357679,
        "135": 4.74763,
        "136": 4.344295,
        "137": 3.930259,
        "138": 2.968093,
        "139": 2.610859,
        "140": 3.829316
      }
    },
    "medium": {
      "utilization_fraction": 0.5,
      "edge_latencies_ms": {
        "0": 5.744597,
        "1": 5.0239,
        "2": 4.632553,
        "3": 3.582067,
        "4": 5.06644,
        "5": 2.831349,
        "6": 1.646558,
        "7": 3.457493,
        "8": 13.382479,
        "9": 4.550098,
        "10": 2.68006,
        "11": 1.146172,
        "12": 1.81242,
        "13": 3.935081,
        "14": 14.111876,
        "15": 2.956105,
        "16": 6.139359,
        "17": 3.67686,
        "18": 3.423646,
        "19": 4.68377,
        "20": 5.03419,
        "21": 6.717325,
        "22": 4.574121,
        "23": 4.600527,
        "24": 5.031094,
        "25": 6.207789,
        "26": 1.343235,
        "27": 3.926418,
        "28": 1.581494,
        "29": 2.784723,
        "30": 3.25214,
        "31": 2.599919,
        "32": 2.583177,
        "33": 3.744495,
        "34": 2.006793,
        "35": 2.139663,
        "36": 2.596854,
        "37": 5.809092,
        "38": 4.068992,
        "39": 5.445995,
        "40": 2.881669,
        "41": 3.651714,
        "42": 3.20289,
        "43": 1.318228,
        "44": 3.43871,
        "45": 2.714662,
        "46": 3.681493,
        "47": 9.607996,
        "48": 2.377671,
        "49": 6.529541,
        "50": 4.807913,
        "51": 2.155654,
        "52": 3.798199,
        "53": 5.873086,
        "54": 5.31514,
        "55": 5.543495,
        "56": 5.750118,
        "57": 4.042997,
        "58": 7.662525,
        "59": 6.200188,
        "60": 2.292007,
        "61": 6.298893,
        "62": 5.759565,
        "63": 6.227945,
        "64": 4.038021,
        "65": 3.257376,
        "66": 8.350926,
        "67": 4.316323,
        "68": 5.344217,
        "69": 6.864637,
        "70": 4.822852,
        "71": 4.926589,
        "72": 17.183282,
        "73": 2.746833,
        "74": 14.631264,
        "75": 2.269242,
        "76": 1.278826,
        "77": 2.639132,
        "78": 4.599564,
        "79": 1.505617,
        "80": 3.478853,
        "81": 2.729467,
        "82": 14.055242,
        "83": 4.704615,
        "84": 6.088425,
        "85": 5.392732,
        "86": 2.99149,
        "87": 3.700113,
        "88": 3.003158,
        "89": 2.990587,
        "90": 2.46737,
        "91": 4.137506,
        "92": 1.290939,
        "93": 5.432137,
        "94": 3.591527,
        "95": 4.892062,
        "96": 3.961544,
        "97": 4.539921,
        "98": 1.169626,
        "99": 1.952672,
        "100": 3.066326,
        "101": 2.627716,
        "102": 2.844513,
        "103": 3.88807,
        "104": 2.103201,
        "105": 3.293389,
        "106": 1.963414,
        "107": 3.68346,
        "108": 2.029999,
        "109": 4.546184,
        "110": 4.544006,
        "111": 19.635463,
        "112": 3.789756,
        "113": 3.191615,
        "114": 4.097282,
        "115": 4.453253,
        "116": 7.227469,
        "117": 6.094532,
        "118": 5.086618,
        "119": 4.470767,
        "120": 1.475227,
        "121": 4.072083,
        "122": 6.069117,
        "123": 6.705681,
        "124": 2.906922,
        "125": 2.529182,
        "126": 1.188134,
        "127": 3.895586,
        "128": 3.719097,
        "129": 4.126091,
        "130": 6.488888,
        "131": 2.977991,
        "132": 2.802938,
        "133": 4.080868,
        "134": 3.359087,
        "135": 4.748642,
        "136": 4.345063,
        "137": 3.932262,
        "138": 2.970092,
        "139": 2.612053,
        "140": 3.830707
      }
    },
    "high": {
      "utilization_fraction": 0.8,
      "edge_latencies_ms": {
        "0": 5.747753,
        "1": 5.040792,
        "2": 4.635742,
        "3": 3.586851,
        "4": 5.069788,
        "5": 2.847589,
        "6": 1.651866,
        "7": 3.478927,
        "8": 13.427428,
        "9": 4.557378,
        "10": 2.684196,
        "11": 1.152713,
        "12": 1.819523,
        "13": 3.939367,
        "14": 14.204006,
        "15": 2.966304,
        "16": 6.142491,
        "17": 3.703101,
        "18": 3.433407,
        "19": 4.68722,
        "20": 5.03768,
        "21": 6.732894,
        "22": 4.578787,
        "23": 4.608374,
        "24": 5.037653,
        "25": 6.21628,
        "26": 1.350463,
        "27": 3.933378,
        "28": 1.587962,
        "29": 2.84184,
        "30": 3.269521,
        "31": 2.603725,
        "32": 2.587837,
        "33": 3.748408,
        "34": 2.015807,
        "35": 2.146543,
        "36": 2.63187,