{
  "topology_id": 482,
  "load_conditions": {
    "low": {
      "utilization_fraction": 0.2,
      "edge_latencies_ms": {
        "0": 5.153188,
        "1": 2.675926,
        "2": 4.94897,
        "3": 3.061782,
        "4": 1.805788,
        "5": 3.26192,
        "6": 5.127167,
        "7": 4.604694,
        "8": 1.815538,
        "9": 5.553621,
        "10": 4.657214,
        "11": 6.351334,
        "12": 3.708918,
        "13": 4.042806,
        "14": 1.803162,
        "15": 4.488809,
        "16": 1.504791,
        "17": 5.450097,
        "18": 6.053976,
        "19": 4.891108,
        "20": 4.626442,
        "21": 3.453829,
        "22": 6.174463,
        "23": 6.439961,
        "24": 2.396846,
        "25": 5.973616,
        "26": 3.561147,
        "27": 4.65587,
        "28": 4.074424,
        "29": 3.11234,
        "30": 4.931887,
        "31": 5.982411,
        "32": 4.65942,
        "33": 4.573198,
        "34": 3.096403,
        "35": 2.732795,
        "36": 4.314948,
        "37": 5.354911,
        "38": 2.911152,
        "39": 4.229428,
        "40": 4.059595,
        "41": 4.940408,
        "42": 6.105284,
        "43": 2.412777,
        "44": 5.092519,
        "45": 2.904303,
        "46": 2.357347,
        "47": 5.834296,
        "48": 11.123934,
        "49": 5.058589,
        "50": 3.333177,
        "51": 5.668042,
        "52": 3.837163,
        "53": 2.371294,
        "54": 3.619217,
        "55": 4.056157,
        "56": 3.71501,
        "57": 5.616329,
        "58": 5.829193,
        "59": 3.498672,
        "60": 4.033177,
        "61": 4.456897,
        "62": 2.99245,
        "63": 1.936883,
        "64": 3.686851,
        "65": 3.668982,
        "66": 1.742529,
        "67": 4.997513,
        "68": 1.676422,
        "69": 0.618659,
        "70": 2.907139,
        "71": 2.634921,
        "72": 2.152092,
        "73": 2.180503,
        "74": 2.586002,
        "75": 2.934499,
        "76": 4.384207,
        "77": 2.44441,
        "78": 6.034853,
        "79": 4.463149,
        "80": 2.402987,
        "81": 7.638387,
        "82": 6.394298,
        "83": 3.064283,
        "84": 2.419837,
        "85": 2.60573,
        "86": 3.184781,
        "87": 4.564623,
        "88": 2.896738,
        "89": 10.45008,
        "90": 4.028995,
        "91": 6.323019,
        "92": 5.043502,
        "93": 2.909663,
        "94": 4.525606,
        "95": 4.042328,
        "96": 1.993693,
        "97": 1.66123,
        "98": 1.65463,
        "99": 4.943856,
        "100": 4.270159,
        "101": 2.293699,
        "102": 10.861247,
        "103": 3.234174,
        "104": 2.53647,
        "105": 2.354549,
        "106": 4.635246,
        "107": 11.987114,
        "108": 2.037574,
        "109": 5.528098,
        "110": 2.70495,
        "111": 5.161436,
        "112": 2.335772,
        "113": 3.747808,
        "114": 2.768127,
        "115": 3.830543,
        "116": 4.020257,
        "117": 4.527439,
        "118": 3.327177,
        "119": 1.275129,
        "120": 1.773257,
        "121": 5.68269,
        "122": 4.335726,
        "123": 3.908142,
        "124": 6.278621,
        "125": 2.259886,
        "126": 6.078727,
        "127": 4.502674,
        "128": 4.834264,
        "129": 3.514171,
        "130": 2.703756,
        "131": 2.042253,
        "132": 3.104042,
        "133": 3.229632,
        "134": 3.738218,
        "135": 4.873202,
        "136": 4.58404,
        "137": 6.658091,
        "138": 2.185687,
        "139": 6.380014,
        "140": 5.415946,
        "141": 4.863002,
        "142": 3.302329,
        "143": 4.576697,
        "144": 5.015567,
        "145": 3.722204,
        "146": 5.505682,
        "147": 2.409527,
        "148": 2.216837,
        "149": 5.309796,
        "150": 5.404674,
        "151": 7.399684,
        "152": 2.945113,
        "153": 5.263302,
        "154": 4.090114,
        "155": 3.281166,
        "156": 4.64049,
        "157": 5.831614,
        "158": 3.524542,
        "159": 4.075793,
        "160": 2.375876,
        "161": 2.001143,
        "162": 2.51138,
        "163": 2.39057,
        "164": 1.35846,
        "165": 5.743721,
        "166": 3.510556,
        "167": 5.506887,
        "168": 3.045711,
        "169": 6.891238,
        "170": 4.8063,
        "171": 3.136582,
        "172": 3.189466,
        "173": 5.55859,
        "174": 2.690903,
        "175": 4.755856,
        "176": 2.761368,
        "177": 4.694868,
        "178": 3.948313,
        "179": 4.22698,
        "180": 3.008545,
        "181": 5.231677,
        "182": 2.685964,
        "183": 3.493085,
        "184": 2.286596,
        "185": 2.273531,
        "186": 2.859272,
        "187": 1.787723,
        "188": 3.415852,
        "189": 4.082639,
        "190": 2.797992,
        "191": 4.056739,
        "192": 3.747583,
        "193": 3.649294
      }
    },
    "medium": {
      "utilization_fraction": 0.5,
      "edge_latencies_ms": {
        "0": 5.153948,
        "1": 2.677378,
        "2": 4.950552,
        "3": 3.062612,
        "4": 1.807934,
        "5": 3.26646,
        "6": 5.128155,
        "7": 4.605575,
        "8": 1.822947,
        "9": 5.554733,
        "10": 4.65977,
        "11": 6.354519,
        "12": 3.711401,
        "13": 4.043795,
        "14": 1.804278,
        "15": 4.490161,
        "16": 1.507059,
        "17": 5.45123,
        "18": 6.05531,
        "19": 4.896328,
        "20": 4.627835,
        "21": 3.455046,
        "22": 6.175282,
        "23": 6.441287,
        "24": 2.398031,
        "25": 5.974489,
        "26": 3.563715,
        "27": 4.657743,
        "28": 4.076716,
        "29": 3.113387,
        "30": 4.934543,
        "31": 5.985177,
        "32": 4.663546,
        "33": 4.575198,
        "34": 3.097382,
        "35": 2.736731,
        "36": 4.316841,
        "37": 5.356956,
        "38": 2.916679,
        "39": 4.230634,
        "40": 4.060711,
        "41": 4.942198,
        "42": 6.106387,
        "43": 2.414255,
        "44": 5.093278,
        "45": 2.905466,
        "46": 2.35862,
        "47": 5.835238,
        "48": 11.132964,
        "49": 5.06053,
        "50": 3.334553,
        "51": 5.669625,
        "52": 3.838316,
        "53": 2.378384,
        "54": 3.620235,
        "55": 4.058669,
        "56": 3.715884,
        "57": 5.618335,
        "58": 5.830933,
        "59": 3.500258,
        "60": 4.034626,
        "61": 4.45946,
        "62": 2.993389,
        "63": 1.940013,
        "64": 3.687733,
        "65": 3.673626,
        "66": 1.74352,
        "67": 4.998419,
        "68": 1.67798,
        "69": 0.61994,
        "70": 2.910737,
        "71": 2.635717,
        "72": 2.153158,
        "73": 2.181352,
        "74": 2.589522,
        "75": 2.936205,
        "76": 4.384958,
        "77": 2.446321,
        "78": 6.035762,
        "79": 4.464891,
        "80": 2.404467,
        "81": 7.644239,
        "82": 6.401385,
        "83": 3.065745,
        "84": 2.42072,
        "85": 2.607681,
        "86": 3.186021,
        "87": 4.565887,
        "88": 2.903148,
        "89": 10.460264,
        "90": 4.030524,
        "91": 6.324439,
        "92": 5.047142,
        "93": 2.91113,
        "94": 4.532865,
        "95": 4.044159,
        "96": 1.994486,
        "97": 1.662104,
        "98": 1.656655,
        "99": 4.946814,
        "100": 4.271248,
        "101": 2.298382,
        "102": 10.872943,
        "103": 3.234951,
        "104": 2.539564,
        "105": 2.356585,
        "106": 4.636779,
        "107": 12.018316,
        "108": 2.038543,
        "109": 5.529605,
        "110": 2.707942,
        "111": 5.16309,
        "112": 2.341855,
        "113": 3.748755,
        "114": 2.769472,
        "115": 3.833082,
        "116": 4.02107,
        "117": 4.528369,
        "118": 3.328238,
        "119": 1.276732,
        "120": 1.775588,
        "121": 5.684125,
        "122": 4.341597,
        "123": 3.909175,
        "124": 6.28266,
        "125": 2.261493,
        "126": 6.080092,