{
  "topology_id": 30,
  "load_conditions": {
    "low": {
      "utilization_fraction": 0.2,
      "edge_latencies_ms": {
        "0": 10.333857,
        "1": 2.39308,
        "2": 12.294177,
        "3": 3.358649,
        "4": 1.215501,
        "5": 2.554529,
        "6": 5.229091,
        "7": 1.067478,
        "8": 3.387608,
        "9": 4.817233,
        "10": 2.538098,
        "11": 11.628985,
        "12": 3.57098,
        "13": 2.85632,
        "14": 9.776388,
        "15": 1.649524,
        "16": 4.309706,
        "17": 4.89994,
        "18": 5.282695,
        "19": 6.622582,
        "20": 4.751211
      }
    },
    "medium": {
      "utilization_fraction": 0.5,
      "edge_latencies_ms": {
        "0": 10.343198,
        "1": 2.40524,
        "2": 12.308181,
        "3": 3.359448,
        "4": 1.217734,
        "5": 2.555821,
        "6": 5.23108,
        "7": 1.070394,
        "8": 3.390946,
        "9": 4.818536,
        "10": 2.539802,
        "11": 11.637278,
        "12": 3.571917,
        "13": 2.858385,
        "14": 9.796062,
        "15": 1.650456,
        "16": 4.31133,
        "17": 4.900918,
        "18": 5.283854,
        "19": 6.623593,
        "20": 4.752882
      }
    },
    "high": {
      "utilization_fraction": 0.8,
      "edge_latencies_ms": {
        "0": 10.380563,
        "1": 2.453883,
        "2": 12.364199,
        "3": 3.362642,
        "4": 1.226665,
        "5": 2.56099,
        "6": 5.239037,
        "7": 1.082059,
        "8": 3.404295,
        "9": 4.823747,
        "10": 2.546618,
        "11": 11.670447,
        "12": 3.575666,
        "13": 2.866648,
        "14": 9.874758,
        "15": 1.654184,
        "16": 4.317828,
        "17": 4.904828,
        "18": 5.288494,
        "19": 6.627638,
        "20": 4.759563
      }
    },
    "flash": {
      "utilization_fraction": 0.95,
      "edge_latencies_ms": {
        "0": 10.567388,
        "1": 2.697095,
        "2": 12.644289,
        "3": 3.378615,
        "4": 1.271322,
        "5": 2.586835,
        "6": 5.278818,
        "7": 1.140381,
        "8": 3.471043,
        "9": 4.849807,
        "10": 2.580699,
        "11": 11.836295,
        "12": 3.594411,
        "13": 2.90796,
        "14": 10.268238,
        "15": 1.672825,
        "16": 4.350314,
        "17": 4.924376,
        "18": 5.31169,
        "19": 6.647861,
        "20": 4.792971
      }
    }
  }
}