{
  "topology_id": 211,
  "load_conditions": {
    "low": {
      "utilization_fraction": 0.2,
      "edge_latencies_ms": {
        "0": 7.726617,
        "1": 5.042399,
        "2": 3.478429,
        "3": 7.08321,
        "4": 3.609464,
        "5": 4.668861,
        "6": 2.86119,
        "7": 3.347809,
        "8": 5.063888,
        "9": 7.108999,
        "10": 3.456596,
        "11": 5.625482,
        "12": 4.145789,
        "13": 2.363384,
        "14": 1.260196,
        "15": 5.777201,
        "16": 4.604804,
        "17": 4.208639,
        "18": 2.366211,
        "19": 4.492366,
        "20": 4.339516,
        "21": 3.881606,
        "22": 3.108411,
        "23": 2.704263,
        "24": 5.951092,
        "25": 3.265052,
        "26": 4.14582,
        "27": 6.125773,
        "28": 2.815111,
        "29": 1.816734,
        "30": 6.325109,
        "31": 3.028807,
        "32": 13.689516,
        "33": 8.226533,
        "34": 6.098835,
        "35": 3.457192,
        "36": 3.384085,
        "37": 5.423589,
        "38": 3.970724,
        "39": 3.89682,
        "40": 1.926895,
        "41": 2.669145,
        "42": 3.397731,
        "43": 4.571742,
        "44": 2.273291,
        "45": 2.597777,
        "46": 4.803704,
        "47": 3.921827,
        "48": 5.908819,
        "49": 6.550824,
        "50": 8.3123,
        "51": 14.952199,
        "52": 6.005574,
        "53": 3.478829,
        "54": 3.840067,
        "55": 1.264288,
        "56": 4.957574,
        "57": 4.0327,
        "58": 2.447497,
        "59": 3.385568,
        "60": 7.762332,
        "61": 7.309796,
        "62": 7.052657,
        "63": 4.309859,
        "64": 6.987905,
        "65": 3.79537,
        "66": 5.536975,
        "67": 3.473709,
        "68": 4.979026,
        "69": 4.34817,
        "70": 2.635944,
        "71": 4.128212,
        "72": 5.672421,
        "73": 4.028894,
        "74": 4.280325,
        "75": 1.828487,
        "76": 1.429905,
        "77": 2.059799,
        "78": 3.086552,
        "79": 4.418527,
        "80": 5.279171,
        "81": 5.178731,
        "82": 4.78964,
        "83": 2.184783,
        "84": 2.576477,
        "85": 2.367006,
        "86": 0.642155,
        "87": 4.528705,
        "88": 4.497814,
        "89": 3.409747,
        "90": 4.298654,
        "91": 3.85408,
        "92": 4.264241,
        "93": 2.107005,
        "94": 2.171853,
        "95": 2.003093,
        "96": 8.793402,
        "97": 1.511325,
        "98": 3.38254,
        "99": 4.409306,
        "100": 4.474677,
        "101": 2.842331,
        "102": 2.874451,
        "103": 4.232336,
        "104": 4.399657,
        "105": 3.93191,
        "106": 0.770113,
        "107": 0.895691,
        "108": 4.213602,
        "109": 2.939997,
        "110": 1.211767,
        "111": 6.767872,
        "112": 6.534223,
        "113": 1.966805,
        "114": 1.358971,
        "115": 3.886554,
        "116": 3.82597,
        "117": 0.998731,
        "118": 5.115513,
        "119": 5.395205,
        "120": 2.848837,
        "121": 2.322216,
        "122": 4.675565,
        "123": 3.225646,
        "124": 0.931325,
        "125": 10.065274,
        "126": 4.510961,
        "127": 4.185845,
        "128": 8.67397,
        "129": 8.277248,
        "130": 5.326509,
        "131": 5.818134,
        "132": 5.955888,
        "133": 3.742922,
        "134": 4.346072,
        "135": 2.3804,
        "136": 7.380743,
        "137": 9.159854,
        "138": 2.579596,
        "139": 2.95886,
        "140": 3.278476,
        "141": 5.147798,
        "142": 2.811401,
        "143": 7.036706,
        "144": 3.327788,
        "145": 7.198399,
        "146": 3.81956,
        "147": 7.994871,
        "148": 5.791248,
        "149": 4.279147,
        "150": 3.858077,
        "151": 3.222459,
        "152": 4.272679,
        "153": 4.497748,
        "154": 5.535349,
        "155": 1.50206,
        "156": 3.421465,
        "157": 3.318827,
        "158": 5.392252,
        "159": 2.807448
      }
    },
    "medium": {
      "utilization_fraction": 0.5,
      "edge_latencies_ms": {
        "0": 7.72766,
        "1": 5.043289,
        "2": 3.479438,
        "3": 7.084067,
        "4": 3.610762,
        "5": 4.671213,
        "6": 2.862037,
        "7": 3.348653,
        "8": 5.064928,
        "9": 7.110903,
        "10": 3.46158,
        "11": 5.629274,
        "12": 4.150119,
        "13": 2.364287,
        "14": 1.261033,
        "15": 5.78112,
        "16": 4.605901,
        "17": 4.210711,
        "18": 2.36817,
        "19": 4.498693,
        "20": 4.340987,
        "21": 3.887887,
        "22": 3.10943,
        "23": 2.71015,
        "24": 5.951982,
        "25": 3.265987,
        "26": 4.148792,
        "27": 6.134356,
        "28": 2.816485,
        "29": 1.81816,
        "30": 6.366917,
        "31": 3.030121,
        "32": 13.6973,
        "33": 8.242766,
        "34": 6.0996,
        "35": 3.458039,
        "36": 3.385068,
        "37": 5.429344,
        "38": 3.974523,
        "39": 3.897603,
        "40": 1.932912,
        "41": 2.670157,
        "42": 3.39888,
        "43": 4.577367,
        "44": 2.274236,
        "45": 2.6017,
        "46": 4.805924,
        "47": 3.923533,
        "48": 5.910632,
        "49": 6.552969,
        "50": 8.315773,
        "51": 14.968004,
        "52": 6.008334,
        "53": 3.48052,
        "54": 3.840824,
        "55": 1.267024,
        "56": 4.95877,
        "57": 4.034355,
        "58": 2.448406,
        "59": 3.386669,
        "60": 7.763258,
        "61": 7.311225,
        "62": 7.053907,
        "63": 4.310963,
        "64": 6.992341,
        "65": 3.7967,
        "66": 5.538643,
        "67": 3.474723,
        "68": 4.983524,
        "69": 4.348933,
        "70": 2.642986,
        "71": 4.128977,
        "72": 5.673952,
        "73": 4.029645,
        "74": 4.281338,
        "75": 1.833622,
        "76": 1.431341,
        "77": 2.062556,
        "78": 3.093556,
        "79": 4.419944,
        "80": 5.28013,
        "81": 5.18173,
        "82": 4.790603,
        "83": 2.18561,
        "84": 2.577445,
        "85": 2.374431,
        "86": 0.643817,
        "87": 4.535692,
        "88": 4.499394,
        "89": 3.41439,
        "90": 4.299542,
        "91": 3.855013,
        "92": 4.266062,
        "93": 2.107783,
        "94": 2.173067,
        "95": 2.004974,
        "96": 8.816907,
        "97": 1.512842,
        "98": 3.383679,
        "99": 4.410213,
        "100": 4.476109,
        "101": 2.843523,
        "102": 2.881373,
        "103": 4.23803,
        "104": 4.401304,
        "105": 3.932964,
        "106": 0.777011,
        "107": 0.902933,
        "108": 4.214447,
        "109": 2.941922,
        "110": 1.214398,
        "111": 6.768658,
        "112": 6.535097,
        "113": 1.967591,
        "114": 1.359824,
        "115": 3.88764,
        "116": 3.82758,
        "117": 0.999747,
        "118": 5.122449,
        "119": 5.39596,
        "120": 2.850014,
        "121": 2.326026,
        "122": 4.679738,
        "123": 3.23026,
        "124": 0.932446,
        "125": 10.092591,
        "126": 4.51225,
        "127": 4.189806,
        "128": 8.675801,
        "129": 8.279647,
        "130": 5.327345,
        "131": 5.819725,
        "132": 5.957203,
        "133": 3.746579,
        "134": 4.347511,
        "135": 2.381456,
        "136": 7.382417,
        "137": 9.160684,
        "138": 2.58079,
        "139": 2.960043,
        "140": 3.282812,
        "141": 5.151886,
        "142": 2.812559,
        "143": 7.037507,
        "144": 3.329934,
        "145": 7.200496,
        "146": 3.823109,
        "147": 8.00085,
        "148": 5.792965,
        "149": 4.281226,
        "150": 3.860726,
        "151": 3.223397,
        "152": 4.273539,
        "153": 4.49913,
        "154": 5.537575,
        "155": 1.503091,
        "156": 3.423895,
        "157": 3.319687,
        "158": 5.393549,
        "159": 2.808367
      }
    },