{
  "topology_id": 275,
  "load_conditions": {
    "low": {
      "utilization_fraction": 0.2,
      "edge_latencies_ms": {
        "0": 1.804294,
        "1": 2.685215,
        "2": 12.396569,
        "3": 4.918517,
        "4": 4.307662,
        "5": 9.799731,
        "6": 1.425531,
        "7": 11.422803,
        "8": 4.052516,
        "9": 5.353849,
        "10": 6.357925,
        "11": 4.42254,
        "12": 3.110172,
        "13": 15.896057,
        "14": 11.196493,
        "15": 18.726148,
        "16": 2.659935,
        "17": 1.63949,
        "18": 5.390453,
        "19": 1.712872,
        "20": 5.285262,
        "21": 8.221209,
        "22": 4.727469,
        "23": 6.21604,
        "24": 8.382574,
        "25": 5.673517,
        "26": 7.094066,
        "27": 1.951719,
        "28": 2.809574,
        "29": 13.329415,
        "30": 16.392812,
        "31": 5.203637,
        "32": 5.658692,
        "33": 8.177383,
        "34": 2.215168,
        "35": 2.086027,
        "36": 4.92906,
        "37": 5.63847,
        "38": 4.119479,
        "39": 3.098356,
        "40": 4.155515,
        "41": 2.907917,
        "42": 6.317205,
        "43": 4.380016,
        "44": 4.085584,
        "45": 1.757779,
        "46": 3.419483,
        "47": 2.910714,
        "48": 4.436863,
        "49": 13.968919,
        "50": 3.065201,
        "51": 1.784998,
        "52": 7.68081,
        "53": 6.638679,
        "54": 3.970363,
        "55": 5.086072,
        "56": 2.468347,
        "57": 5.08262,
        "58": 2.919445,
        "59": 4.289993,
        "60": 3.395979,
        "61": 5.943481
      }
    },
    "medium": {
      "utilization_fraction": 0.5,
      "edge_latencies_ms": {
        "0": 1.805454,
        "1": 2.686056,
        "2": 12.42215,
        "3": 4.919404,
        "4": 4.310451,
        "5": 9.811856,
        "6": 1.428022,
        "7": 11.446051,
        "8": 4.059653,
        "9": 5.357602,
        "10": 6.358831,
        "11": 4.424127,
        "12": 3.11114,
        "13": 15.907976,
        "14": 11.215613,
        "15": 18.735955,
        "16": 2.660945,
        "17": 1.642216,
        "18": 5.391503,
        "19": 1.713841,
        "20": 5.286192,
        "21": 8.235884,
        "22": 4.728309,
        "23": 6.216864,
        "24": 8.383333,
        "25": 5.674618,
        "26": 7.0949,
        "27": 1.954199,
        "28": 2.810454,
        "29": 13.338565,
        "30": 16.429525,
        "31": 5.206318,
        "32": 5.659502,
        "33": 8.178288,
        "34": 2.217557,
        "35": 2.087422,
        "36": 4.930497,
        "37": 5.63924,
        "38": 4.120987,
        "39": 3.102546,
        "40": 4.159006,
        "41": 2.910144,
        "42": 6.318982,
        "43": 4.381148,
        "44": 4.0865,
        "45": 1.75995,
        "46": 3.425866,
        "47": 2.911905,
        "48": 4.437733,
        "49": 14.022925,
        "50": 3.066173,
        "51": 1.786332,
        "52": 7.681937,
        "53": 6.643332,
        "54": 3.971557,
        "55": 5.087402,
        "56": 2.471156,
        "57": 5.086454,
        "58": 2.926553,
        "59": 4.290786,
        "60": 3.397272,
        "61": 5.944269
      }
    },
    "high": {
      "utilization_fraction": 0.8,
      "edge_latencies_ms": {
        "0": 1.810097,
        "1": 2.68942,
        "2": 12.524475,
        "3": 4.922953,
        "4": 4.321608,
        "5": 9.860358,
        "6": 1.437988,
        "7": 11.53904,
        "8": 4.0882,
        "9": 5.372615,
        "10": 6.362456,
        "11": 4.430474,
        "12": 3.115014,
        "13": 15.955652,
        "14": 11.292092,
        "15": 18.775181,
        "16": 2.664982,
        "17": 1.653119,
        "18": 5.395701,
        "19": 1.717718,
        "20": 5.289909,
        "21": 8.294582,
        "22": 4.73167,
        "23": 6.22016,
        "24": 8.386372,
        "25": 5.67902,
        "26": 7.098239,
        "27": 1.964118,
        "28": 2.813973,
        "29": 13.375163,
        "30": 16.576377,
        "31": 5.21704,
        "32": 5.662738,
        "33": 8.18191,
        "34": 2.227113,
        "35": 2.093003,
        "36": 4.936246,
        "37": 5.642323,
        "38": 4.127023,
        "39": 3.119308,
        "40": 4.172969,
        "41": 2.919049,
        "42": 6.326092,
        "43": 4.385675,
        "44": 4.090164,
        "45": 1.768632,
        "46": 3.451401,
        "47": 2.916667,
        "48": 4.441212,
        "49": 14.238949,
        "50": 3.07006,
        "51": 1.791667,
        "52": 7.686444,
        "53": 6.661944,
        "54": 3.976333,
        "55": 5.092724,
        "56": 2.482396,
        "57": 5.101793,
        "58": 2.954986,
        "59": 4.293961,
        "60": 3.402446,
        "61": 5.947422
      }
    },
    "flash": {
      "utilization_fraction": 0.95,
      "edge_latencies_ms": {
        "0": 1.833308,
        "1": 2.706238,
        "2": 13.036099,
        "3": 4.940698,
        "4": 4.377389,
        "5": 10.102867,
        "6": 1.487818,
        "7": 12.003989,
        "8": 4.230934,
        "9": 5.44768,
        "10": 6.380581,
        "11": 4.462208,
        "12": 3.134384,
        "13": 16.19403,
        "14": 11.674486,
        "15": 18.971309,
        "16": 2.68517,
        "17": 1.707633,
        "18": 5.416691,
        "19": 1.7371,
        "20": 5.308498,
        "21": 8.588074,
        "22": 4.748473,
        "23": 6.236639,
        "24": 8.401563,
        "25": 5.701032,
        "26": 7.11493,
        "27": 2.013716,
        "28": 2.831567,
        "29": 13.558156,
        "30": 17.310638,
        "31": 5.270649,
        "32": 5.678922,
        "33": 8.20002,
        "34": 2.274893,
        "35": 2.120905,
        "36": 4.964991,
        "37": 5.657735,
        "38": 4.157199,
        "39": 3.203119,
        "40": 4.242786,
        "41": 2.963577,
        "42": 6.361641,
        "43": 4.408311,
        "44": 4.108485,
        "45": 1.812044,
        "46": 3.579072,
        "47": 2.940477,
        "48": 4.45861,
        "49": 15.319068,
        "50": 3.089497,
        "51": 1.818346,
        "52": 7.70898,
        "53": 6.755001,
        "54": 4.000214,
        "55": 5.119333,
        "56": 2.538591,
        "57": 5.178486,
        "58": 3.097154,
        "59": 4.309836,
        "60": 3.428316,
        "61": 5.963184
      }
    }
  }
}