{
  "topology_id": 320,
  "load_conditions": {
    "low": {
      "utilization_fraction": 0.2,
      "edge_latencies_ms": {
        "0": 2.48846,
        "1": 1.897859,
        "2": 9.155593,
        "3": 6.813496,
        "4": 4.56308,
        "5": 3.616017,
        "6": 5.721229,
        "7": 4.251434,
        "8": 8.474662,
        "9": 4.789929,
        "10": 11.434442,
        "11": 4.763128,
        "12": 4.406903,
        "13": 5.082707,
        "14": 6.949206,
        "15": 5.127821,
        "16": 10.442072,
        "17": 5.137248,
        "18": 4.221338,
        "19": 1.186859,
        "20": 2.187713,
        "21": 4.116312,
        "22": 4.373857,
        "23": 17.225353,
        "24": 2.107315,
        "25": 3.014105,
        "26": 3.606656,
        "27": 1.874013,
        "28": 12.326259,
        "29": 4.375615,
        "30": 8.581259,
        "31": 5.019723,
        "32": 0.730854,
        "33": 3.188227,
        "34": 4.256565,
        "35": 7.565343,
        "36": 3.867542,
        "37": 13.863866,
        "38": 6.909948,
        "39": 4.968204,
        "40": 1.948482,
        "41": 3.563622,
        "42": 4.353864,
        "43": 2.866656,
        "44": 1.826202,
        "45": 2.96738,
        "46": 4.449771,
        "47": 5.190069,
        "48": 3.835519,
        "49": 4.386734
      }
    },
    "medium": {
      "utilization_fraction": 0.5,
      "edge_latencies_ms": {
        "0": 2.490385,
        "1": 1.898629,
        "2": 9.167083,
        "3": 6.822651,
        "4": 4.566831,
        "5": 3.617454,
        "6": 5.723376,
        "7": 4.252375,
        "8": 8.484261,
        "9": 4.791425,
        "10": 11.442273,
        "11": 4.763958,
        "12": 4.407708,
        "13": 5.083556,
        "14": 6.952771,
        "15": 5.128624,
        "16": 10.463838,
        "17": 5.143195,
        "18": 4.223534,
        "19": 1.187712,
        "20": 2.188615,
        "21": 4.118192,
        "22": 4.374802,
        "23": 17.292575,
        "24": 2.11023,
        "25": 3.014915,
        "26": 3.608049,
        "27": 1.876852,
        "28": 12.339169,
        "29": 4.378361,
        "30": 8.597058,
        "31": 5.020649,
        "32": 0.731993,
        "33": 3.192281,
        "34": 4.257575,
        "35": 7.62055,
        "36": 3.868554,
        "37": 13.872193,
        "38": 6.910732,
        "39": 4.971339,
        "40": 1.955778,
        "41": 3.565981,
        "42": 4.354615,
        "43": 2.868141,
        "44": 1.826998,
        "45": 2.969244,
        "46": 4.450928,
        "47": 5.191811,
        "48": 3.838197,
        "49": 4.387645
      }
    },
    "high": {
      "utilization_fraction": 0.8,
      "edge_latencies_ms": {
        "0": 2.498086,
        "1": 1.901709,
        "2": 9.213042,
        "3": 6.859273,
        "4": 4.581835,
        "5": 3.623198,
        "6": 5.731963,
        "7": 4.256141,
        "8": 8.522655,
        "9": 4.797407,
        "10": 11.4736,
        "11": 4.767281,
        "12": 4.410928,
        "13": 5.086949,
        "14": 6.967032,
        "15": 5.131836,
        "16": 10.550905,
        "17": 5.16698,
        "18": 4.232319,
        "19": 1.191125,
        "20": 2.192225,
        "21": 4.125712,
        "22": 4.378581,
        "23": 17.561461,
        "24": 2.121894,
        "25": 3.018156,
        "26": 3.613621,
        "27": 1.888211,
        "28": 12.390809,
        "29": 4.389342,
        "30": 8.660251,
        "31": 5.024349,
        "32": 0.736548,
        "33": 3.208497,
        "34": 4.261612,
        "35": 7.841378,
        "36": 3.872604,
        "37": 13.905502,
        "38": 6.913869,
        "39": 4.983877,
        "40": 1.984961,
        "41": 3.575417,
        "42": 4.357618,
        "43": 2.874081,
        "44": 1.830183,
        "45": 2.976699,
        "46": 4.455557,
        "47": 5.19878,
        "48": 3.848907,
        "49": 4.391292
      }
    },
    "flash": {
      "utilization_fraction": 0.95,
      "edge_latencies_ms": {
        "0": 2.536592,
        "1": 1.917106,
        "2": 9.442836,
        "3": 7.042378,
        "4": 4.656857,
        "5": 3.651923,
        "6": 5.774899,
        "7": 4.274967,
        "8": 8.714627,
        "9": 4.827318,
        "10": 11.630232,
        "11": 4.783895,
        "12": 4.427026,
        "13": 5.103916,
        "14": 7.038336,
        "15": 5.147894,
        "16": 10.986241,
        "17": 5.285909,
        "18": 4.276244,
        "19": 1.208192,
        "20": 2.210274,
        "21": 4.163315,
        "22": 4.397475,
        "23": 18.905892,
        "24": 2.180212,
        "25": 3.034363,
        "26": 3.641482,
        "27": 1.945004,
        "28": 12.649008,
        "29": 4.444247,
        "30": 8.976218,
        "31": 5.042852,
        "32": 0.759325,
        "33": 3.289581,
        "34": 4.281798,
        "35": 8.945519,
        "36": 3.892851,
        "37": 14.072049,
        "38": 6.929555,
        "39": 5.046568,
        "40": 2.130877,
        "41": 3.622597,
        "42": 4.372633,
        "43": 2.90378,
        "44": 1.846106,
        "45": 3.013973,
        "46": 4.478704,
        "47": 5.233626,
        "48": 3.902458,
        "49": 4.409524
      }
    }
  }
}