{
  "topology_id": 220,
  "load_conditions": {
    "low": {
      "utilization_fraction": 0.2,
      "edge_latencies_ms": {
        "0": 5.055765,
        "1": 3.883865,
        "2": 4.115453,
        "3": 5.452675,
        "4": 2.595416,
        "5": 1.672513,
        "6": 4.161657,
        "7": 15.106957,
        "8": 2.969512,
        "9": 17.381328,
        "10": 17.990318,
        "11": 3.2102,
        "12": 3.442136,
        "13": 16.57437,
        "14": 4.453006,
        "15": 4.088743,
        "16": 3.218632,
        "17": 4.286506,
        "18": 4.861849,
        "19": 2.078281,
        "20": 3.676125,
        "21": 3.0164,
        "22": 7.64535,
        "23": 3.873622,
        "24": 5.004754,
        "25": 4.154356,
        "26": 3.414697,
        "27": 1.414167,
        "28": 1.425497,
        "29": 2.314836,
        "30": 3.414266,
        "31": 1.848119,
        "32": 4.174798,
        "33": 1.889481,
        "34": 2.973302,
        "35": 2.63553,
        "36": 3.514554,
        "37": 3.151922,
        "38": 1.213772,
        "39": 3.602936,
        "40": 12.263598,
        "41": 5.224104,
        "42": 1.731793,
        "43": 2.992052,
        "44": 10.359181,
        "45": 1.680324,
        "46": 0.492673,
        "47": 3.173082,
        "48": 5.802992,
        "49": 2.683878,
        "50": 3.325105,
        "51": 4.153433,
        "52": 6.379403,
        "53": 3.326545,
        "54": 3.480916,
        "55": 7.401041,
        "56": 4.460525,
        "57": 4.926495,
        "58": 4.284004,
        "59": 2.054579,
        "60": 3.803634,
        "61": 2.243112
      }
    },
    "medium": {
      "utilization_fraction": 0.5,
      "edge_latencies_ms": {
        "0": 5.056595,
        "1": 3.890129,
        "2": 4.122235,
        "3": 5.453931,
        "4": 2.597861,
        "5": 1.6735,
        "6": 4.168843,
        "7": 15.129238,
        "8": 2.976474,
        "9": 17.392047,
        "10": 18.012987,
        "11": 3.212313,
        "12": 3.444021,
        "13": 16.606146,
        "14": 4.45385,
        "15": 4.089996,
        "16": 3.219678,
        "17": 4.28757,
        "18": 4.862743,
        "19": 2.079595,
        "20": 3.678142,
        "21": 3.017153,
        "22": 7.646318,
        "23": 3.875436,
        "24": 5.006065,
        "25": 4.15864,
        "26": 3.415449,
        "27": 1.41531,
        "28": 1.427998,
        "29": 2.315683,
        "30": 3.415047,
        "31": 1.854813,
        "32": 4.177055,
        "33": 1.891837,
        "34": 2.97548,
        "35": 2.636372,
        "36": 3.518422,
        "37": 3.154177,
        "38": 1.214684,
        "39": 3.605339,
        "40": 12.271275,
        "41": 5.227381,
        "42": 1.733073,
        "43": 2.993256,
        "44": 10.369965,
        "45": 1.681324,
        "46": 0.494386,
        "47": 3.174078,
        "48": 5.804033,
        "49": 2.684673,
        "50": 3.327788,
        "51": 4.154842,
        "52": 6.38048,
        "53": 3.327457,
        "54": 3.481726,
        "55": 7.401976,
        "56": 4.461903,
        "57": 4.929239,
        "58": 4.285547,
        "59": 2.056942,
        "60": 3.80682,
        "61": 2.248481
      }
    },
    "high": {
      "utilization_fraction": 0.8,
      "edge_latencies_ms": {
        "0": 5.059917,
        "1": 3.915183,
        "2": 4.149363,
        "3": 5.458952,
        "4": 2.607644,
        "5": 1.67745,
        "6": 4.197588,
        "7": 15.218362,
        "8": 3.004324,
        "9": 17.434925,
        "10": 18.103664,
        "11": 3.220764,
        "12": 3.45156,
        "13": 16.733251,
        "14": 4.457223,
        "15": 4.095006,
        "16": 3.223865,
        "17": 4.291823,
        "18": 4.866317,
        "19": 2.084852,
        "20": 3.686213,
        "21": 3.020163,
        "22": 7.650192,
        "23": 3.882694,
        "24": 5.01131,
        "25": 4.175777,
        "26": 3.418461,
        "27": 1.419882,
        "28": 1.438001,
        "29": 2.319071,
        "30": 3.41817,
        "31": 1.88159,
        "32": 4.186081,
        "33": 1.901264,
        "34": 2.984192,
        "35": 2.639737,
        "36": 3.533893,
        "37": 3.163194,
        "38": 1.218332,
        "39": 3.614952,
        "40": 12.301987,
        "41": 5.240492,
        "42": 1.738195,
        "43": 2.99807,
        "44": 10.413101,
        "45": 1.685324,
        "46": 0.50124,
        "47": 3.178066,
        "48": 5.808196,
        "49": 2.687853,
        "50": 3.33852,
        "51": 4.160479,
        "52": 6.384788,
        "53": 3.331104,
        "54": 3.484968,
        "55": 7.405714,
        "56": 4.467413,
        "57": 4.940217,
        "58": 4.291721,
        "59": 2.066393,
        "60": 3.819565,
        "61": 2.269958
      }
    },
    "flash": {
      "utilization_fraction": 0.95,
      "edge_latencies_ms": {
        "0": 5.076529,
        "1": 4.040455,
        "2": 4.285,
        "3": 5.484059,
        "4": 2.656558,
        "5": 1.697201,
        "6": 4.341312,
        "7": 15.663982,
        "8": 3.143574,
        "9": 17.649315,
        "10": 18.557049,
        "11": 3.263022,
        "12": 3.489253,
        "13": 17.368773,
        "14": 4.474088,
        "15": 4.120056,
        "16": 3.244801,
        "17": 4.313092,
        "18": 4.884188,
        "19": 2.111137,
        "20": 3.726564,
        "21": 3.035214,
        "22": 7.669561,
        "23": 3.918986,
        "24": 5.037533,
        "25": 4.261462,
        "26": 3.433518,
        "27": 1.44274,
        "28": 1.488019,
        "29": 2.336011,
        "30": 3.433789,
        "31": 2.015474,
        "32": 4.231214,
        "33": 1.948396,
        "34": 3.02775,
        "35": 2.656567,
        "36": 3.61125,
        "37": 3.208283,
        "38": 1.236574,
        "39": 3.663019,
        "40": 12.455544,
        "41": 5.306046,
        "42": 1.763804,
        "43": 3.022141,
        "44": 10.628781,
        "45": 1.705323,
        "46": 0.535507,
        "47": 3.198002,
        "48": 5.829011,
        "49": 2.703755,
        "50": 3.392179,
        "51": 4.18866,
        "52": 6.406328,
        "53": 3.349341,
        "54": 3.501179,
        "55": 7.424405,
        "56": 4.494965,
        "57": 4.995106,
        "58": 4.322587,
        "59": 2.113647,
        "60": 3.883291,
        "61": 2.377343
      }
    }
  }
}