{
  "topology_id": 429,
  "load_conditions": {
    "low": {
      "utilization_fraction": 0.2,
      "edge_latencies_ms": {
        "0": 4.284464,
        "1": 4.270908,
        "2": 2.998071,
        "3": 2.925166,
        "4": 6.430132,
        "5": 4.396296,
        "6": 4.942911,
        "7": 5.214174,
        "8": 5.208297,
        "9": 5.28062,
        "10": 2.636457,
        "11": 4.783977,
        "12": 4.722699,
        "13": 1.574486,
        "14": 1.882147,
        "15": 0.991037,
        "16": 6.866165,
        "17": 4.144998,
        "18": 1.639486,
        "19": 4.511549,
        "20": 4.272965,
        "21": 3.001459,
        "22": 2.957396,
        "23": 5.084557,
        "24": 1.634629,
        "25": 4.084118,
        "26": 2.454849,
        "27": 2.926333,
        "28": 3.043637,
        "29": 5.361569,
        "30": 2.125478,
        "31": 4.755241,
        "32": 3.925537,
        "33": 2.34729,
        "34": 5.093156,
        "35": 4.089528,
        "36": 2.598144,
        "37": 0.91955,
        "38": 3.906763,
        "39": 4.220882,
        "40": 0.456395,
        "41": 4.300511,
        "42": 6.145597,
        "43": 4.36789,
        "44": 2.521348,
        "45": 4.235856,
        "46": 2.612478,
        "47": 4.939621,
        "48": 2.325513,
        "49": 2.788133,
        "50": 10.63419,
        "51": 1.389373,
        "52": 4.163134,
        "53": 2.760126,
        "54": 5.357556,
        "55": 3.349895,
        "56": 4.333032,
        "57": 3.852497,
        "58": 3.896333,
        "59": 3.110813,
        "60": 7.177942,
        "61": 6.115662,
        "62": 6.825777,
        "63": 5.043234,
        "64": 3.350235,
        "65": 3.33801,
        "66": 4.23246,
        "67": 4.215696,
        "68": 2.175139,
        "69": 4.399719,
        "70": 3.859363,
        "71": 6.650702,
        "72": 2.422783,
        "73": 2.427451,
        "74": 3.809888,
        "75": 3.223985,
        "76": 1.810986,
        "77": 3.4322,
        "78": 1.826239,
        "79": 4.192609,
        "80": 4.890708,
        "81": 1.551578,
        "82": 7.719053,
        "83": 7.110323,
        "84": 5.623075,
        "85": 4.068436,
        "86": 3.819857,
        "87": 1.899586,
        "88": 4.092075,
        "89": 3.072326,
        "90": 2.71719,
        "91": 3.462659,
        "92": 1.346072,
        "93": 1.851396,
        "94": 2.36731,
        "95": 4.397141,
        "96": 5.445098,
        "97": 5.806279,
        "98": 1.950522,
        "99": 3.162635,
        "100": 6.550915,
        "101": 3.085978,
        "102": 5.529139,
        "103": 3.48111,
        "104": 5.069743,
        "105": 2.887968,
        "106": 4.899635,
        "107": 7.745856,
        "108": 5.325134,
        "109": 5.34536,
        "110": 3.467331,
        "111": 2.690879,
        "112": 5.121678,
        "113": 4.483916,
        "114": 3.894553,
        "115": 2.591622,
        "116": 4.493508,
        "117": 3.457365,
        "118": 2.217495,
        "119": 3.66509,
        "120": 2.588428,
        "121": 13.175175,
        "122": 3.511842,
        "123": 6.733156,
        "124": 7.420271,
        "125": 3.059228,
        "126": 10.844347,
        "127": 3.951608,
        "128": 7.163291,
        "129": 15.424933,
        "130": 4.434815,
        "131": 3.271899,
        "132": 5.741637,
        "133": 5.216003,
        "134": 2.973138,
        "135": 5.572039,
        "136": 4.725299,
        "137": 1.843595,
        "138": 5.366793,
        "139": 5.100414,
        "140": 4.156801,
        "141": 4.182878,
        "142": 0.316867,
        "143": 5.902045,
        "144": 6.758039,
        "145": 5.640207,
        "146": 5.591262,
        "147": 3.137236,
        "148": 4.181186,
        "149": 2.829304,
        "150": 4.360912,
        "151": 2.592449,
        "152": 5.397858,
        "153": 1.895709,
        "154": 3.448298,
        "155": 5.389025
      }
    },
    "medium": {
      "utilization_fraction": 0.5,
      "edge_latencies_ms": {
        "0": 4.285277,
        "1": 4.272421,
        "2": 2.999654,
        "3": 2.92609,
        "4": 6.461053,
        "5": 4.39707,
        "6": 4.94382,
        "7": 5.215198,
        "8": 5.21726,
        "9": 5.293334,
        "10": 2.638089,
        "11": 4.785448,
        "12": 4.724528,
        "13": 1.575976,
        "14": 1.883426,
        "15": 0.994757,
        "16": 6.86812,
        "17": 4.147028,
        "18": 1.640375,
        "19": 4.516312,
        "20": 4.274052,
        "21": 3.002372,
        "22": 2.958572,
        "23": 5.085459,
        "24": 1.636536,
        "25": 4.084886,
        "26": 2.455697,
        "27": 2.927539,
        "28": 3.047608,
        "29": 5.366071,
        "30": 2.1266,
        "31": 4.756885,
        "32": 3.926766,
        "33": 2.351748,
        "34": 5.094056,
        "35": 4.090314,
        "36": 2.600424,
        "37": 0.920877,
        "38": 3.907519,
        "39": 4.221721,
        "40": 0.457456,
        "41": 4.301483,
        "42": 6.148297,
        "43": 4.368802,
        "44": 2.522946,
        "45": 4.240021,
        "46": 2.613511,
        "47": 4.941464,
        "48": 2.326998,
        "49": 2.789174,
        "50": 10.64881,
        "51": 1.390569,
        "52": 4.167062,
        "53": 2.761612,
        "54": 5.358794,
        "55": 3.35147,
        "56": 4.339316,
        "57": 3.853392,
        "58": 3.898203,
        "59": 3.111639,
        "60": 7.17951,
        "61": 6.116725,
        "62": 6.827926,
        "63": 5.044426,
        "64": 3.351068,
        "65": 3.338805,
        "66": 4.235469,
        "67": 4.21743,
        "68": 2.176204,
        "69": 4.402268,
        "70": 3.860966,
        "71": 6.652119,
        "72": 2.4255,
        "73": 2.43069,
        "74": 3.811193,
        "75": 3.225773,
        "76": 1.812491,
        "77": 3.433063,
        "78": 1.827422,
        "79": 4.199896,
        "80": 4.891887,
        "81": 1.554119,
        "82": 7.738448,
        "83": 7.119805,
        "84": 5.624162,
        "85": 4.071857,
        "86": 3.822314,
        "87": 1.900976,
        "88": 4.093067,
        "89": 3.073394,
        "90": 2.71801,
        "91": 3.463901,
        "92": 1.347091,
        "93": 1.853211,
        "94": 2.368352,
        "95": 4.40122,
        "96": 5.447285,
        "97": 5.80877,
        "98": 1.951605,
        "99": 3.163944,
        "100": 6.555601,
        "101": 3.088344,
        "102": 5.531419,
        "103": 3.485272,
        "104": 5.070996,
        "105": 2.889697,
        "106": 4.901004,
        "107": 7.752349,
        "108": 5.326099,
        "109": 5.3478,
        "110": 3.468225,
        "111": 2.698068,
        "112": 5.12344,
        "113": 4.484748,
        "114": 3.895717,
        "115": 2.592477,
        "116": 4.494347,
        "117": 3.459306,
        "118": 2.218881,
        "119": 3.667353,
        "120": 2.593646,
        "121": 13.183585,
        "122": 3.512807,
        "123": 6.735406,
        "124": 7.421488,
        "125": 3.060062,
        "126": 10.852531,
        "127": 3.955327,
        "128": 7.164505,
        "129": 15.443694,
        "130": 4.436576,
        "131": 3.273298,
        "132": 5.742498,
        "133": 5.216793,
        "134": 2.975035,
        "135": 5.573767,
        "136": 4.72612,
        "137": 1.8448,
        "138": 5.36767,
        "139": 5.101331,
        "140": 4.157712,
        "141": 4.184181,
        "142": 0.320039,
        "143": 5.903606,
        "144": 6.758895,
        "145": 5.643517,
        "146": 5.592588,
        "147": 3.138731,
        "148": 4.182457,
        "149": 2.830081,
        "150": 4.362557,
        "151": 2.594136,
        "152": 5.398634,
        "153": 1.896506,
        "154": 3.449737,
        "155": 5.390022
      }
    },
    "high": {
      "utilization_fraction": 0.8,
      "edge_latencies_ms": {
        "0": 4.28853,
        "1": 4.278477,
        "2": 3.005985,
        "3": 2.929787,
        "4": 6.584738,
        "5": 4.400168,