{
  "topology_id": 171,
  "load_conditions": {
    "low": {
      "utilization_fraction": 0.2,
      "edge_latencies_ms": {
        "0": 3.42052,
        "1": 2.867991,
        "2": 3.379992,
        "3": 3.184385,
        "4": 6.314558,
        "5": 10.538472,
        "6": 2.902331,
        "7": 13.999029,
        "8": 10.133249,
        "9": 6.142779,
        "10": 2.211827,
        "11": 3.138794,
        "12": 5.244182,
        "13": 4.129094,
        "14": 3.149739,
        "15": 6.77814,
        "16": 3.870108,
        "17": 3.315118,
        "18": 4.360733,
        "19": 2.771553,
        "20": 2.653261,
        "21": 4.938729,
        "22": 4.821201,
        "23": 4.691942,
        "24": 3.39408,
        "25": 11.945696,
        "26": 10.203016,
        "27": 1.735906,
        "28": 4.281114,
        "29": 13.906534,
        "30": 6.87067,
        "31": 6.661391,
        "32": 3.731644,
        "33": 6.000851,
        "34": 5.125153,
        "35": 5.580404,
        "36": 3.325735,
        "37": 3.279979,
        "38": 7.191798,
        "39": 4.079048,
        "40": 2.801737,
        "41": 3.317443,
        "42": 2.116335,
        "43": 5.143389,
        "44": 1.791153,
        "45": 3.640762,
        "46": 2.313478,
        "47": 3.976071,
        "48": 4.609546,
        "49": 3.79989,
        "50": 3.350798,
        "51": 4.425811,
        "52": 1.82913,
        "53": 2.706283,
        "54": 3.624193,
        "55": 5.493045,
        "56": 6.286353,
        "57": 4.40417,
        "58": 5.646515,
        "59": 0.85075,
        "60": 3.045103
      }
    },
    "medium": {
      "utilization_fraction": 0.5,
      "edge_latencies_ms": {
        "0": 3.423057,
        "1": 2.868799,
        "2": 3.381221,
        "3": 3.185707,
        "4": 6.315526,
        "5": 10.546735,
        "6": 2.903125,
        "7": 14.008769,
        "8": 10.152793,
        "9": 6.144218,
        "10": 2.214048,
        "11": 3.143105,
        "12": 5.245986,
        "13": 4.130409,
        "14": 3.150614,
        "15": 6.778967,
        "16": 3.873241,
        "17": 3.318415,
        "18": 4.367604,
        "19": 2.77379,
        "20": 2.655078,
        "21": 4.939579,
        "22": 4.8231,
        "23": 4.699045,
        "24": 3.395315,
        "25": 11.957971,
        "26": 10.232495,
        "27": 1.737123,
        "28": 4.282707,
        "29": 13.936743,
        "30": 6.871879,
        "31": 6.663321,
        "32": 3.736088,
        "33": 6.00214,
        "34": 5.130188,
        "35": 5.581329,
        "36": 3.326504,
        "37": 3.280763,
        "38": 7.223301,
        "39": 4.081654,
        "40": 2.805009,
        "41": 3.318358,
        "42": 2.117315,
        "43": 5.146246,
        "44": 1.791919,
        "45": 3.641933,
        "46": 2.316637,
        "47": 3.976968,
        "48": 4.610581,
        "49": 3.801932,
        "50": 3.351917,
        "51": 4.430751,
        "52": 1.831613,
        "53": 2.707803,
        "54": 3.626477,
        "55": 5.493985,
        "56": 6.287705,
        "57": 4.408779,
        "58": 5.6479,
        "59": 0.852102,
        "60": 3.046082
      }
    },
    "high": {
      "utilization_fraction": 0.8,
      "edge_latencies_ms": {
        "0": 3.433203,
        "1": 2.872029,
        "2": 3.386134,
        "3": 3.190995,
        "4": 6.3194,
        "5": 10.579789,
        "6": 2.9063,
        "7": 14.047726,
        "8": 10.23097,
        "9": 6.149974,
        "10": 2.222933,
        "11": 3.160351,
        "12": 5.253206,
        "13": 4.135667,
        "14": 3.154114,
        "15": 6.782273,
        "16": 3.885773,
        "17": 3.331606,
        "18": 4.395087,
        "19": 2.782736,
        "20": 2.662346,
        "21": 4.942978,
        "22": 4.830694,
        "23": 4.727454,
        "24": 3.400255,
        "25": 12.00707,
        "26": 10.350411,
        "27": 1.741993,
        "28": 4.289081,
        "29": 14.057581,
        "30": 6.876715,
        "31": 6.671042,
        "32": 3.753861,
        "33": 6.007294,
        "34": 5.15033,
        "35": 5.585033,
        "36": 3.329579,
        "37": 3.283897,
        "38": 7.349314,
        "39": 4.092076,
        "40": 2.818098,
        "41": 3.322021,
        "42": 2.121233,
        "43": 5.157675,
        "44": 1.794982,
        "45": 3.646617,
        "46": 2.329271,
        "47": 3.980559,
        "48": 4.614724,
        "49": 3.810097,
        "50": 3.356394,
        "51": 4.450509,
        "52": 1.841543,
        "53": 2.713882,
        "54": 3.635615,
        "55": 5.497742,
        "56": 6.293117,
        "57": 4.427213,
        "58": 5.653442,
        "59": 0.85751,
        "60": 3.049999
      }
    },
    "flash": {
      "utilization_fraction": 0.95,
      "edge_latencies_ms": {
        "0": 3.483937,
        "1": 2.888179,
        "2": 3.410699,
        "3": 3.217432,
        "4": 6.338772,
        "5": 10.745058,
        "6": 2.922173,
        "7": 14.242512,
        "8": 10.621855,
        "9": 6.178755,
        "10": 2.267357,
        "11": 3.24658,
        "12": 5.289304,
        "13": 4.16196,
        "14": 3.171615,
        "15": 6.798806,
        "16": 3.948431,
        "17": 3.397561,
        "18": 4.532502,
        "19": 2.827465,
        "20": 2.698685,
        "21": 4.959976,
        "22": 4.868666,
        "23": 4.869502,
        "24": 3.424957,
        "25": 12.252567,
        "26": 10.93999,
        "27": 1.766342,
        "28": 4.320949,
        "29": 14.661766,
        "30": 6.900897,
        "31": 6.709645,
        "32": 3.84273,
        "33": 6.033067,
        "34": 5.251037,
        "35": 5.60355,
        "36": 3.344956,
        "37": 3.299571,
        "38": 7.979377,
        "39": 4.144184,
        "40": 2.883541,
        "41": 3.340334,
        "42": 2.140827,
        "43": 5.214821,
        "44": 1.810298,
        "45": 3.670039,
        "46": 2.392439,
        "47": 3.998512,
        "48": 4.635437,
        "49": 3.850923,
        "50": 3.378781,
        "51": 4.549299,
        "52": 1.891192,
        "53": 2.744277,
        "54": 3.681303,
        "55": 5.516531,
        "56": 6.320173,
        "57": 4.519387,
        "58": 5.681151,
        "59": 0.884551,
        "60": 3.069584
      }
    }
  }
}