{
  "topology_id": 3,
  "load_conditions": {
    "low": {
      "utilization_fraction": 0.2,
      "edge_latencies_ms": {
        "0": 3.402967,
        "1": 15.046644,
        "2": 18.89062,
        "3": 19.836823,
        "4": 7.062801,
        "5": 17.307535,
        "6": 1.214536,
        "7": 7.405691,
        "8": 11.153004,
        "9": 17.295738,
        "10": 5.29288,
        "11": 6.963477,
        "12": 8.293376,
        "13": 9.002795,
        "14": 14.016874,
        "15": 18.03165,
        "16": 16.702574,
        "17": 17.393519,
        "18": 7.409091,
        "19": 6.615955,
        "20": 16.003566,
        "21": 14.423216,
        "22": 1.073618
      }
    },
    "medium": {
      "utilization_fraction": 0.5,
      "edge_latencies_ms": {
        "0": 3.411868,
        "1": 15.096578,
        "2": 18.922481,
        "3": 19.857293,
        "4": 7.071206,
        "5": 17.330139,
        "6": 1.228146,
        "7": 7.422763,
        "8": 11.162015,
        "9": 17.312952,
        "10": 5.301518,
        "11": 6.973906,
        "12": 8.303504,
        "13": 9.011182,
        "14": 14.037495,
        "15": 18.066598,
        "16": 16.710295,
        "17": 17.404075,
        "18": 7.436364,
        "19": 6.633821,
        "20": 16.014265,
        "21": 14.432863,
        "22": 1.084474
      }
    },
    "high": {
      "utilization_fraction": 0.8,
      "edge_latencies_ms": {
        "0": 3.447472,
        "1": 15.296312,
        "2": 19.049924,
        "3": 19.93917,
        "4": 7.104823,
        "5": 17.420555,
        "6": 1.282582,
        "7": 7.491054,
        "8": 11.19806,
        "9": 17.381806,
        "10": 5.336072,
        "11": 7.015625,
        "12": 8.344018,
        "13": 9.044728,
        "14": 14.119981,
        "15": 18.206393,
        "16": 16.741182,
        "17": 17.446298,
        "18": 7.545455,
        "19": 6.705283,
        "20": 16.057061,
        "21": 14.471454,
        "22": 1.127895
      }
    },
    "flash": {
      "utilization_fraction": 0.95,
      "edge_latencies_ms": {
        "0": 3.625493,
        "1": 16.29498,
        "2": 19.687137,
        "3": 20.348559,
        "4": 7.272909,
        "5": 17.872634,
        "6": 1.554765,
        "7": 7.832506,
        "8": 11.378283,
        "9": 17.72608,
        "10": 5.508844,
        "11": 7.224219,
        "12": 8.546583,
        "13": 9.212457,
        "14": 14.532409,
        "15": 18.905368,
        "16": 16.895614,
        "17": 17.657417,
        "18": 8.090909,
        "19": 7.062596,
        "20": 16.271041,
        "21": 14.664404,
        "22": 1.345004
      }
    }
  }
}