{
  "topology_id": 4,
  "load_conditions": {
    "low": {
      "utilization_fraction": 0.2,
      "edge_latencies_ms": {
        "0": 2.66889,
        "1": 1.822384,
        "2": 4.582013,
        "3": 2.630164,
        "4": 2.181388,
        "5": 3.439797,
        "6": 3.726198,
        "7": 2.010362,
        "8": 4.569601,
        "9": 2.526025,
        "10": 1.512862,
        "11": 3.120359,
        "12": 2.888413,
        "13": 3.376689,
        "14": 5.580168,
        "15": 2.503453,
        "16": 6.007038,
        "17": 4.70161,
        "18": 4.137207,
        "19": 2.422896,
        "20": 8.618255,
        "21": 3.897696,
        "22": 3.975673,
        "23": 3.928806,
        "24": 2.958332,
        "25": 1.378675,
        "26": 2.280244,
        "27": 1.954093,
        "28": 17.541976,
        "29": 4.804693,
        "30": 1.788886,
        "31": 4.785746,
        "32": 4.150407,
        "33": 1.999631,
        "34": 1.271007,
        "35": 3.283318,
        "36": 2.133775,
        "37": 5.336875,
        "38": 1.834042,
        "39": 5.354421,
        "40": 3.045427,
        "41": 1.038911,
        "42": 2.475218,
        "43": 1.170273,
        "44": 4.218334,
        "45": 2.214802,
        "46": 4.288113,
        "47": 3.669772,
        "48": 2.863704,
        "49": 1.408334,
        "50": 4.165623,
        "51": 2.83454,
        "52": 2.865831,
        "53": 2.012026,
        "54": 4.785482,
        "55": 5.447124,
        "56": 11.447098,
        "57": 3.349033,
        "58": 21.036054,
        "59": 2.405602,
        "60": 2.382451,
        "61": 2.598715,
        "62": 3.914001,
        "63": 2.963478,
        "64": 2.332292,
        "65": 1.114556,
        "66": 4.080527,
        "67": 3.028781,
        "68": 2.698723,
        "69": 2.472393,
        "70": 3.493435,
        "71": 4.543054,
        "72": 2.430578,
        "73": 3.97502,
        "74": 3.756874,
        "75": 2.589151,
        "76": 8.017817,
        "77": 4.89287,
        "78": 2.874303,
        "79": 2.087732,
        "80": 6.489477,
        "81": 3.746179,
        "82": 4.813927,
        "83": 1.977301,
        "84": 5.639739,
        "85": 3.468929,
        "86": 3.102777,
        "87": 4.843007,
        "88": 5.539757,
        "89": 1.927898,
        "90": 3.042036,
        "91": 4.944174,
        "92": 4.77894,
        "93": 4.104857,
        "94": 2.456973,
        "95": 6.412368,
        "96": 5.050595,
        "97": 1.566612,
        "98": 5.0615,
        "99": 12.040967,
        "100": 4.904612,
        "101": 4.996883,
        "102": 4.936308,
        "103": 6.963218,
        "104": 5.972828,
        "105": 5.832823,
        "106": 9.042171,
        "107": 7.034666,
        "108": 3.241257,
        "109": 2.211501,
        "110": 5.831358,
        "111": 6.404799,
        "112": 4.875203,
        "113": 14.748047,
        "114": 3.288459,
        "115": 3.521606,
        "116": 2.302854,
        "117": 5.621599,
        "118": 3.453285,
        "119": 2.889101,
        "120": 2.156044,
        "121": 4.63472,
        "122": 2.953484,
        "123": 4.838224,
        "124": 4.163125,
        "125": 5.297265,
        "126": 1.158095,
        "127": 7.575201,
        "128": 5.140235,
        "129": 3.854944,
        "130": 6.358358,
        "131": 2.197533,
        "132": 3.462646,
        "133": 5.123859,
        "134": 0.58129,
        "135": 4.969664,
        "136": 2.575436,
        "137": 4.991982,
        "138": 3.179325,
        "139": 4.14134,
        "140": 2.939442,
        "141": 2.802114,
        "142": 3.051332,
        "143": 4.713797,
        "144": 4.487681,
        "145": 4.529449,
        "146": 3.465442,
        "147": 2.995365,
        "148": 5.702465,
        "149": 4.290919,
        "150": 3.989006,
        "151": 4.950901,
        "152": 4.137713,
        "153": 6.411009,
        "154": 4.611602,
        "155": 5.973747,
        "156": 4.608263,
        "157": 5.747802,
        "158": 4.526067,
        "159": 4.559467,
        "160": 3.688547,
        "161": 4.223342,
        "162": 4.461124,
        "163": 8.029973,
        "164": 6.570638,
        "165": 4.270823,
        "166": 5.335669,
        "167": 2.333714,
        "168": 4.019737,
        "169": 3.331717,
        "170": 4.746712,
        "171": 4.273022,
        "172": 3.704148,
        "173": 4.538567,
        "174": 1.968134,
        "175": 3.855542,
        "176": 5.710837,
        "177": 3.284345,
        "178": 3.108534,
        "179": 5.180139,
        "180": 9.64534,
        "181": 1.762884,
        "182": 4.347662,
        "183": 3.486285,
        "184": 5.201884,
        "185": 2.73066,
        "186": 1.385604,
        "187": 3.399797,
        "188": 5.338935,
        "189": 8.790982,
        "190": 1.105925
      }
    },
    "medium": {
      "utilization_fraction": 0.5,
      "edge_latencies_ms": {
        "0": 2.670172,
        "1": 1.823931,
        "2": 4.583702,
        "3": 2.63304,
        "4": 2.182823,
        "5": 3.440783,
        "6": 3.727107,
        "7": 2.012265,
        "8": 4.593731,
        "9": 2.526833,
        "10": 1.515351,
        "11": 3.122975,
        "12": 2.892841,
        "13": 3.377764,
        "14": 5.58698,
        "15": 2.504716,
        "16": 6.009338,
        "17": 4.702383,
        "18": 4.138634,
        "19": 2.425359,
        "20": 8.626156,
        "21": 3.899707,
        "22": 3.976646,
        "23": 3.929778,
        "24": 2.961353,
        "25": 1.381689,
        "26": 2.281182,
        "27": 1.955486,
        "28": 17.550573,
        "29": 4.806426,
        "30": 1.791099,
        "31": 4.786768,
        "32": 4.151496,
        "33": 2.001863,
        "34": 1.278444,
        "35": 3.286444,
        "36": 2.135133,
        "37": 5.339806,
        "38": 1.835673,
        "39": 5.355745,
        "40": 3.046925,
        "41": 1.040352,
        "42": 2.476253,
        "43": 1.171151,
        "44": 4.219925,
        "45": 2.21641,
        "46": 4.289242,
        "47": 3.67289,
        "48": 2.865335,
        "49": 1.409244,
        "50": 4.166379,
        "51": 2.836629,
        "52": 2.866813,
        "53": 2.013519,
        "54": 4.786494,
        "55": 5.449213,
        "56": 11.455026,
        "57": 3.35084,
        "58": 21.047318,
        "59": 2.406946,
        "60": 2.383707,
        "61": 2.600793,
        "62": 3.915548,
        "63": 2.966101,
        "64": 2.333157,
        "65": 1.115522,
        "66": 4.082787,
        "67": 3.029567,
        "68": 2.700288,
        "69": 2.473174,
        "70": 3.496273,
        "71": 4.545461,
        "72": 2.432025,
        "73": 3.977618,
        "74": 3.758296,
        "75": 2.59035,
        "76": 8.022678,
        "77": 4.89429,
        "78": 2.875103,
        "79": 2.090172,
        "80": 6.490568,
        "81": 3.747069,
        "82": 4.814786,
        "83": 1.978244,
        "84": 5.640614,
        "85": 3.469682,
        "86": 3.103697,
        "87": 4.843779,
        "88": 5.540964,
        "89": 1.930926,
        "90": 3.04398,
        "91": 4.944993,
        "92": 4.77995,
        "93": 4.106019,
        "94": 2.458429,
        "95": 6.413251,
        "96": 5.05407,
        "97": 1.56781,
        "98": 5.062528,
        "99": 12.056856,
        "100": 4.911744,
        "101": 4.997965,
        "102": 4.937068,
        "103": 6.965234,
        "104": 5.974093,
        "105": 5.8364,
        "106": 9.043274,
        "107": 7.036881,
        "108": 3.242151,
        "109": 2.213174,
        "110": 5.833204,
        "111": 6.406279,
        "112": 4.876417,
        "113": 14.756371,
        "114": 3.28932,
        "115": 3.527182,
        "116": 2.306228,
        "117": 5.622759,
        "118": 3.457438,
        "119": 2.892056,
        "120": 2.160464,
        "121": 4.63547,
        "122": 2.954389,
        "123": 4.839172,
        "124": 4.16454,
        "125": 5.298165,
        "126": 1.15891,
        "127": 7.577372,
        "128": 5.141265,
        "129": 3.856726,