{
  "topology_id": 86,
  "load_conditions": {
    "low": {
      "utilization_fraction": 0.2,
      "edge_latencies_ms": {
        "0": 3.429137,
        "1": 5.218597,
        "2": 7.223167,
        "3": 4.131361,
        "4": 2.771331,
        "5": 4.73367,
        "6": 6.363011,
        "7": 3.731432,
        "8": 3.929832,
        "9": 5.438246,
        "10": 6.389797,
        "11": 5.820989,
        "12": 3.632145,
        "13": 2.474155,
        "14": 4.216748,
        "15": 2.617574,
        "16": 3.244383,
        "17": 5.632328,
        "18": 4.708142,
        "19": 13.142364,
        "20": 16.506373,
        "21": 4.439945,
        "22": 3.638657,
        "23": 6.600201,
        "24": 4.624836,
        "25": 2.951431,
        "26": 5.685871,
        "27": 4.388733,
        "28": 4.477116,
        "29": 3.790553,
        "30": 5.446875,
        "31": 3.722233,
        "32": 6.119742,
        "33": 3.866734,
        "34": 2.049086,
        "35": 3.385655,
        "36": 3.817931,
        "37": 2.536745,
        "38": 3.75268,
        "39": 12.46446,
        "40": 2.32934,
        "41": 4.730019,
        "42": 2.918131,
        "43": 18.412565,
        "44": 13.38657,
        "45": 2.972894,
        "46": 14.110423,
        "47": 4.099831,
        "48": 4.127534,
        "49": 5.924759,
        "50": 8.086842,
        "51": 4.555579,
        "52": 3.287829,
        "53": 1.846411,
        "54": 5.304295,
        "55": 7.449369,
        "56": 4.469199,
        "57": 1.311463,
        "58": 8.152084,
        "59": 6.486391,
        "60": 4.452405,
        "61": 6.773149,
        "62": 5.360332,
        "63": 1.628537,
        "64": 2.538557,
        "65": 4.124031,
        "66": 0.560656,
        "67": 0.547616,
        "68": 6.569483,
        "69": 3.357256,
        "70": 5.384622,
        "71": 2.844498
      }
    },
    "medium": {
      "utilization_fraction": 0.5,
      "edge_latencies_ms": {
        "0": 3.430265,
        "1": 5.220075,
        "2": 7.224348,
        "3": 4.132263,
        "4": 2.775956,
        "5": 4.734982,
        "6": 6.364781,
        "7": 3.732384,
        "8": 3.930724,
        "9": 5.439183,
        "10": 6.390645,
        "11": 5.821814,
        "12": 3.633802,
        "13": 2.474917,
        "14": 4.21771,
        "15": 2.62087,
        "16": 3.24611,
        "17": 5.636201,
        "18": 4.710596,
        "19": 13.166328,
        "20": 16.52591,
        "21": 4.441417,
        "22": 3.640462,
        "23": 6.601284,
        "24": 4.625744,
        "25": 2.952476,
        "26": 5.686646,
        "27": 4.389548,
        "28": 4.478139,
        "29": 3.792192,
        "30": 5.455015,
        "31": 3.723039,
        "32": 6.12135,
        "33": 3.869964,
        "34": 2.051634,
        "35": 3.386925,
        "36": 3.822836,
        "37": 2.538355,
        "38": 3.760078,
        "39": 12.492691,
        "40": 2.332944,
        "41": 4.7345,
        "42": 2.919181,
        "43": 18.431065,
        "44": 13.406457,
        "45": 2.974097,
        "46": 14.118214,
        "47": 4.101556,
        "48": 4.129027,
        "49": 5.926678,
        "50": 8.087627,
        "51": 4.556665,
        "52": 3.290565,
        "53": 1.847606,
        "54": 5.30555,
        "55": 7.453732,
        "56": 4.470534,
        "57": 1.312393,
        "58": 8.153367,
        "59": 6.497544,
        "60": 4.45402,
        "61": 6.776622,
        "62": 5.361797,
        "63": 1.630547,
        "64": 2.540281,
        "65": 4.125005,
        "66": 0.562153,
        "67": 0.551574,
        "68": 6.570719,
        "69": 3.358144,
        "70": 5.387508,
        "71": 2.846567
      }
    },
    "high": {
      "utilization_fraction": 0.8,
      "edge_latencies_ms": {
        "0": 3.434778,
        "1": 5.225983,
        "2": 7.229072,
        "3": 4.135873,
        "4": 2.794455,
        "5": 4.740228,
        "6": 6.37186,
        "7": 3.736191,
        "8": 3.93429,
        "9": 5.44293,
        "10": 6.394039,
        "11": 5.825116,
        "12": 3.640432,
        "13": 2.477967,
        "14": 4.221555,
        "15": 2.634051,
        "16": 3.25302,
        "17": 5.65169,
        "18": 4.720415,
        "19": 13.262183,
        "20": 16.604057,
        "21": 4.447305,
        "22": 3.647685,
        "23": 6.605615,
        "24": 4.629376,
        "25": 2.956656,
        "26": 5.689745,
        "27": 4.392807,
        "28": 4.482228,
        "29": 3.798747,
        "30": 5.487574,
        "31": 3.726262,
        "32": 6.127778,
        "33": 3.882881,
        "34": 2.061828,
        "35": 3.392006,
        "36": 3.842454,
        "37": 2.544797,
        "38": 3.78967,
        "39": 12.605616,
        "40": 2.347361,
        "41": 4.752423,
        "42": 2.923383,
        "43": 18.505065,
        "44": 13.486005,
        "45": 2.978911,
        "46": 14.149377,
        "47": 4.108456,
        "48": 4.134998,
        "49": 5.934354,
        "50": 8.090768,
        "51": 4.561011,
        "52": 3.30151,
        "53": 1.852385,
        "54": 5.310573,
        "55": 7.471184,
        "56": 4.475873,
        "57": 1.316112,
        "58": 8.158496,
        "59": 6.542159,
        "60": 4.460478,
        "61": 6.790514,
        "62": 5.36766,
        "63": 1.638589,
        "64": 2.547177,
        "65": 4.128899,
        "66": 0.568143,
        "67": 0.567405,
        "68": 6.575665,
        "69": 3.361697,
        "70": 5.399052,
        "71": 2.854844
      }
    },
    "flash": {
      "utilization_fraction": 0.95,
      "edge_latencies_ms": {
        "0": 3.45734,
        "1": 5.255527,
        "2": 7.252693,
        "3": 4.153924,
        "4": 2.886952,
        "5": 4.766457,
        "6": 6.407257,
        "7": 3.755226,
        "8": 3.95212,
        "9": 5.461669,
        "10": 6.411009,
        "11": 5.841625,
        "12": 3.673582,
        "13": 2.493218,
        "14": 4.240783,
        "15": 2.699958,
        "16": 3.287568,
        "17": 5.729137,
        "18": 4.769509,
        "19": 13.741462,
        "20": 16.994791,
        "21": 4.476748,
        "22": 3.683797,
        "23": 6.62727,
        "24": 4.647534,
        "25": 2.977558,
        "26": 5.705241,
        "27": 4.409102,
        "28": 4.502676,
        "29": 3.831523,
        "30": 5.650371,
        "31": 3.742378,
        "32": 6.159921,
        "33": 3.94747,
        "34": 2.112796,
        "35": 3.41741,
        "36": 3.940545,
        "37": 2.577004,
        "38": 3.93763,
        "39": 13.170241,
        "40": 2.419444,
        "41": 4.842037,
        "42": 2.94439,
        "43": 18.875064,
        "44": 13.883743,
        "45": 3.00298,
        "46": 14.305193,
        "47": 4.142956,
        "48": 4.164855,
        "49": 5.972733,
        "50": 8.106474,
        "51": 4.582742,
        "52": 3.356234,
        "53": 1.876281,
        "54": 5.335684,
        "55": 7.558446,
        "56": 4.502569,
        "57": 1.334709,
        "58": 8.184142,
        "59": 6.765234,
        "60": 4.492767,
        "61": 6.859974,
        "62": 5.396972,
        "63": 1.678799,
        "64": 2.581656,
        "65": 4.148372,
        "66": 0.598094,
        "67": 0.646564,
        "68": 6.600393,
        "69": 3.37946,
        "70": 5.456772,
        "71": 2.896229
      }
    }
  }
}