{
  "topology_id": 436,
  "load_conditions": {
    "low": {
      "utilization_fraction": 0.2,
      "edge_latencies_ms": {
        "0": 5.13633,
        "1": 2.47098,
        "2": 3.382095,
        "3": 3.978424,
        "4": 5.497255,
        "5": 2.619732,
        "6": 6.415208,
        "7": 4.031158,
        "8": 5.037133,
        "9": 2.110297,
        "10": 4.733857,
        "11": 4.633403,
        "12": 3.420171,
        "13": 2.600283,
        "14": 1.712942,
        "15": 4.049183,
        "16": 5.373822,
        "17": 4.26749,
        "18": 3.376978,
        "19": 2.19367,
        "20": 1.338961,
        "21": 1.734434,
        "22": 2.67154,
        "23": 2.789791,
        "24": 2.268144,
        "25": 3.639678,
        "26": 2.875125,
        "27": 3.851272,
        "28": 7.492643,
        "29": 6.436541,
        "30": 9.636425,
        "31": 4.088933,
        "32": 4.251872,
        "33": 4.099916,
        "34": 2.691817,
        "35": 3.639145,
        "36": 4.612953,
        "37": 2.014571,
        "38": 3.348726,
        "39": 5.044799,
        "40": 2.176575,
        "41": 1.917327,
        "42": 4.779484,
        "43": 5.333056,
        "44": 2.42305,
        "45": 1.449511,
        "46": 16.228624,
        "47": 6.996954,
        "48": 5.931537,
        "49": 5.4512,
        "50": 2.351904,
        "51": 9.825819,
        "52": 7.455535,
        "53": 3.311763,
        "54": 6.034748,
        "55": 2.885961,
        "56": 5.238368,
        "57": 2.906626,
        "58": 2.412089,
        "59": 4.67383,
        "60": 2.837732,
        "61": 3.322054,
        "62": 3.052707,
        "63": 6.672445,
        "64": 2.994534,
        "65": 5.936223,
        "66": 2.349116,
        "67": 5.560753,
        "68": 2.475057,
        "69": 6.521807,
        "70": 7.25183,
        "71": 1.883226,
        "72": 3.056388,
        "73": 3.378816,
        "74": 5.517335,
        "75": 5.543296,
        "76": 3.663346,
        "77": 5.174174,
        "78": 4.955871,
        "79": 15.165838,
        "80": 2.289318,
        "81": 5.747598,
        "82": 6.932741,
        "83": 4.989335,
        "84": 4.091656,
        "85": 3.577851,
        "86": 20.509849,
        "87": 4.805704,
        "88": 5.444393,
        "89": 5.184397,
        "90": 15.832433,
        "91": 4.888363,
        "92": 1.539943,
        "93": 15.28723,
        "94": 3.263953,
        "95": 1.81645,
        "96": 5.871597,
        "97": 3.599944,
        "98": 4.765331,
        "99": 3.189952,
        "100": 0.571709,
        "101": 12.387725,
        "102": 14.025346,
        "103": 3.233917,
        "104": 6.098258,
        "105": 2.708926,
        "106": 7.480897,
        "107": 1.714802,
        "108": 1.905836,
        "109": 1.541739,
        "110": 3.409225,
        "111": 1.650571,
        "112": 1.955242,
        "113": 2.036088,
        "114": 1.177363,
        "115": 3.359958,
        "116": 2.775811,
        "117": 6.190068,
        "118": 5.007607,
        "119": 1.46901,
        "120": 2.428637,
        "121": 2.537773,
        "122": 3.023388,
        "123": 3.54851,
        "124": 3.270562,
        "125": 3.799437,
        "126": 3.845109,
        "127": 2.355257,
        "128": 8.974276,
        "129": 3.873611,
        "130": 1.776871,
        "131": 1.029556,
        "132": 1.372874,
        "133": 5.252034,
        "134": 3.932126,
        "135": 4.385362,
        "136": 2.806524,
        "137": 4.368299,
        "138": 3.015166,
        "139": 3.343479,
        "140": 3.094031,
        "141": 3.709385,
        "142": 2.549798,
        "143": 4.23862,
        "144": 3.621247,
        "145": 5.705723,
        "146": 5.101761,
        "147": 6.472534,
        "148": 2.584813,
        "149": 4.033363,
        "150": 4.408929,
        "151": 4.922848
      }
    },
    "medium": {
      "utilization_fraction": 0.5,
      "edge_latencies_ms": {
        "0": 5.13752,
        "1": 2.472681,
        "2": 3.38331,
        "3": 3.979363,
        "4": 5.499018,
        "5": 2.621832,
        "6": 6.416642,
        "7": 4.031917,
        "8": 5.040948,
        "9": 2.111667,
        "10": 4.738064,
        "11": 4.634303,
        "12": 3.42192,
        "13": 2.601109,
        "14": 1.716892,
        "15": 4.054022,
        "16": 5.376269,
        "17": 4.271621,
        "18": 3.379635,
        "19": 2.197767,
        "20": 1.33983,
        "21": 1.735579,
        "22": 2.672844,
        "23": 2.791731,
        "24": 2.26966,
        "25": 3.640686,
        "26": 2.887617,
        "27": 3.853577,
        "28": 7.494476,
        "29": 6.438243,
        "30": 9.637206,
        "31": 4.090348,
        "32": 4.255374,
        "33": 4.100979,
        "34": 2.69258,
        "35": 3.640378,
        "36": 4.617407,
        "37": 2.015782,
        "38": 3.350863,
        "39": 5.049764,
        "40": 2.177428,
        "41": 1.91823,
        "42": 4.781577,
        "43": 5.334663,
        "44": 2.424693,
        "45": 1.450319,
        "46": 16.26932,
        "47": 6.999266,
        "48": 5.936076,
        "49": 5.451969,
        "50": 2.355982,
        "51": 9.837093,
        "52": 7.459867,
        "53": 3.314206,
        "54": 6.036779,
        "55": 2.887486,
        "56": 5.239283,
        "57": 2.907492,
        "58": 2.413203,
        "59": 4.675326,
        "60": 2.841926,
        "61": 3.324038,
        "62": 3.053633,
        "63": 6.673877,
        "64": 2.997356,
        "65": 5.937602,
        "66": 2.355778,
        "67": 5.563453,
        "68": 2.476023,
        "69": 6.523041,
        "70": 7.254085,
        "71": 1.884458,
        "72": 3.057316,
        "73": 3.38287,
        "74": 5.518663,
        "75": 5.544388,
        "76": 3.664215,
        "77": 5.174958,
        "78": 4.957831,
        "79": 15.175378,
        "80": 2.291044,
        "81": 5.74855,
        "82": 6.94118,
        "83": 4.990286,
        "84": 4.094123,
        "85": 3.578905,
        "86": 20.520078,
        "87": 4.807107,
        "88": 5.446191,
        "89": 5.18716,
        "90": 15.846972,
        "91": 4.889147,
        "92": 1.544269,
        "93": 15.314309,
        "94": 3.265342,
        "95": 1.817837,
        "96": 5.872358,
        "97": 3.601167,
        "98": 4.768375,
        "99": 3.191111,
        "100": 0.572837,
        "101": 12.397525,
        "102": 14.054642,
        "103": 3.235119,
        "104": 6.100502,
        "105": 2.716412,
        "106": 7.526643,
        "107": 1.71567,
        "108": 1.906613,
        "109": 1.542548,
        "110": 3.410247,
        "111": 1.651662,
        "112": 1.957233,
        "113": 2.037009,
        "114": 1.17832,
        "115": 3.361528,
        "116": 2.776663,
        "117": 6.194957,
        "118": 5.011582,
        "119": 1.469761,
        "120": 2.42964,
        "121": 2.542316,
        "122": 3.025252,
        "123": 3.549292,
        "124": 3.272426,
        "125": 3.803663,
        "126": 3.847337,
        "127": 2.358403,
        "128": 8.983555,
        "129": 3.874397,
        "130": 1.778713,
        "131": 1.032169,
        "132": 1.373745,
        "133": 5.252928,
        "134": 3.933342,
        "135": 4.387374,
        "136": 2.807304,
        "137": 4.369053,
        "138": 3.021212,
        "139": 3.345446,
        "140": 3.094784,
        "141": 3.711888,
        "142": 2.550731,
        "143": 4.242677,
        "144": 3.624034,
        "145": 5.711958,
        "146": 5.102564,
        "147": 6.479973,
        "148": 2.585821,
        "149": 4.034992,
        "150": 4.410358,
        "151": 4.925613
      }
    },
    "high": {
      "utilization_fraction": 0.8,
      "edge_latencies_ms": {
        "0": 5.142279,
        "1": 2.479482,
        "2": 3.388166,
        "3": 3.983122,
        "4": 5.506069,
        "5": 2.630232,
        "6": 6.422379,
        "7": 4.034951,
        "8": 5.056209,
        "9": 2.117147,
        "10": 4.754891,
        "11": 4.637905,
        "12": 3.428919,
        "13": 2.604416,