{
  "topology_id": 175,
  "load_conditions": {
    "low": {
      "utilization_fraction": 0.2,
      "edge_latencies_ms": {
        "0": 1.641947,
        "1": 1.774726,
        "2": 4.848077,
        "3": 3.159945,
        "4": 3.12688,
        "5": 3.425506,
        "6": 3.72001,
        "7": 7.304042,
        "8": 4.411746,
        "9": 4.184495,
        "10": 5.386363,
        "11": 1.809289,
        "12": 5.216385,
        "13": 4.854762,
        "14": 2.941874,
        "15": 4.331335,
        "16": 2.966962,
        "17": 2.251552,
        "18": 4.378574,
        "19": 3.630895,
        "20": 1.102102,
        "21": 3.868401,
        "22": 1.124392,
        "23": 2.551619,
        "24": 4.252353,
        "25": 6.337821,
        "26": 4.135108,
        "27": 1.684617,
        "28": 2.475021,
        "29": 4.62611,
        "30": 6.362473,
        "31": 2.704372,
        "32": 7.122998,
        "33": 4.686153,
        "34": 4.437381,
        "35": 6.96868,
        "36": 9.078166,
        "37": 4.520348,
        "38": 4.306209,
        "39": 6.425802,
        "40": 4.453357,
        "41": 5.319348,
        "42": 3.414751,
        "43": 9.886021,
        "44": 7.138409,
        "45": 5.616847,
        "46": 7.115479,
        "47": 5.143044,
        "48": 5.649709,
        "49": 4.005478,
        "50": 4.943026,
        "51": 7.508228,
        "52": 5.567682,
        "53": 5.552107,
        "54": 6.440847,
        "55": 0.790111,
        "56": 2.775446,
        "57": 3.837667,
        "58": 3.062103,
        "59": 2.026995,
        "60": 1.355296,
        "61": 1.29525,
        "62": 3.864512,
        "63": 2.162466,
        "64": 0.629032,
        "65": 4.651228,
        "66": 2.627953,
        "67": 4.256165,
        "68": 6.195674,
        "69": 2.528336,
        "70": 2.242991,
        "71": 3.27708,
        "72": 5.333147,
        "73": 3.918736,
        "74": 2.88702,
        "75": 1.800418,
        "76": 3.184358,
        "77": 4.372281,
        "78": 2.039294,
        "79": 5.080084,
        "80": 5.846025,
        "81": 3.52282,
        "82": 3.565781,
        "83": 4.139913,
        "84": 5.906845,
        "85": 1.090157,
        "86": 5.331679,
        "87": 2.166054,
        "88": 5.582971,
        "89": 3.986438,
        "90": 3.100815,
        "91": 8.158607,
        "92": 5.28684,
        "93": 3.999966,
        "94": 6.855052,
        "95": 2.659197,
        "96": 3.391702,
        "97": 4.445128,
        "98": 4.724295,
        "99": 5.698468,
        "100": 4.149593,
        "101": 20.155118,
        "102": 2.180706,
        "103": 5.593638,
        "104": 2.989936,
        "105": 6.686361,
        "106": 7.514168,
        "107": 17.44909,
        "108": 1.928875,
        "109": 2.317985,
        "110": 3.26883,
        "111": 8.455009,
        "112": 1.78902,
        "113": 6.637371,
        "114": 2.814821,
        "115": 5.621821,
        "116": 2.18636,
        "117": 4.267686,
        "118": 4.047103,
        "119": 2.724174,
        "120": 6.542096,
        "121": 2.021411,
        "122": 4.55832,
        "123": 4.450643,
        "124": 2.862506,
        "125": 3.935452,
        "126": 5.670324,
        "127": 4.383262,
        "128": 3.473289,
        "129": 15.048221,
        "130": 3.943718,
        "131": 3.689273,
        "132": 3.202657,
        "133": 1.926612,
        "134": 1.641243,
        "135": 2.633756,
        "136": 1.867733,
        "137": 2.501088,
        "138": 1.344195,
        "139": 14.176092,
        "140": 2.374503,
        "141": 2.37238,
        "142": 1.308661,
        "143": 2.820903,
        "144": 1.746695,
        "145": 2.719653,
        "146": 3.1246,
        "147": 5.790966,
        "148": 2.899188,
        "149": 3.70652,
        "150": 4.107791,
        "151": 3.129024,
        "152": 2.802536,
        "153": 2.307325,
        "154": 6.568362,
        "155": 1.461852,
        "156": 3.347943,
        "157": 5.705244,
        "158": 4.714206,
        "159": 1.843494,
        "160": 1.776435,
        "161": 4.682603,
        "162": 6.0266,
        "163": 1.806861,
        "164": 5.416019,
        "165": 3.112446,
        "166": 5.992308
      }
    },
    "medium": {
      "utilization_fraction": 0.5,
      "edge_latencies_ms": {
        "0": 1.647973,
        "1": 1.775529,
        "2": 4.849653,
        "3": 3.162682,
        "4": 3.12774,
        "5": 3.426382,
        "6": 3.720793,
        "7": 7.315879,
        "8": 4.412527,
        "9": 4.187965,
        "10": 5.390611,
        "11": 1.810087,
        "12": 5.217424,
        "13": 4.855748,
        "14": 2.942673,
        "15": 4.33227,
        "16": 2.968781,
        "17": 2.257534,
        "18": 4.379853,
        "19": 3.63296,
        "20": 1.105004,
        "21": 3.86972,
        "22": 1.129977,
        "23": 2.552605,
        "24": 4.254037,
        "25": 6.341537,
        "26": 4.137082,
        "27": 1.685394,
        "28": 2.47657,
        "29": 4.627047,
        "30": 6.376065,
        "31": 2.706286,
        "32": 7.13271,
        "33": 4.687879,
        "34": 4.438605,
        "35": 6.969658,
        "36": 9.079481,
        "37": 4.523529,
        "38": 4.307271,
        "39": 6.427289,
        "40": 4.454445,
        "41": 5.322586,
        "42": 3.417473,
        "43": 9.886936,
        "44": 7.139787,
        "45": 5.617697,
        "46": 7.118467,
        "47": 5.163013,
        "48": 5.650907,
        "49": 4.006797,
        "50": 4.943921,
        "51": 7.509492,
        "52": 5.568642,
        "53": 5.552973,
        "54": 6.443879,
        "55": 0.79128,
        "56": 2.796439,
        "57": 3.83863,
        "58": 3.063329,
        "59": 2.027875,
        "60": 1.356703,
        "61": 1.302588,
        "62": 3.866176,
        "63": 2.163801,
        "64": 0.629846,
        "65": 4.655898,
        "66": 2.628748,
        "67": 4.257422,
        "68": 6.196579,
        "69": 2.529261,
        "70": 2.246442,
        "71": 3.280858,
        "72": 5.333924,
        "73": 3.919954,
        "74": 2.887882,
        "75": 1.80145,
        "76": 3.185297,
        "77": 4.37411,
        "78": 2.040443,
        "79": 5.080945,
        "80": 5.852059,
        "81": 3.524156,
        "82": 3.568263,
        "83": 4.141104,
        "84": 5.910495,
        "85": 1.091226,
        "86": 5.334987,
        "87": 2.167765,
        "88": 5.583954,
        "89": 3.987735,
        "90": 3.101884,
        "91": 8.159409,
        "92": 5.287912,
        "93": 4.001628,
        "94": 6.85869,
        "95": 2.661337,
        "96": 3.399108,
        "97": 4.446639,
        "98": 4.727648,
        "99": 5.700691,
        "100": 4.151911,
        "101": 20.165288,
        "102": 2.18201,
        "103": 5.600829,
        "104": 2.992567,
        "105": 6.687815,
        "106": 7.515046,
        "107": 17.464399,
        "108": 1.930002,
        "109": 2.32065,
        "110": 3.269782,
        "111": 8.50504,
        "112": 1.789853,
        "113": 6.639568,
        "114": 2.815668,
        "115": 5.623797,
        "116": 2.188285,
        "117": 4.273152,
        "118": 4.049371,
        "119": 2.727231,
        "120": 6.543011,
        "121": 2.025532,
        "122": 4.560515,
        "123": 4.456851,
        "124": 2.86332,
        "125": 3.936593,
        "126": 5.674457,
        "127": 4.384309,
        "128": 3.475509,
        "129": 15.057796,
        "130": 3.944551,
        "131": 3.690364,
        "132": 3.203646,
        "133": 1.927474,
        "134": 1.642275,
        "135": 2.634684,
        "136": 1.868705,
        "137": 2.5035,
        "138": 1.34495,
        "139": 14.247628,
        "140": 2.375324,
        "141": 2.374863,
        "142": 1.310858,
        "143": 2.824071,
        "144": 1.750133,
        "145": 2.723375,
        "146": 3.125519,
        "147": 5.79323,
        "148": 2.901185,
        "149": 3.7075,
        "150": 4.109275,
        "151": 3.130366,
        "152": 2.803373,
        "153": 2.310174,