{
  "topology_id": 425,
  "load_conditions": {
    "low": {
      "utilization_fraction": 0.2,
      "edge_latencies_ms": {
        "0": 2.901878,
        "1": 5.248745,
        "2": 4.025603,
        "3": 6.740282,
        "4": 12.936378,
        "5": 4.939224,
        "6": 3.437083,
        "7": 5.123439,
        "8": 4.448922,
        "9": 3.283883,
        "10": 4.530909,
        "11": 12.400553,
        "12": 5.890063,
        "13": 14.005575,
        "14": 3.837426,
        "15": 5.451714,
        "16": 1.545996,
        "17": 4.754443,
        "18": 8.635976,
        "19": 7.500302,
        "20": 5.752825,
        "21": 3.320529,
        "22": 3.854434,
        "23": 3.230222,
        "24": 1.484136,
        "25": 3.147887,
        "26": 1.92971,
        "27": 6.697684,
        "28": 6.466975,
        "29": 4.335852,
        "30": 2.293621,
        "31": 3.608813,
        "32": 2.407629,
        "33": 3.39871,
        "34": 5.730334,
        "35": 6.174016,
        "36": 2.844684,
        "37": 6.373197,
        "38": 9.033063
      }
    },
    "medium": {
      "utilization_fraction": 0.5,
      "edge_latencies_ms": {
        "0": 2.905171,
        "1": 5.249732,
        "2": 4.028537,
        "3": 6.741302,
        "4": 12.945266,
        "5": 4.940079,
        "6": 3.437869,
        "7": 5.124406,
        "8": 4.450519,
        "9": 3.285114,
        "10": 4.531806,
        "11": 12.416644,
        "12": 5.891143,
        "13": 14.022191,
        "14": 3.838193,
        "15": 5.457127,
        "16": 1.547206,
        "17": 4.757374,
        "18": 8.642628,
        "19": 7.503815,
        "20": 5.755109,
        "21": 3.321976,
        "22": 3.855397,
        "23": 3.231104,
        "24": 1.491294,
        "25": 3.150022,
        "26": 1.931591,
        "27": 6.700513,
        "28": 6.468452,
        "29": 4.337077,
        "30": 2.295205,
        "31": 3.611076,
        "32": 2.408399,
        "33": 3.399522,
        "34": 5.731322,
        "35": 6.174911,
        "36": 2.846197,
        "37": 6.37432,
        "38": 9.034071
      }
    },
    "high": {
      "utilization_fraction": 0.8,
      "edge_latencies_ms": {
        "0": 2.91834,
        "1": 5.253682,
        "2": 4.040271,
        "3": 6.74538,
        "4": 12.980818,
        "5": 4.943499,
        "6": 3.441012,
        "7": 5.128276,
        "8": 4.456904,
        "9": 3.290038,
        "10": 4.535394,
        "11": 12.481006,
        "12": 5.895463,
        "13": 14.088657,
        "14": 3.841261,
        "15": 5.478779,
        "16": 1.552048,
        "17": 4.769098,
        "18": 8.669236,
        "19": 7.517863,
        "20": 5.764245,
        "21": 3.327763,
        "22": 3.85925,
        "23": 3.234632,
        "24": 1.519929,
        "25": 3.158565,
        "26": 1.939116,
        "27": 6.711831,
        "28": 6.474361,
        "29": 4.341978,
        "30": 2.301538,
        "31": 3.620128,
        "32": 2.411478,
        "33": 3.40277,
        "34": 5.735277,
        "35": 6.178489,
        "36": 2.852249,
        "37": 6.378815,
        "38": 9.038102
      }
    },
    "flash": {
      "utilization_fraction": 0.95,
      "edge_latencies_ms": {
        "0": 2.984186,
        "1": 5.273433,
        "2": 4.098944,
        "3": 6.76577,
        "4": 13.15858,
        "5": 4.960602,
        "6": 3.456725,
        "7": 5.147627,
        "8": 4.488831,
        "9": 3.31466,
        "10": 4.553334,
        "11": 12.802819,
        "12": 5.917067,
        "13": 14.420986,
        "14": 3.856597,
        "15": 5.587038,
        "16": 1.576259,
        "17": 4.82772,
        "18": 8.802278,
        "19": 7.588105,
        "20": 5.809925,
        "21": 3.356698,
        "22": 3.878516,
        "23": 3.252271,
        "24": 1.663104,
        "25": 3.201278,
        "26": 1.976742,
        "27": 6.768421,
        "28": 6.503907,
        "29": 4.366479,
        "30": 2.333204,
        "31": 3.66539,
        "32": 2.426872,
        "33": 3.419011,
        "34": 5.755049,
        "35": 6.196378,
        "36": 2.882506,
        "37": 6.401288,
        "38": 9.058257
      }
    }
  }
}