{
  "topology_id": 496,
  "load_conditions": {
    "low": {
      "utilization_fraction": 0.2,
      "edge_latencies_ms": {
        "0": 1.157338,
        "1": 4.819736,
        "2": 3.468214,
        "3": 4.389372,
        "4": 1.946678,
        "5": 1.20287,
        "6": 6.390925,
        "7": 5.213407,
        "8": 2.978216,
        "9": 2.644447,
        "10": 1.915289,
        "11": 4.888796,
        "12": 5.949774,
        "13": 4.022836,
        "14": 1.618038,
        "15": 4.380172,
        "16": 7.332309,
        "17": 5.480433,
        "18": 1.491916,
        "19": 6.062137,
        "20": 5.957434,
        "21": 3.976806,
        "22": 6.675755,
        "23": 3.097814,
        "24": 3.619528,
        "25": 6.988834,
        "26": 10.016862,
        "27": 14.634406,
        "28": 2.640697,
        "29": 5.213443,
        "30": 2.7673,
        "31": 4.014185,
        "32": 18.738301,
        "33": 6.689658,
        "34": 3.283327,
        "35": 3.95777,
        "36": 4.071489,
        "37": 2.374601,
        "38": 16.854001,
        "39": 12.530134,
        "40": 4.549252,
        "41": 1.489954,
        "42": 4.297068,
        "43": 1.92178,
        "44": 3.135405,
        "45": 3.875675,
        "46": 5.338746,
        "47": 2.508198,
        "48": 3.084418,
        "49": 3.816073,
        "50": 4.453927,
        "51": 5.161081,
        "52": 4.259587,
        "53": 4.658782,
        "54": 2.722556,
        "55": 2.767197,
        "56": 2.907994,
        "57": 1.864952,
        "58": 1.963373,
        "59": 6.699019,
        "60": 5.596134,
        "61": 5.618798,
        "62": 1.618763,
        "63": 3.84085,
        "64": 1.261298,
        "65": 5.539945,
        "66": 1.506425,
        "67": 16.661822,
        "68": 18.19547,
        "69": 4.942189,
        "70": 4.595413,
        "71": 3.677368,
        "72": 2.294896,
        "73": 4.433868,
        "74": 4.69012,
        "75": 4.997975,
        "76": 4.387816,
        "77": 1.901473,
        "78": 4.830695,
        "79": 4.014345,
        "80": 3.330975,
        "81": 4.104231,
        "82": 16.631509,
        "83": 3.860742,
        "84": 14.934231,
        "85": 3.279005,
        "86": 6.367761,
        "87": 13.221036,
        "88": 13.995207,
        "89": 7.684684,
        "90": 2.533826,
        "91": 6.735012,
        "92": 6.2982,
        "93": 2.985826,
        "94": 2.213789,
        "95": 4.672133,
        "96": 2.580445,
        "97": 11.120688,
        "98": 1.501381,
        "99": 3.885418,
        "100": 2.438359,
        "101": 4.596662,
        "102": 2.914415,
        "103": 2.537848,
        "104": 2.287031,
        "105": 2.007154,
        "106": 6.907925,
        "107": 2.470182,
        "108": 2.421095,
        "109": 1.669168,
        "110": 2.612323,
        "111": 3.176776,
        "112": 2.923911,
        "113": 0.704073,
        "114": 0.755298,
        "115": 3.5145,
        "116": 1.899753,
        "117": 4.728053,
        "118": 2.26566,
        "119": 6.036386,
        "120": 3.681957,
        "121": 4.441189,
        "122": 1.339865,
        "123": 2.676852,
        "124": 3.047081,
        "125": 5.925631,
        "126": 2.376265,
        "127": 4.510385,
        "128": 3.148599,
        "129": 5.510852,
        "130": 5.00652,
        "131": 9.883693,
        "132": 4.144742,
        "133": 5.674434,
        "134": 3.493942,
        "135": 5.076556,
        "136": 2.771668,
        "137": 2.517112,
        "138": 2.949173
      }
    },
    "medium": {
      "utilization_fraction": 0.5,
      "edge_latencies_ms": {
        "0": 1.159546,
        "1": 4.821598,
        "2": 3.469043,
        "3": 4.39022,
        "4": 1.950833,
        "5": 1.204478,
        "6": 6.394551,
        "7": 5.214196,
        "8": 2.979756,
        "9": 2.645433,
        "10": 1.916961,
        "11": 4.889584,
        "12": 5.956123,
        "13": 4.023789,
        "14": 1.619663,
        "15": 4.382683,
        "16": 7.333115,
        "17": 5.481577,
        "18": 1.494648,
        "19": 6.064176,
        "20": 5.95841,
        "21": 3.977643,
        "22": 6.67729,
        "23": 3.098819,
        "24": 3.620698,
        "25": 6.990233,
        "26": 10.05444,
        "27": 14.643143,
        "28": 2.641566,
        "29": 5.214271,
        "30": 2.774467,
        "31": 4.017657,
        "32": 18.749208,
        "33": 6.694139,
        "34": 3.284216,
        "35": 3.964066,
        "36": 4.073286,
        "37": 2.376831,
        "38": 16.8873,
        "39": 12.564913,
        "40": 4.551037,
        "41": 1.491488,
        "42": 4.299231,
        "43": 1.923307,
        "44": 3.137968,
        "45": 3.877029,
        "46": 5.339984,
        "47": 2.514868,
        "48": 3.087378,
        "49": 3.819727,
        "50": 4.455271,
        "51": 5.162002,
        "52": 4.260403,
        "53": 4.660165,
        "54": 2.723428,
        "55": 2.77043,
        "56": 2.909083,
        "57": 1.868023,
        "58": 1.965537,
        "59": 6.701778,
        "60": 5.599451,
        "61": 5.620174,
        "62": 1.619541,
        "63": 3.841728,
        "64": 1.264204,
        "65": 5.541155,
        "66": 1.508963,
        "67": 16.676378,
        "68": 18.213614,
        "69": 4.942965,
        "70": 4.59783,
        "71": 3.678152,
        "72": 2.295791,
        "73": 4.436787,
        "74": 4.691288,
        "75": 4.999101,
        "76": 4.392262,
        "77": 1.902277,
        "78": 4.832157,
        "79": 4.016467,
        "80": 3.33285,
        "81": 4.108913,
        "82": 16.640192,
        "83": 3.866528,
        "84": 14.980173,
        "85": 3.283976,
        "86": 6.369393,
        "87": 13.228961,
        "88": 14.028714,
        "89": 7.685472,
        "90": 2.534802,
        "91": 6.735904,
        "92": 6.299137,
        "93": 2.986592,
        "94": 2.214577,
        "95": 4.673409,
        "96": 2.581948,
        "97": 11.14401,
        "98": 1.503788,
        "99": 3.886238,
        "100": 2.439522,
        "101": 4.598014,
        "102": 2.915317,
        "103": 2.541727,
        "104": 2.289063,
        "105": 2.008557,
        "106": 6.908677,
        "107": 2.471887,
        "108": 2.422506,
        "109": 1.671173,
        "110": 2.61432,
        "111": 3.177988,
        "112": 2.924885,
        "113": 0.705511,
        "114": 0.756992,
        "115": 3.515298,
        "116": 1.901078,
        "117": 4.730586,
        "118": 2.268143,
        "119": 6.037191,
        "120": 3.684338,
        "121": 4.442545,
        "122": 1.340891,
        "123": 2.677961,
        "124": 3.0479,
        "125": 5.926405,
        "126": 2.377148,
        "127": 4.513839,
        "128": 3.150157,
        "129": 5.512383,
        "130": 5.007486,
        "131": 9.935519,
        "132": 4.146137,
        "133": 5.676842,
        "134": 3.49948,
        "135": 5.078149,
        "136": 2.772712,
        "137": 2.518055,
        "138": 2.954901
      }
    },
    "high": {
      "utilization_fraction": 0.8,
      "edge_latencies_ms": {
        "0": 1.168375,
        "1": 4.829049,
        "2": 3.472362,
        "3": 4.393615,
        "4": 1.967451,
        "5": 1.210913,
        "6": 6.409056,
        "7": 5.217355,
        "8": 2.985913,
        "9": 2.649379,
        "10": 1.923649,
        "11": 4.892735,
        "12": 5.981519,
        "13": 4.027601,
        "14": 1.626165,
        "15": 4.392729,
        "16": 7.336338,
        "17": 5.486154,
        "18": 1.505576,
        "19": 6.07233,
        "20": 5.962315,
        "21": 3.98099,
        "22": 6.68343,
        "23": 3.10284,
        "24": 3.62538,
        "25": 6.995832,
        "26": 10.204752,
        "27": 14.67809,
        "28": 2.645043,
        "29": 5.217582,
        "30": 2.803133,
        "31": 4.031544,
        "32": 18.792836,
        "33": 6.712062,
        "34": 3.287772,
        "35": 3.98925,
        "36": 4.080476,
        "37": 2.38575,
        "38": 17.020493,
        "39": 12.704028,