{
  "topology_id": 430,
  "load_conditions": {
    "low": {
      "utilization_fraction": 0.2,
      "edge_latencies_ms": {
        "0": 3.209246,
        "1": 5.004267,
        "2": 3.884534,
        "3": 4.285213,
        "4": 2.582572,
        "5": 5.952948,
        "6": 13.765035,
        "7": 3.408019,
        "8": 12.382798,
        "9": 0.911205,
        "10": 4.61966,
        "11": 3.120531,
        "12": 11.038152,
        "13": 3.948916,
        "14": 2.40176,
        "15": 2.067614,
        "16": 10.486347,
        "17": 2.951303,
        "18": 1.772591,
        "19": 1.816802,
        "20": 5.421014,
        "21": 6.410724,
        "22": 4.444708,
        "23": 3.260171,
        "24": 4.43773,
        "25": 5.604952,
        "26": 3.62683,
        "27": 4.03526,
        "28": 3.492413,
        "29": 2.580091,
        "30": 2.787241,
        "31": 5.040446,
        "32": 8.945689,
        "33": 2.513825,
        "34": 4.38003,
        "35": 3.33029,
        "36": 3.157587,
        "37": 6.053007,
        "38": 10.516962,
        "39": 2.274602,
        "40": 5.433104,
        "41": 3.614718,
        "42": 10.485253,
        "43": 4.357849,
        "44": 3.820284,
        "45": 4.583022,
        "46": 2.862223,
        "47": 2.438283,
        "48": 4.581912,
        "49": 6.03523,
        "50": 2.125399,
        "51": 9.608727,
        "52": 9.18566,
        "53": 7.052854,
        "54": 1.826937,
        "55": 1.073978,
        "56": 1.738785,
        "57": 1.033276
      }
    },
    "medium": {
      "utilization_fraction": 0.5,
      "edge_latencies_ms": {
        "0": 3.210241,
        "1": 5.008481,
        "2": 3.885796,
        "3": 4.287534,
        "4": 2.583495,
        "5": 5.957591,
        "6": 13.773087,
        "7": 3.408773,
        "8": 12.394269,
        "9": 0.91221,
        "10": 4.621924,
        "11": 3.126616,
        "12": 11.048638,
        "13": 3.94994,
        "14": 2.404268,
        "15": 2.069636,
        "16": 10.515937,
        "17": 2.952163,
        "18": 1.77629,
        "19": 1.823528,
        "20": 5.421928,
        "21": 6.411576,
        "22": 4.446543,
        "23": 3.270747,
        "24": 4.440093,
        "25": 5.606603,
        "26": 3.630705,
        "27": 4.040298,
        "28": 3.50741,
        "29": 2.581755,
        "30": 2.78894,
        "31": 5.042216,
        "32": 8.962081,
        "33": 2.514949,
        "34": 4.381422,
        "35": 3.331197,
        "36": 3.158369,
        "37": 6.053836,
        "38": 10.525363,
        "39": 2.276759,
        "40": 5.434172,
        "41": 3.615729,
        "42": 10.49437,
        "43": 4.358932,
        "44": 3.821534,
        "45": 4.583893,
        "46": 2.864577,
        "47": 2.439159,
        "48": 4.58709,
        "49": 6.036736,
        "50": 2.126197,
        "51": 9.609723,
        "52": 9.192388,
        "53": 7.056959,
        "54": 1.82799,
        "55": 1.075217,
        "56": 1.740963,
        "57": 1.035101
      }
    },
    "high": {
      "utilization_fraction": 0.8,
      "edge_latencies_ms": {
        "0": 3.214221,
        "1": 5.025337,
        "2": 3.890841,
        "3": 4.296818,
        "4": 2.587186,
        "5": 5.976162,
        "6": 13.805291,
        "7": 3.411789,
        "8": 12.440156,
        "9": 0.916227,
        "10": 4.630982,
        "11": 3.150954,
        "12": 11.090584,
        "13": 3.954034,
        "14": 2.4143,
        "15": 2.077728,
        "16": 10.634294,
        "17": 2.955604,
        "18": 1.791086,
        "19": 1.850432,
        "20": 5.425584,
        "21": 6.414985,
        "22": 4.453883,
        "23": 3.31305,
        "24": 4.449544,
        "25": 5.613208,
        "26": 3.646205,
        "27": 4.06045,
        "28": 3.5674,
        "29": 2.588408,
        "30": 2.795734,
        "31": 5.049294,
        "32": 9.027651,
        "33": 2.519444,
        "34": 4.38699,
        "35": 3.334824,
        "36": 3.161499,
        "37": 6.057151,
        "38": 10.558967,
        "39": 2.285391,
        "40": 5.438445,
        "41": 3.619774,
        "42": 10.530835,
        "43": 4.363264,
        "44": 3.826538,
        "45": 4.587375,
        "46": 2.873993,
        "47": 2.442662,
        "48": 4.607801,
        "49": 6.042759,
        "50": 2.129388,
        "51": 9.613711,
        "52": 9.219299,
        "53": 7.073378,
        "54": 1.832202,
        "55": 1.08017,
        "56": 1.749674,
        "57": 1.042399
      }
    },
    "flash": {
      "utilization_fraction": 0.95,
      "edge_latencies_ms": {
        "0": 3.23412,
        "1": 5.109618,
        "2": 3.91607,
        "3": 4.34324,
        "4": 2.605643,
        "5": 6.069017,
        "6": 13.966311,
        "7": 3.42687,
        "8": 12.669587,
        "9": 0.936311,
        "10": 4.676268,
        "11": 3.272645,
        "12": 11.300312,
        "13": 3.974503,
        "14": 2.46446,
        "15": 2.118185,
        "16": 11.226082,
        "17": 2.972811,
        "18": 1.865067,
        "19": 1.98495,
        "20": 5.443865,
        "21": 6.432031,
        "22": 4.490582,
        "23": 3.524568,
        "24": 4.496799,
        "25": 5.646233,
        "26": 3.723706,
        "27": 4.161209,
        "28": 3.867349,
        "29": 2.621678,
        "30": 2.829707,
        "31": 5.084685,
        "32": 9.355502,
        "33": 2.541921,
        "34": 4.414829,
        "35": 3.352958,
        "36": 3.177144,
        "37": 6.073729,
        "38": 10.72699,
        "39": 2.328548,
        "40": 5.459809,
        "41": 3.64,
        "42": 10.713161,
        "43": 4.384927,
        "44": 3.851556,
        "45": 4.604788,
        "46": 2.921076,
        "47": 2.460178,
        "48": 4.711353,
        "49": 6.072874,
        "50": 2.145344,
        "51": 9.63365,
        "52": 9.353854,
        "53": 7.155473,
        "54": 1.853262,
        "55": 1.104936,
        "56": 1.79323,
        "57": 1.078889
      }
    }
  }
}