{
  "topology_id": 156,
  "load_conditions": {
    "low": {
      "utilization_fraction": 0.2,
      "edge_latencies_ms": {
        "0": 4.907054,
        "1": 3.369933,
        "2": 3.712207,
        "3": 5.7332,
        "4": 3.782266,
        "5": 4.472611,
        "6": 1.629354,
        "7": 4.548266,
        "8": 6.063109,
        "9": 2.548715,
        "10": 3.139744,
        "11": 15.084528,
        "12": 1.986236,
        "13": 3.3848,
        "14": 6.044715,
        "15": 4.941113,
        "16": 3.703545,
        "17": 4.758817,
        "18": 7.970772,
        "19": 4.270396,
        "20": 8.065124,
        "21": 4.036441,
        "22": 6.913661,
        "23": 6.249598,
        "24": 9.093981,
        "25": 4.33586,
        "26": 3.090631,
        "27": 6.657779,
        "28": 7.029883,
        "29": 4.662304,
        "30": 5.811445,
        "31": 7.073731,
        "32": 2.421786,
        "33": 11.948181,
        "34": 10.377429,
        "35": 5.644619,
        "36": 3.066009,
        "37": 5.97634,
        "38": 3.329143,
        "39": 3.44914,
        "40": 4.871128,
        "41": 1.168979,
        "42": 3.900927,
        "43": 4.823558,
        "44": 2.0943,
        "45": 4.558323,
        "46": 2.470762,
        "47": 5.761953,
        "48": 6.453076,
        "49": 3.04085,
        "50": 8.180148,
        "51": 2.964731,
        "52": 8.212346,
        "53": 6.326518,
        "54": 3.544976,
        "55": 4.323748,
        "56": 6.063789,
        "57": 3.746706,
        "58": 3.177631,
        "59": 3.111124,
        "60": 2.329297,
        "61": 2.470986,
        "62": 6.169438,
        "63": 3.116034,
        "64": 4.09769,
        "65": 7.522262,
        "66": 6.89196,
        "67": 6.969586,
        "68": 7.015669,
        "69": 6.105045,
        "70": 6.013218,
        "71": 5.518696,
        "72": 2.520352,
        "73": 4.230213,
        "74": 2.06079,
        "75": 3.106387,
        "76": 5.489346,
        "77": 2.052858,
        "78": 2.364498,
        "79": 3.679836,
        "80": 2.420121,
        "81": 3.349831,
        "82": 3.783549,
        "83": 4.232191,
        "84": 3.591441,
        "85": 2.635406,
        "86": 5.237103,
        "87": 3.622203,
        "88": 3.712955,
        "89": 2.232852,
        "90": 3.101056,
        "91": 2.293555,
        "92": 6.99335,
        "93": 2.192933
      }
    },
    "medium": {
      "utilization_fraction": 0.5,
      "edge_latencies_ms": {
        "0": 4.90789,
        "1": 3.371412,
        "2": 3.713196,
        "3": 5.73784,
        "4": 3.783822,
        "5": 4.474058,
        "6": 1.635414,
        "7": 4.549886,
        "8": 6.063962,
        "9": 2.549631,
        "10": 3.140751,
        "11": 15.097532,
        "12": 1.987302,
        "13": 3.38557,
        "14": 6.046132,
        "15": 4.943107,
        "16": 3.707642,
        "17": 4.760001,
        "18": 7.97285,
        "19": 4.271531,
        "20": 8.067227,
        "21": 4.037366,
        "22": 6.91501,
        "23": 6.250389,
        "24": 9.104821,
        "25": 4.336799,
        "26": 3.091497,
        "27": 6.65987,
        "28": 7.030896,
        "29": 4.663114,
        "30": 5.813737,
        "31": 7.089204,
        "32": 2.422968,
        "33": 11.959837,
        "34": 10.388844,
        "35": 5.650205,
        "36": 3.067412,
        "37": 5.977132,
        "38": 3.329961,
        "39": 3.469316,
        "40": 4.904378,
        "41": 1.169976,
        "42": 3.902806,
        "43": 4.82488,
        "44": 2.095116,
        "45": 4.559088,
        "46": 2.473076,
        "47": 5.763811,
        "48": 6.454039,
        "49": 3.042021,
        "50": 8.18392,
        "51": 2.965509,
        "52": 8.213617,
        "53": 6.327966,
        "54": 3.545885,
        "55": 4.326008,
        "56": 6.065554,
        "57": 3.747776,
        "58": 3.179202,
        "59": 3.11379,
        "60": 2.330448,
        "61": 2.472071,
        "62": 6.173014,
        "63": 3.117043,
        "64": 4.099041,
        "65": 7.523235,
        "66": 6.894025,
        "67": 6.970803,
        "68": 7.016486,
        "69": 6.106615,
        "70": 6.014341,
        "71": 5.520068,
        "72": 2.52477,
        "73": 4.231108,
        "74": 2.061674,
        "75": 3.107957,
        "76": 5.490606,
        "77": 2.053795,
        "78": 2.366199,
        "79": 3.680924,
        "80": 2.424187,
        "81": 3.351681,
        "82": 3.784499,
        "83": 4.233212,
        "84": 3.592207,
        "85": 2.636892,
        "86": 5.241008,
        "87": 3.626648,
        "88": 3.713927,
        "89": 2.236351,
        "90": 3.102118,
        "91": 2.295147,
        "92": 6.995787,
        "93": 2.194664
      }
    },
    "high": {
      "utilization_fraction": 0.8,
      "edge_latencies_ms": {
        "0": 4.911235,
        "1": 3.377329,
        "2": 3.717151,
        "3": 5.756398,
        "4": 3.790048,
        "5": 4.479845,
        "6": 1.659657,
        "7": 4.556365,
        "8": 6.067373,
        "9": 2.553292,
        "10": 3.144779,
        "11": 15.149551,
        "12": 1.991569,
        "13": 3.388651,
        "14": 6.051802,
        "15": 4.951082,
        "16": 3.724028,
        "17": 4.764739,
        "18": 7.981162,
        "19": 4.276071,
        "20": 8.075636,
        "21": 4.041067,
        "22": 6.920405,
        "23": 6.253555,
        "24": 9.148182,
        "25": 4.340556,
        "26": 3.094959,
        "27": 6.668232,
        "28": 7.034948,
        "29": 4.666355,
        "30": 5.822905,
        "31": 7.151094,
        "32": 2.427696,
        "33": 12.006459,
        "34": 10.434502,
        "35": 5.672547,
        "36": 3.073022,
        "37": 5.980303,
        "38": 3.333233,
        "39": 3.550022,
        "40": 5.037376,
        "41": 1.173967,
        "42": 3.910319,
        "43": 4.830168,
        "44": 2.098379,
        "45": 4.562148,
        "46": 2.482335,
        "47": 5.771242,
        "48": 6.457892,
        "49": 3.046704,
        "50": 8.199007,
        "51": 2.968621,
        "52": 8.218705,
        "53": 6.333758,
        "54": 3.549523,
        "55": 4.335046,
        "56": 6.072618,
        "57": 3.752055,
        "58": 3.185482,
        "59": 3.124452,
        "60": 2.335052,
        "61": 2.476413,
        "62": 6.187319,
        "63": 3.121082,
        "64": 4.104446,
        "65": 7.527126,
        "66": 6.902283,
        "67": 6.975671,
        "68": 7.019754,
        "69": 6.112894,
        "70": 6.018834,
        "71": 5.525556,
        "72": 2.542441,
        "73": 4.234689,
        "74": 2.065207,
        "75": 3.114239,
        "76": 5.495647,
        "77": 2.057542,
        "78": 2.373003,
        "79": 3.685275,
        "80": 2.440451,
        "81": 3.35908,
        "82": 3.788301,
        "83": 4.237293,
        "84": 3.595269,
        "85": 2.642833,
        "86": 5.256629,
        "87": 3.64443,
        "88": 3.717814,
        "89": 2.250347,
        "90": 3.106366,
        "91": 2.301516,
        "92": 7.005532,
        "93": 2.201589
      }
    },
    "flash": {
      "utilization_fraction": 0.95,
      "edge_latencies_ms": {
        "0": 4.927957,
        "1": 3.40691,
        "2": 3.73693,
        "3": 5.849191,
        "4": 3.821176,
        "5": 4.508782,
        "6": 1.780872,
        "7": 4.588759,
        "8": 6.084428,
        "9": 2.571601,
        "10": 3.164921,
        "11": 15.409642,
        "12": 2.012905,
        "13": 3.404055,
        "14": 6.080149,
        "15": 4.990959,
        "16": 3.805956,
        "17": 4.78843,
        "18": 8.022724,
        "19": 4.298771,
        "20": 8.117684,
        "21": 4.059572,
        "22": 6.94738,
        "23": 6.269383,
        "24": 9.364983,
        "25": 4.359339,
        "26": 3.112273,
        "27": 6.710042,
        "28": 7.05521,
        "29": 4.682559,
        "30": 5.868742,
        "31": 7.460548,
        "32": 2.451336,
        "33": 12.239569,
        "34": 10.662794,
        "35": 5.784255,
        "36": 3.101073,