{
  "topology_id": 281,
  "load_conditions": {
    "low": {
      "utilization_fraction": 0.2,
      "edge_latencies_ms": {
        "0": 1.02491,
        "1": 2.394888,
        "2": 10.227359,
        "3": 10.538615,
        "4": 2.689563,
        "5": 1.7458,
        "6": 2.662957,
        "7": 2.836991,
        "8": 1.634289,
        "9": 1.675756,
        "10": 1.552304,
        "11": 12.999104,
        "12": 3.498245,
        "13": 5.267351,
        "14": 3.262008,
        "15": 3.539216,
        "16": 2.954877,
        "17": 3.768901,
        "18": 2.420233,
        "19": 9.31793,
        "20": 5.785191,
        "21": 11.728768,
        "22": 3.699402,
        "23": 4.350418
      }
    },
    "medium": {
      "utilization_fraction": 0.5,
      "edge_latencies_ms": {
        "0": 1.025743,
        "1": 2.395846,
        "2": 10.23502,
        "3": 10.546282,
        "4": 2.693248,
        "5": 1.746852,
        "6": 2.690882,
        "7": 2.837831,
        "8": 1.635474,
        "9": 1.682119,
        "10": 1.575852,
        "11": 13.028796,
        "12": 3.499518,
        "13": 5.275243,
        "14": 3.262922,
        "15": 3.540766,
        "16": 2.956523,
        "17": 3.76977,
        "18": 2.42174,
        "19": 9.328041,
        "20": 5.787171,
        "21": 11.744386,
        "22": 3.700343,
        "23": 4.351279
      }
    },
    "high": {
      "utilization_fraction": 0.8,
      "edge_latencies_ms": {
        "0": 1.029077,
        "1": 2.399679,
        "2": 10.265666,
        "3": 10.576948,
        "4": 2.707988,
        "5": 1.751063,
        "6": 2.802582,
        "7": 2.841191,
        "8": 1.640212,
        "9": 1.707571,
        "10": 1.670046,
        "11": 13.147565,
        "12": 3.504612,
        "13": 5.306811,
        "14": 3.266581,
        "15": 3.546969,
        "16": 2.96311,
        "17": 3.773243,
        "18": 2.427766,
        "19": 9.368487,
        "20": 5.79509,
        "21": 11.806861,
        "22": 3.704109,
        "23": 4.354727
      }
    },
    "flash": {
      "utilization_fraction": 0.95,
      "edge_latencies_ms": {
        "0": 1.045743,
        "1": 2.418842,
        "2": 10.418895,
        "3": 10.730281,
        "4": 2.781689,
        "5": 1.772118,
        "6": 3.361083,
        "7": 2.857991,
        "8": 1.663901,
        "9": 1.834832,
        "10": 2.141016,
        "11": 13.741408,
        "12": 3.53008,
        "13": 5.464651,
        "14": 3.284872,
        "15": 3.57798,
        "16": 2.996042,
        "17": 3.79061,
        "18": 2.457897,
        "19": 9.570716,
        "20": 5.834685,
        "21": 12.119234,
        "22": 3.722941,
        "23": 4.371963
      }
    }
  }
}