{
  "topology_id": 459,
  "load_conditions": {
    "low": {
      "utilization_fraction": 0.2,
      "edge_latencies_ms": {
        "0": 3.659226,
        "1": 2.503119,
        "2": 4.719833,
        "3": 5.804549,
        "4": 4.12798,
        "5": 1.598798,
        "6": 5.32286,
        "7": 4.784525,
        "8": 4.539429,
        "9": 3.147206,
        "10": 2.431548,
        "11": 2.369563,
        "12": 3.410764,
        "13": 6.366143,
        "14": 1.152059,
        "15": 3.348105,
        "16": 4.219902,
        "17": 2.808805,
        "18": 2.319417,
        "19": 2.249736,
        "20": 2.116496,
        "21": 3.925551,
        "22": 2.728344,
        "23": 2.738893,
        "24": 3.168195,
        "25": 3.680299,
        "26": 1.180628,
        "27": 3.973951,
        "28": 5.481685,
        "29": 3.769129,
        "30": 3.173667,
        "31": 3.581948,
        "32": 4.469715,
        "33": 6.425784,
        "34": 5.893998,
        "35": 3.954872,
        "36": 2.081927,
        "37": 6.29543,
        "38": 3.915047,
        "39": 6.617561,
        "40": 6.444987,
        "41": 7.265145,
        "42": 5.590561,
        "43": 7.377152,
        "44": 2.171552,
        "45": 3.453225,
        "46": 3.180671,
        "47": 2.85094,
        "48": 0.940302,
        "49": 3.226151,
        "50": 3.358459,
        "51": 1.090948,
        "52": 2.126766,
        "53": 3.757756,
        "54": 3.460371,
        "55": 6.414949,
        "56": 4.731125,
        "57": 1.236953,
        "58": 5.007686,
        "59": 5.220997,
        "60": 7.142206,
        "61": 3.563919,
        "62": 5.781035,
        "63": 4.750025,
        "64": 2.929361,
        "65": 6.71186,
        "66": 5.007533,
        "67": 1.641199,
        "68": 5.511801,
        "69": 5.645096,
        "70": 4.081323,
        "71": 4.530592,
        "72": 5.856399,
        "73": 1.997046,
        "74": 12.145574,
        "75": 3.357084,
        "76": 1.682866,
        "77": 2.256669,
        "78": 4.280093,
        "79": 1.743427,
        "80": 2.693855,
        "81": 12.070092,
        "82": 12.15124,
        "83": 5.885894,
        "84": 4.550672,
        "85": 6.636278,
        "86": 4.731069,
        "87": 4.130969,
        "88": 5.87807,
        "89": 5.782078,
        "90": 5.813479,
        "91": 5.014079,
        "92": 5.640657,
        "93": 2.253379,
        "94": 3.438701,
        "95": 2.254797,
        "96": 3.949768,
        "97": 6.5879,
        "98": 3.912785,
        "99": 3.469847,
        "100": 3.275601,
        "101": 6.30389,
        "102": 5.051541,
        "103": 2.727514,
        "104": 5.667218,
        "105": 4.844344,
        "106": 2.71562,
        "107": 1.965727,
        "108": 1.725006,
        "109": 3.407567,
        "110": 5.58012,
        "111": 3.951163,
        "112": 3.37784,
        "113": 6.576105,
        "114": 2.154574,
        "115": 3.675171,
        "116": 3.912104,
        "117": 1.783696,
        "118": 2.729656,
        "119": 2.332926,
        "120": 3.564497,
        "121": 3.538117,
        "122": 2.491096,
        "123": 2.738165,
        "124": 1.872379,
        "125": 1.920088,
        "126": 3.000697,
        "127": 3.398663,
        "128": 4.979451,
        "129": 4.620131,
        "130": 4.21832,
        "131": 2.156409,
        "132": 3.653173,
        "133": 1.687861,
        "134": 4.818309,
        "135": 3.313611,
        "136": 4.905653,
        "137": 4.621264,
        "138": 4.836852,
        "139": 4.284364,
        "140": 8.436995,
        "141": 5.79949,
        "142": 2.766625,
        "143": 5.31142,
        "144": 5.520936,
        "145": 3.386041,
        "146": 3.211933,
        "147": 4.826261,
        "148": 4.032023,
        "149": 3.331298,
        "150": 3.235098,
        "151": 2.715963,
        "152": 6.761822,
        "153": 4.205126,
        "154": 3.9488,
        "155": 4.442541,
        "156": 3.320272,
        "157": 3.614831,
        "158": 1.950629,
        "159": 5.024567,
        "160": 3.739247,
        "161": 2.569661,
        "162": 4.5163,
        "163": 4.820118,
        "164": 2.275921
      }
    },
    "medium": {
      "utilization_fraction": 0.5,
      "edge_latencies_ms": {
        "0": 3.665188,
        "1": 2.503908,
        "2": 4.721317,
        "3": 5.805369,
        "4": 4.128783,
        "5": 1.600663,
        "6": 5.324131,
        "7": 4.785583,
        "8": 4.540998,
        "9": 3.148956,
        "10": 2.432659,
        "11": 2.373213,
        "12": 3.411895,
        "13": 6.368333,
        "14": 1.153344,
        "15": 3.349752,
        "16": 4.223907,
        "17": 2.810086,
        "18": 2.320997,
        "19": 2.250869,
        "20": 2.118646,
        "21": 3.92935,
        "22": 2.729601,
        "23": 2.742134,
        "24": 3.170006,
        "25": 3.68159,
        "26": 1.181522,
        "27": 3.978859,
        "28": 5.483156,
        "29": 3.770498,
        "30": 3.174445,
        "31": 3.583567,
        "32": 4.47365,
        "33": 6.427444,
        "34": 5.896229,
        "35": 3.955638,
        "36": 2.082781,
        "37": 6.296529,
        "38": 3.916682,
        "39": 6.618715,
        "40": 6.446473,
        "41": 7.265919,
        "42": 5.592417,
        "43": 7.37829,
        "44": 2.172401,
        "45": 3.454085,
        "46": 3.184096,
        "47": 2.852149,
        "48": 0.941254,
        "49": 3.227032,
        "50": 3.359305,
        "51": 1.091957,
        "52": 2.128084,
        "53": 3.759221,
        "54": 3.461337,
        "55": 6.4208,
        "56": 4.73414,
        "57": 1.237769,
        "58": 5.008826,
        "59": 5.221843,
        "60": 7.143612,
        "61": 3.564716,
        "62": 5.783803,
        "63": 4.751117,
        "64": 2.932287,
        "65": 6.715106,
        "66": 5.011779,
        "67": 1.642922,
        "68": 5.514542,
        "69": 5.650865,
        "70": 4.082432,
        "71": 4.531967,
        "72": 5.857446,
        "73": 1.998053,
        "74": 12.1557,
        "75": 3.358589,
        "76": 1.683825,
        "77": 2.257551,
        "78": 4.281153,
        "79": 1.744686,
        "80": 2.698986,
        "81": 12.116241,
        "82": 12.167957,
        "83": 5.886925,
        "84": 4.55247,
        "85": 6.637121,
        "86": 4.733187,
        "87": 4.132046,
        "88": 5.880683,
        "89": 5.783916,
        "90": 5.814373,
        "91": 5.015317,
        "92": 5.642158,
        "93": 2.255069,
        "94": 3.439688,
        "95": 2.255646,
        "96": 3.951155,
        "97": 6.590532,
        "98": 3.913691,
        "99": 3.473161,
        "100": 3.277416,
        "101": 6.304746,
        "102": 5.05234,
        "103": 2.728962,
        "104": 5.668729,
        "105": 4.845115,
        "106": 2.718571,
        "107": 1.9665,
        "108": 1.725986,
        "109": 3.409799,
        "110": 5.581165,
        "111": 3.953914,
        "112": 3.379638,
        "113": 6.579826,
        "114": 2.157813,
        "115": 3.677873,
        "116": 3.915624,
        "117": 1.785998,
        "118": 2.730421,
        "119": 2.334775,
        "120": 3.565515,
        "121": 3.541774,
        "122": 2.494895,
        "123": 2.738931,
        "124": 1.874176,
        "125": 1.921885,
        "126": 3.002111,
        "127": 3.399473,
        "128": 4.980296,
        "129": 4.624819,
        "130": 4.220586,
        "131": 2.158109,
        "132": 3.65455,
        "133": 1.688844,
        "134": 4.822634,
        "135": 3.314478,
        "136": 4.907011,
        "137": 4.622989,
        "138": 4.837669,
        "139": 4.286055,
        "140": 8.438334,
        "141": 5.80052,
        "142": 2.767479,
        "143": 5.312253,
        "144": 5.522709,
        "145": 3.387199,
        "146": 3.213023,
        "147": 4.827496,
        "148": 4.032958,
        "149": 3.332252,
        "150": 3.235866,
        "151": 2.723197,
        "152": 6.762876,
        "153": 4.2062,
        "154": 3.94956,
        "155": 4.443716,