{
  "topology_id": 183,
  "load_conditions": {
    "low": {
      "utilization_fraction": 0.2,
      "edge_latencies_ms": {
        "0": 4.297468,
        "1": 3.657053,
        "2": 4.779915,
        "3": 5.169693,
        "4": 1.66485,
        "5": 5.071724,
        "6": 3.777139,
        "7": 5.747391,
        "8": 2.62744,
        "9": 6.023001,
        "10": 3.740483,
        "11": 15.232843,
        "12": 5.2336,
        "13": 15.653196,
        "14": 7.64903,
        "15": 3.409543,
        "16": 2.372133,
        "17": 4.290499,
        "18": 3.306677,
        "19": 6.431919,
        "20": 1.703437,
        "21": 2.568707,
        "22": 4.673917,
        "23": 8.20613,
        "24": 6.253736,
        "25": 8.761079,
        "26": 6.624973,
        "27": 5.352407,
        "28": 3.030741,
        "29": 13.231926,
        "30": 6.64715,
        "31": 3.476683,
        "32": 3.581607,
        "33": 1.92996,
        "34": 2.185381,
        "35": 3.984138,
        "36": 15.299383,
        "37": 2.027696,
        "38": 3.46283,
        "39": 5.662559,
        "40": 2.042059,
        "41": 1.960965,
        "42": 5.19251,
        "43": 5.187895,
        "44": 3.63635,
        "45": 4.657817,
        "46": 4.498639,
        "47": 3.592257,
        "48": 6.183684,
        "49": 0.790398,
        "50": 5.237611,
        "51": 2.904224,
        "52": 4.962978,
        "53": 3.177656,
        "54": 13.448192,
        "55": 4.945791,
        "56": 3.696372,
        "57": 4.410006,
        "58": 1.424009,
        "59": 3.849763,
        "60": 6.03606,
        "61": 3.891753,
        "62": 1.240374,
        "63": 4.448957,
        "64": 4.623186,
        "65": 3.959541,
        "66": 6.571963,
        "67": 3.374111,
        "68": 6.396518,
        "69": 1.592262,
        "70": 5.37815,
        "71": 6.488373,
        "72": 1.928349
      }
    },
    "medium": {
      "utilization_fraction": 0.5,
      "edge_latencies_ms": {
        "0": 4.300089,
        "1": 3.660259,
        "2": 4.780707,
        "3": 5.170638,
        "4": 1.66574,
        "5": 5.073595,
        "6": 3.778991,
        "7": 5.748603,
        "8": 2.632043,
        "9": 6.024167,
        "10": 3.741582,
        "11": 15.281839,
        "12": 5.234497,
        "13": 15.666698,
        "14": 7.65023,
        "15": 3.410459,
        "16": 2.373585,
        "17": 4.291355,
        "18": 3.310081,
        "19": 6.433205,
        "20": 1.710147,
        "21": 2.578181,
        "22": 4.67506,
        "23": 8.20792,
        "24": 6.256114,
        "25": 8.763056,
        "26": 6.626451,
        "27": 5.356515,
        "28": 3.031662,
        "29": 13.240581,
        "30": 6.648935,
        "31": 3.479116,
        "32": 3.583169,
        "33": 1.932951,
        "34": 2.186207,
        "35": 3.985576,
        "36": 15.33298,
        "37": 2.028608,
        "38": 3.472826,
        "39": 5.671138,
        "40": 2.045835,
        "41": 1.962528,
        "42": 5.193815,
        "43": 5.189146,
        "44": 3.637827,
        "45": 4.658693,
        "46": 4.502158,
        "47": 3.593213,
        "48": 6.185171,
        "49": 0.791316,
        "50": 5.240292,
        "51": 2.906082,
        "52": 4.963948,
        "53": 3.178651,
        "54": 13.456219,
        "55": 4.949737,
        "56": 3.697254,
        "57": 4.412021,
        "58": 1.425145,
        "59": 3.851058,
        "60": 6.039065,
        "61": 3.893648,
        "62": 1.241759,
        "63": 4.449864,
        "64": 4.627428,
        "65": 3.961402,
        "66": 6.57407,
        "67": 3.375187,
        "68": 6.398625,
        "69": 1.593935,
        "70": 5.37926,
        "71": 6.489149,
        "72": 1.929172
      }
    },
    "high": {
      "utilization_fraction": 0.8,
      "edge_latencies_ms": {
        "0": 4.310574,
        "1": 3.673084,
        "2": 4.783874,
        "3": 5.174414,
        "4": 1.669299,
        "5": 5.081076,
        "6": 3.786401,
        "7": 5.75345,
        "8": 2.650454,
        "9": 6.028833,
        "10": 3.745978,
        "11": 15.477822,
        "12": 5.238084,
        "13": 15.720703,
        "14": 7.655027,
        "15": 3.414122,
        "16": 2.379393,
        "17": 4.294778,
        "18": 3.323695,
        "19": 6.438349,
        "20": 1.736988,
        "21": 2.616075,
        "22": 4.679628,
        "23": 8.21508,
        "24": 6.265627,
        "25": 8.770965,
        "26": 6.632363,
        "27": 5.372946,
        "28": 3.035346,
        "29": 13.275201,
        "30": 6.656076,
        "31": 3.488849,
        "32": 3.589418,
        "33": 1.944918,
        "34": 2.189512,
        "35": 3.991326,
        "36": 15.467366,
        "37": 2.032256,
        "38": 3.51281,
        "39": 5.705453,
        "40": 2.060937,
        "41": 1.968782,
        "42": 5.199036,
        "43": 5.19415,
        "44": 3.643732,
        "45": 4.662196,
        "46": 4.516231,
        "47": 3.597039,
        "48": 6.191117,
        "49": 0.794989,
        "50": 5.251018,
        "51": 2.913512,
        "52": 4.967827,
        "53": 3.182634,
        "54": 13.48833,
        "55": 4.965524,
        "56": 3.700785,
        "57": 4.420079,
        "58": 1.429686,
        "59": 3.856239,
        "60": 6.051083,
        "61": 3.901227,
        "62": 1.247297,
        "63": 4.453492,
        "64": 4.644396,
        "65": 3.968845,
        "66": 6.582495,
        "67": 3.37949,
        "68": 6.407054,
        "69": 1.600624,
        "70": 5.3837,
        "71": 6.492254,
        "72": 1.932466
      }
    },
    "flash": {
      "utilization_fraction": 0.95,
      "edge_latencies_ms": {
        "0": 4.362995,
        "1": 3.737205,
        "2": 4.799709,
        "3": 5.193294,
        "4": 1.687094,
        "5": 5.118481,
        "6": 3.823447,
        "7": 5.777689,
        "8": 2.742513,
        "9": 6.052162,
        "10": 3.767958,
        "11": 16.45774,
        "12": 5.256018,
        "13": 15.99073,
        "14": 7.679015,
        "15": 3.432437,
        "16": 2.408434,
        "17": 4.311894,
        "18": 3.391767,
        "19": 6.464068,
        "20": 1.871192,
        "21": 2.805548,
        "22": 4.702473,
        "23": 8.250878,
        "24": 6.313189,
        "25": 8.810507,
        "26": 6.66192,
        "27": 5.455098,
        "28": 3.053768,
        "29": 13.448298,
        "30": 6.691781,
        "31": 3.537512,
        "32": 3.620663,
        "33": 2.004748,
        "34": 2.206037,
        "35": 4.020079,
        "36": 16.139296,
        "37": 2.050496,
        "38": 3.712727,
        "39": 5.877029,
        "40": 2.136445,
        "41": 2.00005,
        "42": 5.225144,
        "43": 5.219168,
        "44": 3.673259,
        "45": 4.679711,
        "46": 4.586598,
        "47": 3.616168,
        "48": 6.220847,
        "49": 0.813351,
        "50": 5.304643,
        "51": 2.950666,
        "52": 4.987225,
        "53": 3.202545,
        "54": 13.648884,
        "55": 5.044454,
        "56": 3.718438,
        "57": 4.460368,
        "58": 1.452392,
        "59": 3.882144,
        "60": 6.111175,
        "61": 3.939125,
        "62": 1.27499,
        "63": 4.47163,
        "64": 4.729237,
        "65": 4.006059,
        "66": 6.624624,
        "67": 3.401003,
        "68": 6.449198,
        "69": 1.634072,
        "70": 5.405899,
        "71": 6.50778,
        "72": 1.948932
      }
    }
  }
}