{
  "topology_id": 336,
  "load_conditions": {
    "low": {
      "utilization_fraction": 0.2,
      "edge_latencies_ms": {
        "0": 4.438351,
        "1": 2.827232,
        "2": 10.049934,
        "3": 11.608265,
        "4": 5.01382,
        "5": 4.632233,
        "6": 10.005711,
        "7": 4.146369,
        "8": 10.276466,
        "9": 4.764571,
        "10": 3.039721,
        "11": 1.782015,
        "12": 2.452364,
        "13": 2.39842
      }
    },
    "medium": {
      "utilization_fraction": 0.5,
      "edge_latencies_ms": {
        "0": 4.439321,
        "1": 2.83409,
        "2": 10.090751,
        "3": 11.617145,
        "4": 5.015956,
        "5": 4.633095,
        "6": 10.028568,
        "7": 4.14752,
        "8": 10.284272,
        "9": 4.767024,
        "10": 3.040904,
        "11": 1.782852,
        "12": 2.453446,
        "13": 2.399377
      }
    },
    "high": {
      "utilization_fraction": 0.8,
      "edge_latencies_ms": {
        "0": 4.443202,
        "1": 2.861521,
        "2": 10.254015,
        "3": 11.652665,
        "4": 5.024501,
        "5": 4.636543,
        "6": 10.119999,
        "7": 4.15212,
        "8": 10.3155,
        "9": 4.776839,
        "10": 3.045637,
        "11": 1.786196,
        "12": 2.457775,
        "13": 2.403207
      }
    },
    "flash": {
      "utilization_fraction": 0.95,
      "edge_latencies_ms": {
        "0": 4.46261,
        "1": 2.998676,
        "2": 11.070339,
        "3": 11.830263,
        "4": 5.067229,
        "5": 4.653782,
        "6": 10.577152,
        "7": 4.175123,
        "8": 10.471639,
        "9": 4.82591,
        "10": 3.0693,
        "11": 1.802918,
        "12": 2.47942,
        "13": 2.422354
      }
    }
  }
}