{
  "topology_id": 406,
  "load_conditions": {
    "low": {
      "utilization_fraction": 0.2,
      "edge_latencies_ms": {
        "0": 4.486328,
        "1": 3.80433,
        "2": 5.938771,
        "3": 8.65077,
        "4": 2.425635,
        "5": 6.072067,
        "6": 13.436778,
        "7": 2.776018,
        "8": 5.496082,
        "9": 4.36195,
        "10": 2.157123,
        "11": 1.837537,
        "12": 10.682177,
        "13": 4.014504,
        "14": 1.844123,
        "15": 2.046821,
        "16": 3.357935,
        "17": 0.339743,
        "18": 4.401836,
        "19": 2.47824,
        "20": 2.086659,
        "21": 3.716027,
        "22": 4.882089,
        "23": 5.673725,
        "24": 4.574418,
        "25": 4.055604
      }
    },
    "medium": {
      "utilization_fraction": 0.5,
      "edge_latencies_ms": {
        "0": 4.488426,
        "1": 3.805278,
        "2": 5.940468,
        "3": 8.662406,
        "4": 2.42802,
        "5": 6.0734,
        "6": 13.447719,
        "7": 2.777212,
        "8": 5.496905,
        "9": 4.363468,
        "10": 2.160033,
        "11": 1.838348,
        "12": 10.691239,
        "13": 4.015819,
        "14": 1.846993,
        "15": 2.048463,
        "16": 3.358982,
        "17": 0.34197,
        "18": 4.403214,
        "19": 2.480693,
        "20": 2.087429,
        "21": 3.718707,
        "22": 4.882964,
        "23": 5.674868,
        "24": 4.576519,
        "25": 4.058229
      }
    },
    "high": {
      "utilization_fraction": 0.8,
      "edge_latencies_ms": {
        "0": 4.496815,
        "1": 3.809073,
        "2": 5.947259,
        "3": 8.708949,
        "4": 2.437558,
        "5": 6.078731,
        "6": 13.491483,
        "7": 2.781988,
        "8": 5.500194,
        "9": 4.36954,
        "10": 2.171675,
        "11": 1.841591,
        "12": 10.727486,
        "13": 4.02108,
        "14": 1.858471,
        "15": 2.05503,
        "16": 3.363168,
        "17": 0.350881,
        "18": 4.408724,
        "19": 2.490504,
        "20": 2.090508,
        "21": 3.729428,
        "22": 4.886464,
        "23": 5.679439,
        "24": 4.584921,
        "25": 4.068728
      }
    },
    "flash": {
      "utilization_fraction": 0.95,
      "edge_latencies_ms": {
        "0": 4.538761,
        "1": 3.828046,
        "2": 5.981215,
        "3": 8.941666,
        "4": 2.485248,
        "5": 6.105385,
        "6": 13.710302,
        "7": 2.805867,
        "8": 5.516641,
        "9": 4.3999,
        "10": 2.229882,
        "11": 1.857805,
        "12": 10.908723,
        "13": 4.047385,
        "14": 1.915862,
        "15": 2.087867,
        "16": 3.384101,
        "17": 0.395435,
        "18": 4.436277,
        "19": 2.539558,
        "20": 2.105906,
        "21": 3.783033,
        "22": 4.903964,
        "23": 5.702292,
        "24": 4.626935,
        "25": 4.121222
      }
    }
  }
}