{
  "topology_id": 107,
  "load_conditions": {
    "low": {
      "utilization_fraction": 0.2,
      "edge_latencies_ms": {
        "0": 1.986699,
        "1": 4.42865,
        "2": 2.735763,
        "3": 3.693946,
        "4": 3.498479,
        "5": 5.572587,
        "6": 4.395454,
        "7": 4.377551,
        "8": 2.74795,
        "9": 0.84178,
        "10": 7.440082,
        "11": 4.457094,
        "12": 4.647298,
        "13": 7.777013,
        "14": 5.615023,
        "15": 4.089694,
        "16": 3.638965,
        "17": 3.39322,
        "18": 4.430367,
        "19": 4.084719,
        "20": 1.8536,
        "21": 3.720224,
        "22": 2.514223,
        "23": 5.862344,
        "24": 2.650117,
        "25": 5.441691,
        "26": 2.524939,
        "27": 2.364141,
        "28": 2.841682,
        "29": 3.060155,
        "30": 4.531237,
        "31": 2.330545,
        "32": 2.66681,
        "33": 2.035974,
        "34": 3.159579,
        "35": 2.300686,
        "36": 4.806264,
        "37": 3.357351,
        "38": 1.378915,
        "39": 5.04954,
        "40": 1.676686,
        "41": 3.349663,
        "42": 8.524458,
        "43": 3.823426,
        "44": 3.169254,
        "45": 5.394378,
        "46": 5.085077,
        "47": 3.708672,
        "48": 3.5688,
        "49": 4.516494,
        "50": 3.550189,
        "51": 4.206684,
        "52": 1.955921,
        "53": 4.792381,
        "54": 4.758669,
        "55": 4.00368,
        "56": 3.207203,
        "57": 3.07952,
        "58": 3.135237,
        "59": 3.801294,
        "60": 3.795542,
        "61": 4.674394,
        "62": 7.487646,
        "63": 2.712273,
        "64": 7.575402,
        "65": 2.636383,
        "66": 3.532504,
        "67": 3.535625,
        "68": 3.735228,
        "69": 1.133624,
        "70": 3.44726,
        "71": 2.544104,
        "72": 4.873545,
        "73": 4.625679,
        "74": 4.41935,
        "75": 5.504388,
        "76": 1.602455,
        "77": 2.085305,
        "78": 3.98988,
        "79": 2.423233,
        "80": 3.987248,
        "81": 2.895222,
        "82": 3.166616,
        "83": 3.789154,
        "84": 4.335842,
        "85": 6.325634,
        "86": 2.162405,
        "87": 2.403646,
        "88": 5.013767,
        "89": 0.953264,
        "90": 5.714081,
        "91": 7.131007,
        "92": 1.657243,
        "93": 5.443944,
        "94": 1.497413,
        "95": 4.847023,
        "96": 2.199455,
        "97": 2.945451,
        "98": 2.92025,
        "99": 6.838418,
        "100": 3.736563,
        "101": 2.858415,
        "102": 2.788261,
        "103": 2.372605,
        "104": 7.660061,
        "105": 7.054882,
        "106": 2.606401,
        "107": 4.143232,
        "108": 5.137728,
        "109": 1.726728,
        "110": 3.954962,
        "111": 4.090784,
        "112": 2.06694,
        "113": 5.457267,
        "114": 4.274912,
        "115": 3.102165,
        "116": 5.825338,
        "117": 5.421679,
        "118": 7.599471,
        "119": 5.828366,
        "120": 3.35194,
        "121": 6.047363,
        "122": 3.122609,
        "123": 1.224168,
        "124": 4.022758,
        "125": 3.137742,
        "126": 6.683594,
        "127": 3.385577,
        "128": 7.280958
      }
    },
    "medium": {
      "utilization_fraction": 0.5,
      "edge_latencies_ms": {
        "0": 1.993255,
        "1": 4.429554,
        "2": 2.737461,
        "3": 3.694847,
        "4": 3.4999,
        "5": 5.574081,
        "6": 4.397799,
        "7": 4.379181,
        "8": 2.74974,
        "9": 0.843406,
        "10": 7.441578,
        "11": 4.457845,
        "12": 4.648538,
        "13": 7.790431,
        "14": 5.616408,
        "15": 4.090824,
        "16": 3.639802,
        "17": 3.394089,
        "18": 4.431286,
        "19": 4.085742,
        "20": 1.854774,
        "21": 3.726623,
        "22": 2.515116,
        "23": 5.883551,
        "24": 2.651371,
        "25": 5.469696,
        "26": 2.527429,
        "27": 2.36495,
        "28": 2.842728,
        "29": 3.061978,
        "30": 4.532326,
        "31": 2.332142,
        "32": 2.668823,
        "33": 2.038896,
        "34": 3.162142,
        "35": 2.301569,
        "36": 4.810091,
        "37": 3.358251,
        "38": 1.380357,
        "39": 5.050711,
        "40": 1.678643,
        "41": 3.350905,
        "42": 8.540552,
        "43": 3.824868,
        "44": 3.171695,
        "45": 5.395221,
        "46": 5.086703,
        "47": 3.709729,
        "48": 3.570568,
        "49": 4.52146,
        "50": 3.555586,
        "51": 4.208137,
        "52": 1.95899,
        "53": 4.794793,
        "54": 4.762828,
        "55": 4.006275,
        "56": 3.208345,
        "57": 3.080694,
        "58": 3.136115,
        "59": 3.803005,
        "60": 3.796845,
        "61": 4.675146,
        "62": 7.48848,
        "63": 2.713426,
        "64": 7.579265,
        "65": 2.638188,
        "66": 3.533685,
        "67": 3.536638,
        "68": 3.736412,
        "69": 1.137383,
        "70": 3.44882,
        "71": 2.546399,
        "72": 4.874508,
        "73": 4.626455,
        "74": 4.421475,
        "75": 5.506573,
        "76": 1.603575,
        "77": 2.086656,
        "78": 3.99092,
        "79": 2.42445,
        "80": 3.988375,
        "81": 2.899843,
        "82": 3.168522,
        "83": 3.791393,
        "84": 4.336615,
        "85": 6.328202,
        "86": 2.164683,
        "87": 2.405758,
        "88": 5.01597,
        "89": 0.955474,
        "90": 5.715225,
        "91": 7.161103,
        "92": 1.658051,
        "93": 5.448337,
        "94": 1.498451,
        "95": 4.848862,
        "96": 2.201549,
        "97": 2.950186,
        "98": 2.921636,
        "99": 6.839754,
        "100": 3.737693,
        "101": 2.860304,
        "102": 2.791742,
        "103": 2.375243,
        "104": 7.661818,
        "105": 7.058925,
        "106": 2.607498,
        "107": 4.144372,
        "108": 5.142161,
        "109": 1.727737,
        "110": 3.956082,
        "111": 4.092552,
        "112": 2.067871,
        "113": 5.458284,
        "114": 4.276167,
        "115": 3.104391,
        "116": 5.826177,
        "117": 5.422501,
        "118": 7.601532,
        "119": 5.829451,
        "120": 3.352797,
        "121": 6.048116,
        "122": 3.123386,
        "123": 1.225986,
        "124": 4.024492,
        "125": 3.138877,
        "126": 6.684355,
        "127": 3.387215,
        "128": 7.283867
      }
    },
    "high": {
      "utilization_fraction": 0.8,
      "edge_latencies_ms": {
        "0": 2.019478,
        "1": 4.433173,
        "2": 2.744255,
        "3": 3.698452,
        "4": 3.505582,
        "5": 5.580059,
        "6": 4.407177,
        "7": 4.385705,
        "8": 2.756902,
        "9": 0.849913,
        "10": 7.447562,
        "11": 4.460848,
        "12": 4.653495,
        "13": 7.844105,
        "14": 5.621944,
        "15": 4.095342,
        "16": 3.643151,
        "17": 3.397566,
        "18": 4.434963,
        "19": 4.089833,
        "20": 1.859471,
        "21": 3.75222,
        "22": 2.518685,
        "23": 5.968378,
        "24": 2.656389,
        "25": 5.581718,
        "26": 2.537388,
        "27": 2.368187,
        "28": 2.846915,
        "29": 3.06927,
        "30": 4.536684,
        "31": 2.338531,
        "32": 2.676876,
        "33": 2.050581,
        "34": 3.172394,
        "35": 2.305103,
        "36": 4.825401,
        "37": 3.361848,
        "38": 1.386126,
        "39": 5.055393,
        "40": 1.686475,
        "41": 3.355869,
        "42": 8.604926,
        "43": 3.830638,
        "44": 3.181456,
        "45": 5.398596,
        "46": 5.093205,
        "47": 3.713957,
        "48": 3.57764,
        "49": 4.541321,
        "50": 3.577173,
        "51": 4.213947,
        "52": 1.971265,
        "53": 4.804441,
        "54": 4.779461,
        "55": 4.016654,
        "56": 3.212909,
        "57": 3.085393,
        "58": 3.139625,
        "59": 3.809851,
        "60": 3.802059,
        "61": 4.678153,