{
  "topology_id": 161,
  "load_conditions": {
    "low": {
      "utilization_fraction": 0.2,
      "edge_latencies_ms": {
        "0": 5.20271,
        "1": 15.004689,
        "2": 12.039466,
        "3": 7.141739,
        "4": 3.463978,
        "5": 3.776666,
        "6": 3.758042,
        "7": 5.662698,
        "8": 6.140929,
        "9": 3.747282,
        "10": 11.77198,
        "11": 4.002668,
        "12": 13.8653,
        "13": 1.825577,
        "14": 2.180344,
        "15": 14.113915,
        "16": 14.618352,
        "17": 8.554036,
        "18": 6.834513,
        "19": 5.715529,
        "20": 5.407565,
        "21": 5.532437,
        "22": 4.196521,
        "23": 9.090658,
        "24": 8.646766,
        "25": 6.933146,
        "26": 1.132466,
        "27": 3.251833,
        "28": 3.685214,
        "29": 3.968303,
        "30": 5.819397,
        "31": 3.408489,
        "32": 2.615316,
        "33": 2.830966,
        "34": 2.153234
      }
    },
    "medium": {
      "utilization_fraction": 0.5,
      "edge_latencies_ms": {
        "0": 5.204694,
        "1": 15.069836,
        "2": 12.069623,
        "3": 7.155517,
        "4": 3.464776,
        "5": 3.787038,
        "6": 3.770312,
        "7": 5.664083,
        "8": 6.147856,
        "9": 3.749453,
        "10": 11.783933,
        "11": 4.003677,
        "12": 13.877153,
        "13": 1.82837,
        "14": 2.181697,
        "15": 14.123382,
        "16": 14.63844,
        "17": 8.554805,
        "18": 6.835382,
        "19": 5.716488,
        "20": 5.408468,
        "21": 5.53464,
        "22": 4.198016,
        "23": 9.092502,
        "24": 8.670072,
        "25": 6.936263,
        "26": 1.135614,
        "27": 3.252813,
        "28": 3.695272,
        "29": 3.969243,
        "30": 5.821348,
        "31": 3.41223,
        "32": 2.616189,
        "33": 2.831785,
        "34": 2.154101
      }
    },
    "high": {
      "utilization_fraction": 0.8,
      "edge_latencies_ms": {
        "0": 5.212628,
        "1": 15.330428,
        "2": 12.190248,
        "3": 7.210627,
        "4": 3.467964,
        "5": 3.828528,
        "6": 3.819388,
        "7": 5.669622,
        "8": 6.175566,
        "9": 3.758137,
        "10": 11.831747,
        "11": 4.007716,
        "12": 13.924567,
        "13": 1.839544,
        "14": 2.18711,
        "15": 14.161252,
        "16": 14.718792,
        "17": 8.557883,
        "18": 6.838858,
        "19": 5.720327,
        "20": 5.412078,
        "21": 5.543453,
        "22": 4.203994,
        "23": 9.099875,
        "24": 8.763296,
        "25": 6.948728,
        "26": 1.148207,
        "27": 3.256733,
        "28": 3.735503,
        "29": 3.973002,
        "30": 5.829148,
        "31": 3.427191,
        "32": 2.619683,
        "33": 2.835063,
        "34": 2.157569
      }
    },
    "flash": {
      "utilization_fraction": 0.95,
      "edge_latencies_ms": {
        "0": 5.252302,
        "1": 16.633384,
        "2": 12.793377,
        "3": 7.486179,
        "4": 3.483905,
        "5": 4.035974,
        "6": 4.064772,
        "7": 5.697317,
        "8": 6.314114,
        "9": 3.801556,
        "10": 12.070813,
        "11": 4.027911,
        "12": 14.161637,
        "13": 1.895412,
        "14": 2.214171,
        "15": 14.3506,
        "16": 15.120551,
        "17": 8.573274,
        "18": 6.856236,
        "19": 5.739522,
        "20": 5.430127,
        "21": 5.587518,
        "22": 4.233885,
        "23": 9.136739,
        "24": 9.22942,
        "25": 7.011056,
        "26": 1.211172,
        "27": 3.276332,
        "28": 3.936662,
        "29": 3.9918,
        "30": 5.868151,
        "31": 3.501998,
        "32": 2.63715,
        "33": 2.851451,
        "34": 2.174912
      }
    }
  }
}