{
  "topology_id": 83,
  "load_conditions": {
    "low": {
      "utilization_fraction": 0.2,
      "edge_latencies_ms": {
        "0": 4.523322,
        "1": 1.31094,
        "2": 5.115852,
        "3": 14.932778,
        "4": 4.141234,
        "5": 11.795779,
        "6": 7.581473,
        "7": 2.837466,
        "8": 10.292411,
        "9": 8.686098,
        "10": 11.50045,
        "11": 8.125008,
        "12": 5.096375,
        "13": 8.843024,
        "14": 4.264601,
        "15": 4.358518,
        "16": 1.41181,
        "17": 8.765913,
        "18": 2.056727,
        "19": 1.843846,
        "20": 4.574074,
        "21": 8.762781,
        "22": 7.4479,
        "23": 5.794454,
        "24": 3.313219,
        "25": 4.693537,
        "26": 6.39467,
        "27": 5.274833,
        "28": 2.976649,
        "29": 0.872447,
        "30": 4.06839,
        "31": 2.91015,
        "32": 2.838465,
        "33": 2.477617
      }
    },
    "medium": {
      "utilization_fraction": 0.5,
      "edge_latencies_ms": {
        "0": 4.524076,
        "1": 1.313287,
        "2": 5.11723,
        "3": 14.946368,
        "4": 4.149069,
        "5": 11.804822,
        "6": 7.591277,
        "7": 2.842189,
        "8": 10.311433,
        "9": 8.696705,
        "10": 11.51851,
        "11": 8.133291,
        "12": 5.097322,
        "13": 8.855199,
        "14": 4.265782,
        "15": 4.362876,
        "16": 1.414923,
        "17": 8.798171,
        "18": 2.057543,
        "19": 1.844777,
        "20": 4.574959,
        "21": 8.773258,
        "22": 7.474497,
        "23": 5.796679,
        "24": 3.314797,
        "25": 4.694603,
        "26": 6.398508,
        "27": 5.27607,
        "28": 2.97804,
        "29": 0.873677,
        "30": 4.069563,
        "31": 2.911777,
        "32": 2.840524,
        "33": 2.4788
      }
    },
    "high": {
      "utilization_fraction": 0.8,
      "edge_latencies_ms": {
        "0": 4.52709,
        "1": 1.322677,
        "2": 5.122742,
        "3": 15.000728,
        "4": 4.180409,
        "5": 11.840993,
        "6": 7.630493,
        "7": 2.861082,
        "8": 10.387521,
        "9": 8.739133,
        "10": 11.590749,
        "11": 8.16642,
        "12": 5.101111,
        "13": 8.903899,
        "14": 4.270506,
        "15": 4.380311,
        "16": 1.427379,
        "17": 8.927206,
        "18": 2.060809,
        "19": 1.848501,
        "20": 4.578499,
        "21": 8.815169,
        "22": 7.580883,
        "23": 5.805582,
        "24": 3.321107,
        "25": 4.698866,
        "26": 6.413863,
        "27": 5.281017,
        "28": 2.983605,
        "29": 0.878596,
        "30": 4.074255,
        "31": 2.918283,
        "32": 2.848761,
        "33": 2.483535
      }
    },
    "flash": {
      "utilization_fraction": 0.95,
      "edge_latencies_ms": {
        "0": 4.54216,
        "1": 1.369624,
        "2": 5.150302,
        "3": 15.272531,
        "4": 4.33711,
        "5": 12.021848,
        "6": 7.826571,
        "7": 2.955547,
        "8": 10.76796,
        "9": 8.951271,
        "10": 11.951945,
        "11": 8.332067,
        "12": 5.120058,
        "13": 9.147399,
        "14": 4.294122,
        "15": 4.467486,
        "16": 1.489655,
        "17": 9.57238,
        "18": 2.077136,
        "19": 1.867122,
        "20": 4.596197,
        "21": 9.024725,
        "22": 8.112815,
        "23": 5.850094,
        "24": 3.352659,
        "25": 4.720183,
        "26": 6.490637,
        "27": 5.305755,
        "28": 3.011432,
        "29": 0.903193,
        "30": 4.097717,
        "31": 2.950812,
        "32": 2.889944,
        "33": 2.507206
      }
    }
  }
}