{
  "topology_id": 479,
  "load_conditions": {
    "low": {
      "utilization_fraction": 0.2,
      "edge_latencies_ms": {
        "0": 3.480163,
        "1": 3.728751,
        "2": 4.073735,
        "3": 3.586608,
        "4": 4.814347,
        "5": 11.27513,
        "6": 2.337963,
        "7": 1.972122,
        "8": 4.383831,
        "9": 4.369062,
        "10": 1.563495,
        "11": 1.008038,
        "12": 16.492748,
        "13": 9.782923,
        "14": 3.677269,
        "15": 2.346965,
        "16": 4.334408,
        "17": 4.018417,
        "18": 2.710479,
        "19": 13.981686,
        "20": 2.360297,
        "21": 2.869051,
        "22": 3.434531,
        "23": 3.920866,
        "24": 4.457392,
        "25": 14.869406,
        "26": 4.640903,
        "27": 4.094114,
        "28": 7.164297,
        "29": 4.28136,
        "30": 4.370144,
        "31": 4.257771,
        "32": 4.338368,
        "33": 6.087097,
        "34": 3.182894,
        "35": 2.520249,
        "36": 2.523655,
        "37": 4.536571,
        "38": 4.016108,
        "39": 3.038848
      }
    },
    "medium": {
      "utilization_fraction": 0.5,
      "edge_latencies_ms": {
        "0": 3.481344,
        "1": 3.729987,
        "2": 4.074716,
        "3": 3.589162,
        "4": 4.819974,
        "5": 11.283289,
        "6": 2.339713,
        "7": 1.975537,
        "8": 4.384716,
        "9": 4.369848,
        "10": 1.566744,
        "11": 1.008833,
        "12": 16.500957,
        "13": 9.790536,
        "14": 3.683941,
        "15": 2.353087,
        "16": 4.335316,
        "17": 4.019719,
        "18": 2.711573,
        "19": 14.012928,
        "20": 2.361066,
        "21": 2.869952,
        "22": 3.435457,
        "23": 3.922228,
        "24": 4.459875,
        "25": 14.885855,
        "26": 4.642292,
        "27": 4.095617,
        "28": 7.165076,
        "29": 4.28247,
        "30": 4.37118,
        "31": 4.259415,
        "32": 4.340721,
        "33": 6.088562,
        "34": 3.183961,
        "35": 2.52118,
        "36": 2.526341,
        "37": 4.537393,
        "38": 4.016937,
        "39": 3.041023
      }
    },
    "high": {
      "utilization_fraction": 0.8,
      "edge_latencies_ms": {
        "0": 3.486069,
        "1": 3.734928,
        "2": 4.078642,
        "3": 3.599375,
        "4": 4.842484,
        "5": 11.315922,
        "6": 2.346715,
        "7": 1.989199,
        "8": 4.388258,
        "9": 4.372991,
        "10": 1.579738,
        "11": 1.012014,
        "12": 16.533792,
        "13": 9.820989,
        "14": 3.710628,
        "15": 2.377576,
        "16": 4.338949,
        "17": 4.024926,
        "18": 2.715946,
        "19": 14.1379,
        "20": 2.364143,
        "21": 2.873554,
        "22": 3.439159,
        "23": 3.927678,
        "24": 4.469806,
        "25": 14.951654,
        "26": 4.647851,
        "27": 4.101628,
        "28": 7.168192,
        "29": 4.286911,
        "30": 4.375325,
        "31": 4.265993,
        "32": 4.350132,
        "33": 6.094425,
        "34": 3.188228,
        "35": 2.524906,
        "36": 2.537086,
        "37": 4.540682,
        "38": 4.020251,
        "39": 3.049725
      }
    },
    "flash": {
      "utilization_fraction": 0.95,
      "edge_latencies_ms": {
        "0": 3.50969,
        "1": 3.759634,
        "2": 4.098272,
        "3": 3.65044,
        "4": 4.95503,
        "5": 11.47909,
        "6": 2.381725,
        "7": 2.05751,
        "8": 4.405969,
        "9": 4.388706,
        "10": 1.644712,
        "11": 1.027916,
        "12": 16.697969,
        "13": 9.973253,
        "14": 3.844063,
        "15": 2.500021,
        "16": 4.357113,
        "17": 4.050959,
        "18": 2.737815,
        "19": 14.762758,
        "20": 2.37953,
        "21": 2.891566,
        "22": 3.45767,
        "23": 3.954929,
        "24": 4.519459,
        "25": 15.280648,
        "26": 4.675641,
        "27": 4.131685,
        "28": 7.183769,
        "29": 4.309113,
        "30": 4.396051,
        "31": 4.298884,
        "32": 4.397184,
        "33": 6.123737,
        "34": 3.209562,
        "35": 2.543536,
        "36": 2.590812,
        "37": 4.557128,
        "38": 4.036819,
        "39": 3.093235
      }
    }
  }
}