{
  "topology_id": 81,
  "load_conditions": {
    "low": {
      "utilization_fraction": 0.2,
      "edge_latencies_ms": {
        "0": 3.677296,
        "1": 5.378972,
        "2": 5.530537,
        "3": 2.674873,
        "4": 4.117902,
        "5": 5.128937,
        "6": 5.404852,
        "7": 5.634732,
        "8": 5.398981,
        "9": 1.225552,
        "10": 3.6234,
        "11": 4.543004,
        "12": 2.271885,
        "13": 4.362258,
        "14": 1.618629,
        "15": 4.962434,
        "16": 5.476615,
        "17": 15.328948,
        "18": 16.719733,
        "19": 6.654191,
        "20": 4.986898,
        "21": 3.733946,
        "22": 3.365502,
        "23": 2.537375,
        "24": 5.628554,
        "25": 5.783023,
        "26": 10.11236,
        "27": 12.434573,
        "28": 4.3742,
        "29": 2.514786,
        "30": 2.329241,
        "31": 2.252363,
        "32": 5.959596,
        "33": 5.724676,
        "34": 5.337065,
        "35": 1.004147,
        "36": 1.553644,
        "37": 4.637035,
        "38": 5.282016,
        "39": 3.842368,
        "40": 6.40912,
        "41": 3.719268,
        "42": 3.599332,
        "43": 4.394425,
        "44": 5.070083,
        "45": 5.733708,
        "46": 4.517198,
        "47": 4.786458,
        "48": 3.677364,
        "49": 3.051278
      }
    },
    "medium": {
      "utilization_fraction": 0.5,
      "edge_latencies_ms": {
        "0": 3.678204,
        "1": 5.381537,
        "2": 5.53173,
        "3": 2.683181,
        "4": 4.118839,
        "5": 5.130428,
        "6": 5.407642,
        "7": 5.636371,
        "8": 5.400077,
        "9": 1.227484,
        "10": 3.624399,
        "11": 4.544682,
        "12": 2.273123,
        "13": 4.363837,
        "14": 1.619526,
        "15": 4.964067,
        "16": 5.477894,
        "17": 15.367998,
        "18": 16.730247,
        "19": 6.655008,
        "20": 4.987951,
        "21": 3.735651,
        "22": 3.371398,
        "23": 2.538156,
        "24": 5.629339,
        "25": 5.785843,
        "26": 10.123689,
        "27": 12.443564,
        "28": 4.376142,
        "29": 2.517607,
        "30": 2.330129,
        "31": 2.253148,
        "32": 5.961145,
        "33": 5.725593,
        "34": 5.338985,
        "35": 1.008324,
        "36": 1.554462,
        "37": 4.637788,
        "38": 5.284633,
        "39": 3.843757,
        "40": 6.411954,
        "41": 3.720151,
        "42": 3.600472,
        "43": 4.395653,
        "44": 5.071434,
        "45": 5.734703,
        "46": 4.521484,
        "47": 4.788355,
        "48": 3.680875,
        "49": 3.052481
      }
    },
    "high": {
      "utilization_fraction": 0.8,
      "edge_latencies_ms": {
        "0": 3.681837,
        "1": 5.391798,
        "2": 5.536504,
        "3": 2.716412,
        "4": 4.122586,
        "5": 5.136393,
        "6": 5.418806,
        "7": 5.642924,
        "8": 5.404461,
        "9": 1.235211,
        "10": 3.628392,
        "11": 4.551394,
        "12": 2.278075,
        "13": 4.370152,
        "14": 1.623112,
        "15": 4.970596,
        "16": 5.483011,
        "17": 15.524201,
        "18": 16.772305,
        "19": 6.658274,
        "20": 4.992162,
        "21": 3.742473,
        "22": 3.39498,
        "23": 2.541281,
        "24": 5.632478,
        "25": 5.797123,
        "26": 10.169007,
        "27": 12.479528,
        "28": 4.38391,
        "29": 2.528887,
        "30": 2.333683,
        "31": 2.256291,
        "32": 5.96734,
        "33": 5.729265,
        "34": 5.346667,
        "35": 1.025034,
        "36": 1.557736,
        "37": 4.6408,
        "38": 5.2951,
        "39": 3.849311,
        "40": 6.423289,
        "41": 3.723685,
        "42": 3.605031,
        "43": 4.400566,
        "44": 5.076836,
        "45": 5.73868,
        "46": 4.538627,
        "47": 4.795939,
        "48": 3.694917,
        "49": 3.057295
      }
    },
    "flash": {
      "utilization_fraction": 0.95,
      "edge_latencies_ms": {
        "0": 3.700004,
        "1": 5.4431,
        "2": 5.560371,
        "3": 2.882571,
        "4": 4.141323,
        "5": 5.166217,
        "6": 5.474622,
        "7": 5.675689,
        "8": 5.42638,
        "9": 1.273846,
        "10": 3.648359,
        "11": 4.584953,
        "12": 2.302834,
        "13": 4.40173,
        "14": 1.641042,
        "15": 5.003242,
        "16": 5.508592,
        "17": 16.305217,
        "18": 16.982596,
        "19": 6.674606,
        "20": 5.013217,
        "21": 3.776582,
        "22": 3.51289,
        "23": 2.556902,
        "24": 5.648173,
        "25": 5.85352,
        "26": 10.395598,
        "27": 12.65935,
        "28": 4.422747,
        "29": 2.585289,
        "30": 2.351454,
        "31": 2.272004,
        "32": 5.998317,
        "33": 5.747621,
        "34": 5.385078,
        "35": 1.108582,
        "36": 1.574104,
        "37": 4.655857,
        "38": 5.347435,
        "39": 3.877081,
        "40": 6.479964,
        "41": 3.741356,
        "42": 3.627827,
        "43": 4.425131,
        "44": 5.10385,
        "45": 5.758564,
        "46": 4.624345,
        "47": 4.833863,
        "48": 3.765129,
        "49": 3.081361
      }
    }
  }
}