{
  "topology_id": 33,
  "load_conditions": {
    "low": {
      "utilization_fraction": 0.2,
      "edge_latencies_ms": {
        "0": 6.356428,
        "1": 2.827285,
        "2": 4.498854,
        "3": 7.139034,
        "4": 3.802717,
        "5": 11.513625,
        "6": 11.715276,
        "7": 11.39298,
        "8": 4.242798,
        "9": 3.010068,
        "10": 4.45009,
        "11": 4.83727,
        "12": 5.675634,
        "13": 3.729394,
        "14": 0.639745,
        "15": 2.525166,
        "16": 2.999885,
        "17": 2.831413,
        "18": 5.997098,
        "19": 1.689833,
        "20": 5.275273,
        "21": 3.75215,
        "22": 6.043617,
        "23": 6.274437,
        "24": 6.243906,
        "25": 4.071055,
        "26": 3.365238,
        "27": 4.324401,
        "28": 3.486689,
        "29": 3.947917,
        "30": 3.743658,
        "31": 3.538872,
        "32": 2.44397,
        "33": 2.651091,
        "34": 10.952111,
        "35": 7.350793,
        "36": 3.43194,
        "37": 5.227963,
        "38": 2.695535,
        "39": 5.302953,
        "40": 3.770053,
        "41": 4.028024,
        "42": 3.753494,
        "43": 7.364484,
        "44": 4.906737,
        "45": 2.313797,
        "46": 3.22605,
        "47": 1.917885,
        "48": 3.61742
      }
    },
    "medium": {
      "utilization_fraction": 0.5,
      "edge_latencies_ms": {
        "0": 6.357616,
        "1": 2.829084,
        "2": 4.50029,
        "3": 7.14079,
        "4": 3.80353,
        "5": 11.543042,
        "6": 11.722932,
        "7": 11.406477,
        "8": 4.243643,
        "9": 3.012356,
        "10": 4.456485,
        "11": 4.838337,
        "12": 5.677449,
        "13": 3.731529,
        "14": 0.640743,
        "15": 2.526597,
        "16": 3.001153,
        "17": 2.832296,
        "18": 5.99789,
        "19": 1.692269,
        "20": 5.276148,
        "21": 3.753229,
        "22": 6.044698,
        "23": 6.276274,
        "24": 6.246674,
        "25": 4.071887,
        "26": 3.370036,
        "27": 4.326355,
        "28": 3.487466,
        "29": 3.953648,
        "30": 3.745161,
        "31": 3.53982,
        "32": 2.445189,
        "33": 2.654282,
        "34": 10.959955,
        "35": 7.413004,
        "36": 3.432885,
        "37": 5.228871,
        "38": 2.696835,
        "39": 5.304647,
        "40": 3.771041,
        "41": 4.029986,
        "42": 3.754762,
        "43": 7.365772,
        "44": 4.907579,
        "45": 2.314659,
        "46": 3.228446,
        "47": 1.923537,
        "48": 3.618203
      }
    },
    "high": {
      "utilization_fraction": 0.8,
      "edge_latencies_ms": {
        "0": 6.362368,
        "1": 2.836278,
        "2": 4.506032,
        "3": 7.147815,
        "4": 3.806781,
        "5": 11.660711,
        "6": 11.753556,
        "7": 11.460466,
        "8": 4.247021,
        "9": 3.021508,
        "10": 4.482066,
        "11": 4.842608,
        "12": 5.684708,
        "13": 3.740067,
        "14": 0.644735,
        "15": 2.532324,
        "16": 3.006227,
        "17": 2.835826,
        "18": 6.001056,
        "19": 1.702013,
        "20": 5.279646,
        "21": 3.757546,
        "22": 6.04902,
        "23": 6.283624,
        "24": 6.257743,
        "25": 4.075218,
        "26": 3.389228,
        "27": 4.334172,
        "28": 3.490573,
        "29": 3.976574,
        "30": 3.751175,
        "31": 3.543613,
        "32": 2.450066,
        "33": 2.667048,
        "34": 10.991333,
        "35": 7.661846,
        "36": 3.436663,
        "37": 5.232506,
        "38": 2.702034,
        "39": 5.311424,
        "40": 3.774992,
        "41": 4.037833,
        "42": 3.759837,
        "43": 7.370924,
        "44": 4.910948,
        "45": 2.318108,
        "46": 3.238031,
        "47": 1.946143,
        "48": 3.621335
      }
    },
    "flash": {
      "utilization_fraction": 0.95,
      "edge_latencies_ms": {
        "0": 6.38613,
        "1": 2.872249,
        "2": 4.534741,
        "3": 7.182936,
        "4": 3.823036,
        "5": 12.249056,
        "6": 11.906676,
        "7": 11.73041,
        "8": 4.263916,
        "9": 3.067268,
        "10": 4.609971,
        "11": 4.86396,
        "12": 5.721006,
        "13": 3.782759,
        "14": 0.664696,
        "15": 2.560954,
        "16": 3.031595,
        "17": 2.853478,
        "18": 6.016886,
        "19": 1.750731,
        "20": 5.29714,
        "21": 3.779128,
        "22": 6.070632,
        "23": 6.320373,
        "24": 6.313092,
        "25": 4.091872,
        "26": 3.485185,
        "27": 4.373253,
        "28": 3.50611,
        "29": 4.091201,
        "30": 3.781243,
        "31": 3.56258,
        "32": 2.474449,
        "33": 2.730879,
        "34": 11.148223,
        "35": 8.906058,
        "36": 3.455555,
        "37": 5.250681,
        "38": 2.72803,
        "39": 5.345304,
        "40": 3.794749,
        "41": 4.07707,
        "42": 3.785213,
        "43": 7.396686,
        "44": 4.927793,
        "45": 2.335352,
        "46": 3.285958,
        "47": 2.059174,
        "48": 3.636995
      }
    }
  }
}