{
  "topology_id": 301,
  "load_conditions": {
    "low": {
      "utilization_fraction": 0.2,
      "edge_latencies_ms": {
        "0": 4.061503,
        "1": 4.476296,
        "2": 7.633697,
        "3": 3.119761,
        "4": 3.512661,
        "5": 6.274379,
        "6": 4.187992,
        "7": 3.228586,
        "8": 2.214654,
        "9": 4.330162,
        "10": 8.710302,
        "11": 11.457724,
        "12": 2.599477,
        "13": 3.101343,
        "14": 3.921212,
        "15": 4.970629,
        "16": 5.822581,
        "17": 6.036099,
        "18": 15.619245,
        "19": 14.589095,
        "20": 5.703065,
        "21": 5.271025,
        "22": 5.209676,
        "23": 2.25988,
        "24": 3.749027,
        "25": 9.599331,
        "26": 3.249712,
        "27": 3.753793,
        "28": 2.786459,
        "29": 6.58202,
        "30": 13.409731,
        "31": 2.572076,
        "32": 3.87091,
        "33": 5.799054,
        "34": 6.554342,
        "35": 4.38789,
        "36": 4.044052,
        "37": 2.418341,
        "38": 1.596479,
        "39": 4.186738,
        "40": 3.690517,
        "41": 3.211025,
        "42": 5.010005,
        "43": 9.272997,
        "44": 5.524244,
        "45": 1.387538,
        "46": 4.558825,
        "47": 9.292999,
        "48": 14.917117,
        "49": 3.04262,
        "50": 2.297601,
        "51": 2.898075,
        "52": 1.43505,
        "53": 2.685544,
        "54": 1.458019,
        "55": 2.355776,
        "56": 1.694172,
        "57": 3.562567,
        "58": 2.182775
      }
    },
    "medium": {
      "utilization_fraction": 0.5,
      "edge_latencies_ms": {
        "0": 4.064506,
        "1": 4.477457,
        "2": 7.643023,
        "3": 3.120696,
        "4": 3.515077,
        "5": 6.288633,
        "6": 4.189061,
        "7": 3.229688,
        "8": 2.226454,
        "9": 4.331811,
        "10": 8.727362,
        "11": 11.466481,
        "12": 2.602934,
        "13": 3.104055,
        "14": 3.921991,
        "15": 4.972278,
        "16": 5.829967,
        "17": 6.037909,
        "18": 15.631604,
        "19": 14.601291,
        "20": 5.708172,
        "21": 5.272499,
        "22": 5.212818,
        "23": 2.260843,
        "24": 3.750239,
        "25": 9.646994,
        "26": 3.250754,
        "27": 3.755079,
        "28": 2.791021,
        "29": 6.608378,
        "30": 13.425213,
        "31": 2.575571,
        "32": 3.875393,
        "33": 5.799813,
        "34": 6.55885,
        "35": 4.38885,
        "36": 4.056807,
        "37": 2.419151,
        "38": 1.599116,
        "39": 4.187814,
        "40": 3.69164,
        "41": 3.21239,
        "42": 5.01101,
        "43": 9.278332,
        "44": 5.525031,
        "45": 1.388996,
        "46": 4.560874,
        "47": 9.315709,
        "48": 14.946994,
        "49": 3.044251,
        "50": 2.299273,
        "51": 2.899179,
        "52": 1.435814,
        "53": 2.686317,
        "54": 1.45963,
        "55": 2.360314,
        "56": 1.697198,
        "57": 3.564348,
        "58": 2.183779
      }
    },
    "high": {
      "utilization_fraction": 0.8,
      "edge_latencies_ms": {
        "0": 4.076516,
        "1": 4.482098,
        "2": 7.680326,
        "3": 3.124437,
        "4": 3.524741,
        "5": 6.345651,
        "6": 4.19334,
        "7": 3.234098,
        "8": 2.273652,
        "9": 4.338404,
        "10": 8.795602,
        "11": 11.50151,
        "12": 2.616765,
        "13": 3.1149,
        "14": 3.925107,
        "15": 4.978875,
        "16": 5.85951,
        "17": 6.04515,
        "18": 15.681042,
        "19": 14.650073,
        "20": 5.7286,
        "21": 5.278394,
        "22": 5.225387,
        "23": 2.264694,
        "24": 3.755087,
        "25": 9.837645,
        "26": 3.25492,
        "27": 3.760221,
        "28": 2.809268,
        "29": 6.71381,
        "30": 13.487138,
        "31": 2.58955,
        "32": 3.893326,
        "33": 5.802846,
        "34": 6.576884,
        "35": 4.392686,
        "36": 4.107826,
        "37": 2.422391,
        "38": 1.609665,
        "39": 4.192115,
        "40": 3.696132,
        "41": 3.217849,
        "42": 5.015031,
        "43": 9.299669,
        "44": 5.528181,
        "45": 1.394831,
        "46": 4.569072,
        "47": 9.406548,
        "48": 15.066502,
        "49": 3.050776,
        "50": 2.305961,
        "51": 2.903597,
        "52": 1.438871,
        "53": 2.68941,
        "54": 1.466075,
        "55": 2.378467,
        "56": 1.7093,
        "57": 3.571471,
        "58": 2.187798
      }
    },
    "flash": {
      "utilization_fraction": 0.95,
      "edge_latencies_ms": {
        "0": 4.136565,
        "1": 4.505306,
        "2": 7.866841,
        "3": 3.14314,
        "4": 3.573063,
        "5": 6.630737,
        "6": 4.214734,
        "7": 3.256148,
        "8": 2.50964,
        "9": 4.371372,
        "10": 9.1368,
        "11": 11.676655,
        "12": 2.68592,
        "13": 3.169127,
        "14": 3.940686,
        "15": 5.011856,
        "16": 6.007226,
        "17": 6.081355,
        "18": 15.928229,
        "19": 14.893982,
        "20": 5.83074,
        "21": 5.30787,
        "22": 5.288234,
        "23": 2.28395,
        "24": 3.779327,
        "25": 10.7909,
        "26": 3.27575,
        "27": 3.785929,
        "28": 2.900505,
        "29": 7.24097,
        "30": 13.796763,
        "31": 2.659443,
        "32": 3.982991,
        "33": 5.818012,
        "34": 6.667053,
        "35": 4.411868,
        "36": 4.362922,
        "37": 2.438591,
        "38": 1.66241,
        "39": 4.213623,
        "40": 3.718592,
        "41": 3.245144,
        "42": 5.035136,
        "43": 9.406357,
        "44": 5.54393,
        "45": 1.424005,
        "46": 4.61006,
        "47": 9.860742,
        "48": 15.66404,
        "49": 3.083401,
        "50": 2.339404,
        "51": 2.925687,
        "52": 1.454156,
        "53": 2.704877,
        "54": 1.498302,
        "55": 2.46923,
        "56": 1.769813,
        "57": 3.607083,
        "58": 2.207891
      }
    }
  }
}