{
  "topology_id": 303,
  "load_conditions": {
    "low": {
      "utilization_fraction": 0.2,
      "edge_latencies_ms": {
        "0": 5.709243,
        "1": 0.907415,
        "2": 17.339406,
        "3": 15.518703,
        "4": 4.034736,
        "5": 2.860907,
        "6": 4.465448,
        "7": 1.8424,
        "8": 3.800672,
        "9": 4.167846,
        "10": 5.158175,
        "11": 2.414878,
        "12": 7.769035,
        "13": 7.293172,
        "14": 5.154335,
        "15": 4.868959,
        "16": 5.078557,
        "17": 4.441997,
        "18": 5.404269,
        "19": 6.027342,
        "20": 2.128942,
        "21": 3.429179,
        "22": 1.107678,
        "23": 2.597037,
        "24": 2.865838,
        "25": 5.412464,
        "26": 6.491546
      }
    },
    "medium": {
      "utilization_fraction": 0.5,
      "edge_latencies_ms": {
        "0": 5.710398,
        "1": 0.908223,
        "2": 17.351163,
        "3": 15.542833,
        "4": 4.037005,
        "5": 2.864664,
        "6": 4.46653,
        "7": 1.843364,
        "8": 3.856844,
        "9": 4.171314,
        "10": 5.158956,
        "11": 2.427106,
        "12": 7.769884,
        "13": 7.302407,
        "14": 5.155818,
        "15": 4.870367,
        "16": 5.096974,
        "17": 4.444174,
        "18": 5.405397,
        "19": 6.037902,
        "20": 2.130175,
        "21": 3.430582,
        "22": 1.110325,
        "23": 2.597857,
        "24": 2.867205,
        "25": 5.413737,
        "26": 6.494937
      }
    },
    "high": {
      "utilization_fraction": 0.8,
      "edge_latencies_ms": {
        "0": 5.715019,
        "1": 0.911457,
        "2": 17.398189,
        "3": 15.639353,
        "4": 4.046083,
        "5": 2.879691,
        "6": 4.470861,
        "7": 1.847221,
        "8": 4.081534,
        "9": 4.185185,
        "10": 5.162076,
        "11": 2.476016,
        "12": 7.773283,
        "13": 7.339348,
        "14": 5.161748,
        "15": 4.875998,
        "16": 5.170644,
        "17": 4.452883,
        "18": 5.409909,
        "19": 6.08014,
        "20": 2.135106,
        "21": 3.436197,
        "22": 1.120912,
        "23": 2.601137,
        "24": 2.872676,
        "25": 5.418831,
        "26": 6.508502
      }
    },
    "flash": {
      "utilization_fraction": 0.95,
      "edge_latencies_ms": {
        "0": 5.738122,
        "1": 0.927625,
        "2": 17.633319,
        "3": 16.121957,
        "4": 4.09147,
        "5": 2.954828,
        "6": 4.492513,
        "7": 1.866507,
        "8": 5.20498,
        "9": 4.254545,
        "10": 5.177678,
        "11": 2.720565,
        "12": 7.790278,
        "13": 7.524055,
        "14": 5.1914,
        "15": 4.904157,
        "16": 5.538993,
        "17": 4.496429,
        "18": 5.432469,
        "19": 6.291334,
        "20": 2.159762,
        "21": 3.464268,
        "22": 1.173848,
        "23": 2.617536,
        "24": 2.900027,
        "25": 5.444299,
        "26": 6.576322
      }
    }
  }
}