{
  "topology_id": 74,
  "load_conditions": {
    "low": {
      "utilization_fraction": 0.2,
      "edge_latencies_ms": {
        "0": 2.970585,
        "1": 2.21091,
        "2": 3.449109,
        "3": 7.303819,
        "4": 2.523579,
        "5": 3.064427,
        "6": 6.704986,
        "7": 3.561936,
        "8": 3.323199,
        "9": 3.610372,
        "10": 4.898835,
        "11": 21.072749,
        "12": 3.947668,
        "13": 2.382387,
        "14": 1.555212,
        "15": 5.464494,
        "16": 3.044685,
        "17": 4.114567,
        "18": 3.803879,
        "19": 4.039265,
        "20": 3.37231,
        "21": 5.723674,
        "22": 1.972137,
        "23": 3.934362,
        "24": 1.000964,
        "25": 2.72116,
        "26": 1.52232,
        "27": 4.92105,
        "28": 2.950175,
        "29": 6.337556,
        "30": 4.484561,
        "31": 2.240582,
        "32": 6.114513,
        "33": 4.610535,
        "34": 3.284901,
        "35": 2.568302,
        "36": 4.247776,
        "37": 4.637718,
        "38": 18.278124,
        "39": 1.527749,
        "40": 2.836397,
        "41": 5.253072,
        "42": 5.929665,
        "43": 4.262655,
        "44": 3.21279,
        "45": 5.379866,
        "46": 4.229252,
        "47": 6.150185,
        "48": 5.471843,
        "49": 13.243168,
        "50": 4.544586,
        "51": 16.682241,
        "52": 5.960981,
        "53": 6.537926,
        "54": 1.826348,
        "55": 3.234541,
        "56": 3.677245,
        "57": 5.506643,
        "58": 4.731558,
        "59": 3.146247,
        "60": 2.942289,
        "61": 4.364628,
        "62": 3.174792,
        "63": 1.913077,
        "64": 4.297764,
        "65": 5.927623,
        "66": 3.705302,
        "67": 3.268032,
        "68": 5.192292,
        "69": 6.637577,
        "70": 2.09209,
        "71": 3.132245,
        "72": 2.548664,
        "73": 2.217881,
        "74": 2.790475,
        "75": 6.096436,
        "76": 3.99742,
        "77": 5.306256,
        "78": 3.50655,
        "79": 4.726127,
        "80": 3.330527,
        "81": 6.242707,
        "82": 5.957314,
        "83": 4.786143,
        "84": 2.41387,
        "85": 5.201309,
        "86": 2.55686,
        "87": 5.684004,
        "88": 3.340552,
        "89": 1.917839,
        "90": 2.575384,
        "91": 3.225499,
        "92": 2.907883,
        "93": 3.55652,
        "94": 8.608674,
        "95": 3.756956,
        "96": 3.476036,
        "97": 3.929761,
        "98": 2.38173,
        "99": 2.362317,
        "100": 3.024355,
        "101": 4.711695,
        "102": 7.388043,
        "103": 3.310504,
        "104": 1.744714,
        "105": 1.617856,
        "106": 6.981793,
        "107": 5.132575,
        "108": 4.207617,
        "109": 4.552375,
        "110": 5.595999,
        "111": 2.435983,
        "112": 7.828686,
        "113": 5.853514,
        "114": 2.501956,
        "115": 2.144129,
        "116": 2.813685,
        "117": 2.384893,
        "118": 2.66292,
        "119": 3.441543,
        "120": 2.661756,
        "121": 4.219129,
        "122": 5.279218,
        "123": 2.819007,
        "124": 0.996167,
        "125": 2.963767,
        "126": 3.500233,
        "127": 5.002268,
        "128": 3.212986,
        "129": 4.270875,
        "130": 4.390292,
        "131": 1.253409,
        "132": 2.353613,
        "133": 2.352631,
        "134": 5.074777,
        "135": 5.394847,
        "136": 4.388603,
        "137": 4.613144,
        "138": 5.515311,
        "139": 2.248627,
        "140": 4.417819,
        "141": 6.750012,
        "142": 2.939519,
        "143": 4.242119,
        "144": 0.399191,
        "145": 3.759549,
        "146": 2.51212,
        "147": 3.031704,
        "148": 3.740537,
        "149": 5.510232,
        "150": 7.044697,
        "151": 1.065055,
        "152": 4.255941,
        "153": 2.53802,
        "154": 3.883078,
        "155": 2.267357,
        "156": 6.485364,
        "157": 6.489431,
        "158": 5.815243,
        "159": 4.981348,
        "160": 6.611477,
        "161": 4.603514,
        "162": 3.222828,
        "163": 4.080087,
        "164": 4.153144,
        "165": 2.296989,
        "166": 0.834078,
        "167": 7.60713,
        "168": 6.432948,
        "169": 6.72602,
        "170": 5.565576,
        "171": 6.194001,
        "172": 2.332979,
        "173": 2.477604,
        "174": 4.069297,
        "175": 4.340484,
        "176": 5.102501,
        "177": 8.094952,
        "178": 1.567957,
        "179": 7.336209
      }
    },
    "medium": {
      "utilization_fraction": 0.5,
      "edge_latencies_ms": {
        "0": 2.971747,
        "1": 2.213623,
        "2": 3.449871,
        "3": 7.305006,
        "4": 2.526111,
        "5": 3.065527,
        "6": 6.705745,
        "7": 3.563866,
        "8": 3.324114,
        "9": 3.614769,
        "10": 4.899701,
        "11": 21.082616,
        "12": 3.948791,
        "13": 2.384995,
        "14": 1.55623,
        "15": 5.465289,
        "16": 3.045802,
        "17": 4.115626,
        "18": 3.80525,
        "19": 4.040031,
        "20": 3.373304,
        "21": 5.725361,
        "22": 1.9729,
        "23": 3.938872,
        "24": 1.003988,
        "25": 2.722144,
        "26": 1.524058,
        "27": 4.925181,
        "28": 2.951035,
        "29": 6.338533,
        "30": 4.485392,
        "31": 2.242427,
        "32": 6.115553,
        "33": 4.613071,
        "34": 3.288288,
        "35": 2.569543,
        "36": 4.248938,
        "37": 4.638903,
        "38": 18.328971,
        "39": 1.533965,
        "40": 2.837255,
        "41": 5.254778,
        "42": 5.931205,
        "43": 4.264004,
        "44": 3.215123,
        "45": 5.382858,
        "46": 4.23004,
        "47": 6.151378,
        "48": 5.474092,
        "49": 13.251886,
        "50": 4.550171,
        "51": 16.691723,
        "52": 5.962063,
        "53": 6.53872,
        "54": 1.827316,
        "55": 3.235319,
        "56": 3.678259,
        "57": 5.507951,
        "58": 4.732673,
        "59": 3.147418,
        "60": 2.9445,
        "61": 4.36581,
        "62": 3.177026,
        "63": 1.914766,
        "64": 4.298648,
        "65": 5.930833,
        "66": 3.707274,
        "67": 3.269756,
        "68": 5.194502,
        "69": 6.6534,
        "70": 2.093133,
        "71": 3.133152,
        "72": 2.549781,
        "73": 2.219192,
        "74": 2.791253,
        "75": 6.097562,
        "76": 3.998652,
        "77": 5.307841,
        "78": 3.509401,
        "79": 4.72696,
        "80": 3.33233,
        "81": 6.243637,
        "82": 5.959026,
        "83": 4.788209,
        "84": 2.417413,
        "85": 5.202677,
        "86": 2.559687,
        "87": 5.685455,
        "88": 3.342871,
        "89": 1.922951,
        "90": 2.576194,
        "91": 3.226794,
        "92": 2.910919,
        "93": 3.561841,
        "94": 8.616745,
        "95": 3.759797,
        "96": 3.480078,
        "97": 3.931,
        "98": 2.384517,
        "99": 2.36346,
        "100": 3.025399,
        "101": 4.713594,
        "102": 7.391307,
        "103": 3.311377,
        "104": 1.746498,
        "105": 1.618727,
        "106": 6.982848,
        "107": 5.135864,
        "108": 4.210177,
        "109": 4.553343,
        "110": 5.598158,
        "111": 2.436987,
        "112": 7.834226,
        "113": 5.854635,
        "114": 2.50447,
        "115": 2.145432,
        "116": 2.814951,
        "117": 2.386724,
        "118": 2.664047,
        "119": 3.442516,
        "120": 2.663262,
        "121": 4.22047,
        "122": 5.280115,
        "123": 2.819762,
        "124": 0.997164,
        "125": 2.964906,
        "126": 3.502887,
        "127": 5.003021,
        "128": 3.214009,
        "129": 4.27184,
        "130": 4.391487,
        "131": 1.254267,
        "132": 2.354394,
        "133": 2.354768,
        "134": 5.075737,
        "135": 5.396184,
        "136": 4.389653,
        "137": 4.618479,
        "138": 5.516163,
        "139": 2.249896,
        "140": 4.419369,