{
  "topology_id": 474,
  "load_conditions": {
    "low": {
      "utilization_fraction": 0.2,
      "edge_latencies_ms": {
        "0": 4.313216,
        "1": 2.681921,
        "2": 2.895953,
        "3": 3.165496,
        "4": 2.330992,
        "5": 3.788405,
        "6": 5.778665,
        "7": 9.341759,
        "8": 5.423175,
        "9": 9.077729,
        "10": 9.436547,
        "11": 7.081152,
        "12": 4.328546,
        "13": 20.287998,
        "14": 3.20558,
        "15": 3.758865,
        "16": 11.571401,
        "17": 13.358956,
        "18": 13.812569,
        "19": 3.47719,
        "20": 3.572734,
        "21": 3.219909,
        "22": 3.405376,
        "23": 6.14292,
        "24": 2.531602,
        "25": 2.334227,
        "26": 1.464327,
        "27": 4.540043,
        "28": 5.194527,
        "29": 2.855568,
        "30": 5.659218,
        "31": 6.611881,
        "32": 1.835357,
        "33": 9.667817,
        "34": 4.489832,
        "35": 4.608658,
        "36": 4.090216,
        "37": 3.622795,
        "38": 4.191476,
        "39": 5.340978,
        "40": 3.936155,
        "41": 3.627378,
        "42": 4.187332,
        "43": 2.82323,
        "44": 3.723513,
        "45": 2.940073
      }
    },
    "medium": {
      "utilization_fraction": 0.5,
      "edge_latencies_ms": {
        "0": 4.314358,
        "1": 2.683151,
        "2": 2.897826,
        "3": 3.166611,
        "4": 2.332391,
        "5": 3.789196,
        "6": 5.779494,
        "7": 9.367495,
        "8": 5.424159,
        "9": 9.09828,
        "10": 9.437361,
        "11": 7.085507,
        "12": 4.33005,
        "13": 20.321376,
        "14": 3.2066,
        "15": 3.759777,
        "16": 11.605646,
        "17": 13.366726,
        "18": 13.820142,
        "19": 3.480474,
        "20": 3.576124,
        "21": 3.22092,
        "22": 3.406439,
        "23": 6.14743,
        "24": 2.532454,
        "25": 2.337099,
        "26": 1.465196,
        "27": 4.541631,
        "28": 5.195475,
        "29": 2.856579,
        "30": 5.660385,
        "31": 6.614684,
        "32": 1.836528,
        "33": 9.688,
        "34": 4.490892,
        "35": 4.61014,
        "36": 4.091253,
        "37": 3.625024,
        "38": 4.192621,
        "39": 5.342405,
        "40": 3.938132,
        "41": 3.628161,
        "42": 4.188387,
        "43": 2.828418,
        "44": 3.728226,
        "45": 2.942626
      }
    },
    "high": {
      "utilization_fraction": 0.8,
      "edge_latencies_ms": {
        "0": 4.318925,
        "1": 2.688069,
        "2": 2.905321,
        "3": 3.171069,
        "4": 2.337988,
        "5": 3.79236,
        "6": 5.782809,
        "7": 9.470437,
        "8": 5.428096,
        "9": 9.180484,
        "10": 9.440617,
        "11": 7.102924,
        "12": 4.336065,
        "13": 20.45489,
        "14": 3.21068,
        "15": 3.763426,
        "16": 11.742625,
        "17": 13.397804,
        "18": 13.850435,
        "19": 3.493611,
        "20": 3.589682,
        "21": 3.224963,
        "22": 3.41069,
        "23": 6.165471,
        "24": 2.535862,
        "25": 2.348589,
        "26": 1.468669,
        "27": 4.547983,
        "28": 5.199265,
        "29": 2.860624,
        "30": 5.665052,
        "31": 6.625899,
        "32": 1.84121,
        "33": 9.768731,
        "34": 4.49513,
        "35": 4.616065,
        "36": 4.095404,
        "37": 3.633944,
        "38": 4.197202,
        "39": 5.348114,
        "40": 3.946039,
        "41": 3.63129,
        "42": 4.192609,
        "43": 2.84917,
        "44": 3.747078,
        "45": 2.952836
      }
    },
    "flash": {
      "utilization_fraction": 0.95,
      "edge_latencies_ms": {
        "0": 4.34176,
        "1": 2.712662,
        "2": 2.942794,
        "3": 3.193358,
        "4": 2.365973,
        "5": 3.808176,
        "6": 5.799388,
        "7": 9.98515,
        "8": 5.44778,
        "9": 9.591503,
        "10": 9.456895,
        "11": 7.190011,
        "12": 4.366142,
        "13": 21.122456,
        "14": 3.23108,
        "15": 3.78167,
        "16": 12.427522,
        "17": 13.553195,
        "18": 14.001899,
        "19": 3.559293,
        "20": 3.657473,
        "21": 3.245178,
        "22": 3.431947,
        "23": 6.255675,
        "24": 2.5529,
        "25": 2.40604,
        "26": 1.486034,
        "27": 4.579746,
        "28": 5.218216,
        "29": 2.880847,
        "30": 5.68839,
        "31": 6.68197,
        "32": 1.864622,
        "33": 10.172388,
        "34": 4.516321,
        "35": 4.645694,
        "36": 4.116155,
        "37": 3.678541,
        "38": 4.220105,
        "39": 5.376656,
        "40": 3.985576,
        "41": 3.646937,
        "42": 4.213721,
        "43": 2.952927,
        "44": 3.84134,
        "45": 3.003886
      }
    }
  }
}