{
  "topology_id": 399,
  "load_conditions": {
    "low": {
      "utilization_fraction": 0.2,
      "edge_latencies_ms": {
        "0": 2.274108,
        "1": 5.685485,
        "2": 3.342679,
        "3": 3.226016,
        "4": 2.1125,
        "5": 2.120514,
        "6": 5.365818,
        "7": 3.759864,
        "8": 3.528949,
        "9": 5.446951,
        "10": 2.139786,
        "11": 5.977658,
        "12": 4.678614,
        "13": 3.771363,
        "14": 8.537948,
        "15": 5.788498,
        "16": 4.843106,
        "17": 6.546324,
        "18": 5.630176,
        "19": 4.315712,
        "20": 2.22769,
        "21": 3.556793,
        "22": 1.045665,
        "23": 3.532769,
        "24": 2.726899,
        "25": 2.778363,
        "26": 4.448013,
        "27": 7.382714,
        "28": 4.374672
      }
    },
    "medium": {
      "utilization_fraction": 0.5,
      "edge_latencies_ms": {
        "0": 2.275022,
        "1": 5.688633,
        "2": 3.343591,
        "3": 3.227335,
        "4": 2.113886,
        "5": 2.121318,
        "6": 5.374634,
        "7": 3.762234,
        "8": 3.552758,
        "9": 5.449937,
        "10": 2.141066,
        "11": 5.979544,
        "12": 4.679791,
        "13": 3.776853,
        "14": 8.546099,
        "15": 5.79159,
        "16": 4.844265,
        "17": 6.54859,
        "18": 5.631459,
        "19": 4.317043,
        "20": 2.228764,
        "21": 3.557686,
        "22": 1.051169,
        "23": 3.534422,
        "24": 2.72766,
        "25": 2.77922,
        "26": 4.448798,
        "27": 7.38476,
        "28": 4.37596
      }
    },
    "high": {
      "utilization_fraction": 0.8,
      "edge_latencies_ms": {
        "0": 2.27868,
        "1": 5.701225,
        "2": 3.347237,
        "3": 3.232612,
        "4": 2.119432,
        "5": 2.124536,
        "6": 5.409899,
        "7": 3.771714,
        "8": 3.647994,
        "9": 5.461878,
        "10": 2.14619,
        "11": 5.987086,
        "12": 4.684499,
        "13": 3.798809,
        "14": 8.578703,
        "15": 5.803957,
        "16": 4.848903,
        "17": 6.557658,
        "18": 5.636593,
        "19": 4.322366,
        "20": 2.233059,
        "21": 3.56126,
        "22": 1.073186,
        "23": 3.541035,
        "24": 2.730707,
        "25": 2.782646,
        "26": 4.451938,
        "27": 7.392947,
        "28": 4.381112
      }
    },
    "flash": {
      "utilization_fraction": 0.95,
      "edge_latencies_ms": {
        "0": 2.296971,
        "1": 5.764185,
        "2": 3.365467,
        "3": 3.258993,
        "4": 2.147162,
        "5": 2.140623,
        "6": 5.586224,
        "7": 3.819115,
        "8": 4.124174,
        "9": 5.521583,
        "10": 2.171807,
        "11": 6.024797,
        "12": 4.708041,
        "13": 3.908594,
        "14": 8.741725,
        "15": 5.865791,
        "16": 4.872093,
        "17": 6.602993,
        "18": 5.662259,
        "19": 4.348983,
        "20": 2.254534,
        "21": 3.579131,
        "22": 1.183273,
        "23": 3.574097,
        "24": 2.745943,
        "25": 2.799778,
        "26": 4.467637,
        "27": 7.433883,
        "28": 4.406876
      }
    }
  }
}