{
  "topology_id": 424,
  "load_conditions": {
    "low": {
      "utilization_fraction": 0.2,
      "edge_latencies_ms": {
        "0": 2.417773,
        "1": 3.293709,
        "2": 5.594073,
        "3": 2.54228,
        "4": 4.490644,
        "5": 5.607329,
        "6": 4.401835,
        "7": 12.284066,
        "8": 14.558355,
        "9": 21.41253,
        "10": 4.086421,
        "11": 3.699402,
        "12": 19.834298,
        "13": 2.776341,
        "14": 4.316266,
        "15": 2.071169,
        "16": 4.570486,
        "17": 4.476361,
        "18": 16.362632,
        "19": 5.148224,
        "20": 0.696334,
        "21": 8.347651,
        "22": 1.920451,
        "23": 6.877594,
        "24": 3.271594,
        "25": 3.863944,
        "26": 15.542537,
        "27": 4.423082,
        "28": 3.767941,
        "29": 3.931849,
        "30": 14.292971,
        "31": 5.307505,
        "32": 4.524371,
        "33": 2.80225,
        "34": 6.039135,
        "35": 5.548394,
        "36": 17.591685,
        "37": 4.196775,
        "38": 5.630713,
        "39": 3.576393,
        "40": 1.169131,
        "41": 7.215231,
        "42": 3.545134
      }
    },
    "medium": {
      "utilization_fraction": 0.5,
      "edge_latencies_ms": {
        "0": 2.418991,
        "1": 3.297416,
        "2": 5.600119,
        "3": 2.545837,
        "4": 4.492125,
        "5": 5.608897,
        "6": 4.404394,
        "7": 12.304267,
        "8": 14.578218,
        "9": 21.434504,
        "10": 4.087387,
        "11": 3.700949,
        "12": 19.841939,
        "13": 2.777686,
        "14": 4.337754,
        "15": 2.071999,
        "16": 4.573103,
        "17": 4.477456,
        "18": 16.384821,
        "19": 5.149092,
        "20": 0.697861,
        "21": 8.348659,
        "22": 1.929824,
        "23": 6.878515,
        "24": 3.272767,
        "25": 3.865142,
        "26": 15.557873,
        "27": 4.423918,
        "28": 3.769382,
        "29": 3.933311,
        "30": 14.317515,
        "31": 5.308714,
        "32": 4.528896,
        "33": 2.803362,
        "34": 6.041825,
        "35": 5.549275,
        "36": 17.608325,
        "37": 4.198033,
        "38": 5.631527,
        "39": 3.577887,
        "40": 1.1701,
        "41": 7.217809,
        "42": 3.547952
      }
    },
    "high": {
      "utilization_fraction": 0.8,
      "edge_latencies_ms": {
        "0": 2.423863,
        "1": 3.312242,
        "2": 5.624301,
        "3": 2.560068,
        "4": 4.498053,
        "5": 5.615168,
        "6": 4.414629,
        "7": 12.385068,
        "8": 14.657669,
        "9": 21.5224,
        "10": 4.091251,
        "11": 3.707135,
        "12": 19.872506,
        "13": 2.783064,
        "14": 4.423707,
        "15": 2.075318,
        "16": 4.583573,
        "17": 4.481837,
        "18": 16.473575,
        "19": 5.152565,
        "20": 0.70397,
        "21": 8.352692,
        "22": 1.967314,
        "23": 6.882202,
        "24": 3.277462,
        "25": 3.869935,
        "26": 15.619217,
        "27": 4.427262,
        "28": 3.775147,
        "29": 3.939162,
        "30": 14.415688,
        "31": 5.313552,
        "32": 4.546992,
        "33": 2.80781,
        "34": 6.052586,
        "35": 5.552801,
        "36": 17.674881,
        "37": 4.203064,
        "38": 5.634784,
        "39": 3.583862,
        "40": 1.173973,
        "41": 7.228121,
        "42": 3.559225
      }
    },
    "flash": {
      "utilization_fraction": 0.95,
      "edge_latencies_ms": {
        "0": 2.448221,
        "1": 3.386374,
        "2": 5.745215,
        "3": 2.631223,
        "4": 4.527691,
        "5": 5.646525,
        "6": 4.465806,
        "7": 12.789077,
        "8": 15.054924,
        "9": 21.961881,
        "10": 4.110571,
        "11": 3.738065,
        "12": 20.025338,
        "13": 2.809958,
        "14": 4.853469,
        "15": 2.091912,
        "16": 4.63592,
        "17": 4.503743,
        "18": 16.917346,
        "19": 5.169928,
        "20": 0.734514,
        "21": 8.372854,
        "22": 2.154766,
        "23": 6.900636,
        "24": 3.300937,
        "25": 3.893899,
        "26": 15.925937,
        "27": 4.443983,
        "28": 3.803974,
        "29": 3.968417,
        "30": 14.906557,
        "31": 5.337741,
        "32": 4.637474,
        "33": 2.830049,
        "34": 6.106389,
        "35": 5.570431,
        "36": 18.007665,
        "37": 4.228223,
        "38": 5.651069,
        "39": 3.61374,
        "40": 1.19334,
        "41": 7.27968,
        "42": 3.61559
      }
    }
  }
}