{
  "topology_id": 203,
  "load_conditions": {
    "low": {
      "utilization_fraction": 0.2,
      "edge_latencies_ms": {
        "0": 0.753639,
        "1": 0.659623,
        "2": 2.375933,
        "3": 10.579526,
        "4": 13.497596,
        "5": 2.531883,
        "6": 4.738278,
        "7": 5.182408,
        "8": 11.16894,
        "9": 4.324133,
        "10": 13.891454,
        "11": 11.179596,
        "12": 4.665612,
        "13": 5.290578,
        "14": 4.675753,
        "15": 1.70397,
        "16": 3.596647,
        "17": 16.591438,
        "18": 1.745281,
        "19": 13.361681,
        "20": 15.614919,
        "21": 4.215833,
        "22": 3.3325,
        "23": 5.211201,
        "24": 7.478824,
        "25": 4.84328,
        "26": 6.848022
      }
    },
    "medium": {
      "utilization_fraction": 0.5,
      "edge_latencies_ms": {
        "0": 0.756988,
        "1": 0.660645,
        "2": 2.376781,
        "3": 10.615708,
        "4": 13.505345,
        "5": 2.532825,
        "6": 4.740883,
        "7": 5.186117,
        "8": 11.180086,
        "9": 4.326082,
        "10": 13.906551,
        "11": 11.187297,
        "12": 4.675519,
        "13": 5.291329,
        "14": 4.677028,
        "15": 1.704863,
        "16": 3.597904,
        "17": 16.6327,
        "18": 1.746101,
        "19": 13.369868,
        "20": 15.623905,
        "21": 4.217505,
        "22": 3.333927,
        "23": 5.212387,
        "24": 7.479907,
        "25": 4.844165,
        "26": 6.849375
      }
    },
    "high": {
      "utilization_fraction": 0.8,
      "edge_latencies_ms": {
        "0": 0.770381,
        "1": 0.664734,
        "2": 2.380174,
        "3": 10.760434,
        "4": 13.536341,
        "5": 2.536594,
        "6": 4.751305,
        "7": 5.200951,
        "8": 11.224669,
        "9": 4.33388,
        "10": 13.96694,
        "11": 11.218099,
        "12": 4.715151,
        "13": 5.29433,
        "14": 4.68213,
        "15": 1.708431,
        "16": 3.602931,
        "17": 16.797747,
        "18": 1.74938,
        "19": 13.402615,
        "20": 15.659848,
        "21": 4.224195,
        "22": 3.339631,
        "23": 5.217132,
        "24": 7.484243,
        "25": 4.847703,
        "26": 6.854788
      }
    },
    "flash": {
      "utilization_fraction": 0.95,
      "edge_latencies_ms": {
        "0": 0.837349,
        "1": 0.685177,
        "2": 2.397136,
        "3": 11.484067,
        "4": 13.691317,
        "5": 2.555441,
        "6": 4.803412,
        "7": 5.275119,
        "8": 11.447581,
        "9": 4.37287,
        "10": 14.268882,
        "11": 11.372113,
        "12": 4.91331,
        "13": 5.309337,
        "14": 4.707641,
        "15": 1.726276,
        "16": 3.628068,
        "17": 17.622984,
        "18": 1.765775,
        "19": 13.566351,
        "20": 15.839565,
        "21": 4.257644,
        "22": 3.368155,
        "23": 5.240854,
        "24": 7.505918,
        "25": 4.865394,
        "26": 6.881852
      }
    }
  }
}