{
  "topology_id": 340,
  "load_conditions": {
    "low": {
      "utilization_fraction": 0.2,
      "edge_latencies_ms": {
        "0": 3.216983,
        "1": 3.601313,
        "2": 8.51528,
        "3": 8.015959,
        "4": 6.293959,
        "5": 5.774384,
        "6": 11.929881,
        "7": 5.664661,
        "8": 2.974047,
        "9": 2.861205,
        "10": 3.139544,
        "11": 4.35276,
        "12": 7.858511,
        "13": 4.518112,
        "14": 13.116963,
        "15": 4.355044,
        "16": 5.117508,
        "17": 2.993459,
        "18": 9.727213,
        "19": 13.061872,
        "20": 3.035904,
        "21": 2.684672,
        "22": 4.844304,
        "23": 4.841853,
        "24": 6.852604,
        "25": 3.812585,
        "26": 9.290822,
        "27": 11.335099,
        "28": 12.432263,
        "29": 3.332162,
        "30": 3.468023,
        "31": 6.796421,
        "32": 6.107894,
        "33": 4.202311,
        "34": 3.340309,
        "35": 4.151543,
        "36": 17.036559,
        "37": 5.609034,
        "38": 2.161958,
        "39": 3.364108,
        "40": 3.574711,
        "41": 5.367866,
        "42": 3.027626,
        "43": 5.755441,
        "44": 4.612589,
        "45": 15.19347,
        "46": 5.115309,
        "47": 5.164586,
        "48": 3.784248,
        "49": 2.474885,
        "50": 3.057801,
        "51": 5.629607,
        "52": 4.128057,
        "53": 2.884462
      }
    },
    "medium": {
      "utilization_fraction": 0.5,
      "edge_latencies_ms": {
        "0": 3.22417,
        "1": 3.604831,
        "2": 8.516716,
        "3": 8.017932,
        "4": 6.295872,
        "5": 5.77527,
        "6": 11.950458,
        "7": 5.665554,
        "8": 2.977162,
        "9": 2.86246,
        "10": 3.141365,
        "11": 4.35579,
        "12": 7.872997,
        "13": 4.519112,
        "14": 13.126685,
        "15": 4.356202,
        "16": 5.118441,
        "17": 2.994374,
        "18": 9.744188,
        "19": 13.069801,
        "20": 3.036782,
        "21": 2.685498,
        "22": 4.845386,
        "23": 4.842993,
        "24": 6.853363,
        "25": 3.814101,
        "26": 9.312648,
        "27": 11.344073,
        "28": 12.439776,
        "29": 3.334235,
        "30": 3.469894,
        "31": 6.797248,
        "32": 6.109372,
        "33": 4.209504,
        "34": 3.344125,
        "35": 4.155705,
        "36": 17.052255,
        "37": 5.610936,
        "38": 2.163817,
        "39": 3.366345,
        "40": 3.577779,
        "41": 5.37036,
        "42": 3.029067,
        "43": 5.756826,
        "44": 4.616222,
        "45": 15.216533,
        "46": 5.1164,
        "47": 5.167786,
        "48": 3.785145,
        "49": 2.475965,
        "50": 3.059238,
        "51": 5.631668,
        "52": 4.130427,
        "53": 2.885333
      }
    },
    "high": {
      "utilization_fraction": 0.8,
      "edge_latencies_ms": {
        "0": 3.25292,
        "1": 3.618907,
        "2": 8.522461,
        "3": 8.025825,
        "4": 6.303524,
        "5": 5.778815,
        "6": 12.032765,
        "7": 5.669126,
        "8": 2.989619,
        "9": 2.867479,
        "10": 3.148648,
        "11": 4.367909,
        "12": 7.930941,
        "13": 4.523112,
        "14": 13.165572,
        "15": 4.360832,
        "16": 5.12217,
        "17": 2.998036,
        "18": 9.812086,
        "19": 13.101516,
        "20": 3.040294,
        "21": 2.688803,
        "22": 4.849714,
        "23": 4.847553,
        "24": 6.8564,
        "25": 3.820168,
        "26": 9.399952,
        "27": 11.37997,
        "28": 12.469828,
        "29": 3.342526,
        "30": 3.47738,
        "31": 6.800559,
        "32": 6.115285,
        "33": 4.238275,
        "34": 3.359389,
        "35": 4.172352,
        "36": 17.115041,
        "37": 5.618545,
        "38": 2.171251,
        "39": 3.375291,
        "40": 3.590051,
        "41": 5.380334,
        "42": 3.034831,
        "43": 5.762367,
        "44": 4.630755,
        "45": 15.308786,
        "46": 5.120763,
        "47": 5.180584,
        "48": 3.788732,
        "49": 2.480284,
        "50": 3.064986,
        "51": 5.639912,
        "52": 4.139909,
        "53": 2.888816
      }
    },
    "flash": {
      "utilization_fraction": 0.95,
      "edge_latencies_ms": {
        "0": 3.396667,
        "1": 3.689283,
        "2": 8.551188,
        "3": 8.065292,
        "4": 6.341782,
        "5": 5.796536,
        "6": 12.444301,
        "7": 5.686982,
        "8": 3.051905,
        "9": 2.892577,
        "10": 3.185062,
        "11": 4.428505,
        "12": 8.220663,
        "13": 4.543113,
        "14": 13.360011,
        "15": 4.383985,
        "16": 5.140818,
        "17": 3.016347,
        "18": 10.151579,
        "19": 13.260092,
        "20": 3.057854,
        "21": 2.70533,
        "22": 4.871356,
        "23": 4.870354,
        "24": 6.871585,
        "25": 3.850499,
        "26": 9.836469,
        "27": 11.559454,
        "28": 12.620087,
        "29": 3.383984,
        "30": 3.514808,
        "31": 6.817113,
        "32": 6.14485,
        "33": 4.382132,
        "34": 3.43571,
        "35": 4.25559,
        "36": 17.42897,
        "37": 5.656591,
        "38": 2.208419,
        "39": 3.420024,
        "40": 3.651411,
        "41": 5.430204,
        "42": 3.063649,
        "43": 5.79007,
        "44": 4.703417,
        "45": 15.770054,
        "46": 5.142579,
        "47": 5.244576,
        "48": 3.806665,
        "49": 2.501882,
        "50": 3.093726,
        "51": 5.681135,
        "52": 4.187319,
        "53": 2.906231
      }
    }
  }
}