{
  "topology_id": 488,
  "load_conditions": {
    "low": {
      "utilization_fraction": 0.2,
      "edge_latencies_ms": {
        "0": 1.548293,
        "1": 2.319067,
        "2": 5.573543,
        "3": 2.05335,
        "4": 5.088501,
        "5": 0.847453,
        "6": 3.364384,
        "7": 3.348109,
        "8": 4.685915,
        "9": 2.5972,
        "10": 4.680753,
        "11": 5.533644,
        "12": 4.473547,
        "13": 5.190608,
        "14": 5.701331,
        "15": 3.144393,
        "16": 0.823111,
        "17": 1.751563,
        "18": 5.274682,
        "19": 4.531086,
        "20": 1.186177,
        "21": 3.766494,
        "22": 4.320806,
        "23": 3.672905,
        "24": 3.96153,
        "25": 5.665413,
        "26": 2.769485,
        "27": 5.802191,
        "28": 5.097963,
        "29": 4.115319,
        "30": 1.7833,
        "31": 5.471983,
        "32": 3.846789,
        "33": 4.282096,
        "34": 3.516752,
        "35": 1.538145,
        "36": 3.843138,
        "37": 5.70829,
        "38": 4.780258,
        "39": 1.126553,
        "40": 6.041601,
        "41": 4.30868,
        "42": 2.335769,
        "43": 5.513743,
        "44": 6.390509,
        "45": 4.087339,
        "46": 4.261549,
        "47": 5.393029,
        "48": 4.682261,
        "49": 4.955887,
        "50": 6.057102,
        "51": 2.229205,
        "52": 5.783764,
        "53": 3.196149,
        "54": 5.333889,
        "55": 5.265887,
        "56": 4.883246,
        "57": 5.901967,
        "58": 5.35932,
        "59": 3.786144,
        "60": 6.712372,
        "61": 7.088391,
        "62": 4.425462,
        "63": 2.237788,
        "64": 2.117609,
        "65": 3.589705,
        "66": 5.35533,
        "67": 5.546146,
        "68": 5.094579,
        "69": 5.409404,
        "70": 4.946151,
        "71": 7.41781,
        "72": 3.729477,
        "73": 3.7668,
        "74": 3.067658,
        "75": 3.60837,
        "76": 3.846481,
        "77": 6.164093,
        "78": 3.001453,
        "79": 5.414647,
        "80": 9.285179,
        "81": 1.584922,
        "82": 3.236799,
        "83": 5.279357,
        "84": 6.901518,
        "85": 5.728618,
        "86": 3.338859,
        "87": 3.901116,
        "88": 4.347077,
        "89": 6.020965,
        "90": 3.298751,
        "91": 6.26528,
        "92": 1.944636,
        "93": 3.437325,
        "94": 5.322966,
        "95": 5.578941,
        "96": 6.70529,
        "97": 4.284232,
        "98": 1.669369,
        "99": 2.961555,
        "100": 3.289018,
        "101": 3.23927,
        "102": 2.247798,
        "103": 3.302023,
        "104": 4.211989,
        "105": 1.007857,
        "106": 2.514223,
        "107": 3.580153,
        "108": 4.745314,
        "109": 2.929213,
        "110": 3.680422,
        "111": 1.890807,
        "112": 1.561202,
        "113": 4.681767,
        "114": 2.310576,
        "115": 4.752967,
        "116": 5.417218,
        "117": 2.977321,
        "118": 4.096568,
        "119": 3.939521,
        "120": 6.389321,
        "121": 4.024321,
        "122": 2.366901,
        "123": 3.044775,
        "124": 5.660799,
        "125": 5.042917,
        "126": 4.113972,
        "127": 5.130639,
        "128": 4.438525,
        "129": 4.860333,
        "130": 2.365036,
        "131": 2.466453,
        "132": 1.930136,
        "133": 5.152032,
        "134": 4.121199,
        "135": 1.661742,
        "136": 3.778749,
        "137": 4.728396,
        "138": 2.727309,
        "139": 3.06299,
        "140": 6.606572,
        "141": 5.688472,
        "142": 1.552118,
        "143": 3.903727,
        "144": 2.540514,
        "145": 3.134289,
        "146": 4.85774,
        "147": 3.635313,
        "148": 6.565287
      }
    },
    "medium": {
      "utilization_fraction": 0.5,
      "edge_latencies_ms": {
        "0": 1.54937,
        "1": 2.320761,
        "2": 5.575307,
        "3": 2.055128,
        "4": 5.089993,
        "5": 0.848412,
        "6": 3.367288,
        "7": 3.349823,
        "8": 4.686836,
        "9": 2.598254,
        "10": 4.682195,
        "11": 5.534467,
        "12": 4.474381,
        "13": 5.197227,
        "14": 5.705512,
        "15": 3.145602,
        "16": 0.825105,
        "17": 1.752619,
        "18": 5.276902,
        "19": 4.532353,
        "20": 1.187684,
        "21": 3.767866,
        "22": 4.322267,
        "23": 3.674026,
        "24": 3.963216,
        "25": 5.669616,
        "26": 2.770509,
        "27": 5.803044,
        "28": 5.099828,
        "29": 4.116779,
        "30": 1.784246,
        "31": 5.473814,
        "32": 3.847951,
        "33": 4.285258,
        "34": 3.521031,
        "35": 1.538928,
        "36": 3.848462,
        "37": 5.709583,
        "38": 4.781998,
        "39": 1.136765,
        "40": 6.043035,
        "41": 4.309868,
        "42": 2.338294,
        "43": 5.518422,
        "44": 6.392045,
        "45": 4.088211,
        "46": 4.263114,
        "47": 5.393902,
        "48": 4.683568,
        "49": 4.956772,
        "50": 6.058135,
        "51": 2.230784,
        "52": 5.784815,
        "53": 3.198344,
        "54": 5.33521,
        "55": 5.266653,
        "56": 4.884819,
        "57": 5.903018,
        "58": 5.360184,
        "59": 3.792259,
        "60": 6.713702,
        "61": 7.100342,
        "62": 4.42771,
        "63": 2.239934,
        "64": 2.118594,
        "65": 3.590725,
        "66": 5.357016,
        "67": 5.549896,
        "68": 5.097144,
        "69": 5.410381,
        "70": 4.947234,
        "71": 7.424533,
        "72": 3.730228,
        "73": 3.773346,
        "74": 3.06896,
        "75": 3.609337,
        "76": 3.853116,
        "77": 6.164941,
        "78": 3.00329,
        "79": 5.415529,
        "80": 9.294234,
        "81": 1.586973,
        "82": 3.240917,
        "83": 5.280927,
        "84": 6.904174,
        "85": 5.734384,
        "86": 3.34288,
        "87": 3.902313,
        "88": 4.351041,
        "89": 6.022596,
        "90": 3.299731,
        "91": 6.268519,
        "92": 1.950128,
        "93": 3.439301,
        "94": 5.324695,
        "95": 5.581552,
        "96": 6.707759,
        "97": 4.285774,
        "98": 1.670147,
        "99": 2.962338,
        "100": 3.289815,
        "101": 3.24052,
        "102": 2.248978,
        "103": 3.302895,
        "104": 4.212834,
        "105": 1.008656,
        "106": 2.515779,
        "107": 3.582796,
        "108": 4.747331,
        "109": 2.931271,
        "110": 3.682462,
        "111": 1.892036,
        "112": 1.562099,
        "113": 4.682617,
        "114": 2.311718,
        "115": 4.754186,
        "116": 5.41901,
        "117": 2.978666,
        "118": 4.097911,
        "119": 3.943296,
        "120": 6.390257,
        "121": 4.025414,
        "122": 2.367769,
        "123": 3.045891,
        "124": 5.665338,
        "125": 5.043681,
        "126": 4.115099,
        "127": 5.132556,
        "128": 4.439434,
        "129": 4.86408,
        "130": 2.371585,
        "131": 2.46725,
        "132": 1.931235,
        "133": 5.154363,
        "134": 4.124429,
        "135": 1.663302,
        "136": 3.780817,
        "137": 4.730374,
        "138": 2.728504,
        "139": 3.064238,
        "140": 6.607754,
        "141": 5.689259,
        "142": 1.552996,
        "143": 3.907047,
        "144": 2.543943,
        "145": 3.135847,
        "146": 4.859172,
        "147": 3.639361,
        "148": 6.570807
      }
    },
    "high": {
      "utilization_fraction": 0.8,
      "edge_latencies_ms": {
        "0": 1.553676,
        "1": 2.327536,
        "2": 5.582364,
        "3": 2.062238,
        "4": 5.095964,
        "5": 0.852245,
        "6": 3.378907,
        "7": 3.356681,
        "8": 4.690519,
        "9": 2.602473,
        "10": 4.687965,
        "11": 5.537756,
        "12": 4.477718,
        "13": 5.2237,
        "14": 5.722235,
        "15": 3.150435,
        "16": 0.833079,
        "17": 1.756841,
        "18": 5.285782,
        "19": 4.537422,