{
  "topology_id": 386,
  "load_conditions": {
    "low": {
      "utilization_fraction": 0.2,
      "edge_latencies_ms": {
        "0": 6.52715,
        "1": 5.352232,
        "2": 1.419734,
        "3": 5.308205,
        "4": 8.696474,
        "5": 5.283685,
        "6": 2.648857,
        "7": 2.058442,
        "8": 1.986702,
        "9": 11.235857,
        "10": 5.060934,
        "11": 3.339712,
        "12": 1.693452,
        "13": 4.629924,
        "14": 2.210417,
        "15": 4.560883,
        "16": 2.162746,
        "17": 5.014527,
        "18": 2.321322,
        "19": 2.886096,
        "20": 2.199496
      }
    },
    "medium": {
      "utilization_fraction": 0.5,
      "edge_latencies_ms": {
        "0": 6.528579,
        "1": 5.353543,
        "2": 1.420504,
        "3": 5.309099,
        "4": 8.712384,
        "5": 5.292381,
        "6": 2.652776,
        "7": 2.05968,
        "8": 1.987631,
        "9": 11.246152,
        "10": 5.065346,
        "11": 3.343763,
        "12": 1.695756,
        "13": 4.632333,
        "14": 2.217036,
        "15": 4.566563,
        "16": 2.163818,
        "17": 5.015523,
        "18": 2.322088,
        "19": 2.889397,
        "20": 2.202447
      }
    },
    "high": {
      "utilization_fraction": 0.8,
      "edge_latencies_ms": {
        "0": 6.534296,
        "1": 5.358784,
        "2": 1.423586,
        "3": 5.312674,
        "4": 8.776025,
        "5": 5.327167,
        "6": 2.668453,
        "7": 2.064632,
        "8": 1.991347,
        "9": 11.287329,
        "10": 5.082995,
        "11": 3.359966,
        "12": 1.704973,
        "13": 4.641969,
        "14": 2.24351,
        "15": 4.589285,
        "16": 2.168106,
        "17": 5.019508,
        "18": 2.32515,
        "19": 2.902602,
        "20": 2.21425
      }
    },
    "flash": {
      "utilization_fraction": 0.95,
      "edge_latencies_ms": {
        "0": 6.56288,
        "1": 5.384991,
        "2": 1.438996,
        "3": 5.33055,
        "4": 9.094232,
        "5": 5.501094,
        "6": 2.746834,
        "7": 2.089394,
        "8": 2.009927,
        "9": 11.493217,
        "10": 5.171236,
        "11": 3.440979,
        "12": 1.751058,
        "13": 4.690149,
        "14": 2.375885,
        "15": 4.702895,
        "16": 2.189544,
        "17": 5.039433,
        "18": 2.340459,
        "19": 2.968625,
        "20": 2.273263
      }
    }
  }
}