{
  "topology_id": 257,
  "load_conditions": {
    "low": {
      "utilization_fraction": 0.2,
      "edge_latencies_ms": {
        "0": 3.504273,
        "1": 3.421537,
        "2": 5.383375,
        "3": 5.06163,
        "4": 20.826184,
        "5": 15.307774,
        "6": 11.75983,
        "7": 15.358715,
        "8": 1.639493,
        "9": 18.386352,
        "10": 3.648692,
        "11": 2.250787,
        "12": 6.596486,
        "13": 2.265667,
        "14": 8.070002,
        "15": 8.02962,
        "16": 4.542812,
        "17": 5.640148,
        "18": 4.475633,
        "19": 4.713703,
        "20": 4.563419,
        "21": 6.642837,
        "22": 3.820722,
        "23": 5.119238,
        "24": 0.971475,
        "25": 3.290845,
        "26": 5.893735,
        "27": 6.25805
      }
    },
    "medium": {
      "utilization_fraction": 0.5,
      "edge_latencies_ms": {
        "0": 3.510763,
        "1": 3.423958,
        "2": 5.384563,
        "3": 5.06253,
        "4": 20.835044,
        "5": 15.346029,
        "6": 11.769552,
        "7": 15.367156,
        "8": 1.641592,
        "9": 18.399306,
        "10": 3.649945,
        "11": 2.252365,
        "12": 6.597416,
        "13": 2.266442,
        "14": 8.091196,
        "15": 8.030502,
        "16": 4.54525,
        "17": 5.641023,
        "18": 4.479034,
        "19": 4.714517,
        "20": 4.56596,
        "21": 6.643757,
        "22": 3.823053,
        "23": 5.120345,
        "24": 0.97224,
        "25": 3.291914,
        "26": 5.89449,
        "27": 6.259457
      }
    },
    "high": {
      "utilization_fraction": 0.8,
      "edge_latencies_ms": {
        "0": 3.536723,
        "1": 3.433638,
        "2": 5.389318,
        "3": 5.066129,
        "4": 20.870485,
        "5": 15.49905,
        "6": 11.808441,
        "7": 15.400916,
        "8": 1.649984,
        "9": 18.45112,
        "10": 3.654956,
        "11": 2.258675,
        "12": 6.601134,
        "13": 2.269544,
        "14": 8.175973,
        "15": 8.034032,
        "16": 4.555002,
        "17": 5.644523,
        "18": 4.492638,
        "19": 4.717771,
        "20": 4.576122,
        "21": 6.647437,
        "22": 3.832377,
        "23": 5.124775,
        "24": 0.975301,
        "25": 3.296187,
        "26": 5.897512,
        "27": 6.265088
      }
    },
    "flash": {
      "utilization_fraction": 0.95,
      "edge_latencies_ms": {
        "0": 3.666525,
        "1": 3.482041,
        "2": 5.413089,
        "3": 5.084124,
        "4": 21.047687,
        "5": 16.264155,
        "6": 12.002887,
        "7": 15.569721,
        "8": 1.691945,
        "9": 18.710192,
        "10": 3.680016,
        "11": 2.29023,
        "12": 6.619728,
        "13": 2.285051,
        "14": 8.599857,
        "15": 8.05168,
        "16": 4.603759,
        "17": 5.662024,
        "18": 4.560659,
        "19": 4.73404,
        "20": 4.626932,
        "21": 6.665834,
        "22": 3.878997,
        "23": 5.146922,
        "24": 0.990604,
        "25": 3.317554,
        "26": 5.912623,
        "27": 6.293241
      }
    }
  }
}