{
  "topology_id": 160,
  "load_conditions": {
    "low": {
      "utilization_fraction": 0.2,
      "edge_latencies_ms": {
        "0": 2.574852,
        "1": 1.911905,
        "2": 1.18267,
        "3": 3.571971,
        "4": 2.695263,
        "5": 4.584206,
        "6": 3.021302,
        "7": 4.365206,
        "8": 2.164441,
        "9": 3.714049,
        "10": 3.038708,
        "11": 3.728424,
        "12": 4.801967,
        "13": 5.811486,
        "14": 5.629519,
        "15": 3.410333,
        "16": 2.847459,
        "17": 1.676349,
        "18": 2.398403,
        "19": 7.135039,
        "20": 3.479398,
        "21": 1.911126,
        "22": 1.335409,
        "23": 3.867399,
        "24": 5.304655,
        "25": 4.809194,
        "26": 1.328,
        "27": 4.101798,
        "28": 4.463436,
        "29": 3.417229,
        "30": 2.981967,
        "31": 4.636607,
        "32": 1.57671,
        "33": 5.185439,
        "34": 3.771083,
        "35": 3.210969,
        "36": 2.103022,
        "37": 3.383803,
        "38": 5.701123,
        "39": 4.570984,
        "40": 5.563346,
        "41": 5.896902,
        "42": 7.542613,
        "43": 2.929523,
        "44": 3.625837,
        "45": 4.111848,
        "46": 0.440347,
        "47": 5.872793,
        "48": 2.973922,
        "49": 2.675664,
        "50": 2.28615,
        "51": 3.346254,
        "52": 3.377808,
        "53": 3.65518,
        "54": 4.008392,
        "55": 5.74815,
        "56": 2.658745,
        "57": 3.068118,
        "58": 1.840461,
        "59": 4.927314,
        "60": 2.930394,
        "61": 2.548129,
        "62": 5.256412,
        "63": 2.871581,
        "64": 6.681129,
        "65": 2.533448,
        "66": 3.093453,
        "67": 4.790426,
        "68": 2.807444,
        "69": 4.110372,
        "70": 5.349529,
        "71": 3.054321,
        "72": 3.099679,
        "73": 4.354153,
        "74": 4.335755,
        "75": 1.699787,
        "76": 0.741754,
        "77": 4.60631,
        "78": 1.340534,
        "79": 3.009549,
        "80": 5.370156,
        "81": 4.55242,
        "82": 3.642692,
        "83": 5.658022,
        "84": 6.912219,
        "85": 1.540004,
        "86": 3.984961,
        "87": 3.834924,
        "88": 4.703043,
        "89": 2.280665,
        "90": 3.874925,
        "91": 1.440425,
        "92": 0.991914,
        "93": 4.348818,
        "94": 10.76749,
        "95": 3.767152,
        "96": 3.669196,
        "97": 4.647884,
        "98": 2.72667,
        "99": 5.80202,
        "100": 3.094862,
        "101": 3.970688,
        "102": 2.617507,
        "103": 5.214334,
        "104": 5.425307,
        "105": 2.766615,
        "106": 1.046274,
        "107": 3.09404,
        "108": 5.771283,
        "109": 2.408058,
        "110": 4.247805,
        "111": 4.677128,
        "112": 4.325312,
        "113": 5.066191,
        "114": 3.204496,
        "115": 3.834915,
        "116": 3.160995,
        "117": 3.753969,
        "118": 1.783425,
        "119": 1.419985,
        "120": 1.474463,
        "121": 2.56345,
        "122": 1.544204,
        "123": 3.59115,
        "124": 4.557626,
        "125": 5.988703,
        "126": 5.461414,
        "127": 5.479168,
        "128": 7.01473,
        "129": 2.864546,
        "130": 4.213547,
        "131": 5.597029,
        "132": 5.508433,
        "133": 2.418523,
        "134": 4.261458,
        "135": 3.674236,
        "136": 3.16721,
        "137": 6.11987,
        "138": 4.101754,
        "139": 5.011571,
        "140": 4.15246,
        "141": 6.342711,
        "142": 7.035932,
        "143": 2.780785,
        "144": 0.56065,
        "145": 4.074594,
        "146": 5.984964,
        "147": 5.686331,
        "148": 2.985956,
        "149": 1.966894,
        "150": 3.405029,
        "151": 4.783902,
        "152": 5.721179,
        "153": 1.284676,
        "154": 3.250756,
        "155": 2.710591,
        "156": 3.380901,
        "157": 2.929018,
        "158": 2.940292,
        "159": 6.145404,
        "160": 6.165328,
        "161": 8.101584,
        "162": 6.915945,
        "163": 5.685748,
        "164": 6.388894,
        "165": 4.120921,
        "166": 5.443358,
        "167": 3.774421,
        "168": 3.145756,
        "169": 6.024055,
        "170": 4.529376,
        "171": 3.578471,
        "172": 3.653758,
        "173": 5.054729,
        "174": 4.468556,
        "175": 2.261492,
        "176": 4.462189,
        "177": 3.976648,
        "178": 0.747799,
        "179": 4.890598,
        "180": 4.150909,
        "181": 4.367504,
        "182": 5.347057,
        "183": 2.608919,
        "184": 3.692962,
        "185": 3.706511,
        "186": 5.101144
      }
    },
    "medium": {
      "utilization_fraction": 0.5,
      "edge_latencies_ms": {
        "0": 2.576258,
        "1": 1.913642,
        "2": 1.183964,
        "3": 3.573695,
        "4": 2.696113,
        "5": 4.585139,
        "6": 3.022974,
        "7": 4.367141,
        "8": 2.165235,
        "9": 3.71523,
        "10": 3.041204,
        "11": 3.731357,
        "12": 4.803918,
        "13": 5.812802,
        "14": 5.633967,
        "15": 3.415772,
        "16": 2.849634,
        "17": 1.677103,
        "18": 2.399456,
        "19": 7.136929,
        "20": 3.48077,
        "21": 1.912058,
        "22": 1.337078,
        "23": 3.869819,
        "24": 5.30627,
        "25": 4.813728,
        "26": 1.329859,
        "27": 4.103913,
        "28": 4.469831,
        "29": 3.418789,
        "30": 2.984237,
        "31": 4.63744,
        "32": 1.577985,
        "33": 5.186242,
        "34": 3.772488,
        "35": 3.211765,
        "36": 2.103944,
        "37": 3.384756,
        "38": 5.70564,
        "39": 4.575782,
        "40": 5.564218,
        "41": 5.897744,
        "42": 7.543883,
        "43": 2.930424,
        "44": 3.627586,
        "45": 4.112652,
        "46": 0.441482,
        "47": 5.874408,
        "48": 2.974933,
        "49": 2.676423,
        "50": 2.287311,
        "51": 3.347618,
        "52": 3.378946,
        "53": 3.656174,
        "54": 4.010025,
        "55": 5.811617,
        "56": 2.663282,
        "57": 3.073988,
        "58": 1.842409,
        "59": 4.928406,
        "60": 2.932316,
        "61": 2.549025,
        "62": 5.260237,
        "63": 2.87414,
        "64": 6.684177,
        "65": 2.534314,
        "66": 3.094204,
        "67": 4.794654,
        "68": 2.81128,
        "69": 4.111912,
        "70": 5.350521,
        "71": 3.055605,
        "72": 3.101482,
        "73": 4.355461,
        "74": 4.337748,
        "75": 1.705215,
        "76": 0.742608,
        "77": 4.607229,
        "78": 1.342103,
        "79": 3.010457,
        "80": 5.371008,
        "81": 4.55341,
        "82": 3.644485,
        "83": 5.660908,
        "84": 6.913445,
        "85": 1.540864,
        "86": 3.986465,
        "87": 3.836056,
        "88": 4.735092,
        "89": 2.285552,
        "90": 3.87889,
        "91": 1.441419,
        "92": 0.994322,
        "93": 4.354733,
        "94": 10.778747,
        "95": 3.767952,
        "96": 3.670801,
        "97": 4.648831,
        "98": 2.730537,
        "99": 5.8062,
        "100": 3.095872,
        "101": 3.972936,
        "102": 2.618835,
        "103": 5.217963,
        "104": 5.42636,
        "105": 2.767418,
        "106": 1.047193,
        "107": 3.098185,
        "108": 5.789554,
        "109": 2.40893,
        "110": 4.249764,
        "111": 4.679239,
        "112": 4.327122,
        "113": 5.066962,
        "114": 3.205622,
        "115": 3.836555,
        "116": 3.164299,
        "117": 3.754991,
        "118": 1.784272,
        "119": 1.421326,
        "120": 1.475266,
        "121": 2.565092,
        "122": 1.545268,
        "123": 3.591941,
        "124": 4.559391,
        "125": 5.989759,
        "126": 5.462334,
        "127": 5.480391,
        "128": 7.015807,
        "129": 2.865482,
        "130": 4.215144,
        "131": 5.60024,
        "132": 5.509875,
        "133": 2.41957,