{
  "topology_id": 435,
  "load_conditions": {
    "low": {
      "utilization_fraction": 0.2,
      "edge_latencies_ms": {
        "0": 2.803438,
        "1": 2.163892,
        "2": 1.603217,
        "3": 1.692206,
        "4": 2.949755,
        "5": 1.872438,
        "6": 1.795805,
        "7": 4.031553,
        "8": 4.714246,
        "9": 2.87281,
        "10": 16.212328,
        "11": 5.872112,
        "12": 2.419107,
        "13": 2.755206,
        "14": 4.012752,
        "15": 1.885856,
        "16": 5.099188,
        "17": 5.097502,
        "18": 5.268109,
        "19": 6.058916,
        "20": 6.875914,
        "21": 3.310109,
        "22": 2.441637,
        "23": 1.509662,
        "24": 3.199772,
        "25": 4.045329,
        "26": 3.125025,
        "27": 4.94656,
        "28": 3.914665,
        "29": 2.629433,
        "30": 4.101832,
        "31": 4.435138,
        "32": 3.712765,
        "33": 1.39673,
        "34": 2.942997,
        "35": 3.73471,
        "36": 2.003146,
        "37": 4.19476,
        "38": 16.044281,
        "39": 3.564456,
        "40": 3.834196,
        "41": 3.027676,
        "42": 17.21457,
        "43": 14.986834,
        "44": 2.361832,
        "45": 2.764824,
        "46": 2.834324,
        "47": 3.218627,
        "48": 3.262768,
        "49": 3.281332,
        "50": 2.157656,
        "51": 4.335347,
        "52": 3.951998,
        "53": 1.869535,
        "54": 2.170649,
        "55": 2.738206,
        "56": 3.610125,
        "57": 2.973418,
        "58": 7.22623,
        "59": 3.445598,
        "60": 4.892297,
        "61": 1.048749,
        "62": 3.436125,
        "63": 1.861425,
        "64": 2.733643,
        "65": 1.325633,
        "66": 5.15552,
        "67": 5.356532,
        "68": 2.32852,
        "69": 6.750745,
        "70": 7.226326,
        "71": 3.044299,
        "72": 4.839732,
        "73": 6.506364,
        "74": 4.155185,
        "75": 4.016642,
        "76": 2.936856,
        "77": 2.772464,
        "78": 3.099729,
        "79": 3.135496,
        "80": 4.474607,
        "81": 1.949668,
        "82": 6.209309,
        "83": 7.565086,
        "84": 4.468755,
        "85": 2.750847,
        "86": 9.171023,
        "87": 4.014263,
        "88": 7.907394,
        "89": 3.330606,
        "90": 3.979444,
        "91": 4.036353,
        "92": 4.299856,
        "93": 2.671221,
        "94": 2.738233,
        "95": 2.857576,
        "96": 6.141201,
        "97": 6.420609,
        "98": 2.266496,
        "99": 5.037746,
        "100": 2.873265,
        "101": 2.30505,
        "102": 4.815869,
        "103": 4.134397,
        "104": 1.950824,
        "105": 3.486456,
        "106": 6.156552
      }
    },
    "medium": {
      "utilization_fraction": 0.5,
      "edge_latencies_ms": {
        "0": 2.804314,
        "1": 2.166145,
        "2": 1.605571,
        "3": 1.693457,
        "4": 2.953063,
        "5": 1.876691,
        "6": 1.79731,
        "7": 4.03279,
        "8": 4.715074,
        "9": 2.878048,
        "10": 16.221681,
        "11": 5.873768,
        "12": 2.420719,
        "13": 2.757102,
        "14": 4.019796,
        "15": 1.888626,
        "16": 5.100724,
        "17": 5.09878,
        "18": 5.271448,
        "19": 6.059927,
        "20": 6.876811,
        "21": 3.3118,
        "22": 2.444475,
        "23": 1.511341,
        "24": 3.203266,
        "25": 4.048002,
        "26": 3.127697,
        "27": 4.947703,
        "28": 3.917949,
        "29": 2.630483,
        "30": 4.106782,
        "31": 4.440253,
        "32": 3.713769,
        "33": 1.398528,
        "34": 2.944324,
        "35": 3.735995,
        "36": 2.004592,
        "37": 4.196532,
        "38": 16.056948,
        "39": 3.565512,
        "40": 3.835699,
        "41": 3.029056,
        "42": 17.222962,
        "43": 15.001117,
        "44": 2.367341,
        "45": 2.766294,
        "46": 2.835714,
        "47": 3.222019,
        "48": 3.264793,
        "49": 3.283067,
        "50": 2.158602,
        "51": 4.336155,
        "52": 3.953215,
        "53": 1.870476,
        "54": 2.171804,
        "55": 2.739483,
        "56": 3.610938,
        "57": 2.975038,
        "58": 7.24243,
        "59": 3.447467,
        "60": 4.89315,
        "61": 1.049501,
        "62": 3.436985,
        "63": 1.862197,
        "64": 2.736107,
        "65": 1.326478,
        "66": 5.157414,
        "67": 5.358099,
        "68": 2.329511,
        "69": 6.760425,
        "70": 7.231186,
        "71": 3.047435,
        "72": 4.841178,
        "73": 6.568758,
        "74": 4.156391,
        "75": 4.02307,
        "76": 2.937823,
        "77": 2.7733,
        "78": 3.101616,
        "79": 3.136274,
        "80": 4.475673,
        "81": 1.952942,
        "82": 6.21066,
        "83": 7.566311,
        "84": 4.469508,
        "85": 2.752618,
        "86": 9.179443,
        "87": 4.015173,
        "88": 7.910358,
        "89": 3.334678,
        "90": 3.982464,
        "91": 4.038683,
        "92": 4.302018,
        "93": 2.67234,
        "94": 2.740416,
        "95": 2.860941,
        "96": 6.148577,
        "97": 6.424782,
        "98": 2.26755,
        "99": 5.039059,
        "100": 2.874778,
        "101": 2.30814,
        "102": 4.819168,
        "103": 4.135336,
        "104": 1.951586,
        "105": 3.487436,
        "106": 6.157474
      }
    },
    "high": {
      "utilization_fraction": 0.8,
      "edge_latencies_ms": {
        "0": 2.807818,
        "1": 2.175156,
        "2": 1.614986,
        "3": 1.69846,
        "4": 2.966293,
        "5": 1.893704,
        "6": 1.80333,
        "7": 4.037735,
        "8": 4.718383,
        "9": 2.899004,
        "10": 16.259093,
        "11": 5.880392,
        "12": 2.427163,
        "13": 2.764689,
        "14": 4.047972,
        "15": 1.899706,
        "16": 5.106869,
        "17": 5.103892,
        "18": 5.284802,
        "19": 6.063972,
        "20": 6.880398,
        "21": 3.318566,
        "22": 2.455824,
        "23": 1.518059,
        "24": 3.217245,
        "25": 4.058694,
        "26": 3.138385,
        "27": 4.952276,
        "28": 3.931083,
        "29": 2.634683,
        "30": 4.126581,
        "31": 4.46071,
        "32": 3.717781,
        "33": 1.405721,
        "34": 2.949636,
        "35": 3.741135,
        "36": 2.010374,
        "37": 4.20362,
        "38": 16.107615,
        "39": 3.569734,
        "40": 3.841712,
        "41": 3.034577,
        "42": 17.25653,
        "43": 15.058248,
        "44": 2.389374,
        "45": 2.772174,
        "46": 2.841276,
        "47": 3.235583,
        "48": 3.272894,
        "49": 3.290011,
        "50": 2.162388,
        "51": 4.33939,
        "52": 3.958087,
        "53": 1.874241,
        "54": 2.176423,
        "55": 2.744592,
        "56": 3.614189,
        "57": 2.981517,
        "58": 7.30723,
        "59": 3.454943,
        "60": 4.896563,
        "61": 1.052506,
        "62": 3.440422,
        "63": 1.865283,
        "64": 2.745962,
        "65": 1.329859,
        "66": 5.164989,
        "67": 5.364369,
        "68": 2.333478,
        "69": 6.799148,
        "70": 7.250626,
        "71": 3.059978,
        "72": 4.846959,
        "73": 6.818335,
        "74": 4.161217,
        "75": 4.048783,
        "76": 2.941693,
        "77": 2.776642,
        "78": 3.109163,
        "79": 3.139387,
        "80": 4.47994,
        "81": 1.966034,
        "82": 6.216064,
        "83": 7.571212,
        "84": 4.472521,
        "85": 2.759702,
        "86": 9.213124,
        "87": 4.018812,
        "88": 7.922213,
        "89": 3.350965,
        "90": 3.994541,
        "91": 4.048003,
        "92": 4.310667,
        "93": 2.676814,
        "94": 2.749152,
        "95": 2.874402,
        "96": 6.178081,
        "97": 6.441477,
        "98": 2.271766,
        "99": 5.044314,
        "100": 2.88083,
        "101": 2.320498,
        "102": 4.832368,
        "103": 4.139092,
        "104": 1.954631,
        "105": 3.491357,
        "106": 6.16116
      }
    },