{
  "topology_id": 402,
  "load_conditions": {
    "low": {
      "utilization_fraction": 0.2,
      "edge_latencies_ms": {
        "0": 3.191594,
        "1": 1.911123,
        "2": 3.615196,
        "3": 18.738308,
        "4": 3.555813,
        "5": 2.377973,
        "6": 5.492438,
        "7": 8.011922,
        "8": 1.787488,
        "9": 14.708054,
        "10": 4.227064,
        "11": 3.057583,
        "12": 2.468851,
        "13": 3.920761,
        "14": 4.367192,
        "15": 5.88844,
        "16": 2.319121,
        "17": 3.670633,
        "18": 3.219422,
        "19": 2.312893,
        "20": 4.838334,
        "21": 3.654847,
        "22": 6.092157,
        "23": 4.486355,
        "24": 15.014734,
        "25": 0.8557,
        "26": 3.556672,
        "27": 4.190961,
        "28": 3.825616,
        "29": 4.788338,
        "30": 2.510971,
        "31": 6.817457,
        "32": 5.963897,
        "33": 3.606851,
        "34": 5.449764,
        "35": 3.320352,
        "36": 5.0505,
        "37": 1.648598,
        "38": 3.483112,
        "39": 4.694016,
        "40": 7.648642,
        "41": 3.092743,
        "42": 3.270334,
        "43": 1.829596,
        "44": 3.602883,
        "45": 3.079043,
        "46": 3.552014,
        "47": 2.219253,
        "48": 4.192405,
        "49": 3.366785,
        "50": 6.276493,
        "51": 3.737439,
        "52": 3.577229,
        "53": 4.820023,
        "54": 4.45027,
        "55": 1.954341,
        "56": 3.131723
      }
    },
    "medium": {
      "utilization_fraction": 0.5,
      "edge_latencies_ms": {
        "0": 3.193396,
        "1": 1.912552,
        "2": 3.620565,
        "3": 18.747645,
        "4": 3.558248,
        "5": 2.379396,
        "6": 5.494415,
        "7": 8.012821,
        "8": 1.789929,
        "9": 14.717504,
        "10": 4.22817,
        "11": 3.064665,
        "12": 2.469644,
        "13": 3.925371,
        "14": 4.368722,
        "15": 5.889477,
        "16": 2.321489,
        "17": 3.673318,
        "18": 3.220472,
        "19": 2.314492,
        "20": 4.840468,
        "21": 3.657163,
        "22": 6.093436,
        "23": 4.487942,
        "24": 15.038979,
        "25": 0.856547,
        "26": 3.561616,
        "27": 4.191766,
        "28": 3.826696,
        "29": 4.78993,
        "30": 2.512011,
        "31": 6.819401,
        "32": 5.965108,
        "33": 3.608437,
        "34": 5.4519,
        "35": 3.323401,
        "36": 5.053414,
        "37": 1.649727,
        "38": 3.484363,
        "39": 4.695113,
        "40": 7.649842,
        "41": 3.094509,
        "42": 3.271712,
        "43": 1.830387,
        "44": 3.607619,
        "45": 3.079886,
        "46": 3.553946,
        "47": 2.220125,
        "48": 4.193832,
        "49": 3.367635,
        "50": 6.277782,
        "51": 3.741828,
        "52": 3.578137,
        "53": 4.820986,
        "54": 4.453552,
        "55": 1.955633,
        "56": 3.133431
      }
    },
    "high": {
      "utilization_fraction": 0.8,
      "edge_latencies_ms": {
        "0": 3.200606,
        "1": 1.918267,
        "2": 3.642039,
        "3": 18.784992,
        "4": 3.567989,
        "5": 2.385091,
        "6": 5.502326,
        "7": 8.016416,
        "8": 1.799689,
        "9": 14.755306,
        "10": 4.232595,
        "11": 3.092995,
        "12": 2.472816,
        "13": 3.94381,
        "14": 4.374839,
        "15": 5.893628,
        "16": 2.330959,
        "17": 3.684059,
        "18": 3.224671,
        "19": 2.320887,
        "20": 4.849006,
        "21": 3.666428,
        "22": 6.098553,
        "23": 4.494288,
        "24": 15.135959,
        "25": 0.859938,
        "26": 3.581393,
        "27": 4.194985,
        "28": 3.831014,
        "29": 4.796299,
        "30": 2.516173,
        "31": 6.827174,
        "32": 5.969953,
        "33": 3.614781,
        "34": 5.460445,
        "35": 3.335596,
        "36": 5.065073,
        "37": 1.654243,
        "38": 3.489364,
        "39": 4.699499,
        "40": 7.654642,
        "41": 3.101572,
        "42": 3.277226,
        "43": 1.833553,
        "44": 3.626563,
        "45": 3.083256,
        "46": 3.561676,
        "47": 2.22361,
        "48": 4.199541,
        "49": 3.371037,
        "50": 6.282938,
        "51": 3.75938,
        "52": 3.581769,
        "53": 4.824842,
        "54": 4.466677,
        "55": 1.960801,
        "56": 3.140264
      }
    },
    "flash": {
      "utilization_fraction": 0.95,
      "edge_latencies_ms": {
        "0": 3.236652,
        "1": 1.94684,
        "2": 3.749412,
        "3": 18.971727,
        "4": 3.616692,
        "5": 2.413562,
        "6": 5.541878,
        "7": 8.034391,
        "8": 1.848493,
        "9": 14.944311,
        "10": 4.25472,
        "11": 3.234646,
        "12": 2.488673,
        "13": 4.036006,
        "14": 4.405426,
        "15": 5.914381,
        "16": 2.378312,
        "17": 3.737762,
        "18": 3.245668,
        "19": 2.35286,
        "20": 4.891697,
        "21": 3.712751,
        "22": 6.124139,
        "23": 4.526021,
        "24": 15.620859,
        "25": 0.87689,
        "26": 3.68028,
        "27": 4.211081,
        "28": 3.852608,
        "29": 4.828141,
        "30": 2.536985,
        "31": 6.866039,
        "32": 5.994178,
        "33": 3.646504,
        "34": 5.503168,
        "35": 3.396571,
        "36": 5.123364,
        "37": 1.676826,
        "38": 3.514371,
        "39": 4.721431,
        "40": 7.678645,
        "41": 3.136889,
        "42": 3.304793,
        "43": 1.849382,
        "44": 3.721285,
        "45": 3.100109,
        "46": 3.600325,
        "47": 2.241039,
        "48": 4.228085,
        "49": 3.388044,
        "50": 6.30872,
        "51": 3.847142,
        "52": 3.59993,
        "53": 4.844118,
        "54": 4.532304,
        "55": 1.98664,
        "56": 3.174431
      }
    }
  }
}