{
  "topology_id": 240,
  "load_conditions": {
    "low": {
      "utilization_fraction": 0.2,
      "edge_latencies_ms": {
        "0": 3.856016,
        "1": 2.505474,
        "2": 3.394449,
        "3": 2.516571,
        "4": 2.431895,
        "5": 4.523962,
        "6": 2.947036,
        "7": 20.368262,
        "8": 3.958489,
        "9": 4.707229,
        "10": 2.638465,
        "11": 4.215866,
        "12": 2.467222,
        "13": 3.651515,
        "14": 3.172682,
        "15": 5.706561,
        "16": 2.449947,
        "17": 18.153651,
        "18": 19.751498,
        "19": 20.287872,
        "20": 2.948478,
        "21": 4.575721,
        "22": 5.776729,
        "23": 2.065663,
        "24": 2.940429,
        "25": 4.965315,
        "26": 2.62405,
        "27": 2.046205,
        "28": 3.733176,
        "29": 4.562858,
        "30": 5.754705,
        "31": 4.716979,
        "32": 4.315731,
        "33": 5.232059,
        "34": 4.780125,
        "35": 6.341306,
        "36": 5.827753,
        "37": 5.607364,
        "38": 4.153904,
        "39": 5.168635,
        "40": 6.175408,
        "41": 2.502798,
        "42": 1.189543,
        "43": 1.031511,
        "44": 2.482074,
        "45": 4.436523,
        "46": 3.274877
      }
    },
    "medium": {
      "utilization_fraction": 0.5,
      "edge_latencies_ms": {
        "0": 3.863114,
        "1": 2.506592,
        "2": 3.395533,
        "3": 2.517917,
        "4": 2.43761,
        "5": 4.526418,
        "6": 2.95434,
        "7": 20.389529,
        "8": 3.959727,
        "9": 4.708416,
        "10": 2.641134,
        "11": 4.21702,
        "12": 2.471662,
        "13": 3.652511,
        "14": 3.175283,
        "15": 5.707891,
        "16": 2.456265,
        "17": 18.180433,
        "18": 19.767151,
        "19": 20.298526,
        "20": 2.949345,
        "21": 4.583218,
        "22": 5.778563,
        "23": 2.070933,
        "24": 2.941314,
        "25": 4.966666,
        "26": 2.625376,
        "27": 2.047169,
        "28": 3.738492,
        "29": 4.563803,
        "30": 5.757968,
        "31": 4.71792,
        "32": 4.316686,
        "33": 5.233664,
        "34": 4.783561,
        "35": 6.34532,
        "36": 5.828538,
        "37": 5.609744,
        "38": 4.155918,
        "39": 5.171001,
        "40": 6.176843,
        "41": 2.505271,
        "42": 1.190913,
        "43": 1.032501,
        "44": 2.483496,
        "45": 4.437767,
        "46": 3.27586
      }
    },
    "high": {
      "utilization_fraction": 0.8,
      "edge_latencies_ms": {
        "0": 3.891508,
        "1": 2.511067,
        "2": 3.399865,
        "3": 2.523304,
        "4": 2.46047,
        "5": 4.536242,
        "6": 2.983554,
        "7": 20.474599,
        "8": 3.96468,
        "9": 4.713163,
        "10": 2.65181,
        "11": 4.221635,
        "12": 2.489424,
        "13": 3.656492,
        "14": 3.185687,
        "15": 5.713214,
        "16": 2.481537,
        "17": 18.287564,
        "18": 19.829762,
        "19": 20.34114,
        "20": 2.952816,
        "21": 4.613204,
        "22": 5.785899,
        "23": 2.092013,
        "24": 2.944853,
        "25": 4.972067,
        "26": 2.630681,
        "27": 2.051027,
        "28": 3.759754,
        "29": 4.567585,
        "30": 5.771017,
        "31": 4.721683,
        "32": 4.320507,
        "33": 5.240085,
        "34": 4.797306,
        "35": 6.361373,
        "36": 5.831677,
        "37": 5.619267,
        "38": 4.163975,
        "39": 5.180465,
        "40": 6.182584,
        "41": 2.515165,
        "42": 1.196395,
        "43": 1.036459,
        "44": 2.489184,
        "45": 4.442744,
        "46": 3.279792
      }
    },
    "flash": {
      "utilization_fraction": 0.95,
      "edge_latencies_ms": {
        "0": 4.033478,
        "1": 2.53344,
        "2": 3.421528,
        "3": 2.550235,
        "4": 2.574769,
        "5": 4.58536,
        "6": 3.129624,
        "7": 20.899946,
        "8": 3.989445,
        "9": 4.736896,
        "10": 2.70519,
        "11": 4.244708,
        "12": 2.57823,
        "13": 3.676398,
        "14": 3.237705,
        "15": 5.739829,
        "16": 2.607897,
        "17": 18.823215,
        "18": 20.142818,
        "19": 20.554211,
        "20": 2.970167,
        "21": 4.763133,
        "22": 5.822579,
        "23": 2.19741,
        "24": 2.962548,
        "25": 4.999074,
        "26": 2.657207,
        "27": 2.070315,
        "28": 3.866065,
        "29": 4.586492,
        "30": 5.836263,
        "31": 4.740497,
        "32": 4.339612,
        "33": 5.272191,
        "34": 4.866032,
        "35": 6.441639,
        "36": 5.847375,
        "37": 5.666879,
        "38": 4.204262,
        "39": 5.227784,
        "40": 6.211285,
        "41": 2.564633,
        "42": 1.223802,
        "43": 1.056249,
        "44": 2.517625,
        "45": 4.46763,
        "46": 3.299454
      }
    }
  }
}