{
  "topology_id": 313,
  "load_conditions": {
    "low": {
      "utilization_fraction": 0.2,
      "edge_latencies_ms": {
        "0": 4.224602,
        "1": 2.945605,
        "2": 3.344051,
        "3": 4.94718,
        "4": 6.905477,
        "5": 3.843022,
        "6": 4.154604,
        "7": 14.60706,
        "8": 4.504979,
        "9": 2.908575,
        "10": 18.991023,
        "11": 4.100321,
        "12": 3.276691,
        "13": 18.653573,
        "14": 4.185025,
        "15": 20.294211,
        "16": 2.877581,
        "17": 3.841923,
        "18": 3.860395,
        "19": 5.923232,
        "20": 2.984884,
        "21": 3.660714,
        "22": 2.414262,
        "23": 3.444779,
        "24": 1.561763,
        "25": 3.148812,
        "26": 3.190366,
        "27": 5.054106,
        "28": 3.309561,
        "29": 3.400717,
        "30": 4.207506,
        "31": 5.723401,
        "32": 4.894256
      }
    },
    "medium": {
      "utilization_fraction": 0.5,
      "edge_latencies_ms": {
        "0": 4.225522,
        "1": 2.946435,
        "2": 3.345721,
        "3": 4.948335,
        "4": 6.907646,
        "5": 3.844783,
        "6": 4.155815,
        "7": 14.63596,
        "8": 4.506052,
        "9": 2.909369,
        "10": 19.003799,
        "11": 4.10108,
        "12": 3.277571,
        "13": 18.674729,
        "14": 4.187402,
        "15": 20.308881,
        "16": 2.882569,
        "17": 3.843049,
        "18": 3.862615,
        "19": 5.924119,
        "20": 2.987046,
        "21": 3.66286,
        "22": 2.415065,
        "23": 3.44809,
        "24": 1.56294,
        "25": 3.149786,
        "26": 3.191895,
        "27": 5.055149,
        "28": 3.312987,
        "29": 3.401742,
        "30": 4.208536,
        "31": 5.724221,
        "32": 4.896935
      }
    },
    "high": {
      "utilization_fraction": 0.8,
      "edge_latencies_ms": {
        "0": 4.229204,
        "1": 2.949753,
        "2": 3.352402,
        "3": 4.952958,
        "4": 6.916324,
        "5": 3.851824,
        "6": 4.16066,
        "7": 14.751557,
        "8": 4.510344,
        "9": 2.912545,
        "10": 19.054899,
        "11": 4.104118,
        "12": 3.281089,
        "13": 18.759354,
        "14": 4.196912,
        "15": 20.36756,
        "16": 2.902521,
        "17": 3.847553,
        "18": 3.871495,
        "19": 5.927664,
        "20": 2.995692,
        "21": 3.671442,
        "22": 2.418279,
        "23": 3.461333,
        "24": 1.567649,
        "25": 3.153684,
        "26": 3.198014,
        "27": 5.05932,
        "28": 3.32669,
        "29": 3.405844,
        "30": 4.212657,
        "31": 5.7275,
        "32": 4.907653
      }
    },
    "flash": {
      "utilization_fraction": 0.95,
      "edge_latencies_ms": {
        "0": 4.247612,
        "1": 2.966344,
        "2": 3.385802,
        "3": 4.976071,
        "4": 6.959712,
        "5": 3.887031,
        "6": 4.184884,
        "7": 15.329544,
        "8": 4.531804,
        "9": 2.928426,
        "10": 19.3104,
        "11": 4.119306,
        "12": 3.298681,
        "13": 19.182482,
        "14": 4.244459,
        "15": 20.660956,
        "16": 3.002282,
        "17": 3.870073,
        "18": 3.915894,
        "19": 5.945394,
        "20": 3.038921,
        "21": 3.714355,
        "22": 2.434345,
        "23": 3.527548,
        "24": 1.591194,
        "25": 3.173174,
        "26": 3.228608,
        "27": 5.080177,
        "28": 3.395204,
        "29": 3.42635,
        "30": 4.233261,
        "31": 5.743897,
        "32": 4.961244
      }
    }
  }
}