{
  "topology_id": 216,
  "load_conditions": {
    "low": {
      "utilization_fraction": 0.2,
      "edge_latencies_ms": {
        "0": 7.331819,
        "1": 6.007409,
        "2": 6.749882,
        "3": 3.400548,
        "4": 7.426556,
        "5": 4.189034,
        "6": 3.350824,
        "7": 6.267325,
        "8": 5.696616,
        "9": 9.597745,
        "10": 4.996056,
        "11": 5.386928,
        "12": 8.984413,
        "13": 5.170049,
        "14": 8.743385,
        "15": 4.68875,
        "16": 6.125895,
        "17": 4.559034,
        "18": 3.393093,
        "19": 4.768558,
        "20": 4.326704,
        "21": 4.845293,
        "22": 6.297874,
        "23": 5.257899,
        "24": 2.440553,
        "25": 3.502523,
        "26": 4.716331,
        "27": 5.092304,
        "28": 3.432926,
        "29": 12.083704,
        "30": 5.197196,
        "31": 3.363164,
        "32": 4.903168,
        "33": 11.702215,
        "34": 3.083583,
        "35": 3.528622,
        "36": 9.771029,
        "37": 5.493424,
        "38": 1.883739,
        "39": 3.875539,
        "40": 4.806069,
        "41": 4.136804,
        "42": 2.760162,
        "43": 1.618464,
        "44": 4.985482,
        "45": 3.446465,
        "46": 3.63569,
        "47": 3.723333,
        "48": 2.636218,
        "49": 3.708664,
        "50": 1.835172,
        "51": 1.938867,
        "52": 1.134728,
        "53": 4.638945,
        "54": 5.197672,
        "55": 6.749241,
        "56": 1.210862,
        "57": 5.519119,
        "58": 4.942648,
        "59": 10.572989,
        "60": 3.229817,
        "61": 1.96325,
        "62": 2.343709,
        "63": 3.909744,
        "64": 4.513285,
        "65": 1.37592,
        "66": 3.693998,
        "67": 5.978265,
        "68": 2.473863,
        "69": 1.620077,
        "70": 1.966398,
        "71": 2.571613,
        "72": 1.53089,
        "73": 2.002707,
        "74": 2.675022,
        "75": 1.350278,
        "76": 4.99254,
        "77": 3.076128,
        "78": 4.195821,
        "79": 5.642623,
        "80": 3.357918,
        "81": 5.972313,
        "82": 2.387236,
        "83": 4.639269,
        "84": 0.511699,
        "85": 4.114606,
        "86": 1.94385,
        "87": 3.200546,
        "88": 1.843664,
        "89": 2.918835,
        "90": 3.911571,
        "91": 2.978269,
        "92": 1.822527,
        "93": 1.407811,
        "94": 4.106757,
        "95": 4.729622,
        "96": 6.467783,
        "97": 2.412194,
        "98": 3.079829,
        "99": 3.618751,
        "100": 4.966235,
        "101": 3.027671,
        "102": 3.658496,
        "103": 6.917836,
        "104": 5.923059,
        "105": 8.201927,
        "106": 6.025912,
        "107": 3.022501,
        "108": 4.916512,
        "109": 3.629988,
        "110": 1.784088,
        "111": 3.423421,
        "112": 3.306036,
        "113": 4.495463,
        "114": 2.837655,
        "115": 12.535955,
        "116": 3.656615,
        "117": 1.253634,
        "118": 2.294777,
        "119": 3.89387,
        "120": 4.326211,
        "121": 1.377227,
        "122": 3.453678,
        "123": 5.053936,
        "124": 2.36767,
        "125": 4.536645,
        "126": 3.176572,
        "127": 5.301297,
        "128": 3.514,
        "129": 7.1143,
        "130": 3.120342,
        "131": 1.703962,
        "132": 3.944026,
        "133": 4.857856,
        "134": 2.493651,
        "135": 5.070048,
        "136": 7.005727,
        "137": 3.856475,
        "138": 4.926592,
        "139": 4.49192,
        "140": 2.817211,
        "141": 6.949094,
        "142": 4.11956,
        "143": 4.069577,
        "144": 4.105507,
        "145": 1.872184,
        "146": 4.226804,
        "147": 3.191764,
        "148": 3.449863,
        "149": 4.969254,
        "150": 2.143509,
        "151": 3.611024,
        "152": 5.165016,
        "153": 2.425172,
        "154": 2.808985,
        "155": 2.166652,
        "156": 2.354492,
        "157": 4.508307,
        "158": 2.708542,
        "159": 4.281204,
        "160": 3.277158,
        "161": 2.59354,
        "162": 3.358397,
        "163": 4.95937,
        "164": 3.18025,
        "165": 3.761549,
        "166": 4.985128,
        "167": 4.881595
      }
    },
    "medium": {
      "utilization_fraction": 0.5,
      "edge_latencies_ms": {
        "0": 7.336016,
        "1": 6.009004,
        "2": 6.751219,
        "3": 3.403208,
        "4": 7.428201,
        "5": 4.189969,
        "6": 3.355662,
        "7": 6.269239,
        "8": 5.6975,
        "9": 9.607126,
        "10": 4.996945,
        "11": 5.387875,
        "12": 8.985981,
        "13": 5.17091,
        "14": 8.744784,
        "15": 4.691284,
        "16": 6.12667,
        "17": 4.560049,
        "18": 3.394077,
        "19": 4.769812,
        "20": 4.327782,
        "21": 4.848477,
        "22": 6.302816,
        "23": 5.259106,
        "24": 2.442722,
        "25": 3.503798,
        "26": 4.719199,
        "27": 5.097335,
        "28": 3.434581,
        "29": 12.095885,
        "30": 5.198377,
        "31": 3.366525,
        "32": 4.907243,
        "33": 11.722613,
        "34": 3.084335,
        "35": 3.529401,
        "36": 9.781849,
        "37": 5.511025,
        "38": 1.885514,
        "39": 3.876798,
        "40": 4.807119,
        "41": 4.137569,
        "42": 2.761233,
        "43": 1.621566,
        "44": 4.98736,
        "45": 3.447402,
        "46": 3.636515,
        "47": 3.724377,
        "48": 2.637638,
        "49": 3.710589,
        "50": 1.840521,
        "51": 1.941387,
        "52": 1.136167,
        "53": 4.648071,
        "54": 5.198651,
        "55": 6.750426,
        "56": 1.213427,
        "57": 5.520814,
        "58": 4.944675,
        "59": 10.602893,
        "60": 3.230698,
        "61": 1.964262,
        "62": 2.344766,
        "63": 3.912359,
        "64": 4.514469,
        "65": 1.377851,
        "66": 3.695428,
        "67": 6.031492,
        "68": 2.47678,
        "69": 1.621235,
        "70": 1.967427,
        "71": 2.572872,
        "72": 1.532373,
        "73": 2.003545,
        "74": 2.678537,
        "75": 1.351305,
        "76": 4.993406,
        "77": 3.077472,
        "78": 4.196626,
        "79": 5.689418,
        "80": 3.35935,
        "81": 5.975217,
        "82": 2.388272,
        "83": 4.64054,
        "84": 0.513194,
        "85": 4.116219,
        "86": 1.945739,
        "87": 3.201334,
        "88": 1.844857,
        "89": 2.920529,
        "90": 3.912854,
        "91": 2.979748,
        "92": 1.825059,
        "93": 1.410006,
        "94": 4.110533,
        "95": 4.733737,
        "96": 6.470703,
        "97": 2.414108,
        "98": 3.080688,
        "99": 3.619708,
        "100": 4.967676,
        "101": 3.033141,
        "102": 3.659288,
        "103": 6.918882,
        "104": 5.926955,
        "105": 8.231769,
        "106": 6.027003,
        "107": 3.023313,
        "108": 4.917528,
        "109": 3.630812,
        "110": 1.785089,
        "111": 3.42902,
        "112": 3.306941,
        "113": 4.496473,
        "114": 2.84308,
        "115": 12.543905,
        "116": 3.657421,
        "117": 1.254932,
        "118": 2.295634,
        "119": 3.895097,
        "120": 4.33217,
        "121": 1.378814,
        "122": 3.455051,
        "123": 5.055082,
        "124": 2.369012,
        "125": 4.537979,
        "126": 3.178401,
        "127": 5.303128,
        "128": 3.516316,
        "129": 7.151215,
        "130": 3.121195,
        "131": 1.708936,
        "132": 3.944811,
        "133": 4.858654,
        "134": 2.496479,
        "135": 5.071775,
        "136": 7.007956,
        "137": 3.857362,
        "138": 4.927533,
        "139": 4.493494,
        "140": 2.819002,
        "141": 6.950401,
        "142": 4.120983,
        "143": 4.0715,
        "144": 4.106429,
        "145": 1.875114,
        "146": 4.227655,
        "147": 3.192605,
        "148": 3.453148,
        "149": 4.970327,
        "150": 2.144348,
        "151": 3.613098,
        "152": 5.166065,