{
  "topology_id": 361,
  "load_conditions": {
    "low": {
      "utilization_fraction": 0.2,
      "edge_latencies_ms": {
        "0": 5.361388,
        "1": 2.956173,
        "2": 6.492491,
        "3": 5.119961,
        "4": 6.880997,
        "5": 5.641579,
        "6": 8.173719,
        "7": 5.926734,
        "8": 1.672041,
        "9": 4.806604,
        "10": 4.294279,
        "11": 9.235072,
        "12": 4.535703,
        "13": 7.102728,
        "14": 4.860375,
        "15": 2.829699,
        "16": 2.727874,
        "17": 2.821684,
        "18": 1.996897,
        "19": 2.713477
      }
    },
    "medium": {
      "utilization_fraction": 0.5,
      "edge_latencies_ms": {
        "0": 5.362783,
        "1": 2.956933,
        "2": 6.500914,
        "3": 5.121131,
        "4": 6.883883,
        "5": 5.649436,
        "6": 8.185863,
        "7": 5.928616,
        "8": 1.699644,
        "9": 4.808055,
        "10": 4.29701,
        "11": 9.288488,
        "12": 4.536573,
        "13": 7.115806,
        "14": 4.862069,
        "15": 2.833208,
        "16": 2.734067,
        "17": 2.822557,
        "18": 1.997842,
        "19": 2.715044
      }
    },
    "high": {
      "utilization_fraction": 0.8,
      "edge_latencies_ms": {
        "0": 5.368363,
        "1": 2.95997,
        "2": 6.534607,
        "3": 5.125811,
        "4": 6.895427,
        "5": 5.680866,
        "6": 8.23444,
        "7": 5.936142,
        "8": 1.810054,
        "9": 4.813859,
        "10": 4.307936,
        "11": 9.502151,
        "12": 4.540051,
        "13": 7.16812,
        "14": 4.868842,
        "15": 2.847246,
        "16": 2.758837,
        "17": 2.826046,
        "18": 2.001623,
        "19": 2.721313
      }
    },
    "flash": {
      "utilization_fraction": 0.95,
      "edge_latencies_ms": {
        "0": 5.39626,
        "1": 2.975157,
        "2": 6.703073,
        "3": 5.149213,
        "4": 6.953147,
        "5": 5.838015,
        "6": 8.477323,
        "7": 5.973772,
        "8": 2.362103,
        "9": 4.842876,
        "10": 4.362565,
        "11": 10.570469,
        "12": 4.557444,
        "13": 7.429686,
        "14": 4.902709,
        "15": 2.917438,
        "16": 2.882691,
        "17": 2.843494,
        "18": 2.020528,
        "19": 2.752658
      }
    }
  }
}