{
  "topology_id": 444,
  "load_conditions": {
    "low": {
      "utilization_fraction": 0.2,
      "edge_latencies_ms": {
        "0": 2.645936,
        "1": 6.19151,
        "2": 3.688172,
        "3": 3.713461,
        "4": 11.30549,
        "5": 5.992908,
        "6": 1.05666,
        "7": 5.867177,
        "8": 2.152781,
        "9": 5.862688,
        "10": 5.417994,
        "11": 3.394292,
        "12": 2.162023,
        "13": 2.464622,
        "14": 3.441411,
        "15": 3.09832,
        "16": 4.321235,
        "17": 4.366375,
        "18": 2.988912,
        "19": 13.710144,
        "20": 2.744813,
        "21": 2.905329,
        "22": 2.770453,
        "23": 3.332815,
        "24": 4.774941,
        "25": 3.261421,
        "26": 3.460594,
        "27": 4.768362,
        "28": 3.341516,
        "29": 2.944906,
        "30": 4.58306,
        "31": 4.883336,
        "32": 7.451007,
        "33": 4.901463,
        "34": 6.386302,
        "35": 5.806812,
        "36": 8.493639,
        "37": 4.243517,
        "38": 0.420141,
        "39": 5.516509,
        "40": 2.619154,
        "41": 2.563453,
        "42": 3.554837,
        "43": 4.265163,
        "44": 4.604904,
        "45": 2.821286,
        "46": 5.308523,
        "47": 3.024178,
        "48": 3.255461,
        "49": 3.92196,
        "50": 2.43997,
        "51": 2.36139,
        "52": 3.96739,
        "53": 7.057813,
        "54": 4.158284,
        "55": 8.291767,
        "56": 4.272502,
        "57": 5.242305,
        "58": 5.139698,
        "59": 2.683774,
        "60": 6.734318,
        "61": 3.436713,
        "62": 3.863216,
        "63": 1.263873,
        "64": 3.774921,
        "65": 3.3714,
        "66": 5.018994,
        "67": 4.021142,
        "68": 2.102581,
        "69": 2.54101,
        "70": 4.713364,
        "71": 1.68641,
        "72": 3.741971,
        "73": 4.135474,
        "74": 2.620777,
        "75": 3.18324,
        "76": 2.845504,
        "77": 3.165351,
        "78": 1.462755,
        "79": 3.292591,
        "80": 2.766091,
        "81": 3.777018,
        "82": 3.870641,
        "83": 4.784772,
        "84": 3.083652,
        "85": 0.59154,
        "86": 3.41497,
        "87": 1.54806,
        "88": 5.377135,
        "89": 3.339328,
        "90": 5.042756,
        "91": 4.271517,
        "92": 4.720735,
        "93": 3.453742,
        "94": 3.40718,
        "95": 1.626445,
        "96": 3.905815,
        "97": 4.08582,
        "98": 1.710923,
        "99": 4.138052,
        "100": 4.648914,
        "101": 4.853383,
        "102": 4.606696,
        "103": 7.156336,
        "104": 5.141156,
        "105": 4.9785,
        "106": 4.565469,
        "107": 3.615316,
        "108": 3.052592,
        "109": 4.043411,
        "110": 3.226442,
        "111": 3.437215,
        "112": 3.935373,
        "113": 2.718967,
        "114": 3.772057,
        "115": 3.322304,
        "116": 3.050475,
        "117": 2.473436,
        "118": 3.451819,
        "119": 6.060524,
        "120": 6.192814,
        "121": 3.767299,
        "122": 3.12729,
        "123": 5.745948,
        "124": 5.344604,
        "125": 2.765428,
        "126": 4.338176
      }
    },
    "medium": {
      "utilization_fraction": 0.5,
      "edge_latencies_ms": {
        "0": 2.650605,
        "1": 6.198917,
        "2": 3.68994,
        "3": 3.716397,
        "4": 11.319024,
        "5": 5.99551,
        "6": 1.0584,
        "7": 5.870117,
        "8": 2.156752,
        "9": 5.863528,
        "10": 5.418861,
        "11": 3.395397,
        "12": 2.163172,
        "13": 2.466191,
        "14": 3.443434,
        "15": 3.101471,
        "16": 4.325892,
        "17": 4.367365,
        "18": 2.990143,
        "19": 13.718771,
        "20": 2.74602,
        "21": 2.908348,
        "22": 2.7713,
        "23": 3.335807,
        "24": 4.776374,
        "25": 3.262178,
        "26": 3.461505,
        "27": 4.769885,
        "28": 3.343331,
        "29": 2.946052,
        "30": 4.584044,
        "31": 4.885939,
        "32": 7.453075,
        "33": 4.902408,
        "34": 6.391968,
        "35": 5.807649,
        "36": 8.497196,
        "37": 4.244389,
        "38": 0.423832,
        "39": 5.518573,
        "40": 2.620962,
        "41": 2.565008,
        "42": 3.556047,
        "43": 4.266514,
        "44": 4.605806,
        "45": 2.822125,
        "46": 5.310469,
        "47": 3.026873,
        "48": 3.256388,
        "49": 3.923876,
        "50": 2.441079,
        "51": 2.362391,
        "52": 3.971427,
        "53": 7.05858,
        "54": 4.15929,
        "55": 8.305823,
        "56": 4.273479,
        "57": 5.243121,
        "58": 5.142823,
        "59": 2.685372,
        "60": 6.735128,
        "61": 3.4377,
        "62": 3.864338,
        "63": 1.265326,
        "64": 3.776444,
        "65": 3.372471,
        "66": 5.020047,
        "67": 4.023563,
        "68": 2.103877,
        "69": 2.541796,
        "70": 4.714216,
        "71": 1.687269,
        "72": 3.74378,
        "73": 4.136266,
        "74": 2.622277,
        "75": 3.184497,
        "76": 2.846515,
        "77": 3.167542,
        "78": 1.463835,
        "79": 3.293394,
        "80": 2.767518,
        "81": 3.777903,
        "82": 3.872207,
        "83": 4.786674,
        "84": 3.084508,
        "85": 0.594532,
        "86": 3.416934,
        "87": 1.549177,
        "88": 5.378455,
        "89": 3.341059,
        "90": 5.047696,
        "91": 4.274415,
        "92": 4.721806,
        "93": 3.45673,
        "94": 3.408077,
        "95": 1.627686,
        "96": 3.907326,
        "97": 4.086683,
        "98": 1.712677,
        "99": 4.141869,
        "100": 4.650201,
        "101": 4.855604,
        "102": 4.608008,
        "103": 7.15804,
        "104": 5.142387,
        "105": 4.979471,
        "106": 4.56689,
        "107": 3.617707,
        "108": 3.054772,
        "109": 4.044188,
        "110": 3.227409,
        "111": 3.439781,
        "112": 3.937225,
        "113": 2.720322,
        "114": 3.777838,
        "115": 3.323665,
        "116": 3.053393,
        "117": 2.475081,
        "118": 3.454449,
        "119": 6.065255,
        "120": 6.193836,
        "121": 3.77287,
        "122": 3.128207,
        "123": 5.752551,
        "124": 5.346232,
        "125": 2.770214,
        "126": 4.340106
      }
    },
    "high": {
      "utilization_fraction": 0.8,
      "edge_latencies_ms": {
        "0": 2.669281,
        "1": 6.228547,
        "2": 3.697016,
        "3": 3.728137,
        "4": 11.37316,
        "5": 6.00592,
        "6": 1.065359,
        "7": 5.881877,
        "8": 2.172635,
        "9": 5.866891,
        "10": 5.422329,
        "11": 3.399816,
        "12": 2.167768,
        "13": 2.472468,
        "14": 3.451526,
        "15": 3.114074,
        "16": 4.344524,
        "17": 4.371324,
        "18": 2.995064,
        "19": 13.753279,
        "20": 2.75085,
        "21": 2.920426,
        "22": 2.774689,
        "23": 3.347772,
        "24": 4.782106,
        "25": 3.265206,
        "26": 3.465149,
        "27": 4.775975,
        "28": 3.35059,
        "29": 2.950638,
        "30": 4.58798,
        "31": 4.896354,
        "32": 7.461348,
        "33": 4.906187,
        "34": 6.414635,
        "35": 5.810998,
        "36": 8.511424,
        "37": 4.247876,
        "38": 0.438595,
        "39": 5.52683,
        "40": 2.628197,
        "41": 2.571225,
        "42": 3.560886,
        "43": 4.271917,
        "44": 4.609416,
        "45": 2.825481,
        "46": 5.318249,
        "47": 3.037653,
        "48": 3.260095,
        "49": 3.93154,
        "50": 2.445516,
        "51": 2.366395,
        "52": 3.987575,
        "53": 7.061646,
        "54": 4.163314,
        "55": 8.362047,
        "56": 4.277385,
        "57": 5.246383,
        "58": 5.155326,
        "59": 2.691761,
        "60": 6.738369,
        "61": 3.441644,
        "62": 3.868824,
        "63": 1.271136,
        "64": 3.782538,
        "65": 3.376755,
        "66": 5.024256,