{
  "topology_id": 148,
  "load_conditions": {
    "low": {
      "utilization_fraction": 0.2,
      "edge_latencies_ms": {
        "0": 2.817116,
        "1": 4.450508,
        "2": 2.893601,
        "3": 5.42466,
        "4": 3.439547,
        "5": 3.730189,
        "6": 4.718302,
        "7": 4.402661,
        "8": 4.091708,
        "9": 3.115509,
        "10": 4.692769,
        "11": 4.968813,
        "12": 3.975444,
        "13": 3.11943,
        "14": 4.33315,
        "15": 2.829435,
        "16": 2.015308,
        "17": 4.634356,
        "18": 4.093713,
        "19": 13.333098,
        "20": 19.043582,
        "21": 2.442605,
        "22": 2.759797,
        "23": 3.566432,
        "24": 6.786099,
        "25": 4.924565,
        "26": 2.351672,
        "27": 4.021044,
        "28": 2.40024,
        "29": 2.558721,
        "30": 6.007189,
        "31": 5.952352,
        "32": 4.671352,
        "33": 3.830868,
        "34": 3.374909,
        "35": 4.319531,
        "36": 7.53544,
        "37": 2.948733,
        "38": 6.343395,
        "39": 8.598563,
        "40": 5.550894,
        "41": 3.845743,
        "42": 9.137514,
        "43": 1.607405,
        "44": 4.613578,
        "45": 3.343767,
        "46": 4.112008,
        "47": 5.741308,
        "48": 7.629275,
        "49": 4.724193,
        "50": 1.650266,
        "51": 2.657805,
        "52": 4.3434,
        "53": 5.824817,
        "54": 2.274611,
        "55": 3.584294,
        "56": 15.694025,
        "57": 12.567058,
        "58": 2.525499,
        "59": 5.875685,
        "60": 4.923624,
        "61": 5.742225,
        "62": 2.299972,
        "63": 5.111626,
        "64": 3.861453,
        "65": 4.613079,
        "66": 3.223781,
        "67": 2.949957,
        "68": 12.349354,
        "69": 5.824351,
        "70": 3.639805,
        "71": 2.666509,
        "72": 6.276191,
        "73": 2.875822,
        "74": 4.974987,
        "75": 4.881334,
        "76": 1.808607,
        "77": 3.046224,
        "78": 3.302866,
        "79": 2.02522,
        "80": 3.251858,
        "81": 5.500271,
        "82": 4.553249,
        "83": 2.023351,
        "84": 4.929677,
        "85": 4.194826,
        "86": 3.228243,
        "87": 4.626407,
        "88": 2.866092,
        "89": 5.63028,
        "90": 7.617294,
        "91": 3.030914,
        "92": 5.240678,
        "93": 1.63988,
        "94": 4.394347,
        "95": 4.126985,
        "96": 2.158506,
        "97": 3.375639,
        "98": 2.961365,
        "99": 2.869384,
        "100": 3.307611,
        "101": 1.416646
      }
    },
    "medium": {
      "utilization_fraction": 0.5,
      "edge_latencies_ms": {
        "0": 2.820511,
        "1": 4.453022,
        "2": 2.897097,
        "3": 5.427154,
        "4": 3.441138,
        "5": 3.730992,
        "6": 4.719165,
        "7": 4.404032,
        "8": 4.092697,
        "9": 3.118029,
        "10": 4.693945,
        "11": 4.96988,
        "12": 3.976467,
        "13": 3.120977,
        "14": 4.334061,
        "15": 2.830422,
        "16": 2.016936,
        "17": 4.635579,
        "18": 4.094483,
        "19": 13.34496,
        "20": 19.066897,
        "21": 2.443763,
        "22": 2.761055,
        "23": 3.567609,
        "24": 6.787985,
        "25": 4.92577,
        "26": 2.352839,
        "27": 4.022515,
        "28": 2.402449,
        "29": 2.559539,
        "30": 6.010559,
        "31": 5.953141,
        "32": 4.672437,
        "33": 3.8324,
        "34": 3.375874,
        "35": 4.320334,
        "36": 7.538152,
        "37": 2.949725,
        "38": 6.344555,
        "39": 8.673284,
        "40": 5.61647,
        "41": 3.846529,
        "42": 9.17114,
        "43": 1.608903,
        "44": 4.615746,
        "45": 3.346237,
        "46": 4.113584,
        "47": 5.743614,
        "48": 7.630577,
        "49": 4.72542,
        "50": 1.651432,
        "51": 2.65868,
        "52": 4.346124,
        "53": 5.825788,
        "54": 2.275525,
        "55": 3.601411,
        "56": 15.711323,
        "57": 12.575862,
        "58": 2.526384,
        "59": 5.881481,
        "60": 4.925032,
        "61": 5.743112,
        "62": 2.302301,
        "63": 5.11291,
        "64": 3.86586,
        "65": 4.614983,
        "66": 3.22458,
        "67": 2.950837,
        "68": 12.35714,
        "69": 5.826877,
        "70": 3.642315,
        "71": 2.667733,
        "72": 6.276989,
        "73": 2.879293,
        "74": 4.975841,
        "75": 4.882589,
        "76": 1.811444,
        "77": 3.047178,
        "78": 3.303937,
        "79": 2.028461,
        "80": 3.252851,
        "81": 5.501634,
        "82": 4.554001,
        "83": 2.026249,
        "84": 4.931557,
        "85": 4.196126,
        "86": 3.230005,
        "87": 4.628202,
        "88": 2.867442,
        "89": 5.631798,
        "90": 7.618144,
        "91": 3.03221,
        "92": 5.24148,
        "93": 1.64174,
        "94": 4.397853,
        "95": 4.127984,
        "96": 2.160038,
        "97": 3.377741,
        "98": 2.963162,
        "99": 2.870375,
        "100": 3.308748,
        "101": 1.417424
      }
    },
    "high": {
      "utilization_fraction": 0.8,
      "edge_latencies_ms": {
        "0": 2.834087,
        "1": 4.463081,
        "2": 2.911078,
        "3": 5.43713,
        "4": 3.447501,
        "5": 3.734202,
        "6": 4.722617,
        "7": 4.409514,
        "8": 4.096655,
        "9": 3.128108,
        "10": 4.698647,
        "11": 4.974147,
        "12": 3.980559,
        "13": 3.127167,
        "14": 4.337708,
        "15": 2.834368,
        "16": 2.023449,
        "17": 4.640472,
        "18": 4.097563,
        "19": 13.392409,
        "20": 19.160157,
        "21": 2.448397,
        "22": 2.766089,
        "23": 3.572321,
        "24": 6.795528,
        "25": 4.930589,
        "26": 2.357507,
        "27": 4.028399,
        "28": 2.411283,
        "29": 2.562813,
        "30": 6.024043,
        "31": 5.956298,
        "32": 4.676775,
        "33": 3.838529,
        "34": 3.379733,
        "35": 4.323547,
        "36": 7.549001,
        "37": 2.953692,
        "38": 6.349192,
        "39": 8.972167,
        "40": 5.878776,
        "41": 3.849675,
        "42": 9.305644,
        "43": 1.614892,
        "44": 4.624414,
        "45": 3.356118,
        "46": 4.119889,
        "47": 5.752835,
        "48": 7.635787,
        "49": 4.73033,
        "50": 1.656095,
        "51": 2.662179,
        "52": 4.357019,
        "53": 5.829676,
        "54": 2.27918,
        "55": 3.669875,
        "56": 15.780515,
        "57": 12.611079,
        "58": 2.529925,
        "59": 5.904667,
        "60": 4.930667,
        "61": 5.746661,
        "62": 2.311616,
        "63": 5.118045,
        "64": 3.883487,
        "65": 4.622602,
        "66": 3.227776,
        "67": 2.954357,
        "68": 12.388284,
        "69": 5.83698,
        "70": 3.652357,
        "71": 2.672625,
        "72": 6.280179,
        "73": 2.893181,
        "74": 4.979258,
        "75": 4.887605,
        "76": 1.822792,
        "77": 3.050996,
        "78": 3.30822,
        "79": 2.041427,
        "80": 3.256823,
        "81": 5.507089,
        "82": 4.557009,
        "83": 2.037841,
        "84": 4.939075,
        "85": 4.201328,
        "86": 3.237054,
        "87": 4.635383,
        "88": 2.872846,
        "89": 5.637866,
        "90": 7.621545,
        "91": 3.037393,
        "92": 5.244686,
        "93": 1.649178,
        "94": 4.411874,
        "95": 4.131983,
        "96": 2.166169,
        "97": 3.386148,
        "98": 2.970352,
        "99": 2.87434,
        "100": 3.313294,
        "101": 1.420533
      }
    },
    "flash": {
      "utilization_fraction": 0.95,
      "edge_latencies_ms": {
        "0": 2.901972,
        "1": 4.513372,
        "2": 2.980982,
        "3": 5.487007,
        "4": 3.479316,
        "5": 3.750255,
        "6": 4.739878,
        "7": 4.436924,
        "8": 4.116442,
        "9": 3.178506,
        "10": 4.72216,
        "11": 4.995485,