{
  "topology_id": 339,
  "load_conditions": {
    "low": {
      "utilization_fraction": 0.2,
      "edge_latencies_ms": {
        "0": 6.862779,
        "1": 4.120893,
        "2": 17.990562,
        "3": 16.673465,
        "4": 15.331533,
        "5": 16.010353,
        "6": 3.225943,
        "7": 4.66213,
        "8": 6.723927,
        "9": 3.127801,
        "10": 12.523494,
        "11": 5.050383,
        "12": 2.572987,
        "13": 1.101431,
        "14": 6.585275,
        "15": 0.69977,
        "16": 3.918327,
        "17": 1.981984,
        "18": 4.091776,
        "19": 6.207583,
        "20": 3.182961,
        "21": 2.384368,
        "22": 5.817746,
        "23": 1.429546,
        "24": 2.261255,
        "25": 1.905017,
        "26": 4.724272,
        "27": 3.040636,
        "28": 3.962874,
        "29": 4.516495,
        "30": 5.171525,
        "31": 11.534589,
        "32": 4.305513,
        "33": 5.459709,
        "34": 13.390999,
        "35": 5.384939,
        "36": 5.205096,
        "37": 4.786088,
        "38": 2.757843,
        "39": 4.643031,
        "40": 3.353193,
        "41": 4.532825,
        "42": 3.666004,
        "43": 1.838967
      }
    },
    "medium": {
      "utilization_fraction": 0.5,
      "edge_latencies_ms": {
        "0": 6.865277,
        "1": 4.121987,
        "2": 18.001753,
        "3": 16.682943,
        "4": 15.343702,
        "5": 16.019199,
        "6": 3.227877,
        "7": 4.664249,
        "8": 6.726355,
        "9": 3.128633,
        "10": 12.532812,
        "11": 5.051177,
        "12": 2.576434,
        "13": 1.102618,
        "14": 6.58645,
        "15": 0.701876,
        "16": 3.921468,
        "17": 1.983318,
        "18": 4.098488,
        "19": 6.208474,
        "20": 3.189672,
        "21": 2.385764,
        "22": 5.819853,
        "23": 1.433614,
        "24": 2.262365,
        "25": 1.90591,
        "26": 4.728346,
        "27": 3.04698,
        "28": 3.96945,
        "29": 4.517374,
        "30": 5.172501,
        "31": 11.554242,
        "32": 4.306459,
        "33": 5.460472,
        "34": 13.398505,
        "35": 5.385951,
        "36": 5.207107,
        "37": 4.78742,
        "38": 2.760605,
        "39": 4.645026,
        "40": 3.355619,
        "41": 4.533657,
        "42": 3.666901,
        "43": 1.839742
      }
    },
    "high": {
      "utilization_fraction": 0.8,
      "edge_latencies_ms": {
        "0": 6.875269,
        "1": 4.126365,
        "2": 18.046516,
        "3": 16.720856,
        "4": 15.392378,
        "5": 16.054582,
        "6": 3.235612,
        "7": 4.672722,
        "8": 6.736068,
        "9": 3.131958,
        "10": 12.570084,
        "11": 5.05435,
        "12": 2.590219,
        "13": 1.107365,
        "14": 6.591149,
        "15": 0.710299,
        "16": 3.934032,
        "17": 1.988652,
        "18": 4.125334,
        "19": 6.212036,
        "20": 3.216518,
        "21": 2.391348,
        "22": 5.828281,
        "23": 1.449887,
        "24": 2.266804,
        "25": 1.909482,
        "26": 4.744641,
        "27": 3.072353,
        "28": 3.995756,
        "29": 4.520889,
        "30": 5.176406,
        "31": 11.632855,
        "32": 4.310242,
        "33": 5.463523,
        "34": 13.428525,
        "35": 5.39,
        "36": 5.215151,
        "37": 4.792744,
        "38": 2.771655,
        "39": 4.653007,
        "40": 3.365325,
        "41": 4.536984,
        "42": 3.670488,
        "43": 1.842841
      }
    },
    "flash": {
      "utilization_fraction": 0.95,
      "edge_latencies_ms": {
        "0": 6.925231,
        "1": 4.148254,
        "2": 18.270331,
        "3": 16.910419,
        "4": 15.635761,
        "5": 16.231498,
        "6": 3.274288,
        "7": 4.715092,
        "8": 6.784629,
        "9": 3.148587,
        "10": 12.756445,
        "11": 5.070215,
        "12": 2.659144,
        "13": 1.131098,
        "14": 6.614644,
        "15": 0.752413,
        "16": 3.996851,
        "17": 2.015321,
        "18": 4.259568,
        "19": 6.229849,
        "20": 3.350745,
        "21": 2.419269,
        "22": 5.87042,
        "23": 1.531249,
        "24": 2.289001,
        "25": 1.927342,
        "26": 4.82612,
        "27": 3.199218,
        "28": 4.127283,
        "29": 4.538462,
        "30": 5.195932,
        "31": 12.025917,
        "32": 4.32916,
        "33": 5.478777,
        "34": 13.578626,
        "35": 5.410241,
        "36": 5.255371,
        "37": 4.819367,
        "38": 2.826905,
        "39": 4.692911,
        "40": 3.413856,
        "41": 4.553621,
        "42": 3.688426,
        "43": 1.858334
      }
    }
  }
}