{
  "topology_id": 262,
  "load_conditions": {
    "low": {
      "utilization_fraction": 0.2,
      "edge_latencies_ms": {
        "0": 5.834832,
        "1": 6.160673,
        "2": 5.2482,
        "3": 6.785431,
        "4": 3.285027,
        "5": 13.321221,
        "6": 14.229185,
        "7": 6.709959,
        "8": 4.391176,
        "9": 4.203293,
        "10": 2.630445,
        "11": 4.949771,
        "12": 16.109071,
        "13": 15.230433,
        "14": 3.778278,
        "15": 5.405413,
        "16": 6.496431,
        "17": 7.687106,
        "18": 4.258953,
        "19": 5.030146,
        "20": 7.788345,
        "21": 5.489397,
        "22": 4.855969,
        "23": 7.452054,
        "24": 3.760961,
        "25": 4.434152,
        "26": 8.077936,
        "27": 6.318406,
        "28": 2.105053,
        "29": 2.096475,
        "30": 4.199994,
        "31": 4.37412,
        "32": 3.318671,
        "33": 3.868721,
        "34": 3.907149,
        "35": 4.042095,
        "36": 2.854394,
        "37": 1.66204,
        "38": 3.189109,
        "39": 4.447649,
        "40": 3.535269,
        "41": 1.848734,
        "42": 3.106328,
        "43": 5.059791,
        "44": 6.639015,
        "45": 3.287659,
        "46": 5.727934,
        "47": 5.06392,
        "48": 0.719396,
        "49": 3.005233,
        "50": 4.721944,
        "51": 5.478845,
        "52": 3.957349,
        "53": 2.640131,
        "54": 3.465833,
        "55": 2.967439,
        "56": 3.350405,
        "57": 2.311355,
        "58": 2.440802,
        "59": 4.545092,
        "60": 5.244521
      }
    },
    "medium": {
      "utilization_fraction": 0.5,
      "edge_latencies_ms": {
        "0": 5.835948,
        "1": 6.16198,
        "2": 5.249563,
        "3": 6.786379,
        "4": 3.285797,
        "5": 13.337585,
        "6": 14.239247,
        "7": 6.710954,
        "8": 4.392158,
        "9": 4.204986,
        "10": 2.632799,
        "11": 4.950807,
        "12": 16.117042,
        "13": 15.280913,
        "14": 3.779852,
        "15": 5.410919,
        "16": 6.497769,
        "17": 7.688299,
        "18": 4.26064,
        "19": 5.045988,
        "20": 7.843947,
        "21": 5.490419,
        "22": 4.857336,
        "23": 7.459549,
        "24": 3.762068,
        "25": 4.435663,
        "26": 8.098528,
        "27": 6.319161,
        "28": 2.109972,
        "29": 2.097249,
        "30": 4.201183,
        "31": 4.376145,
        "32": 3.340196,
        "33": 3.871248,
        "34": 3.908453,
        "35": 4.043096,
        "36": 2.856794,
        "37": 1.664337,
        "38": 3.190628,
        "39": 4.44917,
        "40": 3.536221,
        "41": 1.849997,
        "42": 3.107508,
        "43": 5.061211,
        "44": 6.649372,
        "45": 3.289012,
        "46": 5.731015,
        "47": 5.068831,
        "48": 0.720685,
        "49": 3.006464,
        "50": 4.723958,
        "51": 5.480998,
        "52": 3.962075,
        "53": 2.644146,
        "54": 3.467015,
        "55": 2.968898,
        "56": 3.352035,
        "57": 2.312485,
        "58": 2.441555,
        "59": 4.549671,
        "60": 5.245354
      }
    },
    "high": {
      "utilization_fraction": 0.8,
      "edge_latencies_ms": {
        "0": 5.840413,
        "1": 6.167205,
        "2": 5.255015,
        "3": 6.790169,
        "4": 3.288877,
        "5": 13.403041,
        "6": 14.279498,
        "7": 6.714935,
        "8": 4.396087,
        "9": 4.211757,
        "10": 2.642216,
        "11": 4.95495,
        "12": 16.148928,
        "13": 15.482833,
        "14": 3.78615,
        "15": 5.432944,
        "16": 6.503123,
        "17": 7.693068,
        "18": 4.267384,
        "19": 5.109358,
        "20": 8.066355,
        "21": 5.494509,
        "22": 4.862806,
        "23": 7.489531,
        "24": 3.766497,
        "25": 4.441707,
        "26": 8.180899,
        "27": 6.322182,
        "28": 2.129648,
        "29": 2.100346,
        "30": 4.205942,
        "31": 4.384242,
        "32": 3.426297,
        "33": 3.881355,
        "34": 3.91367,
        "35": 4.047101,
        "36": 2.866395,
        "37": 1.673525,
        "38": 3.196704,
        "39": 4.455256,
        "40": 3.540029,
        "41": 1.855051,
        "42": 3.112228,
        "43": 5.06689,
        "44": 6.6908,
        "45": 3.294421,
        "46": 5.743339,
        "47": 5.088474,
        "48": 0.725844,
        "49": 3.011387,
        "50": 4.732014,
        "51": 5.489612,
        "52": 3.980978,
        "53": 2.660206,
        "54": 3.471745,
        "55": 2.974733,
        "56": 3.358554,
        "57": 2.317005,
        "58": 2.444565,
        "59": 4.567987,
        "60": 5.248684
      }
    },
    "flash": {
      "utilization_fraction": 0.95,
      "edge_latencies_ms": {
        "0": 5.862737,
        "1": 6.193332,
        "2": 5.282276,
        "3": 6.80912,
        "4": 3.304277,
        "5": 13.730321,
        "6": 14.480751,
        "7": 6.734843,
        "8": 4.415728,
        "9": 4.245612,
        "10": 2.6893,
        "11": 4.975662,
        "12": 16.308356,
        "13": 16.492434,
        "14": 3.81764,
        "15": 5.543064,
        "16": 6.529893,
        "17": 7.716917,
        "18": 4.301107,
        "19": 5.426209,
        "20": 9.178394,
        "21": 5.514955,
        "22": 4.890156,
        "23": 7.639438,
        "24": 3.788644,
        "25": 4.471929,
        "26": 8.592753,
        "27": 6.337283,
        "28": 2.228026,
        "29": 2.115829,
        "30": 4.229733,
        "31": 4.42473,
        "32": 3.856803,
        "33": 3.93189,
        "34": 3.939754,
        "35": 4.067126,
        "36": 2.9144,
        "37": 1.719466,
        "38": 3.227086,
        "39": 4.485688,
        "40": 3.559066,
        "41": 1.880319,
        "42": 3.13583,
        "43": 5.095287,
        "44": 6.897939,
        "45": 3.321471,
        "46": 5.804961,
        "47": 5.186689,
        "48": 0.751636,
        "49": 3.036,
        "50": 4.772296,
        "51": 5.532682,
        "52": 4.075492,
        "53": 2.740504,
        "54": 3.495393,
        "55": 3.003911,
        "56": 3.391147,
        "57": 2.339605,
        "58": 2.459617,
        "59": 4.659568,
        "60": 5.265334
      }
    }
  }
}