{
  "topology_id": 449,
  "load_conditions": {
    "low": {
      "utilization_fraction": 0.2,
      "edge_latencies_ms": {
        "0": 4.551054,
        "1": 3.624445,
        "2": 4.245006,
        "3": 4.000574,
        "4": 3.524444,
        "5": 4.112461,
        "6": 1.403564,
        "7": 2.423872,
        "8": 3.630134,
        "9": 4.123148,
        "10": 3.780969,
        "11": 4.578781,
        "12": 2.63494,
        "13": 3.841719,
        "14": 2.143808,
        "15": 0.950408,
        "16": 3.051813,
        "17": 1.820414,
        "18": 1.554838,
        "19": 11.162138,
        "20": 2.00457,
        "21": 2.685543,
        "22": 1.027293,
        "23": 2.493513,
        "24": 4.309531,
        "25": 3.729345,
        "26": 4.850255,
        "27": 6.601728,
        "28": 8.923246,
        "29": 3.391834,
        "30": 4.28682,
        "31": 5.703439,
        "32": 4.981638,
        "33": 4.255757,
        "34": 3.961734,
        "35": 4.406412,
        "36": 1.788377,
        "37": 3.315478,
        "38": 3.835126,
        "39": 4.233143,
        "40": 5.49657,
        "41": 3.673785,
        "42": 4.801053,
        "43": 5.510275,
        "44": 5.272586,
        "45": 2.865887,
        "46": 4.695158,
        "47": 6.017674,
        "48": 5.333248,
        "49": 2.927291,
        "50": 4.748966,
        "51": 6.134477,
        "52": 5.968458,
        "53": 4.911757,
        "54": 6.033036,
        "55": 6.772255,
        "56": 5.499465,
        "57": 12.023222,
        "58": 3.338631,
        "59": 4.614583,
        "60": 12.594647,
        "61": 5.25834,
        "62": 3.740729,
        "63": 3.094952,
        "64": 5.160654,
        "65": 3.970919,
        "66": 4.173761,
        "67": 3.12241,
        "68": 1.008948,
        "69": 4.769129,
        "70": 6.010967,
        "71": 3.848812,
        "72": 3.612206,
        "73": 5.231933,
        "74": 4.945818,
        "75": 0.83897,
        "76": 6.114473,
        "77": 4.008195,
        "78": 2.124612,
        "79": 6.172908,
        "80": 5.042685,
        "81": 4.196034,
        "82": 6.577017,
        "83": 5.898836,
        "84": 1.646211,
        "85": 5.751537,
        "86": 4.733915,
        "87": 3.242318,
        "88": 2.270549,
        "89": 2.748298,
        "90": 5.05666,
        "91": 2.219933,
        "92": 1.840454,
        "93": 2.878498,
        "94": 3.195566,
        "95": 3.258838,
        "96": 3.52909,
        "97": 3.699921,
        "98": 4.598208,
        "99": 3.692426,
        "100": 1.210533,
        "101": 6.937485,
        "102": 4.310556,
        "103": 5.902521,
        "104": 5.265749,
        "105": 6.946292,
        "106": 5.132587,
        "107": 5.604036,
        "108": 5.234763,
        "109": 1.906293,
        "110": 1.123513,
        "111": 2.422993,
        "112": 3.581393,
        "113": 2.546517,
        "114": 4.548311,
        "115": 3.638689,
        "116": 5.063246,
        "117": 2.222741,
        "118": 4.966878,
        "119": 5.299069,
        "120": 1.415976,
        "121": 5.384828,
        "122": 5.279302,
        "123": 4.707616,
        "124": 2.566733,
        "125": 4.504342,
        "126": 3.488454,
        "127": 3.915693,
        "128": 4.836348,
        "129": 2.551325,
        "130": 5.474059,
        "131": 7.467573,
        "132": 1.341888,
        "133": 4.297141,
        "134": 4.723685,
        "135": 3.714351,
        "136": 3.32638,
        "137": 2.424842,
        "138": 2.242432,
        "139": 1.574801,
        "140": 3.964871,
        "141": 2.531257,
        "142": 3.12648,
        "143": 4.452226,
        "144": 1.355066,
        "145": 7.528362,
        "146": 4.439396,
        "147": 5.124719,
        "148": 1.949667,
        "149": 2.646391,
        "150": 2.327699,
        "151": 3.225282,
        "152": 4.927782,
        "153": 4.751013,
        "154": 4.462887,
        "155": 4.769721,
        "156": 5.830745,
        "157": 1.765401,
        "158": 6.342418,
        "159": 7.038125,
        "160": 5.958584,
        "161": 4.85656,
        "162": 7.907312,
        "163": 2.62491,
        "164": 2.257152,
        "165": 1.552707,
        "166": 3.515696,
        "167": 2.736186,
        "168": 4.138995,
        "169": 3.469737,
        "170": 4.137638,
        "171": 3.10324,
        "172": 5.0008,
        "173": 2.715923,
        "174": 4.659649,
        "175": 6.043495,
        "176": 2.234862,
        "177": 4.174357,
        "178": 5.836659,
        "179": 3.167848,
        "180": 3.141263,
        "181": 3.830272,
        "182": 4.830777
      }
    },
    "medium": {
      "utilization_fraction": 0.5,
      "edge_latencies_ms": {
        "0": 4.551878,
        "1": 3.626668,
        "2": 4.245979,
        "3": 4.001343,
        "4": 3.525331,
        "5": 4.113471,
        "6": 1.404385,
        "7": 2.424924,
        "8": 3.631388,
        "9": 4.124071,
        "10": 3.783372,
        "11": 4.582324,
        "12": 2.636408,
        "13": 3.845323,
        "14": 2.144683,
        "15": 0.954863,
        "16": 3.053091,
        "17": 1.822629,
        "18": 1.559541,
        "19": 11.181213,
        "20": 2.006935,
        "21": 2.68635,
        "22": 1.028788,
        "23": 2.49436,
        "24": 4.311297,
        "25": 3.733705,
        "26": 4.851042,
        "27": 6.60441,
        "28": 8.924493,
        "29": 3.392686,
        "30": 4.29064,
        "31": 5.708649,
        "32": 4.98249,
        "33": 4.256627,
        "34": 3.962636,
        "35": 4.407778,
        "36": 1.789129,
        "37": 3.316544,
        "38": 3.836558,
        "39": 4.235987,
        "40": 5.497571,
        "41": 3.675135,
        "42": 4.801916,
        "43": 5.51104,
        "44": 5.273484,
        "45": 2.867225,
        "46": 4.698195,
        "47": 6.021063,
        "48": 5.335673,
        "49": 2.929447,
        "50": 4.750778,
        "51": 6.135501,
        "52": 5.969219,
        "53": 4.92732,
        "54": 6.034346,
        "55": 6.775054,
        "56": 5.500409,
        "57": 12.030931,
        "58": 3.340615,
        "59": 4.618681,
        "60": 12.612321,
        "61": 5.259364,
        "62": 3.741999,
        "63": 3.096141,
        "64": 5.161743,
        "65": 3.972166,
        "66": 4.176454,
        "67": 3.123912,
        "68": 1.011187,
        "69": 4.77008,
        "70": 6.017112,
        "71": 3.849719,
        "72": 3.614862,
        "73": 5.236656,
        "74": 4.946655,
        "75": 0.845292,
        "76": 6.120995,
        "77": 4.014376,
        "78": 2.126247,
        "79": 6.2466,
        "80": 5.045007,
        "81": 4.196889,
        "82": 6.578024,
        "83": 5.899913,
        "84": 1.651482,
        "85": 5.752575,
        "86": 4.738966,
        "87": 3.243389,
        "88": 2.273139,
        "89": 2.749078,
        "90": 5.057593,
        "91": 2.223093,
        "92": 1.846116,
        "93": 2.879783,
        "94": 3.196788,
        "95": 3.262436,
        "96": 3.530212,
        "97": 3.700848,
        "98": 4.604836,
        "99": 3.694225,
        "100": 1.212007,
        "101": 6.973692,
        "102": 4.312189,
        "103": 5.905486,
        "104": 5.266569,
        "105": 6.949134,
        "106": 5.134464,
        "107": 5.605137,
        "108": 5.235537,
        "109": 1.909608,
        "110": 1.124641,
        "111": 2.423843,
        "112": 3.582247,
        "113": 2.548879,
        "114": 4.550309,
        "115": 3.639911,
        "116": 5.064366,
        "117": 2.225378,
        "118": 4.974238,
        "119": 5.301017,
        "120": 1.416843,
        "121": 5.387279,
        "122": 5.28014,
        "123": 4.70854,
        "124": 2.568393,
        "125": 4.506448,
        "126": 3.489706,
        "127": 3.916635,
        "128": 4.84851,
        "129": 2.553255,
        "130": 5.474862,
        "131": 7.469232,
        "132": 1.345913,
        "133": 4.299134,
        "134": 4.725497,
        "135": 3.717155,
        "136": 3.327743,
        "137": 2.425649,