{
  "topology_id": 498,
  "load_conditions": {
    "low": {
      "utilization_fraction": 0.2,
      "edge_latencies_ms": {
        "0": 5.329335,
        "1": 3.065027,
        "2": 3.060131,
        "3": 5.563658,
        "4": 5.438991,
        "5": 5.820289,
        "6": 2.53059,
        "7": 3.785597,
        "8": 2.755005,
        "9": 2.502647,
        "10": 4.02811,
        "11": 3.975568,
        "12": 2.613376,
        "13": 3.85795,
        "14": 4.420149,
        "15": 1.823432,
        "16": 4.58561,
        "17": 4.613424,
        "18": 3.234049,
        "19": 5.850503,
        "20": 3.492161,
        "21": 3.740965,
        "22": 4.729005,
        "23": 4.14112,
        "24": 1.83161,
        "25": 2.697704,
        "26": 2.828095,
        "27": 3.577513,
        "28": 3.045869,
        "29": 2.270991,
        "30": 4.145275,
        "31": 3.824246,
        "32": 4.705654,
        "33": 3.760056,
        "34": 4.023128,
        "35": 3.220142,
        "36": 3.977798,
        "37": 5.948198,
        "38": 4.706851,
        "39": 4.922971,
        "40": 1.198469,
        "41": 15.957139,
        "42": 3.041371,
        "43": 2.180055,
        "44": 2.69357,
        "45": 16.250008,
        "46": 1.36546,
        "47": 19.146822,
        "48": 2.53895,
        "49": 5.301777,
        "50": 3.637448,
        "51": 1.891928,
        "52": 3.145587,
        "53": 2.597474,
        "54": 4.371811,
        "55": 4.554602,
        "56": 4.839881,
        "57": 3.738641,
        "58": 4.896362,
        "59": 7.373244,
        "60": 2.479709,
        "61": 4.899106,
        "62": 5.097729,
        "63": 4.256727,
        "64": 2.062742,
        "65": 2.261288,
        "66": 2.352844,
        "67": 0.936109,
        "68": 3.929679,
        "69": 2.186781,
        "70": 4.22087,
        "71": 4.375229,
        "72": 3.95326,
        "73": 4.02172,
        "74": 5.127639,
        "75": 2.159211,
        "76": 3.298358,
        "77": 2.765399,
        "78": 1.240068,
        "79": 4.489293,
        "80": 5.584032,
        "81": 4.417066,
        "82": 1.972153,
        "83": 1.633005,
        "84": 2.214917,
        "85": 4.861141,
        "86": 3.717695,
        "87": 2.589227,
        "88": 2.090135,
        "89": 4.37925,
        "90": 1.195062,
        "91": 1.950613,
        "92": 6.941072,
        "93": 4.236366,
        "94": 4.209449,
        "95": 5.30285,
        "96": 2.863922,
        "97": 2.673002,
        "98": 4.544053,
        "99": 5.71896,
        "100": 5.456628,
        "101": 5.780779,
        "102": 2.505654,
        "103": 2.889714,
        "104": 3.870854,
        "105": 4.802616,
        "106": 5.624655
      }
    },
    "medium": {
      "utilization_fraction": 0.5,
      "edge_latencies_ms": {
        "0": 5.330421,
        "1": 3.065815,
        "2": 3.060912,
        "3": 5.564957,
        "4": 5.440045,
        "5": 5.821086,
        "6": 2.533939,
        "7": 3.7865,
        "8": 2.757483,
        "9": 2.504094,
        "10": 4.028939,
        "11": 3.976795,
        "12": 2.615387,
        "13": 3.859016,
        "14": 4.422356,
        "15": 1.825037,
        "16": 4.58636,
        "17": 4.614409,
        "18": 3.235045,
        "19": 5.85252,
        "20": 3.493034,
        "21": 3.742136,
        "22": 4.730986,
        "23": 4.143685,
        "24": 1.8325,
        "25": 2.698627,
        "26": 2.83486,
        "27": 3.578485,
        "28": 3.046772,
        "29": 2.277057,
        "30": 4.146053,
        "31": 3.826104,
        "32": 4.706521,
        "33": 3.761372,
        "34": 4.024032,
        "35": 3.222849,
        "36": 3.983811,
        "37": 5.949134,
        "38": 4.707977,
        "39": 4.924059,
        "40": 1.200173,
        "41": 16.015866,
        "42": 3.04249,
        "43": 2.181274,
        "44": 2.697751,
        "45": 16.260235,
        "46": 1.371347,
        "47": 19.162434,
        "48": 2.540953,
        "49": 5.302742,
        "50": 3.64064,
        "51": 1.89431,
        "52": 3.146936,
        "53": 2.599238,
        "54": 4.372921,
        "55": 4.556254,
        "56": 4.840753,
        "57": 3.739394,
        "58": 4.898233,
        "59": 7.374365,
        "60": 2.483718,
        "61": 4.900199,
        "62": 5.10349,
        "63": 4.259316,
        "64": 2.066388,
        "65": 2.262065,
        "66": 2.357862,
        "67": 0.936951,
        "68": 3.932598,
        "69": 2.188995,
        "70": 4.223555,
        "71": 4.379787,
        "72": 3.95417,
        "73": 4.023087,
        "74": 5.128419,
        "75": 2.16227,
        "76": 3.303201,
        "77": 2.766317,
        "78": 1.240982,
        "79": 4.49443,
        "80": 5.5848,
        "81": 4.418275,
        "82": 1.972924,
        "83": 1.63385,
        "84": 2.216102,
        "85": 4.862177,
        "86": 3.721997,
        "87": 2.590556,
        "88": 2.095243,
        "89": 4.382794,
        "90": 1.196193,
        "91": 1.951961,
        "92": 6.944977,
        "93": 4.237138,
        "94": 4.21025,
        "95": 5.307938,
        "96": 2.864698,
        "97": 2.675997,
        "98": 4.548316,
        "99": 5.719844,
        "100": 5.457635,
        "101": 5.7831,
        "102": 2.507455,
        "103": 2.890626,
        "104": 3.874426,
        "105": 4.803479,
        "106": 5.627534
      }
    },
    "high": {
      "utilization_fraction": 0.8,
      "edge_latencies_ms": {
        "0": 5.334765,
        "1": 3.068967,
        "2": 3.064032,
        "3": 5.570153,
        "4": 5.444263,
        "5": 5.824271,
        "6": 2.547337,
        "7": 3.79011,
        "8": 2.767395,
        "9": 2.509885,
        "10": 4.032254,
        "11": 3.981705,
        "12": 2.623428,
        "13": 3.863282,
        "14": 4.431184,
        "15": 1.831457,
        "16": 4.589361,
        "17": 4.618349,
        "18": 3.239029,
        "19": 5.860591,
        "20": 3.496527,
        "21": 3.746819,
        "22": 4.738909,
        "23": 4.153945,
        "24": 1.836059,
        "25": 2.702317,
        "26": 2.861921,
        "27": 3.582374,
        "28": 3.050382,
        "29": 2.301322,
        "30": 4.149166,
        "31": 3.83354,
        "32": 4.709988,
        "33": 3.766634,
        "34": 4.02765,
        "35": 3.233674,
        "36": 4.007864,
        "37": 5.952879,
        "38": 4.712479,
        "39": 4.928411,
        "40": 1.206988,
        "41": 16.250777,
        "42": 3.046968,
        "43": 2.186153,
        "44": 2.714476,
        "45": 16.301141,
        "46": 1.394895,
        "47": 19.224883,
        "48": 2.548969,
        "49": 5.306605,
        "50": 3.653406,
        "51": 1.903836,
        "52": 3.152333,
        "53": 2.606295,
        "54": 4.377362,
        "55": 4.562862,
        "56": 4.84424,
        "57": 3.742405,
        "58": 4.905719,
        "59": 7.378849,
        "60": 2.499754,
        "61": 4.904572,
        "62": 5.126535,
        "63": 4.269672,
        "64": 2.08097,
        "65": 2.265172,
        "66": 2.377931,
        "67": 0.94032,
        "68": 3.944275,
        "69": 2.197853,
        "70": 4.234296,
        "71": 4.398018,
        "72": 3.957811,
        "73": 4.028554,
        "74": 5.131542,
        "75": 2.174505,
        "76": 3.322577,
        "77": 2.769986,
        "78": 1.244637,
        "79": 4.514979,
        "80": 5.587872,
        "81": 4.423111,
        "82": 1.976011,
        "83": 1.637231,
        "84": 2.22084,
        "85": 4.866318,
        "86": 3.739206,
        "87": 2.595868,
        "88": 2.115673,
        "89": 4.396972,
        "90": 1.200714,
        "91": 1.957355,
        "92": 6.960599,
        "93": 4.24023,
        "94": 4.213451,
        "95": 5.328288,
        "96": 2.867805,
        "97": 2.687976,
        "98": 4.565372,
        "99": 5.723383,
        "100": 5.461666,
        "101": 5.792383,
        "102": 2.514658,
        "103": 2.894275,
        "104": 3.888716,
        "105": 4.806934,
        "106": 5.639052
      }
    },