{
  "topology_id": 363,
  "load_conditions": {
    "low": {
      "utilization_fraction": 0.2,
      "edge_latencies_ms": {
        "0": 4.069992,
        "1": 5.702491,
        "2": 2.577475,
        "3": 2.199456,
        "4": 4.991071,
        "5": 9.642095,
        "6": 6.002614,
        "7": 6.597044,
        "8": 10.901027,
        "9": 11.082683,
        "10": 12.856004,
        "11": 2.805778,
        "12": 4.620122,
        "13": 11.513011,
        "14": 6.704894,
        "15": 6.38455,
        "16": 4.462736,
        "17": 14.416563,
        "18": 13.154438,
        "19": 5.132745,
        "20": 2.309818,
        "21": 5.750784,
        "22": 1.713225,
        "23": 5.985785,
        "24": 2.054757,
        "25": 4.623804,
        "26": 0.524772,
        "27": 2.886637,
        "28": 1.951216
      }
    },
    "medium": {
      "utilization_fraction": 0.5,
      "edge_latencies_ms": {
        "0": 4.074325,
        "1": 5.707496,
        "2": 2.585246,
        "3": 2.200769,
        "4": 5.002278,
        "5": 9.661821,
        "6": 6.004641,
        "7": 6.597835,
        "8": 10.932535,
        "9": 11.090902,
        "10": 12.876952,
        "11": 2.807492,
        "12": 4.628702,
        "13": 11.525129,
        "14": 6.71712,
        "15": 6.389811,
        "16": 4.463807,
        "17": 14.450293,
        "18": 13.162134,
        "19": 5.133878,
        "20": 2.310965,
        "21": 5.752354,
        "22": 1.714208,
        "23": 5.99487,
        "24": 2.055535,
        "25": 4.625375,
        "26": 0.525734,
        "27": 2.893502,
        "28": 1.952002
      }
    },
    "high": {
      "utilization_fraction": 0.8,
      "edge_latencies_ms": {
        "0": 4.091655,
        "1": 5.727516,
        "2": 2.616332,
        "3": 2.206019,
        "4": 5.047107,
        "5": 9.740727,
        "6": 6.01275,
        "7": 6.600998,
        "8": 11.058566,
        "9": 11.123774,
        "10": 12.960743,
        "11": 2.814348,
        "12": 4.663021,
        "13": 11.5736,
        "14": 6.766024,
        "15": 6.410854,
        "16": 4.468091,
        "17": 14.585213,
        "18": 13.192915,
        "19": 5.13841,
        "20": 2.315552,
        "21": 5.758635,
        "22": 1.718142,
        "23": 6.031209,
        "24": 2.058649,
        "25": 4.63166,
        "26": 0.529584,
        "27": 2.920962,
        "28": 1.955146
      }
    },
    "flash": {
      "utilization_fraction": 0.95,
      "edge_latencies_ms": {
        "0": 4.178308,
        "1": 5.827615,
        "2": 2.771763,
        "3": 2.23227,
        "4": 5.271251,
        "5": 10.135256,
        "6": 6.053291,
        "7": 6.616814,
        "8": 11.688718,
        "9": 11.288135,
        "10": 13.379698,
        "11": 2.848628,
        "12": 4.834617,
        "13": 11.815958,
        "14": 7.010547,
        "15": 6.516072,
        "16": 4.489513,
        "17": 15.259816,
        "18": 13.346821,
        "19": 5.161071,
        "20": 2.338489,
        "21": 5.790037,
        "22": 1.737809,
        "23": 6.212905,
        "24": 2.074219,
        "25": 4.663085,
        "26": 0.548832,
        "27": 3.058261,
        "28": 1.970869
      }
    }
  }
}