{
  "topology_id": 461,
  "load_conditions": {
    "low": {
      "utilization_fraction": 0.2,
      "edge_latencies_ms": {
        "0": 5.024907,
        "1": 2.2936,
        "2": 3.386651,
        "3": 5.294917,
        "4": 4.253832,
        "5": 4.328424,
        "6": 2.918635,
        "7": 4.647068,
        "8": 1.347971,
        "9": 2.303068,
        "10": 4.623841,
        "11": 2.9338,
        "12": 5.596668,
        "13": 5.233745,
        "14": 4.197706,
        "15": 3.686376,
        "16": 3.144522,
        "17": 3.827331,
        "18": 5.163373,
        "19": 2.835297,
        "20": 3.087071,
        "21": 7.553633,
        "22": 5.68823,
        "23": 8.478269,
        "24": 4.506202,
        "25": 4.737148,
        "26": 3.685847,
        "27": 5.473405,
        "28": 6.09419,
        "29": 3.014566,
        "30": 3.618664,
        "31": 2.223352,
        "32": 3.487056,
        "33": 2.699188,
        "34": 2.895558,
        "35": 4.089475,
        "36": 6.169308,
        "37": 6.453414,
        "38": 1.842632,
        "39": 5.954952,
        "40": 10.857681,
        "41": 2.789403,
        "42": 5.225681,
        "43": 3.505111,
        "44": 11.452481,
        "45": 3.810154,
        "46": 4.678553,
        "47": 7.115733,
        "48": 3.133351,
        "49": 11.660078,
        "50": 4.411143,
        "51": 4.845803,
        "52": 4.014452,
        "53": 1.967798,
        "54": 5.323081,
        "55": 3.875957,
        "56": 6.73788,
        "57": 5.423417,
        "58": 1.886947,
        "59": 4.053636,
        "60": 11.30105,
        "61": 8.192849,
        "62": 3.995419,
        "63": 6.381256,
        "64": 5.06534,
        "65": 2.211638,
        "66": 4.858422,
        "67": 4.448842,
        "68": 5.483389,
        "69": 2.858314,
        "70": 2.545087,
        "71": 4.366098,
        "72": 4.757631,
        "73": 5.974527,
        "74": 5.390529,
        "75": 3.85375,
        "76": 5.46724,
        "77": 3.642471,
        "78": 3.010254,
        "79": 1.180226,
        "80": 2.95614,
        "81": 5.91413,
        "82": 5.99909,
        "83": 4.385409,
        "84": 4.821117,
        "85": 2.713797,
        "86": 2.470515,
        "87": 2.973518,
        "88": 2.413044,
        "89": 6.267081,
        "90": 7.501933,
        "91": 4.682237,
        "92": 3.259101,
        "93": 5.702695,
        "94": 8.301847,
        "95": 3.428126,
        "96": 6.046057,
        "97": 5.63361,
        "98": 1.777612,
        "99": 3.656377,
        "100": 4.894228,
        "101": 3.435946,
        "102": 4.098901,
        "103": 3.239577,
        "104": 3.652731,
        "105": 3.525612,
        "106": 5.796093,
        "107": 3.892896,
        "108": 2.689214,
        "109": 2.789782,
        "110": 3.991827,
        "111": 3.121618,
        "112": 1.703179,
        "113": 3.376614
      }
    },
    "medium": {
      "utilization_fraction": 0.5,
      "edge_latencies_ms": {
        "0": 5.025953,
        "1": 2.294476,
        "2": 3.38778,
        "3": 5.299858,
        "4": 4.259178,
        "5": 4.329575,
        "6": 2.920058,
        "7": 4.648616,
        "8": 1.349269,
        "9": 2.304046,
        "10": 4.62474,
        "11": 2.93632,
        "12": 5.597443,
        "13": 5.234628,
        "14": 4.198484,
        "15": 3.687147,
        "16": 3.146427,
        "17": 3.829499,
        "18": 5.164516,
        "19": 2.836393,
        "20": 3.089231,
        "21": 7.554999,
        "22": 5.690235,
        "23": 8.520282,
        "24": 4.508145,
        "25": 4.739494,
        "26": 3.687242,
        "27": 5.474565,
        "28": 6.095238,
        "29": 3.015996,
        "30": 3.622611,
        "31": 2.225732,
        "32": 3.487819,
        "33": 2.700481,
        "34": 2.897788,
        "35": 4.096711,
        "36": 6.170552,
        "37": 6.454525,
        "38": 1.843678,
        "39": 5.955962,
        "40": 10.875413,
        "41": 2.790449,
        "42": 5.227278,
        "43": 3.506094,
        "44": 11.463099,
        "45": 3.81126,
        "46": 4.680102,
        "47": 7.117363,
        "48": 3.134753,
        "49": 11.674209,
        "50": 4.411922,
        "51": 4.846563,
        "52": 4.015664,
        "53": 1.969761,
        "54": 5.324057,
        "55": 3.878522,
        "56": 6.738639,
        "57": 5.42435,
        "58": 1.88839,
        "59": 4.060122,
        "60": 11.302056,
        "61": 8.193949,
        "62": 3.997739,
        "63": 6.382012,
        "64": 5.068933,
        "65": 2.213148,
        "66": 4.860383,
        "67": 4.449844,
        "68": 5.484155,
        "69": 2.85934,
        "70": 2.546054,
        "71": 4.367349,
        "72": 4.759853,
        "73": 5.976122,
        "74": 5.391558,
        "75": 3.859572,
        "76": 5.468135,
        "77": 3.643895,
        "78": 3.015713,
        "79": 1.181453,
        "80": 2.957949,
        "81": 5.915171,
        "82": 5.999892,
        "83": 4.386945,
        "84": 4.822503,
        "85": 2.716279,
        "86": 2.472065,
        "87": 2.975249,
        "88": 2.414578,
        "89": 6.269236,
        "90": 7.504382,
        "91": 4.68334,
        "92": 3.261811,
        "93": 5.703976,
        "94": 8.308032,
        "95": 3.433532,
        "96": 6.047158,
        "97": 5.634952,
        "98": 1.784182,
        "99": 3.657267,
        "100": 4.895105,
        "101": 3.437517,
        "102": 4.100512,
        "103": 3.240364,
        "104": 3.654553,
        "105": 3.528701,
        "106": 5.796889,
        "107": 3.89377,
        "108": 2.690312,
        "109": 2.790599,
        "110": 3.996569,
        "111": 3.122658,
        "112": 1.70586,
        "113": 3.382347
      }
    },
    "high": {
      "utilization_fraction": 0.8,
      "edge_latencies_ms": {
        "0": 5.03014,
        "1": 2.297983,
        "2": 3.392292,
        "3": 5.319624,
        "4": 4.280562,
        "5": 4.334179,
        "6": 2.925751,
        "7": 4.65481,
        "8": 1.354461,
        "9": 2.307956,
        "10": 4.628333,
        "11": 2.946403,
        "12": 5.600541,
        "13": 5.23816,
        "14": 4.201598,
        "15": 3.69023,
        "16": 3.154046,
        "17": 3.838172,
        "18": 5.169088,
        "19": 2.840778,
        "20": 3.097872,
        "21": 7.560464,
        "22": 5.698255,
        "23": 8.688334,
        "24": 4.515917,
        "25": 4.74888,
        "26": 3.692824,
        "27": 5.479204,
        "28": 6.099428,
        "29": 3.021716,
        "30": 3.638399,
        "31": 2.235254,
        "32": 3.490873,
        "33": 2.705651,
        "34": 2.906706,
        "35": 4.125657,
        "36": 6.175528,
        "37": 6.458969,
        "38": 1.847863,
        "39": 5.959999,
        "40": 10.946343,
        "41": 2.794632,
        "42": 5.233665,
        "43": 3.510023,
        "44": 11.505573,
        "45": 3.815685,
        "46": 4.686302,
        "47": 7.123882,
        "48": 3.140358,
        "49": 11.730736,
        "50": 4.41504,
        "51": 4.849603,
        "52": 4.020511,
        "53": 1.977611,
        "54": 5.327959,
        "55": 3.888782,
        "56": 6.741676,
        "57": 5.428083,
        "58": 1.894165,
        "59": 4.086066,
        "60": 11.30608,
        "61": 8.198349,
        "62": 4.007016,
        "63": 6.385035,
        "64": 5.083308,
        "65": 2.219187,
        "66": 4.868228,
        "67": 4.45385,
        "68": 5.48722,
        "69": 2.863443,
        "70": 2.549922,
        "71": 4.372354,
        "72": 4.768741,
        "73": 5.982501,
        "74": 5.395672,
        "75": 3.88286,
        "76": 5.471715,
        "77": 3.649593,
        "78": 3.03755,
        "79": 1.186359,
        "80": 2.965186,
        "81": 5.919334,
        "82": 6.003104,
        "83": 4.393086,
        "84": 4.828045,
        "85": 2.726207,
        "86": 2.478263,
        "87": 2.982173,
        "88": 2.420717,
        "89": 6.277855,
        "90": 7.514178,
        "91": 4.68775,
        "92": 3.272649,