{
  "topology_id": 349,
  "load_conditions": {
    "low": {
      "utilization_fraction": 0.2,
      "edge_latencies_ms": {
        "0": 2.214677,
        "1": 5.406258,
        "2": 4.767426,
        "3": 3.032573,
        "4": 9.357102,
        "5": 3.246873,
        "6": 1.526487,
        "7": 6.537405,
        "8": 4.753475,
        "9": 3.545674,
        "10": 2.344531,
        "11": 1.911935,
        "12": 6.016318,
        "13": 3.839625,
        "14": 5.404351,
        "15": 5.133531,
        "16": 7.062479,
        "17": 3.30795,
        "18": 1.896448,
        "19": 2.321422,
        "20": 2.502008,
        "21": 2.713409,
        "22": 1.687561,
        "23": 3.973015,
        "24": 2.218582,
        "25": 4.84158,
        "26": 2.003018,
        "27": 5.323447,
        "28": 1.141445,
        "29": 1.323739,
        "30": 4.498852,
        "31": 4.425434,
        "32": 1.056263,
        "33": 6.46303,
        "34": 4.432575,
        "35": 3.997412,
        "36": 3.104486,
        "37": 5.45238
      }
    },
    "medium": {
      "utilization_fraction": 0.5,
      "edge_latencies_ms": {
        "0": 2.215509,
        "1": 5.409334,
        "2": 4.768536,
        "3": 3.033577,
        "4": 9.3659,
        "5": 3.247716,
        "6": 1.532355,
        "7": 6.538944,
        "8": 4.75842,
        "9": 3.549035,
        "10": 2.345513,
        "11": 1.914701,
        "12": 6.02443,
        "13": 3.841018,
        "14": 5.405432,
        "15": 5.134909,
        "16": 7.070098,
        "17": 3.309051,
        "18": 1.897953,
        "19": 2.32324,
        "20": 2.50283,
        "21": 2.715191,
        "22": 1.689336,
        "23": 3.975603,
        "24": 2.222795,
        "25": 4.842575,
        "26": 2.005328,
        "27": 5.324406,
        "28": 1.145206,
        "29": 1.324788,
        "30": 4.500879,
        "31": 4.432056,
        "32": 1.057444,
        "33": 6.464644,
        "34": 4.433758,
        "35": 4.000873,
        "36": 3.106344,
        "37": 5.45366
      }
    },
    "high": {
      "utilization_fraction": 0.8,
      "edge_latencies_ms": {
        "0": 2.218835,
        "1": 5.421639,
        "2": 4.772975,
        "3": 3.037594,
        "4": 9.401091,
        "5": 3.251091,
        "6": 1.555825,
        "7": 6.5451,
        "8": 4.778204,
        "9": 3.562479,
        "10": 2.349438,
        "11": 1.925764,
        "12": 6.056876,
        "13": 3.846589,
        "14": 5.409755,
        "15": 5.140421,
        "16": 7.100572,
        "17": 3.313454,
        "18": 1.903972,
        "19": 2.330509,
        "20": 2.506118,
        "21": 2.72232,
        "22": 1.696438,
        "23": 3.985952,
        "24": 2.23965,
        "25": 4.846555,
        "26": 2.014568,
        "27": 5.328246,
        "28": 1.160249,
        "29": 1.328983,
        "30": 4.508988,
        "31": 4.458542,
        "32": 1.062166,
        "33": 6.471102,
        "34": 4.438491,
        "35": 4.014716,
        "36": 3.113777,
        "37": 5.45878
      }
    },
    "flash": {
      "utilization_fraction": 0.95,
      "edge_latencies_ms": {
        "0": 2.235463,
        "1": 5.483161,
        "2": 4.79517,
        "3": 3.057676,
        "4": 9.577047,
        "5": 3.267964,
        "6": 1.67318,
        "7": 6.575884,
        "8": 4.87712,
        "9": 3.629698,
        "10": 2.369063,
        "11": 1.981079,
        "12": 6.21911,
        "13": 3.874447,
        "14": 5.431372,
        "15": 5.167981,
        "16": 7.252944,
        "17": 3.335467,
        "18": 1.934069,
        "19": 2.366858,
        "20": 2.522558,
        "21": 2.757961,
        "22": 1.731945,
        "23": 4.037701,
        "24": 2.323921,
        "25": 4.866453,
        "26": 2.060768,
        "27": 5.347441,
        "28": 1.235467,
        "29": 1.349958,
        "30": 4.549531,
        "31": 4.590976,
        "32": 1.085778,
        "33": 6.503392,
        "34": 4.462157,
        "35": 4.083932,
        "36": 3.150941,
        "37": 5.484379
      }
    }
  }
}