{
  "topology_id": 21,
  "load_conditions": {
    "low": {
      "utilization_fraction": 0.2,
      "edge_latencies_ms": {
        "0": 3.763383,
        "1": 4.497246,
        "2": 3.495363,
        "3": 2.359664,
        "4": 1.839218,
        "5": 14.389329,
        "6": 6.505057,
        "7": 2.553355,
        "8": 5.326328,
        "9": 9.902267,
        "10": 4.748155,
        "11": 3.683923,
        "12": 6.292158,
        "13": 2.084285,
        "14": 6.23106,
        "15": 3.772434,
        "16": 1.640591,
        "17": 6.748239,
        "18": 1.18118,
        "19": 2.151326,
        "20": 6.460144,
        "21": 6.619423,
        "22": 4.189497,
        "23": 2.396893,
        "24": 2.351523,
        "25": 3.035176,
        "26": 2.540375,
        "27": 3.425337,
        "28": 3.099871,
        "29": 5.451235,
        "30": 2.750276,
        "31": 5.244415,
        "32": 5.758946,
        "33": 2.875248,
        "34": 2.832115,
        "35": 6.835156,
        "36": 0.9787,
        "37": 5.39742,
        "38": 1.763441,
        "39": 4.975078,
        "40": 8.397281,
        "41": 5.294432,
        "42": 2.383601,
        "43": 5.86968,
        "44": 4.123108,
        "45": 2.610371,
        "46": 4.345234
      }
    },
    "medium": {
      "utilization_fraction": 0.5,
      "edge_latencies_ms": {
        "0": 3.765706,
        "1": 4.503177,
        "2": 3.499477,
        "3": 2.360985,
        "4": 1.860086,
        "5": 14.396876,
        "6": 6.509939,
        "7": 2.554309,
        "8": 5.327694,
        "9": 9.932249,
        "10": 4.750969,
        "11": 3.684761,
        "12": 6.317671,
        "13": 2.089858,
        "14": 6.267132,
        "15": 3.773191,
        "16": 1.642013,
        "17": 6.749608,
        "18": 1.181934,
        "19": 2.155333,
        "20": 6.463227,
        "21": 6.62019,
        "22": 4.190466,
        "23": 2.397918,
        "24": 2.352792,
        "25": 3.035975,
        "26": 2.541761,
        "27": 3.426132,
        "28": 3.109291,
        "29": 5.459233,
        "30": 2.751529,
        "31": 5.246235,
        "32": 5.760694,
        "33": 2.876519,
        "34": 2.834094,
        "35": 6.83941,
        "36": 0.981038,
        "37": 5.401372,
        "38": 1.778549,
        "39": 5.00182,
        "40": 8.398182,
        "41": 5.295668,
        "42": 2.385197,
        "43": 5.870774,
        "44": 4.125153,
        "45": 2.611976,
        "46": 4.346282
      }
    },
    "high": {
      "utilization_fraction": 0.8,
      "edge_latencies_ms": {
        "0": 3.774997,
        "1": 4.526898,
        "2": 3.515934,
        "3": 2.36627,
        "4": 1.943562,
        "5": 14.427063,
        "6": 6.529469,
        "7": 2.558126,
        "8": 5.33316,
        "9": 10.052177,
        "10": 4.762225,
        "11": 3.688113,
        "12": 6.419722,
        "13": 2.11215,
        "14": 6.411421,
        "15": 3.776221,
        "16": 1.647704,
        "17": 6.755084,
        "18": 1.184948,
        "19": 2.17136,
        "20": 6.47556,
        "21": 6.623256,
        "22": 4.194341,
        "23": 2.402017,
        "24": 2.35787,
        "25": 3.039169,
        "26": 2.547307,
        "27": 3.429314,
        "28": 3.146971,
        "29": 5.491225,
        "30": 2.756539,
        "31": 5.253514,
        "32": 5.767683,
        "33": 2.881601,
        "34": 2.842008,
        "35": 6.856426,
        "36": 0.990388,
        "37": 5.417181,
        "38": 1.83898,
        "39": 5.10879,
        "40": 8.401788,
        "41": 5.300615,
        "42": 2.391584,
        "43": 5.875149,
        "44": 4.133331,
        "45": 2.618396,
        "46": 4.350473
      }
    },
    "flash": {
      "utilization_fraction": 0.95,
      "edge_latencies_ms": {
        "0": 3.821451,
        "1": 4.645504,
        "2": 3.598217,
        "3": 2.392692,
        "4": 2.360937,
        "5": 14.578001,
        "6": 6.627118,
        "7": 2.577213,
        "8": 5.360488,
        "9": 10.65182,
        "10": 4.818505,
        "11": 3.704872,
        "12": 6.92998,
        "13": 2.223611,
        "14": 7.132866,
        "15": 3.791368,
        "16": 1.676157,
        "17": 6.782464,
        "18": 1.20002,
        "19": 2.251495,
        "20": 6.537222,
        "21": 6.638591,
        "22": 4.213718,
        "23": 2.422511,
        "24": 2.383257,
        "25": 3.055138,
        "26": 2.575037,
        "27": 3.445222,
        "28": 3.33537,
        "29": 5.651186,
        "30": 2.781589,
        "31": 5.289907,
        "32": 5.802632,
        "33": 2.907011,
        "34": 2.881578,
        "35": 6.941507,
        "36": 1.03714,
        "37": 5.496227,
        "38": 2.141134,
        "39": 5.643638,
        "40": 8.419817,
        "41": 5.325346,
        "42": 2.423519,
        "43": 5.897023,
        "44": 4.174225,
        "45": 2.650498,
        "46": 4.37143
      }
    }
  }
}