{
  "topology_id": 451,
  "load_conditions": {
    "low": {
      "utilization_fraction": 0.2,
      "edge_latencies_ms": {
        "0": 5.004583,
        "1": 4.068835,
        "2": 4.384527,
        "3": 3.002364,
        "4": 3.195857,
        "5": 4.067862,
        "6": 4.147323,
        "7": 3.240138,
        "8": 3.433799,
        "9": 4.201258,
        "10": 1.452963,
        "11": 4.849282,
        "12": 4.232626,
        "13": 9.902816,
        "14": 3.176389,
        "15": 3.38937,
        "16": 5.949087,
        "17": 1.899687,
        "18": 3.107431,
        "19": 4.49858,
        "20": 5.872077,
        "21": 2.243108,
        "22": 3.124023,
        "23": 2.760421,
        "24": 1.648104,
        "25": 5.121309,
        "26": 2.388279,
        "27": 5.710481,
        "28": 3.02664,
        "29": 2.835938,
        "30": 6.082413,
        "31": 4.980381,
        "32": 4.112563,
        "33": 3.447272,
        "34": 2.890751,
        "35": 2.118171,
        "36": 3.169446,
        "37": 4.939991,
        "38": 5.071356,
        "39": 4.954005,
        "40": 1.599865,
        "41": 2.601319,
        "42": 4.428807,
        "43": 3.235532,
        "44": 4.598517,
        "45": 6.629018,
        "46": 5.850505,
        "47": 2.354996,
        "48": 14.225005,
        "49": 5.263856,
        "50": 8.073485,
        "51": 3.264881,
        "52": 3.367417,
        "53": 3.915615,
        "54": 3.312077,
        "55": 3.920435,
        "56": 5.880507,
        "57": 3.245093,
        "58": 1.75691,
        "59": 1.999505,
        "60": 0.557685,
        "61": 1.419027,
        "62": 6.199739,
        "63": 1.677445,
        "64": 4.786661,
        "65": 2.725483,
        "66": 3.214764,
        "67": 5.34329,
        "68": 5.94702,
        "69": 1.667992,
        "70": 2.63292,
        "71": 1.980683,
        "72": 3.017742,
        "73": 3.689703,
        "74": 5.06034,
        "75": 3.48198,
        "76": 1.316487,
        "77": 5.388109,
        "78": 5.613102,
        "79": 3.705584,
        "80": 7.065899,
        "81": 6.083765,
        "82": 3.881934,
        "83": 2.350607,
        "84": 7.13193,
        "85": 2.497802,
        "86": 0.784461,
        "87": 3.09943,
        "88": 3.269475,
        "89": 3.190925,
        "90": 3.239197,
        "91": 2.462049,
        "92": 6.088368,
        "93": 3.250382,
        "94": 2.304198,
        "95": 2.976707,
        "96": 3.636108,
        "97": 4.515719,
        "98": 2.192346,
        "99": 4.080716,
        "100": 5.905483,
        "101": 5.954343,
        "102": 3.045722,
        "103": 4.344407,
        "104": 3.846524
      }
    },
    "medium": {
      "utilization_fraction": 0.5,
      "edge_latencies_ms": {
        "0": 5.006733,
        "1": 4.074573,
        "2": 4.391643,
        "3": 3.003467,
        "4": 3.197073,
        "5": 4.068721,
        "6": 4.148278,
        "7": 3.244612,
        "8": 3.435153,
        "9": 4.206268,
        "10": 1.454728,
        "11": 4.854473,
        "12": 4.234088,
        "13": 9.910773,
        "14": 3.17718,
        "15": 3.390351,
        "16": 5.950147,
        "17": 1.900954,
        "18": 3.113712,
        "19": 4.49958,
        "20": 5.873465,
        "21": 2.244031,
        "22": 3.125347,
        "23": 2.762265,
        "24": 1.649141,
        "25": 5.123101,
        "26": 2.390435,
        "27": 5.712621,
        "28": 3.030232,
        "29": 2.836793,
        "30": 6.084617,
        "31": 4.985095,
        "32": 4.113502,
        "33": 3.448108,
        "34": 2.893525,
        "35": 2.119664,
        "36": 3.170488,
        "37": 4.941774,
        "38": 5.072192,
        "39": 4.954896,
        "40": 1.602359,
        "41": 2.6022,
        "42": 4.429988,
        "43": 3.236289,
        "44": 4.601479,
        "45": 6.630198,
        "46": 5.855967,
        "47": 2.356466,
        "48": 14.239594,
        "49": 5.266843,
        "50": 8.106191,
        "51": 3.265724,
        "52": 3.371617,
        "53": 3.917963,
        "54": 3.313359,
        "55": 3.922635,
        "56": 5.883345,
        "57": 3.246033,
        "58": 1.758877,
        "59": 2.000826,
        "60": 0.558649,
        "61": 1.420812,
        "62": 6.201066,
        "63": 1.680249,
        "64": 4.787778,
        "65": 2.726343,
        "66": 3.22106,
        "67": 5.344049,
        "68": 5.950984,
        "69": 1.669515,
        "70": 2.633858,
        "71": 1.981644,
        "72": 3.018588,
        "73": 3.690601,
        "74": 5.06117,
        "75": 3.486371,
        "76": 1.321122,
        "77": 5.388876,
        "78": 5.614863,
        "79": 3.706401,
        "80": 7.06745,
        "81": 6.086124,
        "82": 3.882745,
        "83": 2.351548,
        "84": 7.132919,
        "85": 2.499816,
        "86": 0.785456,
        "87": 3.102644,
        "88": 3.272892,
        "89": 3.192278,
        "90": 3.240149,
        "91": 2.466513,
        "92": 6.089154,
        "93": 3.253538,
        "94": 2.305699,
        "95": 2.977709,
        "96": 3.63701,
        "97": 4.517374,
        "98": 2.194996,
        "99": 4.081988,
        "100": 5.906798,
        "101": 5.955335,
        "102": 3.046552,
        "103": 4.346076,
        "104": 3.850334
      }
    },
    "high": {
      "utilization_fraction": 0.8,
      "edge_latencies_ms": {
        "0": 5.015332,
        "1": 4.097522,
        "2": 4.420106,
        "3": 3.007881,
        "4": 3.201936,
        "5": 4.07216,
        "6": 4.152095,
        "7": 3.262508,
        "8": 3.440568,
        "9": 4.226309,
        "10": 1.461786,
        "11": 4.875241,
        "12": 4.239938,
        "13": 9.942603,
        "14": 3.180341,
        "15": 3.394276,
        "16": 5.954386,
        "17": 1.906023,
        "18": 3.138836,
        "19": 4.503581,
        "20": 5.879021,
        "21": 2.24772,
        "22": 3.130642,
        "23": 2.769642,
        "24": 1.653287,
        "25": 5.130266,
        "26": 2.399059,
        "27": 5.721182,
        "28": 3.044603,
        "29": 2.840209,
        "30": 6.093435,
        "31": 5.003951,
        "32": 4.117258,
        "33": 3.45145,
        "34": 2.904623,
        "35": 2.125634,
        "36": 3.174656,
        "37": 4.948907,
        "38": 5.075535,
        "39": 4.958462,
        "40": 1.612337,
        "41": 2.605724,
        "42": 4.434714,
        "43": 3.239317,
        "44": 4.613324,
        "45": 6.634921,
        "46": 5.877815,
        "47": 2.362348,
        "48": 14.29795,
        "49": 5.278788,
        "50": 8.237017,
        "51": 3.269097,
        "52": 3.388417,
        "53": 3.927354,
        "54": 3.318487,
        "55": 3.931434,
        "56": 5.894695,
        "57": 3.249793,
        "58": 1.766742,
        "59": 2.00611,
        "60": 0.562507,
        "61": 1.427953,
        "62": 6.206376,
        "63": 1.691466,
        "64": 4.792246,
        "65": 2.729784,
        "66": 3.246246,
        "67": 5.347085,
        "68": 5.966842,
        "69": 1.675607,
        "70": 2.637608,
        "71": 1.985489,
        "72": 3.021972,
        "73": 3.694195,
        "74": 5.064487,
        "75": 3.503933,
        "76": 1.33966,
        "77": 5.391945,
        "78": 5.621904,
        "79": 3.709667,
        "80": 7.073654,
        "81": 6.095558,
        "82": 3.885991,
        "83": 2.35531,
        "84": 7.136876,
        "85": 2.507873,
        "86": 0.789436,
        "87": 3.1155,
        "88": 3.286563,
        "89": 3.197688,
        "90": 3.243958,
        "91": 2.484371,
        "92": 6.092295,
        "93": 3.266161,
        "94": 2.311705,
        "95": 2.981713,
        "96": 3.640617,
        "97": 4.523995,
        "98": 2.205599,
        "99": 4.087074,
        "100": 5.91206,
        "101": 5.959304,
        "102": 3.049873,
        "103": 4.352752,
        "104": 3.865571
      }
    },
    "flash": {
      "utilization_fraction": 0.95,
      "edge_latencies_ms": {
        "0": 5.058328,
        "1": 4.21227,
        "2": 4.562423,