{
  "topology_id": 295,
  "load_conditions": {
    "low": {
      "utilization_fraction": 0.2,
      "edge_latencies_ms": {
        "0": 1.943235,
        "1": 2.092704,
        "2": 3.853073,
        "3": 3.22716,
        "4": 2.86713,
        "5": 3.671967,
        "6": 2.751355,
        "7": 13.988059,
        "8": 5.237352,
        "9": 5.421229,
        "10": 5.763737,
        "11": 1.936655,
        "12": 3.89855,
        "13": 4.812897,
        "14": 5.222258,
        "15": 11.679426,
        "16": 3.983848,
        "17": 3.299475,
        "18": 3.766821,
        "19": 3.723014,
        "20": 4.386879,
        "21": 3.8375,
        "22": 5.392814,
        "23": 4.719708,
        "24": 3.93652,
        "25": 3.236777,
        "26": 4.818965,
        "27": 11.724519,
        "28": 12.07697,
        "29": 6.052451,
        "30": 2.253818,
        "31": 0.841008,
        "32": 3.912982,
        "33": 6.595489,
        "34": 5.970407,
        "35": 1.240912,
        "36": 2.184308,
        "37": 2.622829,
        "38": 2.360243,
        "39": 1.209759,
        "40": 4.844856,
        "41": 5.311554,
        "42": 4.401995,
        "43": 3.553078,
        "44": 2.953552,
        "45": 1.235134,
        "46": 1.45918,
        "47": 2.600752,
        "48": 2.694593,
        "49": 2.085388
      }
    },
    "medium": {
      "utilization_fraction": 0.5,
      "edge_latencies_ms": {
        "0": 1.946551,
        "1": 2.095101,
        "2": 3.854486,
        "3": 3.227932,
        "4": 2.872797,
        "5": 3.67349,
        "6": 2.753024,
        "7": 14.006786,
        "8": 5.238174,
        "9": 5.423415,
        "10": 5.765122,
        "11": 1.939854,
        "12": 3.900126,
        "13": 4.816733,
        "14": 5.22365,
        "15": 11.692249,
        "16": 3.98507,
        "17": 3.312909,
        "18": 3.767863,
        "19": 3.724204,
        "20": 4.387968,
        "21": 3.838513,
        "22": 5.393819,
        "23": 4.721502,
        "24": 3.937849,
        "25": 3.239518,
        "26": 4.826295,
        "27": 11.732961,
        "28": 12.097264,
        "29": 6.053421,
        "30": 2.255764,
        "31": 0.84213,
        "32": 3.917535,
        "33": 6.600445,
        "34": 5.97141,
        "35": 1.241919,
        "36": 2.185748,
        "37": 2.623825,
        "38": 2.361211,
        "39": 1.212773,
        "40": 4.845808,
        "41": 5.312587,
        "42": 4.40292,
        "43": 3.553905,
        "44": 2.954909,
        "45": 1.235919,
        "46": 1.466321,
        "47": 2.601872,
        "48": 2.696014,
        "49": 2.087107
      }
    },
    "high": {
      "utilization_fraction": 0.8,
      "edge_latencies_ms": {
        "0": 1.959814,
        "1": 2.104686,
        "2": 3.86014,
        "3": 3.231023,
        "4": 2.895466,
        "5": 3.679584,
        "6": 2.7597,
        "7": 14.081695,
        "8": 5.241463,
        "9": 5.432157,
        "10": 5.770664,
        "11": 1.952649,
        "12": 3.906429,
        "13": 4.83208,
        "14": 5.229218,
        "15": 11.743542,
        "16": 3.98996,
        "17": 3.366646,
        "18": 3.772033,
        "19": 3.728967,
        "20": 4.392323,
        "21": 3.842563,
        "22": 5.397838,
        "23": 4.728675,
        "24": 3.943167,
        "25": 3.250485,
        "26": 4.855617,
        "27": 11.76673,
        "28": 12.178436,
        "29": 6.057301,
        "30": 2.263549,
        "31": 0.846618,
        "32": 3.93575,
        "33": 6.620271,
        "34": 5.975419,
        "35": 1.245946,
        "36": 2.191507,
        "37": 2.627808,
        "38": 2.365082,
        "39": 1.224826,
        "40": 4.849615,
        "41": 5.316719,
        "42": 4.406619,
        "43": 3.557211,
        "44": 2.960335,
        "45": 1.239055,
        "46": 1.494886,
        "47": 2.606351,
        "48": 2.701699,
        "49": 2.093986
      }
    },
    "flash": {
      "utilization_fraction": 0.95,
      "edge_latencies_ms": {
        "0": 2.026127,
        "1": 2.152614,
        "2": 3.888409,
        "3": 3.246475,
        "4": 3.008811,
        "5": 3.710055,
        "6": 2.793081,
        "7": 14.45624,
        "8": 5.257907,
        "9": 5.47587,
        "10": 5.798373,
        "11": 2.016626,
        "12": 3.937946,
        "13": 4.908813,
        "14": 5.257054,
        "15": 12.000008,
        "16": 4.014409,
        "17": 3.635331,
        "18": 3.79288,
        "19": 3.752782,
        "20": 4.4141,
        "21": 3.862812,
        "22": 5.417934,
        "23": 4.764542,
        "24": 3.969756,
        "25": 3.305317,
        "26": 5.002227,
        "27": 11.935575,
        "28": 12.584297,
        "29": 6.076699,
        "30": 2.302473,
        "31": 0.869055,
        "32": 4.026823,
        "33": 6.719402,
        "34": 5.995466,
        "35": 1.266084,
        "36": 2.220304,
        "37": 2.647722,
        "38": 2.384435,
        "39": 1.285094,
        "40": 4.868649,
        "41": 5.337382,
        "42": 4.425116,
        "43": 3.573744,
        "44": 2.987465,
        "45": 1.25474,
        "46": 1.637713,
        "47": 2.628747,
        "48": 2.730122,
        "49": 2.128378
      }
    }
  }
}