{
  "topology_id": 258,
  "load_conditions": {
    "low": {
      "utilization_fraction": 0.2,
      "edge_latencies_ms": {
        "0": 1.545018,
        "1": 8.822326,
        "2": 6.858193,
        "3": 9.915692,
        "4": 6.343087,
        "5": 3.667091,
        "6": 3.337286,
        "7": 14.741515,
        "8": 4.100752,
        "9": 6.916264,
        "10": 4.411713,
        "11": 2.787237,
        "12": 2.033498
      }
    },
    "medium": {
      "utilization_fraction": 0.5,
      "edge_latencies_ms": {
        "0": 1.55038,
        "1": 8.892815,
        "2": 6.873167,
        "3": 9.931237,
        "4": 6.352554,
        "5": 3.667928,
        "6": 3.338194,
        "7": 14.752801,
        "8": 4.101881,
        "9": 6.917693,
        "10": 4.412525,
        "11": 2.789935,
        "12": 2.035505
      }
    },
    "high": {
      "utilization_fraction": 0.8,
      "edge_latencies_ms": {
        "0": 1.571829,
        "1": 9.174768,
        "2": 6.933061,
        "3": 9.993417,
        "4": 6.390421,
        "5": 3.671278,
        "6": 3.341827,
        "7": 14.797948,
        "8": 4.106397,
        "9": 6.92341,
        "10": 4.41577,
        "11": 2.800726,
        "12": 2.043535
      }
    },
    "flash": {
      "utilization_fraction": 0.95,
      "edge_latencies_ms": {
        "0": 1.679073,
        "1": 10.584536,
        "2": 7.232534,
        "3": 10.304314,
        "4": 6.579757,
        "5": 3.688026,
        "6": 3.35999,
        "7": 15.023682,
        "8": 4.128979,
        "9": 6.951995,
        "10": 4.431999,
        "11": 2.854682,
        "12": 2.083684
      }
    }
  }
}