{
  "topology_id": 97,
  "load_conditions": {
    "low": {
      "utilization_fraction": 0.2,
      "edge_latencies_ms": {
        "0": 5.763013,
        "1": 2.628514,
        "2": 4.819571,
        "3": 3.942332,
        "4": 2.884953,
        "5": 4.637514,
        "6": 5.022573,
        "7": 2.351786,
        "8": 2.888021,
        "9": 2.89532,
        "10": 7.152178,
        "11": 5.187492,
        "12": 6.41938,
        "13": 4.743505,
        "14": 3.385622,
        "15": 4.225794,
        "16": 2.779616,
        "17": 10.669242,
        "18": 14.294482,
        "19": 3.141138,
        "20": 2.933234,
        "21": 2.853114,
        "22": 2.885237,
        "23": 4.891938,
        "24": 5.021907,
        "25": 4.888398,
        "26": 4.958472,
        "27": 4.512593,
        "28": 3.585941,
        "29": 8.058379,
        "30": 1.95991,
        "31": 5.581876,
        "32": 3.596475,
        "33": 3.510958,
        "34": 4.468825,
        "35": 3.327753,
        "36": 4.547884,
        "37": 11.164087,
        "38": 5.812866,
        "39": 2.553849,
        "40": 4.933442,
        "41": 3.427462,
        "42": 5.298742,
        "43": 2.623648,
        "44": 5.79119,
        "45": 5.185758,
        "46": 3.745232,
        "47": 4.634913,
        "48": 2.985091,
        "49": 7.539552,
        "50": 1.41385,
        "51": 6.245266,
        "52": 5.546723,
        "53": 1.617142,
        "54": 5.365241,
        "55": 2.874785,
        "56": 3.249352,
        "57": 2.544885,
        "58": 3.589363,
        "59": 3.40047,
        "60": 4.459083,
        "61": 6.691434,
        "62": 12.549573,
        "63": 2.580889,
        "64": 2.482128,
        "65": 2.414194,
        "66": 7.974865,
        "67": 7.941104,
        "68": 3.95176,
        "69": 2.547004,
        "70": 3.863495,
        "71": 4.695063,
        "72": 4.676574,
        "73": 1.365077,
        "74": 4.75918,
        "75": 4.025517,
        "76": 4.582942,
        "77": 2.874654,
        "78": 2.291799,
        "79": 2.568753,
        "80": 5.065436,
        "81": 3.70126,
        "82": 2.100304,
        "83": 2.221843,
        "84": 5.17987,
        "85": 6.048256,
        "86": 5.777062,
        "87": 3.107582,
        "88": 3.284627,
        "89": 3.648187,
        "90": 4.77009,
        "91": 3.475966,
        "92": 3.765487,
        "93": 3.537225,
        "94": 2.636854,
        "95": 7.515452,
        "96": 4.957674,
        "97": 2.68183,
        "98": 3.658344,
        "99": 5.163087,
        "100": 1.292108,
        "101": 7.180657,
        "102": 1.872025,
        "103": 3.594516,
        "104": 2.799149,
        "105": 3.00616,
        "106": 2.961462,
        "107": 19.211345,
        "108": 5.314812,
        "109": 2.746627,
        "110": 6.308785,
        "111": 5.938572,
        "112": 2.636183,
        "113": 3.794145,
        "114": 3.363397,
        "115": 1.337205,
        "116": 4.477831,
        "117": 4.295842,
        "118": 2.652892,
        "119": 3.247712,
        "120": 4.57665,
        "121": 1.100845,
        "122": 3.596689,
        "123": 6.650388,
        "124": 4.605244,
        "125": 1.893296,
        "126": 3.579796,
        "127": 13.28815,
        "128": 3.967231,
        "129": 1.905444,
        "130": 3.962907,
        "131": 3.566741,
        "132": 5.34262,
        "133": 5.456377,
        "134": 5.879758,
        "135": 2.450491,
        "136": 5.953697,
        "137": 3.503441,
        "138": 7.471348,
        "139": 6.872562
      }
    },
    "medium": {
      "utilization_fraction": 0.5,
      "edge_latencies_ms": {
        "0": 5.764358,
        "1": 2.630003,
        "2": 4.822796,
        "3": 3.943341,
        "4": 2.886431,
        "5": 4.63837,
        "6": 5.023888,
        "7": 2.352995,
        "8": 2.889056,
        "9": 2.896223,
        "10": 7.153354,
        "11": 5.189506,
        "12": 6.420604,
        "13": 4.744327,
        "14": 3.387565,
        "15": 4.227136,
        "16": 2.80096,
        "17": 10.685004,
        "18": 14.302268,
        "19": 3.141927,
        "20": 2.934101,
        "21": 2.854585,
        "22": 2.889379,
        "23": 4.893844,
        "24": 5.024337,
        "25": 4.889247,
        "26": 4.959583,
        "27": 4.516208,
        "28": 3.587285,
        "29": 8.059257,
        "30": 1.960772,
        "31": 5.583015,
        "32": 3.60116,
        "33": 3.512259,
        "34": 4.471444,
        "35": 3.329251,
        "36": 4.550488,
        "37": 11.178197,
        "38": 5.815293,
        "39": 2.558715,
        "40": 4.934601,
        "41": 3.429794,
        "42": 5.300776,
        "43": 2.624592,
        "44": 5.793721,
        "45": 5.186837,
        "46": 3.746057,
        "47": 4.640903,
        "48": 2.991826,
        "49": 7.542024,
        "50": 1.414774,
        "51": 6.246183,
        "52": 5.549615,
        "53": 1.619892,
        "54": 5.369716,
        "55": 2.875567,
        "56": 3.250114,
        "57": 2.549341,
        "58": 3.591038,
        "59": 3.4019,
        "60": 4.459961,
        "61": 6.692629,
        "62": 12.560024,
        "63": 2.582931,
        "64": 2.483975,
        "65": 2.415602,
        "66": 7.985469,
        "67": 7.961004,
        "68": 3.952865,
        "69": 2.547884,
        "70": 3.870852,
        "71": 4.695933,
        "72": 4.68008,
        "73": 1.366378,
        "74": 4.760437,
        "75": 4.0268,
        "76": 4.584003,
        "77": 2.87685,
        "78": 2.296027,
        "79": 2.570686,
        "80": 5.069204,
        "81": 3.707976,
        "82": 2.10189,
        "83": 2.224849,
        "84": 5.181057,
        "85": 6.049212,
        "86": 5.78106,
        "87": 3.109297,
        "88": 3.287138,
        "89": 3.649555,
        "90": 4.770993,
        "91": 3.476742,
        "92": 3.766427,
        "93": 3.541261,
        "94": 2.638072,
        "95": 7.516424,
        "96": 4.959434,
        "97": 2.682914,
        "98": 3.660576,
        "99": 5.16491,
        "100": 1.292886,
        "101": 7.183013,
        "102": 1.872837,
        "103": 3.596713,
        "104": 2.801218,
        "105": 3.010722,
        "106": 2.962303,
        "107": 19.240311,
        "108": 5.316048,
        "109": 2.74759,
        "110": 6.309786,
        "111": 5.941062,
        "112": 2.639196,
        "113": 3.795482,
        "114": 3.36451,
        "115": 1.338009,
        "116": 4.478583,
        "117": 4.298425,
        "118": 2.653853,
        "119": 3.248475,
        "120": 4.577451,
        "121": 1.106249,
        "122": 3.598258,
        "123": 6.651415,
        "124": 4.608309,
        "125": 1.894071,
        "126": 3.580838,
        "127": 13.304114,
        "128": 3.9683,
        "129": 1.911568,
        "130": 3.965093,
        "131": 3.567537,
        "132": 5.348825,
        "133": 5.458544,
        "134": 5.884828,
        "135": 2.451349,
        "136": 5.954466,
        "137": 3.50621,
        "138": 7.47373,
        "139": 6.874308
      }
    },
    "high": {
      "utilization_fraction": 0.8,
      "edge_latencies_ms": {
        "0": 5.769739,
        "1": 2.63596,
        "2": 4.835695,
        "3": 3.947376,
        "4": 2.89234,
        "5": 4.641792,
        "6": 5.029146,
        "7": 2.357834,
        "8": 2.893197,
        "9": 2.899834,
        "10": 7.158058,
        "11": 5.197559,
        "12": 6.4255,
        "13": 4.747612,
        "14": 3.39534,
        "15": 4.232504,
        "16": 2.886336,
        "17": 10.74805,
        "18": 14.333412,
        "19": 3.145084,
        "20": 2.937567,
        "21": 2.860471,
        "22": 2.905948,
        "23": 4.901468,
        "24": 5.034056,
        "25": 4.892641,
        "26": 4.96403,
        "27": 4.530668,
        "28": 3.592664,
        "29": 8.062766,
        "30": 1.964217,
        "31": 5.587571,
        "32": 3.619899,
        "33": 3.517463,
        "34": 4.481918,
        "35": 3.335244,
        "36": 4.560901,
        "37": 11.234639,
        "38": 5.824999,