{
  "topology_id": 300,
  "load_conditions": {
    "low": {
      "utilization_fraction": 0.2,
      "edge_latencies_ms": {
        "0": 1.028799,
        "1": 4.128835,
        "2": 2.543109,
        "3": 0.783419,
        "4": 3.146749,
        "5": 4.168037,
        "6": 4.070526,
        "7": 6.45229,
        "8": 3.833352,
        "9": 4.408274,
        "10": 3.837645,
        "11": 1.761796,
        "12": 3.734369,
        "13": 2.236776,
        "14": 4.251586,
        "15": 3.453065,
        "16": 2.730041,
        "17": 6.240739,
        "18": 4.678736,
        "19": 3.52235,
        "20": 3.396119,
        "21": 6.91557,
        "22": 2.200194,
        "23": 3.643905,
        "24": 2.629771,
        "25": 3.843995,
        "26": 0.849997,
        "27": 2.481999,
        "28": 1.637266,
        "29": 2.182114,
        "30": 5.936126,
        "31": 2.123669,
        "32": 5.528775,
        "33": 3.481287,
        "34": 3.600145,
        "35": 2.985648,
        "36": 3.471874,
        "37": 3.851231,
        "38": 2.98928,
        "39": 2.961216,
        "40": 3.755491,
        "41": 4.803689,
        "42": 5.731629,
        "43": 6.108057,
        "44": 6.221027,
        "45": 4.416803,
        "46": 5.029538,
        "47": 4.172682,
        "48": 4.703756,
        "49": 2.480165,
        "50": 2.05899,
        "51": 2.273867,
        "52": 2.138118,
        "53": 1.285927,
        "54": 3.478001,
        "55": 5.030509,
        "56": 4.911049,
        "57": 6.705434,
        "58": 8.025158,
        "59": 6.350996,
        "60": 5.047638,
        "61": 5.722961,
        "62": 4.146947,
        "63": 3.188558,
        "64": 1.806668,
        "65": 1.784554,
        "66": 3.214203,
        "67": 5.452483,
        "68": 7.528023,
        "69": 3.680491,
        "70": 2.370394
      }
    },
    "medium": {
      "utilization_fraction": 0.5,
      "edge_latencies_ms": {
        "0": 1.029609,
        "1": 4.129703,
        "2": 2.544149,
        "3": 0.784318,
        "4": 3.147561,
        "5": 4.172694,
        "6": 4.071288,
        "7": 6.454154,
        "8": 3.834753,
        "9": 4.409914,
        "10": 3.83847,
        "11": 1.763921,
        "12": 3.735273,
        "13": 2.238001,
        "14": 4.270035,
        "15": 3.454285,
        "16": 2.730881,
        "17": 6.241521,
        "18": 4.681196,
        "19": 3.526079,
        "20": 3.402812,
        "21": 6.935028,
        "22": 2.20095,
        "23": 3.654501,
        "24": 2.639825,
        "25": 3.845215,
        "26": 0.852471,
        "27": 2.484559,
        "28": 1.638132,
        "29": 2.18309,
        "30": 5.937879,
        "31": 2.126156,
        "32": 5.530426,
        "33": 3.48433,
        "34": 3.602185,
        "35": 2.988592,
        "36": 3.474967,
        "37": 3.854071,
        "38": 2.99185,
        "39": 2.962146,
        "40": 3.756602,
        "41": 4.8045,
        "42": 5.73367,
        "43": 6.110443,
        "44": 6.222418,
        "45": 4.417743,
        "46": 5.033179,
        "47": 4.174852,
        "48": 4.704788,
        "49": 2.481387,
        "50": 2.059771,
        "51": 2.275591,
        "52": 2.139852,
        "53": 1.288129,
        "54": 3.47916,
        "55": 5.036042,
        "56": 4.911829,
        "57": 6.706463,
        "58": 8.026575,
        "59": 6.352829,
        "60": 5.048765,
        "61": 5.724288,
        "62": 4.148851,
        "63": 3.19092,
        "64": 1.807744,
        "65": 1.786003,
        "66": 3.215418,
        "67": 5.45325,
        "68": 7.528818,
        "69": 3.68292,
        "70": 2.372096
      }
    },
    "high": {
      "utilization_fraction": 0.8,
      "edge_latencies_ms": {
        "0": 1.032848,
        "1": 4.133178,
        "2": 2.548312,
        "3": 0.787912,
        "4": 3.150812,
        "5": 4.191321,
        "6": 4.074337,
        "7": 6.461608,
        "8": 3.840354,
        "9": 4.416474,
        "10": 3.841767,
        "11": 1.772419,
        "12": 3.738886,
        "13": 2.242902,
        "14": 4.343832,
        "15": 3.459165,
        "16": 2.734243,
        "17": 6.24465,
        "18": 4.691038,
        "19": 3.540999,
        "20": 3.429583,
        "21": 7.012861,
        "22": 2.203977,
        "23": 3.696889,
        "24": 2.680043,
        "25": 3.850096,
        "26": 0.862365,
        "27": 2.494798,
        "28": 1.641599,
        "29": 2.186995,
        "30": 5.944891,
        "31": 2.136107,
        "32": 5.537031,
        "33": 3.496502,
        "34": 3.610345,
        "35": 3.000369,
        "36": 3.487342,
        "37": 3.86543,
        "38": 3.00213,
        "39": 2.965868,
        "40": 3.761044,
        "41": 4.807744,
        "42": 5.741834,
        "43": 6.119986,
        "44": 6.227981,
        "45": 4.421505,
        "46": 5.04774,
        "47": 4.183531,
        "48": 4.708917,
        "49": 2.486275,
        "50": 2.062893,
        "51": 2.282488,
        "52": 2.146789,
        "53": 1.296938,
        "54": 3.483799,
        "55": 5.058173,
        "56": 4.91495,
        "57": 6.710577,
        "58": 8.03224,
        "59": 6.360163,
        "60": 5.053274,
        "61": 5.729598,
        "62": 4.156465,
        "63": 3.200372,
        "64": 1.812048,
        "65": 1.791799,
        "66": 3.220278,
        "67": 5.456319,
        "68": 7.531999,
        "69": 3.692638,
        "70": 2.378902
      }
    },
    "flash": {
      "utilization_fraction": 0.95,
      "edge_latencies_ms": {
        "0": 1.049045,
        "1": 4.150551,
        "2": 2.569122,
        "3": 0.805881,
        "4": 3.167066,
        "5": 4.284456,
        "6": 4.089583,
        "7": 6.498882,
        "8": 3.868358,
        "9": 4.449278,
        "10": 3.858256,
        "11": 1.814909,
        "12": 3.756953,
        "13": 2.267407,
        "14": 4.712818,
        "15": 3.483568,
        "16": 2.751054,
        "17": 6.260293,
        "18": 4.740245,
        "19": 3.615595,
        "20": 3.563435,
        "21": 7.402025,
        "22": 2.219112,
        "23": 3.908824,
        "24": 2.881128,
        "25": 3.874503,
        "26": 0.911834,
        "27": 2.545997,
        "28": 1.65893,
        "29": 2.206522,
        "30": 5.97995,
        "31": 2.185862,
        "32": 5.570057,
        "33": 3.557362,
        "34": 3.651142,
        "35": 3.059255,
        "36": 3.549214,
        "37": 3.922225,
        "38": 3.053529,
        "39": 2.984478,
        "40": 3.783257,
        "41": 4.823964,
        "42": 5.782652,
        "43": 6.167701,
        "44": 6.255793,
        "45": 4.440313,
        "46": 5.120547,
        "47": 4.226925,
        "48": 4.729563,
        "49": 2.510719,
        "50": 2.078507,
        "51": 2.316973,
        "52": 2.181476,
        "53": 1.340981,
        "54": 3.506992,
        "55": 5.168829,
        "56": 4.930552,
        "57": 6.73115,
        "58": 8.060566,
        "59": 6.396833,
        "60": 5.075817,
        "61": 5.756145,
        "62": 4.194536,
        "63": 3.247631,
        "64": 1.833568,
        "65": 1.82078,
        "66": 3.244579,
        "67": 5.471661,
        "68": 7.547903,
        "69": 3.741225,
        "70": 2.412932
      }
    }
  }
}