{
  "topology_id": 466,
  "load_conditions": {
    "low": {
      "utilization_fraction": 0.2,
      "edge_latencies_ms": {
        "0": 4.73097,
        "1": 4.395128,
        "2": 5.8583,
        "3": 2.013169,
        "4": 11.78968,
        "5": 3.170291,
        "6": 3.693966,
        "7": 3.377759,
        "8": 3.024319,
        "9": 5.24164,
        "10": 3.511807,
        "11": 5.645255,
        "12": 15.073235,
        "13": 11.278094,
        "14": 3.789006,
        "15": 4.700094,
        "16": 2.811611,
        "17": 1.712734,
        "18": 2.610213,
        "19": 2.803857,
        "20": 1.287745,
        "21": 3.708874,
        "22": 1.102998,
        "23": 14.835666,
        "24": 2.121385,
        "25": 3.78727,
        "26": 14.050162,
        "27": 3.278142,
        "28": 5.103031,
        "29": 1.775566,
        "30": 5.66466,
        "31": 4.184365,
        "32": 1.724043,
        "33": 1.32115,
        "34": 3.476099,
        "35": 4.584423,
        "36": 3.881439,
        "37": 6.600614,
        "38": 2.890588,
        "39": 4.86874,
        "40": 1.215679,
        "41": 4.399599,
        "42": 15.841165,
        "43": 3.562199,
        "44": 4.177767,
        "45": 4.600156,
        "46": 2.487294,
        "47": 4.673892,
        "48": 3.444553,
        "49": 2.664313,
        "50": 3.376627,
        "51": 3.861898,
        "52": 5.134405,
        "53": 3.904115,
        "54": 4.159094,
        "55": 2.386937,
        "56": 3.123347,
        "57": 6.305664,
        "58": 2.431562,
        "59": 2.848154,
        "60": 1.549345,
        "61": 4.287825,
        "62": 2.717275,
        "63": 4.480961,
        "64": 5.388654,
        "65": 3.325862,
        "66": 7.16015,
        "67": 5.30469,
        "68": 3.38417,
        "69": 3.496762,
        "70": 2.647617,
        "71": 3.749905,
        "72": 7.505923,
        "73": 5.041099,
        "74": 2.317451,
        "75": 3.836697,
        "76": 3.299566,
        "77": 7.643483,
        "78": 2.090433,
        "79": 2.648065,
        "80": 3.157905,
        "81": 3.313817,
        "82": 3.245834,
        "83": 3.319917,
        "84": 4.237069,
        "85": 6.607038,
        "86": 1.303175,
        "87": 2.900918,
        "88": 3.227325,
        "89": 4.209954,
        "90": 1.014075,
        "91": 4.171727,
        "92": 3.988519
      }
    },
    "medium": {
      "utilization_fraction": 0.5,
      "edge_latencies_ms": {
        "0": 4.733316,
        "1": 4.396124,
        "2": 5.859131,
        "3": 2.014535,
        "4": 11.802288,
        "5": 3.171201,
        "6": 3.69568,
        "7": 3.37898,
        "8": 3.025565,
        "9": 5.242601,
        "10": 3.512571,
        "11": 5.64763,
        "12": 15.084838,
        "13": 11.296219,
        "14": 3.789757,
        "15": 4.702224,
        "16": 2.812946,
        "17": 1.713743,
        "18": 2.613253,
        "19": 2.80801,
        "20": 1.288881,
        "21": 3.710091,
        "22": 1.109354,
        "23": 14.893192,
        "24": 2.122481,
        "25": 3.788779,
        "26": 14.059709,
        "27": 3.279026,
        "28": 5.104288,
        "29": 1.776399,
        "30": 5.665523,
        "31": 4.187661,
        "32": 1.724825,
        "33": 1.323772,
        "34": 3.47747,
        "35": 4.586349,
        "36": 3.882747,
        "37": 6.601876,
        "38": 2.89461,
        "39": 4.871382,
        "40": 1.222513,
        "41": 4.401681,
        "42": 15.856013,
        "43": 3.564516,
        "44": 4.181074,
        "45": 4.601789,
        "46": 2.488051,
        "47": 4.675146,
        "48": 3.446256,
        "49": 2.667234,
        "50": 3.377444,
        "51": 3.864303,
        "52": 5.13597,
        "53": 3.905163,
        "54": 4.162376,
        "55": 2.388309,
        "56": 3.124545,
        "57": 6.30644,
        "58": 2.432569,
        "59": 2.852759,
        "60": 1.550101,
        "61": 4.288966,
        "62": 2.723196,
        "63": 4.481718,
        "64": 5.389469,
        "65": 3.326642,
        "66": 7.160913,
        "67": 5.306,
        "68": 3.385667,
        "69": 3.497657,
        "70": 2.648395,
        "71": 3.750946,
        "72": 7.507647,
        "73": 5.042377,
        "74": 2.319771,
        "75": 3.843141,
        "76": 3.300889,
        "77": 7.644387,
        "78": 2.092742,
        "79": 2.654689,
        "80": 3.160124,
        "81": 3.31477,
        "82": 3.248831,
        "83": 3.325819,
        "84": 4.238449,
        "85": 6.607848,
        "86": 1.304108,
        "87": 2.902121,
        "88": 3.230029,
        "89": 4.214004,
        "90": 1.014998,
        "91": 4.172997,
        "92": 3.99
      }
    },
    "high": {
      "utilization_fraction": 0.8,
      "edge_latencies_ms": {
        "0": 4.742703,
        "1": 4.400107,
        "2": 5.862453,
        "3": 2.020003,
        "4": 11.852719,
        "5": 3.17484,
        "6": 3.702534,
        "7": 3.383866,
        "8": 3.03055,
        "9": 5.246446,
        "10": 3.515629,
        "11": 5.657131,
        "12": 15.131248,
        "13": 11.368717,
        "14": 3.79276,
        "15": 4.710744,
        "16": 2.818283,
        "17": 1.717779,
        "18": 2.625413,
        "19": 2.824622,
        "20": 1.293423,
        "21": 3.714956,
        "22": 1.134781,
        "23": 15.123294,
        "24": 2.126864,
        "25": 3.794816,
        "26": 14.097897,
        "27": 3.282565,
        "28": 5.109315,
        "29": 1.779732,
        "30": 5.668974,
        "31": 4.200842,
        "32": 1.727954,
        "33": 1.334259,
        "34": 3.482951,
        "35": 4.594053,
        "36": 3.887978,
        "37": 6.606922,
        "38": 2.9107,
        "39": 4.881952,
        "40": 1.249851,
        "41": 4.410012,
        "42": 15.915405,
        "43": 3.573785,
        "44": 4.194299,
        "45": 4.60832,
        "46": 2.49108,
        "47": 4.68016,
        "48": 3.453069,
        "49": 2.67892,
        "50": 3.380714,
        "51": 3.873924,
        "52": 5.142229,
        "53": 3.909354,
        "54": 4.175502,
        "55": 2.393795,
        "56": 3.12934,
        "57": 6.30954,
        "58": 2.436595,
        "59": 2.871179,
        "60": 1.553125,
        "61": 4.293534,
        "62": 2.746883,
        "63": 4.484748,
        "64": 5.392731,
        "65": 3.329762,
        "66": 7.163965,
        "67": 5.311241,
        "68": 3.391654,
        "69": 3.501239,
        "70": 2.651506,
        "71": 3.755108,
        "72": 7.514544,
        "73": 5.047487,
        "74": 2.329052,
        "75": 3.868914,
        "76": 3.306179,
        "77": 7.648002,
        "78": 2.101979,
        "79": 2.681183,
        "80": 3.169002,
        "81": 3.318579,
        "82": 3.26082,
        "83": 3.349425,
        "84": 4.243972,
        "85": 6.61109,
        "86": 1.307843,
        "87": 2.906932,
        "88": 3.240845,
        "89": 4.230202,
        "90": 1.018689,
        "91": 4.178074,
        "92": 3.995924
      }
    },
    "flash": {
      "utilization_fraction": 0.95,
      "edge_latencies_ms": {
        "0": 4.789639,
        "1": 4.420019,
        "2": 5.879068,
        "3": 2.047339,
        "4": 12.104876,
        "5": 3.193036,
        "6": 3.736807,
        "7": 3.408292,
        "8": 3.055472,
        "9": 5.265668,
        "10": 3.530918,
        "11": 5.704633,
        "12": 15.363301,
        "13": 11.731207,
        "14": 3.807772,
        "15": 4.753343,
        "16": 2.844972,
        "17": 1.737958,
        "18": 2.686215,
        "19": 2.907683,
        "20": 1.316136,
        "21": 3.739281,
        "22": 1.261915,
        "23": 16.273803,
        "24": 2.148778,
        "25": 3.825003,
        "26": 14.288839,
        "27": 3.300258,
        "28": 5.134451,
        "29": 1.796393,
        "30": 5.686229,
        "31": 4.266749,
        "32": 1.7436,
        "33": 1.386693,
        "34": 3.510359,
        "35": 4.632571,
        "36": 3.914134,
        "37": 6.63215,
        "38": 2.991151,
        "39": 4.934801,