{
  "topology_id": 282,
  "load_conditions": {
    "low": {
      "utilization_fraction": 0.2,
      "edge_latencies_ms": {
        "0": 7.357293,
        "1": 7.168433,
        "2": 2.856256,
        "3": 6.394127,
        "4": 3.182713,
        "5": 4.900586,
        "6": 4.438853,
        "7": 8.010424,
        "8": 1.047243,
        "9": 1.136852,
        "10": 5.314218,
        "11": 3.432686,
        "12": 13.587241,
        "13": 5.772122,
        "14": 3.699523,
        "15": 3.769116,
        "16": 12.037293,
        "17": 4.302436,
        "18": 3.241838,
        "19": 2.521296,
        "20": 3.654916,
        "21": 14.350088,
        "22": 2.817614,
        "23": 14.542733,
        "24": 4.700119,
        "25": 1.980867,
        "26": 2.943561,
        "27": 1.322687
      }
    },
    "medium": {
      "utilization_fraction": 0.5,
      "edge_latencies_ms": {
        "0": 7.359275,
        "1": 7.169204,
        "2": 2.857714,
        "3": 6.397451,
        "4": 3.184135,
        "5": 4.906022,
        "6": 4.440326,
        "7": 8.022375,
        "8": 1.052231,
        "9": 1.138177,
        "10": 5.329886,
        "11": 3.433584,
        "12": 13.596663,
        "13": 5.787893,
        "14": 3.701409,
        "15": 3.770085,
        "16": 12.061502,
        "17": 4.304002,
        "18": 3.24317,
        "19": 2.523166,
        "20": 3.656002,
        "21": 14.357821,
        "22": 2.819354,
        "23": 14.558248,
        "24": 4.706634,
        "25": 1.981745,
        "26": 2.944491,
        "27": 1.323666
      }
    },
    "high": {
      "utilization_fraction": 0.8,
      "edge_latencies_ms": {
        "0": 7.367203,
        "1": 7.172292,
        "2": 2.863548,
        "3": 6.410749,
        "4": 3.189822,
        "5": 4.927766,
        "6": 4.446218,
        "7": 8.070181,
        "8": 1.072179,
        "9": 1.143476,
        "10": 5.392556,
        "11": 3.437175,
        "12": 13.63435,
        "13": 5.850973,
        "14": 3.708953,
        "15": 3.773965,
        "16": 12.158341,
        "17": 4.310266,
        "18": 3.248494,
        "19": 2.530645,
        "20": 3.660345,
        "21": 14.388755,
        "22": 2.826313,
        "23": 14.620308,
        "24": 4.732696,
        "25": 1.985261,
        "26": 2.948209,
        "27": 1.327581
      }
    },
    "flash": {
      "utilization_fraction": 0.95,
      "edge_latencies_ms": {
        "0": 7.406843,
        "1": 7.187729,
        "2": 2.892719,
        "3": 6.477237,
        "4": 3.218258,
        "5": 5.036482,
        "6": 4.47568,
        "7": 8.309209,
        "8": 1.171922,
        "9": 1.169973,
        "10": 5.705906,
        "11": 3.455131,
        "12": 13.822789,
        "13": 6.166374,
        "14": 3.746673,
        "15": 3.793364,
        "16": 12.642532,
        "17": 4.341583,
        "18": 3.275119,
        "19": 2.568041,
        "20": 3.68206,
        "21": 14.543425,
        "22": 2.861107,
        "23": 14.930607,
        "24": 4.863006,
        "25": 2.002838,
        "26": 2.966799,
        "27": 1.347156
      }
    }
  }
}