{
  "topology_id": 297,
  "load_conditions": {
    "low": {
      "utilization_fraction": 0.2,
      "edge_latencies_ms": {
        "0": 2.597794,
        "1": 3.440317,
        "2": 5.676503,
        "3": 2.371762,
        "4": 16.007795,
        "5": 2.837086,
        "6": 3.863787,
        "7": 3.26833,
        "8": 11.637684,
        "9": 14.701015,
        "10": 3.91066,
        "11": 6.792896,
        "12": 7.45613,
        "13": 5.002392,
        "14": 3.148058,
        "15": 3.520954,
        "16": 4.558705,
        "17": 3.348317,
        "18": 5.63024,
        "19": 2.180806,
        "20": 3.17857,
        "21": 2.141824,
        "22": 3.472446,
        "23": 2.917783,
        "24": 14.047068,
        "25": 5.827222,
        "26": 4.614031,
        "27": 2.837786,
        "28": 3.295541,
        "29": 7.887038,
        "30": 14.676893,
        "31": 4.60575,
        "32": 7.133777,
        "33": 2.371277,
        "34": 3.59401,
        "35": 14.398717,
        "36": 5.956089,
        "37": 3.622214,
        "38": 2.417206,
        "39": 6.189811,
        "40": 4.608311,
        "41": 6.078632,
        "42": 2.528497,
        "43": 5.396197,
        "44": 2.761689,
        "45": 2.40521,
        "46": 3.697363,
        "47": 5.640583,
        "48": 6.369946,
        "49": 7.262443,
        "50": 3.889633,
        "51": 4.120283,
        "52": 6.985785,
        "53": 15.248788,
        "54": 23.857015,
        "55": 6.002528,
        "56": 2.350583,
        "57": 1.719234,
        "58": 1.978894,
        "59": 3.254454,
        "60": 4.30056,
        "61": 0.944258,
        "62": 5.739675,
        "63": 4.639262,
        "64": 2.110903,
        "65": 2.423673,
        "66": 3.235672,
        "67": 1.800679,
        "68": 5.924552,
        "69": 5.769495
      }
    },
    "medium": {
      "utilization_fraction": 0.5,
      "edge_latencies_ms": {
        "0": 2.599254,
        "1": 3.441309,
        "2": 5.677749,
        "3": 2.379046,
        "4": 16.07195,
        "5": 2.838592,
        "6": 3.871088,
        "7": 3.274137,
        "8": 11.700805,
        "9": 14.757755,
        "10": 3.911534,
        "11": 6.800853,
        "12": 7.483674,
        "13": 5.003233,
        "14": 3.150041,
        "15": 3.522134,
        "16": 4.559784,
        "17": 3.353325,
        "18": 5.631242,
        "19": 2.182269,
        "20": 3.180683,
        "21": 2.144918,
        "22": 3.473352,
        "23": 2.918582,
        "24": 14.083352,
        "25": 5.83131,
        "26": 4.617676,
        "27": 2.838634,
        "28": 3.296668,
        "29": 7.887848,
        "30": 14.686492,
        "31": 4.608976,
        "32": 7.136292,
        "33": 2.372295,
        "34": 3.595276,
        "35": 14.423593,
        "36": 5.962159,
        "37": 3.623527,
        "38": 2.417988,
        "39": 6.194269,
        "40": 4.61045,
        "41": 6.079785,
        "42": 2.529294,
        "43": 5.400313,
        "44": 2.762886,
        "45": 2.407015,
        "46": 3.70333,
        "47": 5.642049,
        "48": 6.371149,
        "49": 7.263443,
        "50": 3.893738,
        "51": 4.121262,
        "52": 6.986621,
        "53": 15.260808,
        "54": 23.895456,
        "55": 6.003785,
        "56": 2.351868,
        "57": 1.720296,
        "58": 1.979783,
        "59": 3.255891,
        "60": 4.301465,
        "61": 0.945065,
        "62": 5.740479,
        "63": 4.640028,
        "64": 2.11169,
        "65": 2.425124,
        "66": 3.236525,
        "67": 1.801566,
        "68": 5.92945,
        "69": 5.770802
      }
    },
    "high": {
      "utilization_fraction": 0.8,
      "edge_latencies_ms": {
        "0": 2.605091,
        "1": 3.445275,
        "2": 5.682733,
        "3": 2.408183,
        "4": 16.32857,
        "5": 2.844617,
        "6": 3.900292,
        "7": 3.297366,
        "8": 11.953289,
        "9": 14.984717,
        "10": 3.915028,
        "11": 6.832682,
        "12": 7.593852,
        "13": 5.006598,
        "14": 3.157977,
        "15": 3.526852,
        "16": 4.564103,
        "17": 3.373356,
        "18": 5.635249,
        "19": 2.188125,
        "20": 3.189134,
        "21": 2.157296,
        "22": 3.476974,
        "23": 2.921778,
        "24": 14.228492,
        "25": 5.847661,
        "26": 4.632256,
        "27": 2.842027,
        "28": 3.301175,
        "29": 7.891087,
        "30": 14.724886,
        "31": 4.62188,
        "32": 7.146355,
        "33": 2.376368,
        "34": 3.600338,
        "35": 14.523099,
        "36": 5.986439,
        "37": 3.62878,
        "38": 2.421118,
        "39": 6.212098,
        "40": 4.619007,
        "41": 6.084398,
        "42": 2.53248,
        "43": 5.416776,
        "44": 2.767675,
        "45": 2.414232,
        "46": 3.727198,
        "47": 5.647914,
        "48": 6.375961,
        "49": 7.267443,
        "50": 3.910158,
        "51": 4.125181,
        "52": 6.989969,
        "53": 15.308888,
        "54": 24.04922,
        "55": 6.008816,
        "56": 2.357007,
        "57": 1.724546,
        "58": 1.98334,
        "59": 3.261642,
        "60": 4.305082,
        "61": 0.948294,
        "62": 5.743696,
        "63": 4.643094,
        "64": 2.114837,
        "65": 2.430927,
        "66": 3.239937,
        "67": 1.805113,
        "68": 5.94904,
        "69": 5.776031
      }
    },
    "flash": {
      "utilization_fraction": 0.95,
      "edge_latencies_ms": {
        "0": 2.634279,
        "1": 3.465103,
        "2": 5.707652,
        "3": 2.553868,
        "4": 17.611669,
        "5": 2.874743,
        "6": 4.046313,
        "7": 3.413511,
        "8": 13.215709,
        "9": 16.119524,
        "10": 3.9325,
        "11": 6.991823,
        "12": 8.14474,
        "13": 5.02342,
        "14": 3.197654,
        "15": 3.550443,
        "16": 4.585698,
        "17": 3.473509,
        "18": 5.655288,
        "19": 2.217404,
        "20": 3.23139,
        "21": 2.219182,
        "22": 3.495085,
        "23": 2.93776,
        "24": 14.954189,
        "25": 5.929417,
        "26": 4.705152,
        "27": 2.858991,
        "28": 3.323712,
        "29": 7.907284,
        "30": 14.91686,
        "31": 4.686403,
        "32": 7.196666,
        "33": 2.396733,
        "34": 3.625648,
        "35": 15.020627,
        "36": 6.107838,
        "37": 3.655043,
        "38": 2.436768,
        "39": 6.301243,
        "40": 4.66179,
        "41": 6.107461,
        "42": 2.548414,
        "43": 5.499093,
        "44": 2.79162,
        "45": 2.450319,
        "46": 3.846537,
        "47": 5.67724,
        "48": 6.400024,
        "49": 7.287441,
        "50": 3.992258,
        "51": 4.144774,
        "52": 7.006706,
        "53": 15.549287,
        "54": 24.818041,
        "55": 6.033971,
        "56": 2.382702,
        "57": 1.745795,
        "58": 2.001121,
        "59": 3.290395,
        "60": 4.323166,
        "61": 0.964441,
        "62": 5.759781,
        "63": 4.658422,
        "64": 2.130572,
        "65": 2.459944,
        "66": 3.256995,
        "67": 1.822849,
        "68": 6.046989,
        "69": 5.802178
      }
    }
  }
}