{
  "topology_id": 226,
  "load_conditions": {
    "low": {
      "utilization_fraction": 0.2,
      "edge_latencies_ms": {
        "0": 6.278418,
        "1": 4.021975,
        "2": 7.133144,
        "3": 5.980214,
        "4": 2.533716,
        "5": 6.822976,
        "6": 1.265206,
        "7": 4.785539,
        "8": 4.033914,
        "9": 1.859669,
        "10": 4.386812,
        "11": 3.58678,
        "12": 7.898756,
        "13": 5.978774,
        "14": 5.608991,
        "15": 1.056643,
        "16": 3.598859,
        "17": 5.725413,
        "18": 4.34097,
        "19": 6.066316,
        "20": 4.360461,
        "21": 1.615303,
        "22": 4.720584,
        "23": 5.653834,
        "24": 3.343227,
        "25": 12.398492,
        "26": 4.141635,
        "27": 6.188529,
        "28": 2.755754,
        "29": 5.170902,
        "30": 2.563888,
        "31": 6.8517,
        "32": 2.474801,
        "33": 5.060309,
        "34": 2.626144,
        "35": 2.948868,
        "36": 5.466155,
        "37": 4.797342,
        "38": 4.81033,
        "39": 4.815547,
        "40": 1.260148,
        "41": 5.45661,
        "42": 4.406053,
        "43": 7.665776,
        "44": 4.7016,
        "45": 4.709732,
        "46": 5.889885,
        "47": 5.017695,
        "48": 6.232664,
        "49": 2.043372,
        "50": 2.359092,
        "51": 4.148611,
        "52": 7.10077,
        "53": 1.134313,
        "54": 2.538882,
        "55": 1.72121,
        "56": 4.901182,
        "57": 2.745385,
        "58": 4.616352,
        "59": 4.193985,
        "60": 3.561753,
        "61": 3.709831,
        "62": 3.376416,
        "63": 4.088533,
        "64": 3.580977,
        "65": 4.369281,
        "66": 5.27126,
        "67": 2.746506,
        "68": 4.175876,
        "69": 6.692315,
        "70": 6.563083,
        "71": 3.257946,
        "72": 3.040896,
        "73": 13.415633,
        "74": 3.949976,
        "75": 2.244303,
        "76": 2.652415,
        "77": 2.414267,
        "78": 2.152385,
        "79": 4.03275,
        "80": 4.2229,
        "81": 5.609235,
        "82": 1.71785,
        "83": 3.948131,
        "84": 4.37484,
        "85": 5.095699,
        "86": 6.045398,
        "87": 2.659573,
        "88": 3.809477,
        "89": 6.347698,
        "90": 2.141943,
        "91": 2.792559,
        "92": 2.425736,
        "93": 1.59544,
        "94": 13.159221,
        "95": 5.01494,
        "96": 1.439799,
        "97": 4.03524,
        "98": 3.015992,
        "99": 3.542403,
        "100": 4.731287,
        "101": 3.011883,
        "102": 6.189151,
        "103": 1.298945,
        "104": 4.641002,
        "105": 3.289773,
        "106": 4.253994,
        "107": 0.893217,
        "108": 5.543556,
        "109": 3.207581,
        "110": 2.81297,
        "111": 3.658291,
        "112": 3.848877,
        "113": 4.36142,
        "114": 3.478111,
        "115": 4.404591,
        "116": 4.528738,
        "117": 3.979209,
        "118": 4.470232,
        "119": 7.268679,
        "120": 1.30852,
        "121": 2.26452,
        "122": 3.65629,
        "123": 4.118574,
        "124": 4.450839,
        "125": 2.071362,
        "126": 5.426903,
        "127": 2.730868,
        "128": 1.248528,
        "129": 5.800321,
        "130": 3.498878,
        "131": 3.778724,
        "132": 5.295282,
        "133": 2.513338,
        "134": 6.537209,
        "135": 3.320203,
        "136": 3.635961,
        "137": 1.80458,
        "138": 4.08778
      }
    },
    "medium": {
      "utilization_fraction": 0.5,
      "edge_latencies_ms": {
        "0": 6.279403,
        "1": 4.023102,
        "2": 7.134929,
        "3": 5.983155,
        "4": 2.535569,
        "5": 6.823843,
        "6": 1.266229,
        "7": 4.788375,
        "8": 4.040995,
        "9": 1.860995,
        "10": 4.388814,
        "11": 3.596293,
        "12": 7.900047,
        "13": 5.980008,
        "14": 5.610416,
        "15": 1.059304,
        "16": 3.602775,
        "17": 5.726494,
        "18": 4.342061,
        "19": 6.068645,
        "20": 4.361445,
        "21": 1.616596,
        "22": 4.721477,
        "23": 5.654597,
        "24": 3.344298,
        "25": 12.414015,
        "26": 4.144207,
        "27": 6.197871,
        "28": 2.756668,
        "29": 5.18252,
        "30": 2.566768,
        "31": 6.852453,
        "32": 2.479598,
        "33": 5.062038,
        "34": 2.632723,
        "35": 2.950222,
        "36": 5.469281,
        "37": 4.798671,
        "38": 4.811116,
        "39": 4.816669,
        "40": 1.264604,
        "41": 5.45775,
        "42": 4.406992,
        "43": 7.666536,
        "44": 4.702894,
        "45": 4.714862,
        "46": 5.890946,
        "47": 5.019578,
        "48": 6.23685,
        "49": 2.04492,
        "50": 2.363576,
        "51": 4.149903,
        "52": 7.10176,
        "53": 1.135634,
        "54": 2.543276,
        "55": 1.722537,
        "56": 4.902129,
        "57": 2.750727,
        "58": 4.617172,
        "59": 4.196159,
        "60": 3.563391,
        "61": 3.711311,
        "62": 3.377519,
        "63": 4.089347,
        "64": 3.583259,
        "65": 4.370819,
        "66": 5.273415,
        "67": 2.750282,
        "68": 4.177384,
        "69": 6.694478,
        "70": 6.584794,
        "71": 3.258743,
        "72": 3.042696,
        "73": 13.42584,
        "74": 3.951939,
        "75": 2.248969,
        "76": 2.653723,
        "77": 2.417267,
        "78": 2.15377,
        "79": 4.033759,
        "80": 4.223923,
        "81": 5.611144,
        "82": 1.71932,
        "83": 3.949513,
        "84": 4.377088,
        "85": 5.09754,
        "86": 6.046468,
        "87": 2.661127,
        "88": 3.810244,
        "89": 6.348797,
        "90": 2.142813,
        "91": 2.796783,
        "92": 2.427902,
        "93": 1.596333,
        "94": 13.181458,
        "95": 5.017142,
        "96": 1.440646,
        "97": 4.03679,
        "98": 3.01968,
        "99": 3.543276,
        "100": 4.733105,
        "101": 3.012773,
        "102": 6.19104,
        "103": 1.302437,
        "104": 4.641865,
        "105": 3.291194,
        "106": 4.257188,
        "107": 0.898508,
        "108": 5.545844,
        "109": 3.208487,
        "110": 2.814174,
        "111": 3.659073,
        "112": 3.849891,
        "113": 4.362377,
        "114": 3.478971,
        "115": 4.406648,
        "116": 4.52999,
        "117": 3.980213,
        "118": 4.476596,
        "119": 7.269769,
        "120": 1.310529,
        "121": 2.265393,
        "122": 3.657417,
        "123": 4.120847,
        "124": 4.451683,
        "125": 2.072273,
        "126": 5.427999,
        "127": 2.732244,
        "128": 1.249433,
        "129": 5.801669,
        "130": 3.499709,
        "131": 3.780896,
        "132": 5.296358,
        "133": 2.51505,
        "134": 6.541893,
        "135": 3.32121,
        "136": 3.637359,
        "137": 1.805793,
        "138": 4.088928
      }
    },
    "high": {
      "utilization_fraction": 0.8,
      "edge_latencies_ms": {
        "0": 6.283341,
        "1": 4.027611,
        "2": 7.142071,
        "3": 5.994923,
        "4": 2.54298,
        "5": 6.827315,
        "6": 1.270321,
        "7": 4.799722,
        "8": 4.069317,
        "9": 1.866298,
        "10": 4.396822,
        "11": 3.634344,
        "12": 7.905207,
        "13": 5.984946,
        "14": 5.616115,
        "15": 1.06995,
        "16": 3.618438,
        "17": 5.730821,
        "18": 4.346424,
        "19": 6.077958,
        "20": 4.365383,
        "21": 1.621765,
        "22": 4.725049,
        "23": 5.657651,
        "24": 3.348583,
        "25": 12.476108,
        "26": 4.154494,
        "27": 6.235236,
        "28": 2.760324,
        "29": 5.228993,
        "30": 2.578285,
        "31": 6.855466,
        "32": 2.498786,
        "33": 5.068955,
        "34": 2.659042,
        "35": 2.955636,
        "36": 5.481783,
        "37": 4.803989,
        "38": 4.814259,
        "39": 4.821156,
        "40": 1.282431,
        "41": 5.46231,