{
  "topology_id": 157,
  "load_conditions": {
    "low": {
      "utilization_fraction": 0.2,
      "edge_latencies_ms": {
        "0": 3.124837,
        "1": 3.409943,
        "2": 3.144063,
        "3": 3.751355,
        "4": 3.520209,
        "5": 4.023129,
        "6": 1.646693,
        "7": 3.877703,
        "8": 3.025631,
        "9": 2.45928,
        "10": 4.35601,
        "11": 4.159767,
        "12": 3.172688,
        "13": 14.826979,
        "14": 5.393783,
        "15": 2.702205,
        "16": 3.138305,
        "17": 3.070237,
        "18": 1.905526,
        "19": 6.711666,
        "20": 3.416749,
        "21": 3.576634,
        "22": 10.694422,
        "23": 5.683108,
        "24": 2.461859,
        "25": 2.591837,
        "26": 5.209207,
        "27": 5.357616,
        "28": 0.419655,
        "29": 4.28659,
        "30": 5.262841,
        "31": 3.73861,
        "32": 4.612882,
        "33": 3.583246,
        "34": 2.808583,
        "35": 1.899376,
        "36": 3.827144,
        "37": 7.197375,
        "38": 3.77075,
        "39": 13.30718,
        "40": 3.704742,
        "41": 3.130658,
        "42": 10.081513,
        "43": 10.091164,
        "44": 2.034736,
        "45": 3.97572,
        "46": 2.874756,
        "47": 4.896938,
        "48": 1.692386,
        "49": 3.958503,
        "50": 2.772259,
        "51": 3.102078,
        "52": 5.555584,
        "53": 4.490285,
        "54": 2.738926,
        "55": 1.209323,
        "56": 2.596312,
        "57": 5.303765,
        "58": 1.968199,
        "59": 2.048762,
        "60": 3.391512,
        "61": 4.203985,
        "62": 3.441311,
        "63": 5.052883,
        "64": 6.810811,
        "65": 4.492648,
        "66": 4.436378,
        "67": 1.936771,
        "68": 4.237731,
        "69": 3.405721,
        "70": 3.147603,
        "71": 2.509711,
        "72": 4.888782,
        "73": 5.723354,
        "74": 5.84295,
        "75": 6.200597,
        "76": 7.107062,
        "77": 2.750564,
        "78": 16.129854,
        "79": 3.990009,
        "80": 4.537105,
        "81": 4.511116,
        "82": 3.334946,
        "83": 5.144215,
        "84": 2.095598,
        "85": 4.877763,
        "86": 2.25089,
        "87": 2.494019,
        "88": 4.121591,
        "89": 2.004921,
        "90": 1.490256,
        "91": 3.604735,
        "92": 3.458054,
        "93": 3.899349,
        "94": 5.692825,
        "95": 1.480163,
        "96": 4.392142,
        "97": 2.659274,
        "98": 3.711669,
        "99": 2.457719,
        "100": 4.447909,
        "101": 2.649839,
        "102": 6.001362,
        "103": 3.087083,
        "104": 2.922338,
        "105": 3.762858,
        "106": 1.532546,
        "107": 5.441687,
        "108": 4.092019,
        "109": 5.826704,
        "110": 0.703389,
        "111": 3.321528,
        "112": 2.464294,
        "113": 3.817983,
        "114": 2.9316,
        "115": 4.303259,
        "116": 3.577283,
        "117": 5.154033
      }
    },
    "medium": {
      "utilization_fraction": 0.5,
      "edge_latencies_ms": {
        "0": 3.127897,
        "1": 3.414397,
        "2": 3.145236,
        "3": 3.752302,
        "4": 3.52123,
        "5": 4.028332,
        "6": 1.647606,
        "7": 3.879733,
        "8": 3.029393,
        "9": 2.460509,
        "10": 4.356777,
        "11": 4.160928,
        "12": 3.174016,
        "13": 14.835468,
        "14": 5.394549,
        "15": 2.70373,
        "16": 3.140442,
        "17": 3.076589,
        "18": 1.906468,
        "19": 6.713545,
        "20": 3.417587,
        "21": 3.577815,
        "22": 10.702414,
        "23": 5.684234,
        "24": 2.465352,
        "25": 2.592746,
        "26": 5.210506,
        "27": 5.359238,
        "28": 0.420525,
        "29": 4.287371,
        "30": 5.263664,
        "31": 3.739692,
        "32": 4.613742,
        "33": 3.585807,
        "34": 2.809959,
        "35": 1.900327,
        "36": 3.829812,
        "37": 7.200349,
        "38": 3.77348,
        "39": 13.330814,
        "40": 3.705497,
        "41": 3.131411,
        "42": 10.089882,
        "43": 10.11324,
        "44": 2.037454,
        "45": 3.977009,
        "46": 2.875528,
        "47": 4.897813,
        "48": 1.697824,
        "49": 3.959634,
        "50": 2.776274,
        "51": 3.103146,
        "52": 5.56006,
        "53": 4.491144,
        "54": 2.740153,
        "55": 1.210609,
        "56": 2.597349,
        "57": 5.308138,
        "58": 1.970101,
        "59": 2.049696,
        "60": 3.392495,
        "61": 4.206155,
        "62": 3.442264,
        "63": 5.053642,
        "64": 6.812855,
        "65": 4.49379,
        "66": 4.43743,
        "67": 1.937537,
        "68": 4.239312,
        "69": 3.406582,
        "70": 3.148392,
        "71": 2.511167,
        "72": 4.889589,
        "73": 5.725197,
        "74": 5.843995,
        "75": 6.203501,
        "76": 7.159629,
        "77": 2.752337,
        "78": 16.179225,
        "79": 3.990802,
        "80": 4.538239,
        "81": 4.512007,
        "82": 3.336625,
        "83": 5.145214,
        "84": 2.099859,
        "85": 4.878846,
        "86": 2.251986,
        "87": 2.494852,
        "88": 4.122759,
        "89": 2.006477,
        "90": 1.491086,
        "91": 3.608492,
        "92": 3.458848,
        "93": 3.90097,
        "94": 5.693623,
        "95": 1.481416,
        "96": 4.392935,
        "97": 2.663772,
        "98": 3.712897,
        "99": 2.459438,
        "100": 4.448877,
        "101": 2.651737,
        "102": 6.002822,
        "103": 3.087971,
        "104": 2.925027,
        "105": 3.765093,
        "106": 1.533531,
        "107": 5.444052,
        "108": 4.09469,
        "109": 5.829498,
        "110": 0.704734,
        "111": 3.322407,
        "112": 2.467936,
        "113": 3.818995,
        "114": 2.932658,
        "115": 4.304143,
        "116": 3.578726,
        "117": 5.154813
      }
    },
    "high": {
      "utilization_fraction": 0.8,
      "edge_latencies_ms": {
        "0": 3.140137,
        "1": 3.432212,
        "2": 3.149927,
        "3": 3.756091,
        "4": 3.525313,
        "5": 4.049142,
        "6": 1.651254,
        "7": 3.887852,
        "8": 3.044444,
        "9": 2.465425,
        "10": 4.359846,
        "11": 4.165573,
        "12": 3.17933,
        "13": 14.869424,
        "14": 5.397614,
        "15": 2.70983,
        "16": 3.148989,
        "17": 3.101998,
        "18": 1.910237,
        "19": 6.721061,
        "20": 3.420939,
        "21": 3.582539,
        "22": 10.734382,
        "23": 5.688738,
        "24": 2.479327,
        "25": 2.596383,
        "26": 5.215704,
        "27": 5.365726,
        "28": 0.424005,
        "29": 4.290494,
        "30": 5.266956,
        "31": 3.744022,
        "32": 4.617183,
        "33": 3.596052,
        "34": 2.81546,
        "35": 1.904128,
        "36": 3.840484,
        "37": 7.212245,
        "38": 3.784399,
        "39": 13.425351,
        "40": 3.708518,
        "41": 3.134426,
        "42": 10.123358,
        "43": 10.201542,
        "44": 2.048323,
        "45": 3.982164,
        "46": 2.878615,
        "47": 4.901313,
        "48": 1.719579,
        "49": 3.964162,
        "50": 2.792334,
        "51": 3.107416,
        "52": 5.577962,
        "53": 4.494581,
        "54": 2.74506,
        "55": 1.215751,
        "56": 2.601494,
        "57": 5.32563,
        "58": 1.977709,
        "59": 2.053432,
        "60": 3.39643,
        "61": 4.214832,
        "62": 3.446076,
        "63": 5.056679,
        "64": 6.821031,
        "65": 4.498357,
        "66": 4.441639,
        "67": 1.9406,
        "68": 4.245634,
        "69": 3.410026,
        "70": 3.151547,
        "71": 2.51699,
        "72": 4.892814,
        "73": 5.73257,
        "74": 5.848173,
        "75": 6.215117,
        "76": 7.369899,
        "77": 2.759431,
        "78": 16.376708,
        "79": 3.993976,
        "80": 4.542773,
        "81": 4.515573,
        "82": 3.343337,
        "83": 5.14921,