{
  "topology_id": 143,
  "load_conditions": {
    "low": {
      "utilization_fraction": 0.2,
      "edge_latencies_ms": {
        "0": 4.0497,
        "1": 4.922933,
        "2": 4.53663,
        "3": 5.508065,
        "4": 3.926483,
        "5": 0.92831,
        "6": 4.262483,
        "7": 2.669102,
        "8": 1.952469,
        "9": 2.915627,
        "10": 2.866039,
        "11": 2.868469,
        "12": 2.545287,
        "13": 3.409727,
        "14": 3.298623,
        "15": 2.698489,
        "16": 3.938263,
        "17": 3.593665,
        "18": 1.562368,
        "19": 3.450347,
        "20": 2.194626,
        "21": 4.956786,
        "22": 1.851497,
        "23": 2.781493,
        "24": 3.421159,
        "25": 2.017561,
        "26": 1.822372,
        "27": 2.509566,
        "28": 2.831475,
        "29": 4.312669,
        "30": 1.668955,
        "31": 3.173235,
        "32": 7.310754,
        "33": 1.020133,
        "34": 3.603932,
        "35": 2.162167,
        "36": 6.478153,
        "37": 2.708674,
        "38": 5.955907,
        "39": 1.070638,
        "40": 2.923112,
        "41": 1.591165,
        "42": 6.069211,
        "43": 3.79861,
        "44": 4.052376,
        "45": 4.661573,
        "46": 5.894853,
        "47": 3.242983,
        "48": 2.439423,
        "49": 4.127097,
        "50": 3.864533,
        "51": 7.325424,
        "52": 6.269219,
        "53": 4.596402,
        "54": 4.558053,
        "55": 1.612803,
        "56": 2.302376,
        "57": 3.153811,
        "58": 5.2542,
        "59": 4.769201,
        "60": 3.745197,
        "61": 3.22366,
        "62": 5.714703,
        "63": 4.068282,
        "64": 2.449497,
        "65": 2.204515,
        "66": 3.19569,
        "67": 2.381481,
        "68": 3.727488,
        "69": 4.556632,
        "70": 8.188749,
        "71": 5.471171,
        "72": 1.009094,
        "73": 3.120542,
        "74": 3.240556,
        "75": 3.107806,
        "76": 4.721461,
        "77": 6.677055,
        "78": 8.686156,
        "79": 3.500933,
        "80": 5.634491,
        "81": 2.560405,
        "82": 4.898727,
        "83": 3.892043,
        "84": 2.51774,
        "85": 2.130479,
        "86": 2.419866,
        "87": 3.237818,
        "88": 3.906959,
        "89": 6.046488,
        "90": 8.463095,
        "91": 6.452088,
        "92": 6.160934,
        "93": 7.440881,
        "94": 6.731501,
        "95": 7.278003,
        "96": 3.366939,
        "97": 2.134436,
        "98": 4.67412,
        "99": 2.333043,
        "100": 1.202927,
        "101": 4.82029,
        "102": 5.444624,
        "103": 1.507002,
        "104": 2.592451,
        "105": 3.261092,
        "106": 8.295272,
        "107": 2.720026,
        "108": 1.72331,
        "109": 3.649972,
        "110": 4.135214,
        "111": 3.922356,
        "112": 6.488274,
        "113": 3.099442,
        "114": 1.31703,
        "115": 1.799074,
        "116": 2.912644,
        "117": 7.636432,
        "118": 3.572955,
        "119": 3.453439,
        "120": 4.065218,
        "121": 2.992132,
        "122": 3.691495,
        "123": 4.743869,
        "124": 3.472371,
        "125": 7.142719,
        "126": 7.310763
      }
    },
    "medium": {
      "utilization_fraction": 0.5,
      "edge_latencies_ms": {
        "0": 4.051641,
        "1": 4.925336,
        "2": 4.537399,
        "3": 5.510694,
        "4": 3.928091,
        "5": 0.929524,
        "6": 4.265404,
        "7": 2.671762,
        "8": 1.954192,
        "9": 2.916891,
        "10": 2.866789,
        "11": 2.869259,
        "12": 2.551231,
        "13": 3.41083,
        "14": 3.299905,
        "15": 2.700563,
        "16": 3.939216,
        "17": 3.600578,
        "18": 1.563861,
        "19": 3.451525,
        "20": 2.195468,
        "21": 4.957566,
        "22": 1.852275,
        "23": 2.78518,
        "24": 3.422749,
        "25": 2.018352,
        "26": 1.823533,
        "27": 2.510876,
        "28": 2.832311,
        "29": 4.314297,
        "30": 1.670328,
        "31": 3.176908,
        "32": 7.319197,
        "33": 1.021677,
        "34": 3.605271,
        "35": 2.165488,
        "36": 6.479663,
        "37": 2.710475,
        "38": 5.957045,
        "39": 1.071618,
        "40": 2.927388,
        "41": 1.592267,
        "42": 6.070069,
        "43": 3.799786,
        "44": 4.055879,
        "45": 4.66286,
        "46": 5.895899,
        "47": 3.243939,
        "48": 2.441922,
        "49": 4.127918,
        "50": 3.866449,
        "51": 7.326556,
        "52": 6.274179,
        "53": 4.606345,
        "54": 4.562022,
        "55": 1.614383,
        "56": 2.303496,
        "57": 3.155659,
        "58": 5.259837,
        "59": 4.773276,
        "60": 3.746336,
        "61": 3.225319,
        "62": 5.716617,
        "63": 4.072264,
        "64": 2.454273,
        "65": 2.205277,
        "66": 3.198428,
        "67": 2.382235,
        "68": 3.734772,
        "69": 4.560707,
        "70": 8.239304,
        "71": 5.472032,
        "72": 1.01003,
        "73": 3.121546,
        "74": 3.241374,
        "75": 3.114764,
        "76": 4.727498,
        "77": 6.678039,
        "78": 8.696316,
        "79": 3.502091,
        "80": 5.636257,
        "81": 2.561172,
        "82": 4.904116,
        "83": 3.893013,
        "84": 2.518533,
        "85": 2.131619,
        "86": 2.425329,
        "87": 3.239231,
        "88": 3.908349,
        "89": 6.047533,
        "90": 8.464103,
        "91": 6.453431,
        "92": 6.161726,
        "93": 7.441696,
        "94": 6.732471,
        "95": 7.278817,
        "96": 3.369579,
        "97": 2.135429,
        "98": 4.676386,
        "99": 2.337646,
        "100": 1.203766,
        "101": 4.821086,
        "102": 5.445544,
        "103": 1.507859,
        "104": 2.593782,
        "105": 3.26324,
        "106": 8.30019,
        "107": 2.722912,
        "108": 1.72532,
        "109": 3.655034,
        "110": 4.138668,
        "111": 3.923201,
        "112": 6.489228,
        "113": 3.103598,
        "114": 1.31829,
        "115": 1.800561,
        "116": 2.916711,
        "117": 7.638775,
        "118": 3.57538,
        "119": 3.45445,
        "120": 4.0661,
        "121": 2.992974,
        "122": 3.692775,
        "123": 4.744812,
        "124": 3.474166,
        "125": 7.144036,
        "126": 7.315666
      }
    },
    "high": {
      "utilization_fraction": 0.8,
      "edge_latencies_ms": {
        "0": 4.059406,
        "1": 4.934947,
        "2": 4.540475,
        "3": 5.521212,
        "4": 3.934522,
        "5": 0.934383,
        "6": 4.277089,
        "7": 2.6824,
        "8": 1.961087,
        "9": 2.921946,
        "10": 2.869789,
        "11": 2.872421,
        "12": 2.575008,
        "13": 3.41524,
        "14": 3.305034,
        "15": 2.70886,
        "16": 3.94303,
        "17": 3.628229,
        "18": 1.569832,
        "19": 3.456238,
        "20": 2.198837,
        "21": 4.96069,
        "22": 1.855389,
        "23": 2.799925,
        "24": 3.429109,
        "25": 2.021517,
        "26": 1.828174,
        "27": 2.516116,
        "28": 2.835654,
        "29": 4.32081,
        "30": 1.675822,
        "31": 3.191602,
        "32": 7.352972,
        "33": 1.027854,
        "34": 3.61063,
        "35": 2.17877,
        "36": 6.485703,
        "37": 2.717682,
        "38": 5.961595,
        "39": 1.075536,
        "40": 2.944495,
        "41": 1.596673,
        "42": 6.073499,
        "43": 3.804493,
        "44": 4.069892,
        "45": 4.668007,
        "46": 5.90008,
        "47": 3.247765,
        "48": 2.451921,
        "49": 4.131204,
        "50": 3.874115,
        "51": 7.331084,
        "52": 6.294018,
        "53": 4.646118,
        "54": 4.5779,
        "55": 1.620704,
        "56": 2.307976,
        "57": 3.163054,
        "58": 5.282385,
        "59": 4.789577,
        "60": 3.750892,
        "61": 3.231953,
        "62": 5.724273,
        "63": 4.088192,
        "64": 2.473374,
        "65": 2.208325,
        "66": 3.209381,