{
  "topology_id": 382,
  "load_conditions": {
    "low": {
      "utilization_fraction": 0.2,
      "edge_latencies_ms": {
        "0": 2.759238,
        "1": 4.728423,
        "2": 3.397367,
        "3": 1.511594,
        "4": 4.275861,
        "5": 10.586511,
        "6": 2.987057,
        "7": 7.820785,
        "8": 4.241962,
        "9": 8.278036,
        "10": 3.536571,
        "11": 3.681,
        "12": 2.496815,
        "13": 6.610261,
        "14": 4.364939,
        "15": 6.581095,
        "16": 1.701523,
        "17": 2.445449,
        "18": 1.456707,
        "19": 2.035292,
        "20": 2.074526,
        "21": 2.944239,
        "22": 3.583338,
        "23": 3.601621,
        "24": 3.571878,
        "25": 5.981864,
        "26": 5.18193,
        "27": 5.619899,
        "28": 1.295799,
        "29": 3.699334,
        "30": 4.335473,
        "31": 4.913378,
        "32": 4.17716,
        "33": 4.112919,
        "34": 4.043744,
        "35": 4.928321,
        "36": 5.247861,
        "37": 3.949492,
        "38": 4.235483,
        "39": 1.674577,
        "40": 4.538059,
        "41": 2.974847,
        "42": 6.484316,
        "43": 3.269924,
        "44": 2.471285
      }
    },
    "medium": {
      "utilization_fraction": 0.5,
      "edge_latencies_ms": {
        "0": 2.765271,
        "1": 4.72951,
        "2": 3.398654,
        "3": 1.512822,
        "4": 4.276836,
        "5": 10.599961,
        "6": 2.989685,
        "7": 7.821571,
        "8": 4.245775,
        "9": 8.278922,
        "10": 3.537648,
        "11": 3.691874,
        "12": 2.498728,
        "13": 6.635824,
        "14": 4.366074,
        "15": 6.582339,
        "16": 1.703683,
        "17": 2.446207,
        "18": 1.457513,
        "19": 2.036083,
        "20": 2.076056,
        "21": 2.948406,
        "22": 3.58418,
        "23": 3.603102,
        "24": 3.578317,
        "25": 5.984536,
        "26": 5.183003,
        "27": 5.622387,
        "28": 1.298641,
        "29": 3.705992,
        "30": 4.337174,
        "31": 4.916624,
        "32": 4.179603,
        "33": 4.114195,
        "34": 4.046046,
        "35": 4.9305,
        "36": 5.248991,
        "37": 3.954204,
        "38": 4.239296,
        "39": 1.676456,
        "40": 4.540503,
        "41": 2.976838,
        "42": 6.486522,
        "43": 3.272047,
        "44": 2.473033
      }
    },
    "high": {
      "utilization_fraction": 0.8,
      "edge_latencies_ms": {
        "0": 2.789402,
        "1": 4.733856,
        "2": 3.403799,
        "3": 1.517732,
        "4": 4.280738,
        "5": 10.65376,
        "6": 3.0002,
        "7": 7.824716,
        "8": 4.261026,
        "9": 8.282468,
        "10": 3.541956,
        "11": 3.73537,
        "12": 2.50638,
        "13": 6.738077,
        "14": 4.370614,
        "15": 6.587312,
        "16": 1.712321,
        "17": 2.449237,
        "18": 1.460736,
        "19": 2.039248,
        "20": 2.082175,
        "21": 2.965076,
        "22": 3.587549,
        "23": 3.609023,
        "24": 3.604071,
        "25": 5.995223,
        "26": 5.187292,
        "27": 5.632336,
        "28": 1.310006,
        "29": 3.732624,
        "30": 4.343974,
        "31": 4.929606,
        "32": 4.189377,
        "33": 4.119299,
        "34": 4.055253,
        "35": 4.93922,
        "36": 5.253511,
        "37": 3.973052,
        "38": 4.254547,
        "39": 1.683971,
        "40": 4.550277,
        "41": 2.9848,
        "42": 6.495346,
        "43": 3.280538,
        "44": 2.480026
      }
    },
    "flash": {
      "utilization_fraction": 0.95,
      "edge_latencies_ms": {
        "0": 2.91006,
        "1": 4.755588,
        "2": 3.429527,
        "3": 1.542283,
        "4": 4.300247,
        "5": 10.922754,
        "6": 3.052773,
        "7": 7.840437,
        "8": 4.337284,
        "9": 8.300197,
        "10": 3.563496,
        "11": 3.952851,
        "12": 2.544638,
        "13": 7.249342,
        "14": 4.393313,
        "15": 6.612181,
        "16": 1.755513,
        "17": 2.464386,
        "18": 1.476851,
        "19": 2.055069,
        "20": 2.112767,
        "21": 3.048425,
        "22": 3.60439,
        "23": 3.638628,
        "24": 3.732843,
        "25": 6.048658,
        "26": 5.20874,
        "27": 5.68208,
        "28": 1.366833,
        "29": 3.865782,
        "30": 4.377978,
        "31": 4.99452,
        "32": 4.238248,
        "33": 4.144821,
        "34": 4.101289,
        "35": 4.982817,
        "36": 5.276112,
        "37": 4.067292,
        "38": 4.330802,
        "39": 1.721547,
        "40": 4.599149,
        "41": 3.024612,
        "42": 6.539465,
        "43": 3.322993,
        "44": 2.514988
      }
    }
  }
}