{
  "topology_id": 71,
  "load_conditions": {
    "low": {
      "utilization_fraction": 0.2,
      "edge_latencies_ms": {
        "0": 3.365687,
        "1": 2.747627,
        "2": 8.371336,
        "3": 13.111411,
        "4": 9.231912,
        "5": 3.57271,
        "6": 3.973079,
        "7": 4.369263,
        "8": 2.578536,
        "9": 4.94103,
        "10": 5.186572,
        "11": 0.875648,
        "12": 1.598857,
        "13": 13.228004,
        "14": 2.953123,
        "15": 2.60633,
        "16": 10.737556,
        "17": 12.660632,
        "18": 13.308096,
        "19": 8.132458,
        "20": 3.606045,
        "21": 2.077957,
        "22": 8.915076,
        "23": 6.270525,
        "24": 8.255444,
        "25": 10.383488,
        "26": 8.265341,
        "27": 3.846821,
        "28": 3.351528,
        "29": 4.467898
      }
    },
    "medium": {
      "utilization_fraction": 0.5,
      "edge_latencies_ms": {
        "0": 3.368065,
        "1": 2.748867,
        "2": 8.381576,
        "3": 13.122465,
        "4": 9.243195,
        "5": 3.57386,
        "6": 3.976507,
        "7": 4.3708,
        "8": 2.579387,
        "9": 4.942022,
        "10": 5.188614,
        "11": 0.876835,
        "12": 1.599849,
        "13": 13.25364,
        "14": 2.954274,
        "15": 2.608609,
        "16": 10.754191,
        "17": 12.66885,
        "18": 13.343943,
        "19": 8.143166,
        "20": 3.608885,
        "21": 2.078797,
        "22": 8.945372,
        "23": 6.29241,
        "24": 8.267334,
        "25": 10.384527,
        "26": 8.282939,
        "27": 3.847842,
        "28": 3.355088,
        "29": 4.469917
      }
    },
    "high": {
      "utilization_fraction": 0.8,
      "edge_latencies_ms": {
        "0": 3.377578,
        "1": 2.753826,
        "2": 8.422539,
        "3": 13.16668,
        "4": 9.288326,
        "5": 3.578457,
        "6": 3.990223,
        "7": 4.376947,
        "8": 2.582792,
        "9": 4.945986,
        "10": 5.196785,
        "11": 0.881584,
        "12": 1.603815,
        "13": 13.356182,
        "14": 2.958879,
        "15": 2.617723,
        "16": 10.820732,
        "17": 12.701722,
        "18": 13.487332,
        "19": 8.185999,
        "20": 3.620245,
        "21": 2.082155,
        "22": 9.066555,
        "23": 6.379954,
        "24": 8.314892,
        "25": 10.388681,
        "26": 8.353333,
        "27": 3.851927,
        "28": 3.369327,
        "29": 4.477993
      }
    },
    "flash": {
      "utilization_fraction": 0.95,
      "edge_latencies_ms": {
        "0": 3.425142,
        "1": 2.778622,
        "2": 8.627351,
        "3": 13.387757,
        "4": 9.513981,
        "5": 3.601447,
        "6": 4.0588,
        "7": 4.407683,
        "8": 2.599819,
        "9": 4.965808,
        "10": 5.237638,
        "11": 0.905329,
        "12": 1.623647,
        "13": 13.868892,
        "14": 2.981902,
        "15": 2.663292,
        "16": 11.153435,
        "17": 12.866084,
        "18": 14.204275,
        "19": 8.400162,
        "20": 3.677042,
        "21": 2.098948,
        "22": 9.672472,
        "23": 6.817671,
        "24": 8.552685,
        "25": 10.409455,
        "26": 8.705301,
        "27": 3.87235,
        "28": 3.440522,
        "29": 4.518372
      }
    }
  }
}