{
  "topology_id": 254,
  "load_conditions": {
    "low": {
      "utilization_fraction": 0.2,
      "edge_latencies_ms": {
        "0": 16.270751,
        "1": 16.301721,
        "2": 4.413088,
        "3": 3.241433,
        "4": 1.800345,
        "5": 3.286367,
        "6": 2.544028,
        "7": 12.28963,
        "8": 3.67528,
        "9": 1.868841,
        "10": 3.229624,
        "11": 12.542597,
        "12": 3.646198,
        "13": 5.198431,
        "14": 3.704618,
        "15": 7.844109,
        "16": 3.899478,
        "17": 3.227376,
        "18": 3.612784,
        "19": 3.469487
      }
    },
    "medium": {
      "utilization_fraction": 0.5,
      "edge_latencies_ms": {
        "0": 16.283902,
        "1": 16.314862,
        "2": 4.413842,
        "3": 3.248167,
        "4": 1.801962,
        "5": 3.287131,
        "6": 2.545025,
        "7": 12.312127,
        "8": 3.676546,
        "9": 1.870706,
        "10": 3.231872,
        "11": 12.55675,
        "12": 3.65297,
        "13": 5.201068,
        "14": 3.708285,
        "15": 7.845028,
        "16": 3.901914,
        "17": 3.228987,
        "18": 3.614273,
        "19": 3.47034
      }
    },
    "high": {
      "utilization_fraction": 0.8,
      "edge_latencies_ms": {
        "0": 16.336506,
        "1": 16.367424,
        "2": 4.416858,
        "3": 3.275102,
        "4": 1.808429,
        "5": 3.290188,
        "6": 2.549013,
        "7": 12.402112,
        "8": 3.681606,
        "9": 1.878168,
        "10": 3.240863,
        "11": 12.613363,
        "12": 3.680059,
        "13": 5.211616,
        "14": 3.722954,
        "15": 7.848702,
        "16": 3.911662,
        "17": 3.23543,
        "18": 3.620227,
        "19": 3.473753
      }
    },
    "flash": {
      "utilization_fraction": 0.95,
      "edge_latencies_ms": {
        "0": 16.599528,
        "1": 16.630234,
        "2": 4.431939,
        "3": 3.409776,
        "4": 1.840766,
        "5": 3.305472,
        "6": 2.568955,
        "7": 12.852041,
        "8": 3.70691,
        "9": 1.915475,
        "10": 3.285818,
        "11": 12.896424,
        "12": 3.815506,
        "13": 5.264352,
        "14": 3.796296,
        "15": 7.867073,
        "16": 3.960401,
        "17": 3.267645,
        "18": 3.650001,
        "19": 3.490816
      }
    }
  }
}