{
  "topology_id": 323,
  "load_conditions": {
    "low": {
      "utilization_fraction": 0.2,
      "edge_latencies_ms": {
        "0": 3.87913,
        "1": 7.662749,
        "2": 4.995424,
        "3": 4.656172,
        "4": 5.087692,
        "5": 5.554659,
        "6": 2.738696,
        "7": 4.839719,
        "8": 4.517285,
        "9": 3.16023,
        "10": 2.471713,
        "11": 4.303046,
        "12": 4.514319,
        "13": 7.198653,
        "14": 3.533927,
        "15": 2.221887,
        "16": 2.855607,
        "17": 4.332131,
        "18": 4.304113,
        "19": 3.686143,
        "20": 4.568719,
        "21": 4.359222,
        "22": 4.575072,
        "23": 5.494281,
        "24": 5.877768,
        "25": 5.532216,
        "26": 3.588825,
        "27": 2.210049,
        "28": 0.381579,
        "29": 2.835241,
        "30": 1.949027,
        "31": 2.841307,
        "32": 1.242584,
        "33": 4.396378,
        "34": 3.905413,
        "35": 3.315748,
        "36": 2.906913,
        "37": 2.382974,
        "38": 2.035571,
        "39": 2.037335,
        "40": 1.290473,
        "41": 4.220207,
        "42": 4.616447,
        "43": 9.496918,
        "44": 6.006253,
        "45": 3.375912,
        "46": 5.904523,
        "47": 4.430332,
        "48": 3.735379,
        "49": 3.932957,
        "50": 3.888276,
        "51": 5.696582,
        "52": 4.870539,
        "53": 5.404879,
        "54": 3.73654,
        "55": 4.382168,
        "56": 7.332519,
        "57": 5.173207,
        "58": 4.04721,
        "59": 2.905557,
        "60": 1.997023,
        "61": 4.27655,
        "62": 2.241121,
        "63": 4.79881,
        "64": 4.777468,
        "65": 6.274904,
        "66": 2.839471,
        "67": 1.697653,
        "68": 2.810502,
        "69": 3.740198,
        "70": 5.784582,
        "71": 2.997447,
        "72": 2.723006
      }
    },
    "medium": {
      "utilization_fraction": 0.5,
      "edge_latencies_ms": {
        "0": 3.880859,
        "1": 7.663911,
        "2": 5.000629,
        "3": 4.656937,
        "4": 5.088878,
        "5": 5.556626,
        "6": 2.740987,
        "7": 4.840724,
        "8": 4.518242,
        "9": 3.161581,
        "10": 2.477342,
        "11": 4.304868,
        "12": 4.51827,
        "13": 7.229026,
        "14": 3.535121,
        "15": 2.2235,
        "16": 2.856862,
        "17": 4.332917,
        "18": 4.331717,
        "19": 3.688599,
        "20": 4.57078,
        "21": 4.3601,
        "22": 4.576329,
        "23": 5.49504,
        "24": 5.917008,
        "25": 5.538266,
        "26": 3.591684,
        "27": 2.211558,
        "28": 0.38239,
        "29": 2.836649,
        "30": 1.950467,
        "31": 2.842709,
        "32": 1.243837,
        "33": 4.398292,
        "34": 3.906196,
        "35": 3.317694,
        "36": 2.907959,
        "37": 2.38765,
        "38": 2.041311,
        "39": 2.042384,
        "40": 1.292379,
        "41": 4.22133,
        "42": 4.617911,
        "43": 9.49776,
        "44": 6.008455,
        "45": 3.376668,
        "46": 5.906908,
        "47": 4.431097,
        "48": 3.736549,
        "49": 3.933791,
        "50": 3.894159,
        "51": 5.701427,
        "52": 4.87133,
        "53": 5.405895,
        "54": 3.740787,
        "55": 4.382952,
        "56": 7.333875,
        "57": 5.174222,
        "58": 4.048177,
        "59": 2.907389,
        "60": 2.000237,
        "61": 4.278087,
        "62": 2.245886,
        "63": 4.802299,
        "64": 4.779079,
        "65": 6.275733,
        "66": 2.840361,
        "67": 1.702162,
        "68": 2.812182,
        "69": 3.741575,
        "70": 5.788001,
        "71": 2.998393,
        "72": 2.724089
      }
    },
    "high": {
      "utilization_fraction": 0.8,
      "edge_latencies_ms": {
        "0": 3.887775,
        "1": 7.668555,
        "2": 5.021448,
        "3": 4.659997,
        "4": 5.093621,
        "5": 5.564497,
        "6": 2.750149,
        "7": 4.844742,
        "8": 4.522072,
        "9": 3.166985,
        "10": 2.499859,
        "11": 4.312157,
        "12": 4.534073,
        "13": 7.350517,
        "14": 3.539897,
        "15": 2.229951,
        "16": 2.861883,
        "17": 4.336062,
        "18": 4.442134,
        "19": 3.698426,
        "20": 4.579025,
        "21": 4.363614,
        "22": 4.581357,
        "23": 5.498076,
        "24": 6.073967,
        "25": 5.562469,
        "26": 3.603122,
        "27": 2.217593,
        "28": 0.385633,
        "29": 2.842281,
        "30": 1.956227,
        "31": 2.848314,
        "32": 1.248849,
        "33": 4.405947,
        "34": 3.909327,
        "35": 3.325481,
        "36": 2.91214,
        "37": 2.406356,
        "38": 2.064271,
        "39": 2.06258,
        "40": 1.300003,
        "41": 4.225822,
        "42": 4.623767,
        "43": 9.501127,
        "44": 6.017263,
        "45": 3.379693,
        "46": 5.916449,
        "47": 4.434158,
        "48": 3.741232,
        "49": 3.937129,
        "50": 3.91769,
        "51": 5.72081,
        "52": 4.874493,
        "53": 5.409955,
        "54": 3.757773,
        "55": 4.386086,
        "56": 7.339301,
        "57": 5.178285,
        "58": 4.052047,
        "59": 2.914718,
        "60": 2.013094,
        "61": 4.284237,
        "62": 2.264947,
        "63": 4.816253,
        "64": 4.785523,
        "65": 6.279049,
        "66": 2.843918,
        "67": 1.7202,
        "68": 2.818903,
        "69": 3.747084,
        "70": 5.801678,
        "71": 3.002176,
        "72": 2.728419
      }
    },
    "flash": {
      "utilization_fraction": 0.95,
      "edge_latencies_ms": {
        "0": 3.922355,
        "1": 7.691779,
        "2": 5.125543,
        "3": 4.675295,
        "4": 5.117338,
        "5": 5.603847,
        "6": 2.795963,
        "7": 4.864835,
        "8": 4.541218,
        "9": 3.194005,
        "10": 2.612447,
        "11": 4.348602,
        "12": 4.613088,
        "13": 7.957974,
        "14": 3.563775,
        "15": 2.262208,
        "16": 2.886986,
        "17": 4.351786,
        "18": 4.994219,
        "19": 3.747558,
        "20": 4.620249,
        "21": 4.381181,
        "22": 4.606499,
        "23": 5.513259,
        "24": 6.858764,
        "25": 5.68348,
        "26": 3.660313,
        "27": 2.247768,
        "28": 0.401849,
        "29": 2.870443,
        "30": 1.985027,
        "31": 2.876341,
        "32": 1.273912,
        "33": 4.444225,
        "34": 3.924984,
        "35": 3.364412,
        "36": 2.933046,
        "37": 2.499883,
        "38": 2.17907,
        "39": 2.16356,
        "40": 1.338126,
        "41": 4.248283,
        "42": 4.653045,
        "43": 9.517961,
        "44": 6.061303,
        "45": 3.394818,
        "46": 5.964153,
        "47": 4.449466,
        "48": 3.764647,
        "49": 3.953814,
        "50": 4.035345,
        "51": 5.817723,
        "52": 4.890311,
        "53": 5.430257,
        "54": 3.842703,
        "55": 4.40176,
        "56": 7.366426,
        "57": 5.198596,
        "58": 4.071393,
        "59": 2.951361,
        "60": 2.07738,
        "61": 4.314985,
        "62": 2.360248,
        "63": 4.886025,
        "64": 4.817742,
        "65": 6.295631,
        "66": 2.861706,
        "67": 1.81039,
        "68": 2.852507,
        "69": 3.774628,
        "70": 5.870064,
        "71": 3.021094,
        "72": 2.75007
      }
    }
  }
}