{
  "topology_id": 215,
  "load_conditions": {
    "low": {
      "utilization_fraction": 0.2,
      "edge_latencies_ms": {
        "0": 2.782073,
        "1": 6.268794,
        "2": 5.096084,
        "3": 2.294769,
        "4": 1.696766,
        "5": 2.786041,
        "6": 3.453783,
        "7": 8.35121,
        "8": 5.513538,
        "9": 2.848013,
        "10": 4.068837,
        "11": 3.306949,
        "12": 5.358277,
        "13": 3.509707,
        "14": 4.253533,
        "15": 1.95839,
        "16": 8.471074,
        "17": 2.654153,
        "18": 4.149497,
        "19": 5.316355,
        "20": 2.865148,
        "21": 4.234285,
        "22": 6.936461,
        "23": 6.350053,
        "24": 9.395275,
        "25": 3.106561,
        "26": 7.43691,
        "27": 3.90952,
        "28": 2.030732,
        "29": 1.266633,
        "30": 3.492629,
        "31": 6.344105,
        "32": 2.107667,
        "33": 9.801017,
        "34": 5.642168,
        "35": 2.898873,
        "36": 2.469699,
        "37": 2.299702,
        "38": 1.768377,
        "39": 2.284088,
        "40": 2.178692,
        "41": 2.404546,
        "42": 4.416081,
        "43": 4.171417,
        "44": 2.020339,
        "45": 0.628663,
        "46": 2.979965,
        "47": 2.353339,
        "48": 1.908887,
        "49": 0.953857,
        "50": 3.507187
      }
    },
    "medium": {
      "utilization_fraction": 0.5,
      "edge_latencies_ms": {
        "0": 2.783525,
        "1": 6.283462,
        "2": 5.101055,
        "3": 2.30212,
        "4": 1.698007,
        "5": 2.787958,
        "6": 3.455409,
        "7": 8.374577,
        "8": 5.532789,
        "9": 2.849891,
        "10": 4.069867,
        "11": 3.30852,
        "12": 5.359592,
        "13": 3.510466,
        "14": 4.254476,
        "15": 1.959811,
        "16": 8.471859,
        "17": 2.657691,
        "18": 4.152078,
        "19": 5.371595,
        "20": 2.868879,
        "21": 4.236759,
        "22": 6.937593,
        "23": 6.351799,
        "24": 9.411446,
        "25": 3.10734,
        "26": 7.450781,
        "27": 3.911464,
        "28": 2.032819,
        "29": 1.267525,
        "30": 3.493415,
        "31": 6.344964,
        "32": 2.108598,
        "33": 9.821872,
        "34": 5.643063,
        "35": 2.900794,
        "36": 2.470907,
        "37": 2.301085,
        "38": 1.769908,
        "39": 2.28812,
        "40": 2.179663,
        "41": 2.405691,
        "42": 4.417429,
        "43": 4.174252,
        "44": 2.021223,
        "45": 0.630286,
        "46": 2.981513,
        "47": 2.355129,
        "48": 1.90982,
        "49": 0.956235,
        "50": 3.508113
      }
    },
    "high": {
      "utilization_fraction": 0.8,
      "edge_latencies_ms": {
        "0": 2.789332,
        "1": 6.342138,
        "2": 5.120938,
        "3": 2.331525,
        "4": 1.702972,
        "5": 2.795623,
        "6": 3.461913,
        "7": 8.468049,
        "8": 5.609793,
        "9": 2.857402,
        "10": 4.073987,
        "11": 3.314806,
        "12": 5.364848,
        "13": 3.513503,
        "14": 4.258251,
        "15": 1.965496,
        "16": 8.474999,
        "17": 2.671843,
        "18": 4.162402,
        "19": 5.592557,
        "20": 2.883799,
        "21": 4.246658,
        "22": 6.94212,
        "23": 6.358782,
        "24": 9.476131,
        "25": 3.110458,
        "26": 7.506266,
        "27": 3.919242,
        "28": 2.04117,
        "29": 1.271095,
        "30": 3.496558,
        "31": 6.348399,
        "32": 2.112321,
        "33": 9.905294,
        "34": 5.64664,
        "35": 2.90848,
        "36": 2.475738,
        "37": 2.30662,
        "38": 1.776034,
        "39": 2.30425,
        "40": 2.18355,
        "41": 2.410269,
        "42": 4.42282,
        "43": 4.18559,
        "44": 2.02476,
        "45": 0.636779,
        "46": 2.987702,
        "47": 2.362291,
        "48": 1.913548,
        "49": 0.965748,
        "50": 3.511816
      }
    },
    "flash": {
      "utilization_fraction": 0.95,
      "edge_latencies_ms": {
        "0": 2.818366,
        "1": 6.635516,
        "2": 5.220354,
        "3": 2.478548,
        "4": 1.727794,
        "5": 2.833949,
        "6": 3.494435,
        "7": 8.935405,
        "8": 5.99481,
        "9": 2.894959,
        "10": 4.094591,
        "11": 3.346233,
        "12": 5.391133,
        "13": 3.528684,
        "14": 4.277123,
        "15": 1.993923,
        "16": 8.490697,
        "17": 2.742605,
        "18": 4.214018,
        "19": 6.697365,
        "20": 2.9584,
        "21": 4.296152,
        "22": 6.964753,
        "23": 6.393697,
        "24": 9.799556,
        "25": 3.126045,
        "26": 7.783689,
        "27": 3.958132,
        "28": 2.08292,
        "29": 1.288947,
        "30": 3.512274,
        "31": 6.365574,
        "32": 2.130936,
        "33": 10.322402,
        "34": 5.664527,
        "35": 2.946905,
        "36": 2.499892,
        "37": 2.334295,
        "38": 1.806666,
        "39": 2.384901,
        "40": 2.202986,
        "41": 2.433159,
        "42": 4.449777,
        "43": 4.242282,
        "44": 2.042446,
        "45": 0.669242,
        "46": 3.018651,
        "47": 2.398098,
        "48": 1.932193,
        "49": 1.013314,
        "50": 3.530331
      }
    }
  }
}