{
  "topology_id": 264,
  "load_conditions": {
    "low": {
      "utilization_fraction": 0.2,
      "edge_latencies_ms": {
        "0": 1.984297,
        "1": 3.684019,
        "2": 4.320293,
        "3": 3.855498,
        "4": 12.72917,
        "5": 2.207319,
        "6": 4.515531,
        "7": 3.873626,
        "8": 3.978239,
        "9": 3.146539,
        "10": 2.254567,
        "11": 4.810014,
        "12": 3.958713,
        "13": 6.1093,
        "14": 3.988179,
        "15": 7.258493,
        "16": 4.582828,
        "17": 4.477855,
        "18": 12.502089,
        "19": 4.641625,
        "20": 3.299371,
        "21": 6.371573,
        "22": 2.595502,
        "23": 1.52944,
        "24": 15.762101,
        "25": 2.507056,
        "26": 1.811029,
        "27": 5.367164,
        "28": 4.53014,
        "29": 3.495041,
        "30": 4.367779,
        "31": 8.955396,
        "32": 5.913676,
        "33": 6.793415,
        "34": 2.948123,
        "35": 2.962962,
        "36": 5.351343,
        "37": 4.95143,
        "38": 1.591995,
        "39": 2.218628,
        "40": 6.52109,
        "41": 3.023116,
        "42": 3.681221,
        "43": 3.687764,
        "44": 4.028324,
        "45": 4.401043,
        "46": 4.851629,
        "47": 4.600748,
        "48": 2.895034,
        "49": 3.207533,
        "50": 6.316009,
        "51": 5.919379
      }
    },
    "medium": {
      "utilization_fraction": 0.5,
      "edge_latencies_ms": {
        "0": 1.988761,
        "1": 3.688621,
        "2": 4.321416,
        "3": 3.85687,
        "4": 12.742497,
        "5": 2.211066,
        "6": 4.516614,
        "7": 3.874541,
        "8": 3.979744,
        "9": 3.148649,
        "10": 2.256672,
        "11": 4.811883,
        "12": 3.959523,
        "13": 6.110748,
        "14": 3.994947,
        "15": 7.259272,
        "16": 4.584147,
        "17": 4.478862,
        "18": 12.51896,
        "19": 4.642596,
        "20": 3.301255,
        "21": 6.372672,
        "22": 2.596533,
        "23": 1.530531,
        "24": 15.773517,
        "25": 2.508277,
        "26": 1.813184,
        "27": 5.368957,
        "28": 4.531048,
        "29": 3.497699,
        "30": 4.36985,
        "31": 8.956671,
        "32": 5.914687,
        "33": 6.794539,
        "34": 2.949085,
        "35": 2.96427,
        "36": 5.356626,
        "37": 4.954525,
        "38": 1.592753,
        "39": 2.219719,
        "40": 6.523031,
        "41": 3.024705,
        "42": 3.682438,
        "43": 3.689275,
        "44": 4.029368,
        "45": 4.403448,
        "46": 4.852746,
        "47": 4.607938,
        "48": 2.895939,
        "49": 3.211423,
        "50": 6.321561,
        "51": 5.920372
      }
    },
    "high": {
      "utilization_fraction": 0.8,
      "edge_latencies_ms": {
        "0": 2.006616,
        "1": 3.70703,
        "2": 4.325907,
        "3": 3.862359,
        "4": 12.795802,
        "5": 2.22605,
        "6": 4.520949,
        "7": 3.878202,
        "8": 3.985767,
        "9": 3.157089,
        "10": 2.26509,
        "11": 4.819362,
        "12": 3.962762,
        "13": 6.116539,
        "14": 4.022018,
        "15": 7.262388,
        "16": 4.589423,
        "17": 4.48289,
        "18": 12.586443,
        "19": 4.646479,
        "20": 3.308788,
        "21": 6.377065,
        "22": 2.600654,
        "23": 1.534897,
        "24": 15.819182,
        "25": 2.513158,
        "26": 1.8218,
        "27": 5.37613,
        "28": 4.53468,
        "29": 3.508333,
        "30": 4.378135,
        "31": 8.961774,
        "32": 5.918732,
        "33": 6.799035,
        "34": 2.95293,
        "35": 2.969504,
        "36": 5.37776,
        "37": 4.966905,
        "38": 1.595785,
        "39": 2.224083,
        "40": 6.530797,
        "41": 3.031059,
        "42": 3.687304,
        "43": 3.695321,
        "44": 4.033544,
        "45": 4.413068,
        "46": 4.857212,
        "47": 4.636697,
        "48": 2.899562,
        "49": 3.226986,
        "50": 6.34377,
        "51": 5.924345
      }
    },
    "flash": {
      "utilization_fraction": 0.95,
      "edge_latencies_ms": {
        "0": 2.095892,
        "1": 3.799075,
        "2": 4.348363,
        "3": 3.889801,
        "4": 13.062328,
        "5": 2.300974,
        "6": 4.54262,
        "7": 3.896504,
        "8": 4.015879,
        "9": 3.199289,
        "10": 2.307182,
        "11": 4.856753,
        "12": 3.978958,
        "13": 6.145498,
        "14": 4.157377,
        "15": 7.277966,
        "16": 4.615802,
        "17": 4.503029,
        "18": 12.923858,
        "19": 4.665896,
        "20": 3.346457,
        "21": 6.399032,
        "22": 2.621259,
        "23": 1.556727,
        "24": 16.047505,
        "25": 2.537564,
        "26": 1.864884,
        "27": 5.411992,
        "28": 4.552837,
        "29": 3.561499,
        "30": 4.419558,
        "31": 8.987286,
        "32": 5.938958,
        "33": 6.821515,
        "34": 2.97216,
        "35": 2.995675,
        "36": 5.483426,
        "37": 5.028807,
        "38": 1.610943,
        "39": 2.245904,
        "40": 6.569626,
        "41": 3.062833,
        "42": 3.711634,
        "43": 3.725549,
        "44": 4.054423,
        "45": 4.461168,
        "46": 4.879547,
        "47": 4.780493,
        "48": 2.917673,
        "49": 3.304798,
        "50": 6.454816,
        "51": 5.944211
      }
    }
  }
}