{
  "topology_id": 346,
  "load_conditions": {
    "low": {
      "utilization_fraction": 0.2,
      "edge_latencies_ms": {
        "0": 3.695334,
        "1": 2.807289,
        "2": 5.389643,
        "3": 3.866448,
        "4": 3.220832,
        "5": 3.181109,
        "6": 4.660491,
        "7": 4.594259,
        "8": 5.405337,
        "9": 4.644468,
        "10": 2.937317,
        "11": 5.27598,
        "12": 4.200474,
        "13": 2.811384,
        "14": 4.485371,
        "15": 2.98405,
        "16": 5.162602,
        "17": 5.217027,
        "18": 11.407472,
        "19": 2.238234,
        "20": 4.078799,
        "21": 11.368377,
        "22": 4.35438,
        "23": 6.772303,
        "24": 1.147756,
        "25": 4.559926,
        "26": 3.197121,
        "27": 2.150855,
        "28": 1.190005,
        "29": 3.1655,
        "30": 2.665516,
        "31": 2.490063,
        "32": 2.747015,
        "33": 2.320387,
        "34": 5.240639,
        "35": 4.002007,
        "36": 4.234208,
        "37": 3.032418,
        "38": 5.051591,
        "39": 5.433233,
        "40": 2.528735,
        "41": 1.767496,
        "42": 2.602142,
        "43": 1.957093,
        "44": 2.482861,
        "45": 7.321038,
        "46": 2.728497
      }
    },
    "medium": {
      "utilization_fraction": 0.5,
      "edge_latencies_ms": {
        "0": 3.696116,
        "1": 2.808232,
        "2": 5.403868,
        "3": 3.867224,
        "4": 3.221911,
        "5": 3.182215,
        "6": 4.661272,
        "7": 4.596838,
        "8": 5.421606,
        "9": 4.645606,
        "10": 2.942941,
        "11": 5.27771,
        "12": 4.201371,
        "13": 2.814083,
        "14": 4.489336,
        "15": 2.984979,
        "16": 5.167455,
        "17": 5.218803,
        "18": 11.425374,
        "19": 2.243051,
        "20": 4.079556,
        "21": 11.379134,
        "22": 4.355225,
        "23": 6.775184,
        "24": 1.148604,
        "25": 4.56255,
        "26": 3.198638,
        "27": 2.152077,
        "28": 1.190779,
        "29": 3.166559,
        "30": 2.667843,
        "31": 2.490944,
        "32": 2.748906,
        "33": 2.321302,
        "34": 5.242514,
        "35": 4.004051,
        "36": 4.23522,
        "37": 3.033208,
        "38": 5.053198,
        "39": 5.434313,
        "40": 2.529786,
        "41": 1.768319,
        "42": 2.605543,
        "43": 1.958753,
        "44": 2.487738,
        "45": 7.322205,
        "46": 2.730046
      }
    },
    "high": {
      "utilization_fraction": 0.8,
      "edge_latencies_ms": {
        "0": 3.699242,
        "1": 2.812005,
        "2": 5.460767,
        "3": 3.870325,
        "4": 3.226227,
        "5": 3.186639,
        "6": 4.664394,
        "7": 4.607151,
        "8": 5.48668,
        "9": 4.650157,
        "10": 2.965435,
        "11": 5.28463,
        "12": 4.204956,
        "13": 2.824882,
        "14": 4.505195,
        "15": 2.988694,
        "16": 5.186865,
        "17": 5.225907,
        "18": 11.49698,
        "19": 2.262316,
        "20": 4.082584,
        "21": 11.422161,
        "22": 4.358603,
        "23": 6.786707,
        "24": 1.151995,
        "25": 4.573049,
        "26": 3.204704,
        "27": 2.156968,
        "28": 1.193876,
        "29": 3.170798,
        "30": 2.677153,
        "31": 2.494468,
        "32": 2.756469,
        "33": 2.324965,
        "34": 5.250015,
        "35": 4.012227,
        "36": 4.239267,
        "37": 3.036365,
        "38": 5.059627,
        "39": 5.438632,
        "40": 2.533989,
        "41": 1.771608,
        "42": 2.619146,
        "43": 1.965394,
        "44": 2.507249,
        "45": 7.326876,
        "46": 2.736243
      }
    },
    "flash": {
      "utilization_fraction": 0.95,
      "edge_latencies_ms": {
        "0": 3.714874,
        "1": 2.830868,
        "2": 5.745263,
        "3": 3.88583,
        "4": 3.247804,
        "5": 3.208762,
        "6": 4.680003,
        "7": 4.658719,
        "8": 5.812051,
        "9": 4.672912,
        "10": 3.077908,
        "11": 5.319229,
        "12": 4.222882,
        "13": 2.878875,
        "14": 4.58449,
        "15": 3.007271,
        "16": 5.283914,
        "17": 5.26143,
        "18": 11.855013,
        "19": 2.35864,
        "20": 4.097721,
        "21": 11.637296,
        "22": 4.375492,
        "23": 6.844321,
        "24": 1.168953,
        "25": 4.625545,
        "26": 3.235036,
        "27": 2.181422,
        "28": 1.209362,
        "29": 3.191993,
        "30": 2.7237,
        "31": 2.51209,
        "32": 2.794285,
        "33": 2.343279,
        "34": 5.28752,
        "35": 4.053106,
        "36": 4.259499,
        "37": 3.052153,
        "38": 5.091772,
        "39": 5.460227,
        "40": 2.555005,
        "41": 1.788056,
        "42": 2.68716,
        "43": 1.998598,
        "44": 2.604805,
        "45": 7.350226,
        "46": 2.767227
      }
    }
  }
}