{
  "topology_id": 383,
  "load_conditions": {
    "low": {
      "utilization_fraction": 0.2,
      "edge_latencies_ms": {
        "0": 0.581331,
        "1": 2.557371,
        "2": 0.617336,
        "3": 2.928677,
        "4": 2.441375,
        "5": 2.263777,
        "6": 3.036866,
        "7": 2.297792,
        "8": 8.76103,
        "9": 1.572958,
        "10": 3.907734,
        "11": 4.402778,
        "12": 7.3719,
        "13": 6.657972,
        "14": 6.64183,
        "15": 4.56507,
        "16": 2.975106,
        "17": 3.590646,
        "18": 4.190027,
        "19": 4.601205,
        "20": 2.604726,
        "21": 7.620186,
        "22": 3.795207,
        "23": 3.078301,
        "24": 5.129161,
        "25": 2.29703,
        "26": 8.774558,
        "27": 3.389309,
        "28": 4.035775,
        "29": 0.864845,
        "30": 3.408122,
        "31": 2.908464
      }
    },
    "medium": {
      "utilization_fraction": 0.5,
      "edge_latencies_ms": {
        "0": 0.582278,
        "1": 2.558367,
        "2": 0.618182,
        "3": 2.947851,
        "4": 2.442133,
        "5": 2.265074,
        "6": 3.041602,
        "7": 2.30339,
        "8": 8.768815,
        "9": 1.577226,
        "10": 3.909008,
        "11": 4.403783,
        "12": 7.384266,
        "13": 6.659143,
        "14": 6.645084,
        "15": 4.56588,
        "16": 2.976032,
        "17": 3.591407,
        "18": 4.192805,
        "19": 4.609292,
        "20": 2.606055,
        "21": 7.652966,
        "22": 3.797249,
        "23": 3.081473,
        "24": 5.131357,
        "25": 2.298294,
        "26": 8.789655,
        "27": 3.390133,
        "28": 4.036611,
        "29": 0.866719,
        "30": 3.409177,
        "31": 2.909573
      }
    },
    "high": {
      "utilization_fraction": 0.8,
      "edge_latencies_ms": {
        "0": 0.586067,
        "1": 2.562348,
        "2": 0.621568,
        "3": 3.024546,
        "4": 2.445162,
        "5": 2.270262,
        "6": 3.060546,
        "7": 2.325782,
        "8": 8.799955,
        "9": 1.5943,
        "10": 3.914104,
        "11": 4.407803,
        "12": 7.433727,
        "13": 6.66383,
        "14": 6.658097,
        "15": 4.569116,
        "16": 2.979737,
        "17": 3.594447,
        "18": 4.20392,
        "19": 4.641638,
        "20": 2.611374,
        "21": 7.784084,
        "22": 3.805416,
        "23": 3.09416,
        "24": 5.140141,
        "25": 2.303349,
        "26": 8.850044,
        "27": 3.393429,
        "28": 4.039956,
        "29": 0.874213,
        "30": 3.413393,
        "31": 2.914006
      }
    },
    "flash": {
      "utilization_fraction": 0.95,
      "edge_latencies_ms": {
        "0": 0.605013,
        "1": 2.582257,
        "2": 0.638497,
        "3": 3.408023,
        "4": 2.460311,
        "5": 2.296201,
        "6": 3.155264,
        "7": 2.437742,
        "8": 8.955657,
        "9": 1.679669,
        "10": 3.939584,
        "11": 4.427904,
        "12": 7.681036,
        "13": 6.687262,
        "14": 6.723163,
        "15": 4.585301,
        "16": 2.998264,
        "17": 3.60965,
        "18": 4.25949,
        "19": 4.803366,
        "20": 2.637967,
        "21": 8.439677,
        "22": 3.846249,
        "23": 3.157598,
        "24": 5.184062,
        "25": 2.328624,
        "26": 9.151987,
        "27": 3.409905,
        "28": 4.056679,
        "29": 0.911687,
        "30": 3.434477,
        "31": 2.936173
      }
    }
  }
}