{
  "topology_id": 315,
  "load_conditions": {
    "low": {
      "utilization_fraction": 0.2,
      "edge_latencies_ms": {
        "0": 5.043832,
        "1": 4.943006,
        "2": 4.680185,
        "3": 4.336768,
        "4": 3.403818,
        "5": 4.673755,
        "6": 4.913243,
        "7": 6.741378,
        "8": 3.870571,
        "9": 1.796436,
        "10": 4.438029,
        "11": 5.650299,
        "12": 3.71187,
        "13": 6.107682,
        "14": 6.09034,
        "15": 3.014366,
        "16": 4.455821,
        "17": 1.631233,
        "18": 2.671181,
        "19": 3.09547,
        "20": 5.134595,
        "21": 1.990597,
        "22": 4.521338,
        "23": 3.170582,
        "24": 3.118686,
        "25": 3.170139,
        "26": 2.897293,
        "27": 5.349062,
        "28": 11.797703,
        "29": 3.387513,
        "30": 10.197699,
        "31": 3.533463,
        "32": 3.174363,
        "33": 2.657374,
        "34": 4.902495,
        "35": 4.846689,
        "36": 3.828256,
        "37": 5.050386,
        "38": 7.435495,
        "39": 2.289499,
        "40": 2.63652,
        "41": 2.940483,
        "42": 7.907965,
        "43": 3.127136,
        "44": 5.064214,
        "45": 2.416746,
        "46": 7.012603,
        "47": 4.075929,
        "48": 10.351047,
        "49": 4.197258,
        "50": 4.102436,
        "51": 5.863975,
        "52": 3.191243,
        "53": 1.862639,
        "54": 4.256637,
        "55": 2.307637,
        "56": 3.122899,
        "57": 2.661839
      }
    },
    "medium": {
      "utilization_fraction": 0.5,
      "edge_latencies_ms": {
        "0": 5.045289,
        "1": 4.944119,
        "2": 4.680975,
        "3": 4.343582,
        "4": 3.411796,
        "5": 4.676766,
        "6": 4.922682,
        "7": 6.750935,
        "8": 3.874333,
        "9": 1.798191,
        "10": 4.439241,
        "11": 5.651112,
        "12": 3.715389,
        "13": 6.110971,
        "14": 6.091152,
        "15": 3.015597,
        "16": 4.460713,
        "17": 1.632619,
        "18": 2.674927,
        "19": 3.09817,
        "20": 5.135398,
        "21": 1.991959,
        "22": 4.522369,
        "23": 3.171952,
        "24": 3.119555,
        "25": 3.172428,
        "26": 2.898551,
        "27": 5.352476,
        "28": 11.825588,
        "29": 3.389243,
        "30": 10.212061,
        "31": 3.535464,
        "32": 3.175986,
        "33": 2.658246,
        "34": 4.904969,
        "35": 4.848018,
        "36": 3.82914,
        "37": 5.051451,
        "38": 7.443839,
        "39": 2.290981,
        "40": 2.637312,
        "41": 2.941733,
        "42": 7.923332,
        "43": 3.130146,
        "44": 5.066534,
        "45": 2.417508,
        "46": 7.015179,
        "47": 4.076912,
        "48": 10.358553,
        "49": 4.19846,
        "50": 4.105905,
        "51": 5.864853,
        "52": 3.192313,
        "53": 1.867274,
        "54": 4.257486,
        "55": 2.308631,
        "56": 3.124165,
        "57": 2.662626
      }
    },
    "high": {
      "utilization_fraction": 0.8,
      "edge_latencies_ms": {
        "0": 5.051117,
        "1": 4.948575,
        "2": 4.684133,
        "3": 4.370837,
        "4": 3.443711,
        "5": 4.688808,
        "6": 4.960436,
        "7": 6.789164,
        "8": 3.88938,
        "9": 1.805211,
        "10": 4.444093,
        "11": 5.654363,
        "12": 3.729467,
        "13": 6.124128,
        "14": 6.094401,
        "15": 3.020523,
        "16": 4.480281,
        "17": 1.638164,
        "18": 2.689909,
        "19": 3.108972,
        "20": 5.138609,
        "21": 1.997406,
        "22": 4.526494,
        "23": 3.177433,
        "24": 3.123032,
        "25": 3.181588,
        "26": 2.903582,
        "27": 5.366134,
        "28": 11.937128,
        "29": 3.396162,
        "30": 10.269506,
        "31": 3.543467,
        "32": 3.182478,
        "33": 2.661733,
        "34": 4.914863,
        "35": 4.853334,
        "36": 3.832678,
        "37": 5.055712,
        "38": 7.477214,
        "39": 2.296908,
        "40": 2.640482,
        "41": 2.946735,
        "42": 7.984803,
        "43": 3.142187,
        "44": 5.075812,
        "45": 2.420555,
        "46": 7.025481,
        "47": 4.08084,
        "48": 10.388577,
        "49": 4.203268,
        "50": 4.119779,
        "51": 5.868364,
        "52": 3.196596,
        "53": 1.885814,
        "54": 4.26088,
        "55": 2.312605,
        "56": 3.129229,
        "57": 2.665775
      }
    },
    "flash": {
      "utilization_fraction": 0.95,
      "edge_latencies_ms": {
        "0": 5.080256,
        "1": 4.970851,
        "2": 4.699923,
        "3": 4.507113,
        "4": 3.603283,
        "5": 4.74902,
        "6": 5.149204,
        "7": 6.980311,
        "8": 3.964615,
        "9": 1.840313,
        "10": 4.468351,
        "11": 5.670621,
        "12": 3.799855,
        "13": 6.189914,
        "14": 6.110646,
        "15": 3.045151,
        "16": 4.578122,
        "17": 1.665891,
        "18": 2.764819,
        "19": 3.162981,
        "20": 5.154667,
        "21": 2.024639,
        "22": 4.547116,
        "23": 3.204833,
        "24": 3.140419,
        "25": 3.227385,
        "26": 2.928738,
        "27": 5.434424,
        "28": 12.494825,
        "29": 3.430757,
        "30": 10.556734,
        "31": 3.583484,
        "32": 3.21494,
        "33": 2.679168,
        "34": 4.964335,
        "35": 4.879914,
        "36": 3.850366,
        "37": 5.077018,
        "38": 7.644091,
        "39": 2.326544,
        "40": 2.656328,
        "41": 2.971743,
        "42": 8.292157,
        "43": 3.202391,
        "44": 5.122203,
        "45": 2.43579,
        "46": 7.076993,
        "47": 4.100485,
        "48": 10.538695,
        "49": 4.227309,
        "50": 4.189151,
        "51": 5.885917,
        "52": 3.218009,
        "53": 1.978512,
        "54": 4.277849,
        "55": 2.332479,
        "56": 3.154547,
        "57": 2.681516
      }
    }
  }
}