{
  "topology_id": 229,
  "load_conditions": {
    "low": {
      "utilization_fraction": 0.2,
      "edge_latencies_ms": {
        "0": 1.503475,
        "1": 1.864986,
        "2": 3.758286,
        "3": 5.93621,
        "4": 4.479313,
        "5": 5.029437,
        "6": 3.818216,
        "7": 3.180622,
        "8": 1.653268,
        "9": 2.956313,
        "10": 3.46574,
        "11": 8.183186,
        "12": 3.848525,
        "13": 3.142335,
        "14": 4.065141,
        "15": 4.851469,
        "16": 2.398548,
        "17": 3.70814,
        "18": 5.853659,
        "19": 3.578791,
        "20": 2.329898,
        "21": 5.081796,
        "22": 3.973071,
        "23": 7.875498,
        "24": 10.714411,
        "25": 2.131685,
        "26": 3.338757,
        "27": 3.718681,
        "28": 3.565888,
        "29": 5.114102,
        "30": 2.709867,
        "31": 1.867294,
        "32": 1.856136,
        "33": 2.590031,
        "34": 2.859796,
        "35": 5.717542,
        "36": 2.464315,
        "37": 2.396419,
        "38": 3.6056,
        "39": 2.690947,
        "40": 3.492058,
        "41": 3.887655,
        "42": 4.478286,
        "43": 3.110593,
        "44": 0.814866,
        "45": 2.924991,
        "46": 5.34179,
        "47": 2.076183,
        "48": 3.231821,
        "49": 1.515713,
        "50": 3.722494,
        "51": 1.644378,
        "52": 2.607093,
        "53": 1.374668,
        "54": 3.707101,
        "55": 1.552779,
        "56": 2.7965,
        "57": 2.723204
      }
    },
    "medium": {
      "utilization_fraction": 0.5,
      "edge_latencies_ms": {
        "0": 1.504535,
        "1": 1.866211,
        "2": 3.759253,
        "3": 5.937208,
        "4": 4.480135,
        "5": 5.030496,
        "6": 3.819055,
        "7": 3.181527,
        "8": 1.65405,
        "9": 2.957417,
        "10": 3.466973,
        "11": 8.183972,
        "12": 3.849494,
        "13": 3.14318,
        "14": 4.067639,
        "15": 4.852793,
        "16": 2.399702,
        "17": 3.715462,
        "18": 5.858834,
        "19": 3.579682,
        "20": 2.331176,
        "21": 5.090568,
        "22": 3.974058,
        "23": 7.881093,
        "24": 10.729587,
        "25": 2.138211,
        "26": 3.339566,
        "27": 3.722218,
        "28": 3.568664,
        "29": 5.118722,
        "30": 2.71106,
        "31": 1.868522,
        "32": 1.858746,
        "33": 2.592226,
        "34": 2.8612,
        "35": 5.752145,
        "36": 2.466146,
        "37": 2.398949,
        "38": 3.616009,
        "39": 2.692765,
        "40": 3.493175,
        "41": 3.89052,
        "42": 4.480301,
        "43": 3.112014,
        "44": 0.815844,
        "45": 2.927282,
        "46": 5.342559,
        "47": 2.076984,
        "48": 3.232666,
        "49": 1.518102,
        "50": 3.723906,
        "51": 1.645328,
        "52": 2.608186,
        "53": 1.375984,
        "54": 3.712076,
        "55": 1.554583,
        "56": 2.797467,
        "57": 2.724245
      }
    },
    "high": {
      "utilization_fraction": 0.8,
      "edge_latencies_ms": {
        "0": 1.508779,
        "1": 1.87111,
        "2": 3.763122,
        "3": 5.941201,
        "4": 4.483422,
        "5": 5.034734,
        "6": 3.822411,
        "7": 3.185145,
        "8": 1.657178,
        "9": 2.961834,
        "10": 3.471906,
        "11": 8.187117,
        "12": 3.85337,
        "13": 3.14656,
        "14": 4.077631,
        "15": 4.85809,
        "16": 2.40432,
        "17": 3.74475,
        "18": 5.879533,
        "19": 3.583247,
        "20": 2.336286,
        "21": 5.125653,
        "22": 3.978009,
        "23": 7.903473,
        "24": 10.79029,
        "25": 2.164312,
        "26": 3.342804,
        "27": 3.736366,
        "28": 3.579767,
        "29": 5.137199,
        "30": 2.715833,
        "31": 1.873434,
        "32": 1.869184,
        "33": 2.601007,
        "34": 2.866816,
        "35": 5.890558,
        "36": 2.473472,
        "37": 2.409068,
        "38": 3.657645,
        "39": 2.700038,
        "40": 3.497639,
        "41": 3.901981,
        "42": 4.48836,
        "43": 3.117699,
        "44": 0.819756,
        "45": 2.936448,
        "46": 5.345638,
        "47": 2.080186,
        "48": 3.236049,
        "49": 1.527659,
        "50": 3.729555,
        "51": 1.649125,
        "52": 2.612559,
        "53": 1.381245,
        "54": 3.731977,
        "55": 1.561799,
        "56": 2.801335,
        "57": 2.72841
      }
    },
    "flash": {
      "utilization_fraction": 0.95,
      "edge_latencies_ms": {
        "0": 1.529998,
        "1": 1.895605,
        "2": 3.782465,
        "3": 5.961164,
        "4": 4.499859,
        "5": 5.055924,
        "6": 3.839191,
        "7": 3.203238,
        "8": 1.67282,
        "9": 2.983918,
        "10": 3.496572,
        "11": 8.202841,
        "12": 3.872747,
        "13": 3.163459,
        "14": 4.127593,
        "15": 4.884574,
        "16": 2.427408,
        "17": 3.89119,
        "18": 5.983028,
        "19": 3.60107,
        "20": 2.361838,
        "21": 5.301079,
        "22": 3.997762,
        "23": 8.015375,
        "24": 11.093807,
        "25": 2.294818,
        "26": 3.358995,
        "27": 3.807105,
        "28": 3.635284,
        "29": 5.229588,
        "30": 2.739698,
        "31": 1.897992,
        "32": 1.921376,
        "33": 2.644909,
        "34": 2.894894,
        "35": 6.582624,
        "36": 2.510099,
        "37": 2.459668,
        "38": 3.865824,
        "39": 2.736401,
        "40": 3.519964,
        "41": 3.959286,
        "42": 4.528656,
        "43": 3.146121,
        "44": 0.839316,
        "45": 2.98228,
        "46": 5.361028,
        "47": 2.096195,
        "48": 3.252962,
        "49": 1.575444,
        "50": 3.757799,
        "51": 1.668112,
        "52": 2.634427,
        "53": 1.40755,
        "54": 3.831484,
        "55": 1.597877,
        "56": 2.820674,
        "57": 2.749235
      }
    }
  }
}