{
  "topology_id": 462,
  "load_conditions": {
    "low": {
      "utilization_fraction": 0.2,
      "edge_latencies_ms": {
        "0": 2.705308,
        "1": 8.19856,
        "2": 2.442855,
        "3": 4.875802,
        "4": 9.521115,
        "5": 2.741996,
        "6": 3.625154,
        "7": 1.980709,
        "8": 3.375461,
        "9": 7.81456,
        "10": 0.736421,
        "11": 4.607137,
        "12": 1.618925,
        "13": 3.835137,
        "14": 3.701526,
        "15": 4.3314,
        "16": 3.713561,
        "17": 4.42013,
        "18": 4.372226,
        "19": 7.251059,
        "20": 5.259337,
        "21": 1.885641,
        "22": 5.59897,
        "23": 3.945581,
        "24": 6.194222,
        "25": 2.711084,
        "26": 3.52591,
        "27": 4.57304,
        "28": 2.822664,
        "29": 5.93651,
        "30": 3.769428,
        "31": 2.673216,
        "32": 2.988878,
        "33": 3.55556,
        "34": 4.913259,
        "35": 5.586183,
        "36": 4.523347,
        "37": 1.800325,
        "38": 3.338232,
        "39": 5.57768,
        "40": 2.50297,
        "41": 4.389304,
        "42": 3.939184,
        "43": 1.634237,
        "44": 5.42285,
        "45": 4.00151,
        "46": 4.094245,
        "47": 2.995554,
        "48": 2.613693,
        "49": 5.440243,
        "50": 3.642897,
        "51": 3.624155,
        "52": 4.913457,
        "53": 2.418787,
        "54": 7.888565,
        "55": 5.631252,
        "56": 6.350195,
        "57": 2.958541,
        "58": 5.566976,
        "59": 4.781557,
        "60": 5.820635,
        "61": 6.981433,
        "62": 3.298275,
        "63": 5.088475,
        "64": 7.215805,
        "65": 4.373499,
        "66": 2.138373,
        "67": 3.099997
      }
    },
    "medium": {
      "utilization_fraction": 0.5,
      "edge_latencies_ms": {
        "0": 2.706573,
        "1": 8.206672,
        "2": 2.443679,
        "3": 4.881451,
        "4": 9.530656,
        "5": 2.742765,
        "6": 3.626327,
        "7": 1.983265,
        "8": 3.377282,
        "9": 7.826019,
        "10": 0.7372,
        "11": 4.607901,
        "12": 1.620015,
        "13": 3.837079,
        "14": 3.711299,
        "15": 4.333024,
        "16": 3.715728,
        "17": 4.422149,
        "18": 4.373182,
        "19": 7.252775,
        "20": 5.260107,
        "21": 1.887556,
        "22": 5.599956,
        "23": 3.948236,
        "24": 6.195187,
        "25": 2.711983,
        "26": 3.528599,
        "27": 4.577887,
        "28": 2.824332,
        "29": 5.939699,
        "30": 3.77203,
        "31": 2.674105,
        "32": 2.990032,
        "33": 3.556965,
        "34": 4.914335,
        "35": 5.587601,
        "36": 4.524364,
        "37": 1.801791,
        "38": 3.33905,
        "39": 5.581887,
        "40": 2.504045,
        "41": 4.393881,
        "42": 3.941024,
        "43": 1.635167,
        "44": 5.423673,
        "45": 4.002396,
        "46": 4.09612,
        "47": 2.997401,
        "48": 2.617921,
        "49": 5.441024,
        "50": 3.647981,
        "51": 3.624958,
        "52": 4.91528,
        "53": 2.419938,
        "54": 7.889371,
        "55": 5.632033,
        "56": 6.351047,
        "57": 2.9596,
        "58": 5.571261,
        "59": 4.782612,
        "60": 5.821483,
        "61": 6.985369,
        "62": 3.301148,
        "63": 5.089672,
        "64": 7.217318,
        "65": 4.374458,
        "66": 2.139404,
        "67": 3.103416
      }
    },
    "high": {
      "utilization_fraction": 0.8,
      "edge_latencies_ms": {
        "0": 2.711633,
        "1": 8.239118,
        "2": 2.446973,
        "3": 4.904047,
        "4": 9.568819,
        "5": 2.745843,
        "6": 3.631019,
        "7": 1.993489,
        "8": 3.384566,
        "9": 7.871855,
        "10": 0.740318,
        "11": 4.610953,
        "12": 1.624374,
        "13": 3.84485,
        "14": 3.75039,
        "15": 4.339521,
        "16": 3.724397,
        "17": 4.430224,
        "18": 4.377005,
        "19": 7.25964,
        "20": 5.263186,
        "21": 1.895214,
        "22": 5.603902,
        "23": 3.958855,
        "24": 6.199048,
        "25": 2.715577,
        "26": 3.539355,
        "27": 4.597274,
        "28": 2.831007,
        "29": 5.952458,
        "30": 3.78244,
        "31": 2.677657,
        "32": 2.99465,
        "33": 3.562588,
        "34": 4.91864,
        "35": 5.593273,
        "36": 4.528434,
        "37": 1.807657,
        "38": 3.342319,
        "39": 5.598716,
        "40": 2.508343,
        "41": 4.412192,
        "42": 3.94838,
        "43": 1.638889,
        "44": 5.426968,
        "45": 4.005938,
        "46": 4.103622,
        "47": 3.004791,
        "48": 2.634831,
        "49": 5.444149,
        "50": 3.668316,
        "51": 3.628174,
        "52": 4.922571,
        "53": 2.424544,
        "54": 7.892595,
        "55": 5.635156,
        "56": 6.354458,
        "57": 2.963835,
        "58": 5.588402,
        "59": 4.786834,
        "60": 5.824876,
        "61": 7.001109,
        "62": 3.312639,
        "63": 5.094459,
        "64": 7.22337,
        "65": 4.378296,
        "66": 2.14353,
        "67": 3.117093
      }
    },
    "flash": {
      "utilization_fraction": 0.95,
      "edge_latencies_ms": {
        "0": 2.736932,
        "1": 8.401349,
        "2": 2.463443,
        "3": 5.017027,
        "4": 9.759637,
        "5": 2.76123,
        "6": 3.654476,
        "7": 2.044609,
        "8": 3.420988,
        "9": 8.101035,
        "10": 0.755908,
        "11": 4.626215,
        "12": 1.646168,
        "13": 3.883706,
        "14": 3.945846,
        "15": 4.372008,
        "16": 3.767743,
        "17": 4.470601,
        "18": 4.396117,
        "19": 7.293968,
        "20": 5.278582,
        "21": 1.933505,
        "22": 5.623633,
        "23": 4.011951,
        "24": 6.218354,
        "25": 2.733548,
        "26": 3.593134,
        "27": 4.69421,
        "28": 2.864379,
        "29": 6.016248,
        "30": 3.834488,
        "31": 2.695421,
        "32": 3.01774,
        "33": 3.590702,
        "34": 4.940163,
        "35": 5.621632,
        "36": 4.548782,
        "37": 1.836983,
        "38": 3.358665,
        "39": 5.682862,
        "40": 2.529834,
        "41": 4.503745,
        "42": 3.985162,
        "43": 1.657498,
        "44": 5.443439,
        "45": 4.023647,
        "46": 4.141129,
        "47": 3.041742,
        "48": 2.719382,
        "49": 5.459772,
        "50": 3.76999,
        "51": 3.64425,
        "52": 4.959029,
        "53": 2.447572,
        "54": 7.908715,
        "55": 5.650769,
        "56": 6.371509,
        "57": 2.985008,
        "58": 5.674108,
        "59": 4.80794,
        "60": 5.841838,
        "61": 7.079809,
        "62": 3.370093,
        "63": 5.118396,
        "64": 7.253632,
        "65": 4.397482,
        "66": 2.164156,
        "67": 3.185476
      }
    }
  }
}