{
  "topology_id": 421,
  "load_conditions": {
    "low": {
      "utilization_fraction": 0.2,
      "edge_latencies_ms": {
        "0": 4.094663,
        "1": 0.907881,
        "2": 2.079905,
        "3": 13.991725,
        "4": 4.202223,
        "5": 3.929011,
        "6": 3.404634,
        "7": 10.209636,
        "8": 1.654071,
        "9": 1.419896,
        "10": 2.386777,
        "11": 2.292112,
        "12": 6.773228,
        "13": 5.124385,
        "14": 6.089428,
        "15": 5.763933,
        "16": 4.753313,
        "17": 3.178728,
        "18": 13.714256,
        "19": 12.947624,
        "20": 2.639125,
        "21": 4.046337,
        "22": 3.118921,
        "23": 2.724533,
        "24": 3.538479,
        "25": 10.580135,
        "26": 5.126366,
        "27": 6.291207,
        "28": 3.695037,
        "29": 10.790438,
        "30": 1.748465,
        "31": 10.374544,
        "32": 2.174001,
        "33": 6.130355,
        "34": 2.457291,
        "35": 3.428262,
        "36": 3.372272,
        "37": 1.458391,
        "38": 15.52117,
        "39": 14.263654,
        "40": 5.643433,
        "41": 1.737974,
        "42": 2.921873,
        "43": 3.073627,
        "44": 5.078644,
        "45": 2.427181,
        "46": 2.886471,
        "47": 5.007785,
        "48": 3.767575,
        "49": 3.19599,
        "50": 3.532161,
        "51": 2.366484,
        "52": 4.306268,
        "53": 6.356313,
        "54": 4.665208,
        "55": 4.09515
      }
    },
    "medium": {
      "utilization_fraction": 0.5,
      "edge_latencies_ms": {
        "0": 4.095417,
        "1": 0.909002,
        "2": 2.080707,
        "3": 14.003265,
        "4": 4.203354,
        "5": 3.929789,
        "6": 3.405742,
        "7": 10.219802,
        "8": 1.657592,
        "9": 1.420806,
        "10": 2.387538,
        "11": 2.295262,
        "12": 6.774087,
        "13": 5.127104,
        "14": 6.094142,
        "15": 5.76473,
        "16": 4.754143,
        "17": 3.183184,
        "18": 13.726958,
        "19": 12.979449,
        "20": 2.63991,
        "21": 4.047356,
        "22": 3.121068,
        "23": 2.726525,
        "24": 3.540319,
        "25": 10.610864,
        "26": 5.127175,
        "27": 6.292686,
        "28": 3.701352,
        "29": 10.808925,
        "30": 1.74997,
        "31": 10.382987,
        "32": 2.177473,
        "33": 6.138064,
        "34": 2.463889,
        "35": 3.430271,
        "36": 3.374764,
        "37": 1.461437,
        "38": 15.534048,
        "39": 14.271478,
        "40": 5.647386,
        "41": 1.738761,
        "42": 2.92269,
        "43": 3.07467,
        "44": 5.080176,
        "45": 2.428139,
        "46": 2.88746,
        "47": 5.010241,
        "48": 3.768798,
        "49": 3.198028,
        "50": 3.533348,
        "51": 2.373752,
        "52": 4.310399,
        "53": 6.357122,
        "54": 4.666127,
        "55": 4.09652
      }
    },
    "high": {
      "utilization_fraction": 0.8,
      "edge_latencies_ms": {
        "0": 4.098437,
        "1": 0.913484,
        "2": 2.083915,
        "3": 14.049424,
        "4": 4.207879,
        "5": 3.932903,
        "6": 3.410175,
        "7": 10.260465,
        "8": 1.671675,
        "9": 1.424445,
        "10": 2.390581,
        "11": 2.307862,
        "12": 6.777522,
        "13": 5.137978,
        "14": 6.112998,
        "15": 5.767918,
        "16": 4.757464,
        "17": 3.201006,
        "18": 13.777763,
        "19": 13.106749,
        "20": 2.643049,
        "21": 4.051432,
        "22": 3.129659,
        "23": 2.734492,
        "24": 3.547679,
        "25": 10.733782,
        "26": 5.130412,
        "27": 6.298604,
        "28": 3.726611,
        "29": 10.882877,
        "30": 1.755989,
        "31": 10.416759,
        "32": 2.19136,
        "33": 6.168898,
        "34": 2.490282,
        "35": 3.438308,
        "36": 3.384733,
        "37": 1.473623,
        "38": 15.585561,
        "39": 14.302776,
        "40": 5.663195,
        "41": 1.741911,
        "42": 2.925958,
        "43": 3.078844,
        "44": 5.086305,
        "45": 2.431971,
        "46": 2.891416,
        "47": 5.020061,
        "48": 3.773689,
        "49": 3.20618,
        "50": 3.538097,
        "51": 2.402822,
        "52": 4.326923,
        "53": 6.36036,
        "54": 4.6698,
        "55": 4.102
      }
    },
    "flash": {
      "utilization_fraction": 0.95,
      "edge_latencies_ms": {
        "0": 4.113537,
        "1": 0.935898,
        "2": 2.099956,
        "3": 14.280219,
        "4": 4.230503,
        "5": 3.948468,
        "6": 3.432337,
        "7": 10.463785,
        "8": 1.742089,
        "9": 1.44264,
        "10": 2.405796,
        "11": 2.370859,
        "12": 6.7947,
        "13": 5.192351,
        "14": 6.207279,
        "15": 5.783861,
        "16": 4.77407,
        "17": 3.290118,
        "18": 14.031787,
        "19": 13.743245,
        "20": 2.658743,
        "21": 4.071814,
        "22": 3.172611,
        "23": 2.774326,
        "24": 3.584478,
        "25": 11.34837,
        "26": 5.146593,
        "27": 6.32819,
        "28": 3.852911,
        "29": 11.252635,
        "30": 1.786086,
        "31": 10.585622,
        "32": 2.260795,
        "33": 6.323072,
        "34": 2.622244,
        "35": 3.478494,
        "36": 3.434578,
        "37": 1.534551,
        "38": 15.843127,
        "39": 14.459264,
        "40": 5.742245,
        "41": 1.75766,
        "42": 2.942295,
        "43": 3.099709,
        "44": 5.116948,
        "45": 2.451131,
        "46": 2.9112,
        "47": 5.069164,
        "48": 3.798145,
        "49": 3.246939,
        "50": 3.561838,
        "51": 2.548176,
        "52": 4.409542,
        "53": 6.376548,
        "54": 4.688169,
        "55": 4.1294
      }
    }
  }
}