{
  "topology_id": 423,
  "load_conditions": {
    "low": {
      "utilization_fraction": 0.2,
      "edge_latencies_ms": {
        "0": 1.62753,
        "1": 4.543975,
        "2": 4.145577,
        "3": 9.658115,
        "4": 3.083091,
        "5": 6.406882,
        "6": 1.5495,
        "7": 4.92386,
        "8": 2.648202,
        "9": 9.664597,
        "10": 5.633312,
        "11": 11.434937,
        "12": 5.344896,
        "13": 1.088339,
        "14": 7.234306,
        "15": 10.610162,
        "16": 6.422618,
        "17": 6.476734,
        "18": 4.196176,
        "19": 2.101417,
        "20": 3.92658,
        "21": 7.541393,
        "22": 7.018878,
        "23": 2.85809,
        "24": 6.480429,
        "25": 2.283297,
        "26": 2.853603,
        "27": 5.013576,
        "28": 2.588361,
        "29": 4.578332
      }
    },
    "medium": {
      "utilization_fraction": 0.5,
      "edge_latencies_ms": {
        "0": 1.628355,
        "1": 4.544742,
        "2": 4.147441,
        "3": 9.689034,
        "4": 3.085345,
        "5": 6.435846,
        "6": 1.550515,
        "7": 4.925215,
        "8": 2.648978,
        "9": 9.673965,
        "10": 5.634521,
        "11": 11.443107,
        "12": 5.345863,
        "13": 1.089555,
        "14": 7.237127,
        "15": 10.617806,
        "16": 6.426012,
        "17": 6.496997,
        "18": 4.206347,
        "19": 2.102598,
        "20": 3.928511,
        "21": 7.550096,
        "22": 7.038042,
        "23": 2.859329,
        "24": 6.543778,
        "25": 2.284142,
        "26": 2.858086,
        "27": 5.01451,
        "28": 2.590166,
        "29": 4.579717
      }
    },
    "high": {
      "utilization_fraction": 0.8,
      "edge_latencies_ms": {
        "0": 1.631652,
        "1": 4.547813,
        "2": 4.154898,
        "3": 9.812711,
        "4": 3.09436,
        "5": 6.551703,
        "6": 1.554577,
        "7": 4.930638,
        "8": 2.652082,
        "9": 9.71144,
        "10": 5.63936,
        "11": 11.475785,
        "12": 5.349728,
        "13": 1.094421,
        "14": 7.248411,
        "15": 10.648381,
        "16": 6.439587,
        "17": 6.578052,
        "18": 4.24703,
        "19": 2.107326,
        "20": 3.936232,
        "21": 7.58491,
        "22": 7.114698,
        "23": 2.864286,
        "24": 6.797177,
        "25": 2.287522,
        "26": 2.876017,
        "27": 5.018245,
        "28": 2.597386,
        "29": 4.585258
      }
    },
    "flash": {
      "utilization_fraction": 0.95,
      "edge_latencies_ms": {
        "0": 1.64814,
        "1": 4.563167,
        "2": 4.192182,
        "3": 10.431092,
        "4": 3.139433,
        "5": 7.130984,
        "6": 1.574889,
        "7": 4.95775,
        "8": 2.667605,
        "9": 9.898815,
        "10": 5.663553,
        "11": 11.639174,
        "12": 5.369054,
        "13": 1.118751,
        "14": 7.304834,
        "15": 10.80126,
        "16": 6.50746,
        "17": 6.983326,
        "18": 4.450445,
        "19": 2.130964,
        "20": 3.974841,
        "21": 7.758978,
        "22": 7.497974,
        "23": 2.889071,
        "24": 8.06417,
        "25": 2.304422,
        "26": 2.965672,
        "27": 5.036923,
        "28": 2.633487,
        "29": 4.612962
      }
    }
  }
}