{
  "topology_id": 266,
  "load_conditions": {
    "low": {
      "utilization_fraction": 0.2,
      "edge_latencies_ms": {
        "0": 6.652868,
        "1": 2.642943,
        "2": 7.182431,
        "3": 3.495562,
        "4": 2.876167,
        "5": 3.203061,
        "6": 7.551765,
        "7": 4.613558,
        "8": 5.502071,
        "9": 6.908434,
        "10": 8.630786,
        "11": 5.433244,
        "12": 3.361778,
        "13": 2.312138,
        "14": 4.017333,
        "15": 3.056915,
        "16": 19.886536,
        "17": 17.912594,
        "18": 14.470796,
        "19": 3.692353,
        "20": 15.577649,
        "21": 6.303104,
        "22": 3.715281,
        "23": 2.412254,
        "24": 1.957193
      }
    },
    "medium": {
      "utilization_fraction": 0.5,
      "edge_latencies_ms": {
        "0": 6.654875,
        "1": 2.643697,
        "2": 7.185041,
        "3": 3.496433,
        "4": 2.877105,
        "5": 3.20399,
        "6": 7.552622,
        "7": 4.615616,
        "8": 5.503829,
        "9": 6.931666,
        "10": 8.646121,
        "11": 5.438285,
        "12": 3.363579,
        "13": 2.313259,
        "14": 4.021842,
        "15": 3.057851,
        "16": 19.900719,
        "17": 17.929383,
        "18": 14.480796,
        "19": 3.694606,
        "20": 15.615217,
        "21": 6.305611,
        "22": 3.716731,
        "23": 2.413882,
        "24": 1.958151
      }
    },
    "high": {
      "utilization_fraction": 0.8,
      "edge_latencies_ms": {
        "0": 6.662903,
        "1": 2.646713,
        "2": 7.19548,
        "3": 3.499915,
        "4": 2.880858,
        "5": 3.207707,
        "6": 7.556047,
        "7": 4.623845,
        "8": 5.510861,
        "9": 7.024595,
        "10": 8.707458,
        "11": 5.458447,
        "12": 3.370783,
        "13": 2.317744,
        "14": 4.039877,
        "15": 3.061596,
        "16": 19.957453,
        "17": 17.99654,
        "18": 14.520795,
        "19": 3.703619,
        "20": 15.765487,
        "21": 6.315638,
        "22": 3.722532,
        "23": 2.420398,
        "24": 1.961982
      }
    },
    "flash": {
      "utilization_fraction": 0.95,
      "edge_latencies_ms": {
        "0": 6.703039,
        "1": 2.661793,
        "2": 7.247676,
        "3": 3.517327,
        "4": 2.89962,
        "5": 3.22629,
        "6": 7.573175,
        "7": 4.664993,
        "8": 5.546021,
        "9": 7.48924,
        "10": 9.014146,
        "11": 5.559261,
        "12": 3.406804,
        "13": 2.34017,
        "14": 4.130054,
        "15": 3.080323,
        "16": 20.241122,
        "17": 18.332324,
        "18": 14.720788,
        "19": 3.748684,
        "20": 16.516839,
        "21": 6.36577,
        "22": 3.751533,
        "23": 2.452976,
        "24": 1.981137
      }
    }
  }
}