{
  "topology_id": 11,
  "load_conditions": {
    "low": {
      "utilization_fraction": 0.2,
      "edge_latencies_ms": {
        "0": 4.27478,
        "1": 5.947611,
        "2": 6.432809,
        "3": 6.09942,
        "4": 3.040556,
        "5": 5.973663,
        "6": 3.673083,
        "7": 1.546611,
        "8": 3.625305,
        "9": 7.04803,
        "10": 3.400525,
        "11": 4.976845,
        "12": 2.194688,
        "13": 3.840126,
        "14": 6.496077,
        "15": 4.513854,
        "16": 4.621583,
        "17": 6.680298,
        "18": 6.868963,
        "19": 8.030386,
        "20": 3.499198,
        "21": 4.104137,
        "22": 3.457937,
        "23": 4.36597,
        "24": 3.958324,
        "25": 5.273462,
        "26": 5.580272,
        "27": 4.64764,
        "28": 4.90123,
        "29": 4.807102,
        "30": 5.984543,
        "31": 3.540288,
        "32": 6.527194,
        "33": 6.440132,
        "34": 6.294632,
        "35": 4.821501,
        "36": 4.936676,
        "37": 3.196221,
        "38": 2.065708,
        "39": 8.879448,
        "40": 1.122231,
        "41": 9.057765,
        "42": 2.254511,
        "43": 6.069151,
        "44": 4.948381,
        "45": 5.381127,
        "46": 3.282414,
        "47": 2.819055,
        "48": 1.383982,
        "49": 5.672263,
        "50": 1.931425,
        "51": 1.782246,
        "52": 3.936046,
        "53": 3.712381,
        "54": 4.168639,
        "55": 6.612893,
        "56": 4.150972,
        "57": 1.661359,
        "58": 3.961798,
        "59": 4.633935,
        "60": 2.923317,
        "61": 4.438924,
        "62": 2.086165,
        "63": 3.294225,
        "64": 5.216424
      }
    },
    "medium": {
      "utilization_fraction": 0.5,
      "edge_latencies_ms": {
        "0": 4.275542,
        "1": 5.948395,
        "2": 6.438452,
        "3": 6.10077,
        "4": 3.056635,
        "5": 5.97528,
        "6": 3.677684,
        "7": 1.547709,
        "8": 3.626264,
        "9": 7.061875,
        "10": 3.402676,
        "11": 4.977742,
        "12": 2.199367,
        "13": 3.841213,
        "14": 6.519483,
        "15": 4.519495,
        "16": 4.623141,
        "17": 6.681544,
        "18": 6.882235,
        "19": 8.037974,
        "20": 3.500307,
        "21": 4.10553,
        "22": 3.458775,
        "23": 4.370521,
        "24": 3.963696,
        "25": 5.274715,
        "26": 5.588855,
        "27": 4.648643,
        "28": 4.905399,
        "29": 4.809345,
        "30": 5.986056,
        "31": 3.541864,
        "32": 6.529376,
        "33": 6.440889,
        "34": 6.296226,
        "35": 4.824364,
        "36": 4.938481,
        "37": 3.196972,
        "38": 2.069654,
        "39": 8.881537,
        "40": 1.123353,
        "41": 9.062647,
        "42": 2.256339,
        "43": 6.077182,
        "44": 4.950864,
        "45": 5.382211,
        "46": 3.283334,
        "47": 2.819987,
        "48": 1.385294,
        "49": 5.67398,
        "50": 1.934452,
        "51": 1.785789,
        "52": 3.938021,
        "53": 3.713507,
        "54": 4.170906,
        "55": 6.614001,
        "56": 4.154273,
        "57": 1.662278,
        "58": 3.962594,
        "59": 4.63578,
        "60": 2.927491,
        "61": 4.439796,
        "62": 2.086967,
        "63": 3.29531,
        "64": 5.217186
      }
    },
    "high": {
      "utilization_fraction": 0.8,
      "edge_latencies_ms": {
        "0": 4.278588,
        "1": 5.951531,
        "2": 6.461025,
        "3": 6.106169,
        "4": 3.120949,
        "5": 5.981748,
        "6": 3.696084,
        "7": 1.552103,
        "8": 3.630102,
        "9": 7.117252,
        "10": 3.411281,
        "11": 4.981334,
        "12": 2.218085,
        "13": 3.845565,
        "14": 6.613108,
        "15": 4.542059,
        "16": 4.629374,
        "17": 6.686531,
        "18": 6.935322,
        "19": 8.068326,
        "20": 3.504745,
        "21": 4.111101,
        "22": 3.462129,
        "23": 4.388727,
        "24": 3.985186,
        "25": 5.279727,
        "26": 5.623186,
        "27": 4.652658,
        "28": 4.922075,
        "29": 4.818319,
        "30": 5.992108,
        "31": 3.548168,
        "32": 6.538105,
        "33": 6.443916,
        "34": 6.302601,
        "35": 4.835818,
        "36": 4.945697,
        "37": 3.199977,
        "38": 2.085441,
        "39": 8.889896,
        "40": 1.127844,
        "41": 9.082174,
        "42": 2.263652,
        "43": 6.109306,
        "44": 4.960795,
        "45": 5.386545,
        "46": 3.287013,
        "47": 2.823715,
        "48": 1.390544,
        "49": 5.68085,
        "50": 1.946561,
        "51": 1.799961,
        "52": 3.945921,
        "53": 3.718011,
        "54": 4.179973,
        "55": 6.618435,
        "56": 4.167474,
        "57": 1.665953,
        "58": 3.965779,
        "59": 4.643161,
        "60": 2.94419,
        "61": 4.443285,
        "62": 2.090171,
        "63": 3.299652,
        "64": 5.220236
      }
    },
    "flash": {
      "utilization_fraction": 0.95,
      "edge_latencies_ms": {
        "0": 4.293821,
        "1": 5.967209,
        "2": 6.573888,
        "3": 6.133167,
        "4": 3.442524,
        "5": 6.014088,
        "6": 3.788086,
        "7": 1.574068,
        "8": 3.649293,
        "9": 7.39414,
        "10": 3.454305,
        "11": 4.99929,
        "12": 2.311674,
        "13": 3.867321,
        "14": 7.081232,
        "15": 4.65488,
        "16": 4.660541,
        "17": 6.711463,
        "18": 7.200762,
        "19": 8.220089,
        "20": 3.526935,
        "21": 4.138956,
        "22": 3.478899,
        "23": 4.479754,
        "24": 4.092633,
        "25": 5.304788,
        "26": 5.794844,
        "27": 4.672731,
        "28": 5.005456,
        "29": 4.863189,
        "30": 6.022367,
        "31": 3.579688,
        "32": 6.581746,
        "33": 6.459054,
        "34": 6.334475,
        "35": 4.893087,
        "36": 4.981782,
        "37": 3.214998,
        "38": 2.164376,
        "39": 8.931688,
        "40": 1.150298,
        "41": 9.179813,
        "42": 2.300215,
        "43": 6.269923,
        "44": 5.010452,
        "45": 5.408215,
        "46": 3.305411,
        "47": 2.842356,
        "48": 1.416792,
        "49": 5.715199,
        "50": 2.007104,
        "51": 1.870818,
        "52": 3.985418,
        "53": 3.740533,
        "54": 4.225309,
        "55": 6.640602,
        "56": 4.23348,
        "57": 1.684327,
        "58": 3.981702,
        "59": 4.680065,
        "60": 3.027683,
        "61": 4.46073,
        "62": 2.106196,
        "63": 3.321359,
        "64": 5.235484
      }
    }
  }
}