{
  "topology_id": 232,
  "load_conditions": {
    "low": {
      "utilization_fraction": 0.2,
      "edge_latencies_ms": {
        "0": 4.167127,
        "1": 2.983192,
        "2": 2.497096,
        "3": 2.966295,
        "4": 2.674511,
        "5": 3.819067,
        "6": 2.439492,
        "7": 3.563495,
        "8": 6.147258,
        "9": 2.17938,
        "10": 3.500725,
        "11": 3.518764,
        "12": 3.976565,
        "13": 1.919343,
        "14": 1.774082,
        "15": 3.162658,
        "16": 4.330871,
        "17": 4.40677,
        "18": 2.605451,
        "19": 4.137382,
        "20": 3.38833,
        "21": 4.32131,
        "22": 2.566851,
        "23": 3.001488,
        "24": 2.979151,
        "25": 2.776645,
        "26": 1.197642,
        "27": 2.129106,
        "28": 15.273296,
        "29": 3.799092,
        "30": 3.024486,
        "31": 3.823805,
        "32": 1.541263,
        "33": 3.245226,
        "34": 4.891162,
        "35": 4.280464,
        "36": 5.111148,
        "37": 2.888225,
        "38": 4.3336,
        "39": 5.368843,
        "40": 2.606322,
        "41": 4.914165,
        "42": 2.112253,
        "43": 4.755335,
        "44": 2.48401,
        "45": 2.088985,
        "46": 8.704996,
        "47": 4.496753,
        "48": 5.157729,
        "49": 4.994305,
        "50": 5.647148,
        "51": 2.079435,
        "52": 5.383586,
        "53": 5.746407,
        "54": 3.41554,
        "55": 2.772091,
        "56": 4.329484,
        "57": 1.405166,
        "58": 1.669943,
        "59": 5.681989,
        "60": 2.354965,
        "61": 1.106581,
        "62": 3.921934,
        "63": 4.365997,
        "64": 2.870543,
        "65": 2.695938,
        "66": 6.605293,
        "67": 4.99255,
        "68": 3.005021,
        "69": 13.441083,
        "70": 2.947752,
        "71": 13.859755,
        "72": 5.202325,
        "73": 3.319329,
        "74": 4.417024,
        "75": 9.145604,
        "76": 3.118136,
        "77": 1.696893,
        "78": 2.682999,
        "79": 3.451472,
        "80": 4.828416,
        "81": 2.475256,
        "82": 5.07573,
        "83": 5.709684,
        "84": 4.913949,
        "85": 2.973794,
        "86": 3.742712,
        "87": 1.989268,
        "88": 4.670859,
        "89": 2.373586,
        "90": 2.535665,
        "91": 2.072266,
        "92": 4.369469,
        "93": 3.79358,
        "94": 1.947135,
        "95": 3.60675,
        "96": 2.614404,
        "97": 1.398532,
        "98": 4.010532,
        "99": 1.866634,
        "100": 5.808757,
        "101": 4.973329,
        "102": 2.689315,
        "103": 2.829217,
        "104": 4.553656,
        "105": 3.067013,
        "106": 4.609762,
        "107": 4.846194,
        "108": 3.881608,
        "109": 2.352146,
        "110": 5.897637,
        "111": 2.760051,
        "112": 5.687566,
        "113": 3.999427,
        "114": 2.431511,
        "115": 5.966657,
        "116": 2.48612,
        "117": 3.033448,
        "118": 2.112281,
        "119": 0.900478,
        "120": 2.998735,
        "121": 2.563706,
        "122": 6.861722,
        "123": 2.750109,
        "124": 3.16346,
        "125": 3.608545,
        "126": 2.791729,
        "127": 3.696594,
        "128": 3.258172,
        "129": 3.955912,
        "130": 3.73931,
        "131": 3.330288,
        "132": 4.382828,
        "133": 2.174946,
        "134": 7.877017,
        "135": 3.49927,
        "136": 2.822927,
        "137": 3.991042,
        "138": 3.407007,
        "139": 5.860749,
        "140": 6.773129,
        "141": 6.898159,
        "142": 7.235428,
        "143": 8.298753,
        "144": 2.763428,
        "145": 6.400241,
        "146": 4.029706,
        "147": 2.78214,
        "148": 5.26426,
        "149": 6.080339,
        "150": 3.681111,
        "151": 4.779967,
        "152": 4.177644,
        "153": 3.544569
      }
    },
    "medium": {
      "utilization_fraction": 0.5,
      "edge_latencies_ms": {
        "0": 4.168173,
        "1": 2.984384,
        "2": 2.498873,
        "3": 2.967059,
        "4": 2.675341,
        "5": 3.821444,
        "6": 2.440378,
        "7": 3.56495,
        "8": 6.151052,
        "9": 2.184184,
        "10": 3.504282,
        "11": 3.520681,
        "12": 3.978302,
        "13": 1.920949,
        "14": 1.776297,
        "15": 3.163546,
        "16": 4.332832,
        "17": 4.407677,
        "18": 2.606393,
        "19": 4.138838,
        "20": 3.389675,
        "21": 4.32244,
        "22": 2.568433,
        "23": 3.003024,
        "24": 2.980019,
        "25": 2.77777,
        "26": 1.198632,
        "27": 2.131668,
        "28": 15.284656,
        "29": 3.800226,
        "30": 3.027394,
        "31": 3.825163,
        "32": 1.542539,
        "33": 3.250626,
        "34": 4.893312,
        "35": 4.282207,
        "36": 5.112717,
        "37": 2.89243,
        "38": 4.336019,
        "39": 5.371348,
        "40": 2.607982,
        "41": 4.91583,
        "42": 2.119398,
        "43": 4.7565,
        "44": 2.485174,
        "45": 2.09111,
        "46": 8.70596,
        "47": 4.498118,
        "48": 5.158634,
        "49": 4.995458,
        "50": 5.648026,
        "51": 2.083293,
        "52": 5.384535,
        "53": 5.747746,
        "54": 3.418579,
        "55": 2.773057,
        "56": 4.33087,
        "57": 1.405959,
        "58": 1.670912,
        "59": 5.683026,
        "60": 2.356209,
        "61": 1.107757,
        "62": 3.923494,
        "63": 4.367064,
        "64": 2.871831,
        "65": 2.697891,
        "66": 6.609321,
        "67": 4.996011,
        "68": 3.009109,
        "69": 13.470878,
        "70": 2.948766,
        "71": 13.870404,
        "72": 5.205625,
        "73": 3.320252,
        "74": 4.418429,
        "75": 9.153355,
        "76": 3.119481,
        "77": 1.698853,
        "78": 2.688132,
        "79": 3.452972,
        "80": 4.830753,
        "81": 2.476032,
        "82": 5.076874,
        "83": 5.711545,
        "84": 4.914886,
        "85": 2.975794,
        "86": 3.744886,
        "87": 1.99004,
        "88": 4.671728,
        "89": 2.374452,
        "90": 2.539525,
        "91": 2.07312,
        "92": 4.371295,
        "93": 3.795366,
        "94": 1.948412,
        "95": 3.607506,
        "96": 2.616497,
        "97": 1.399382,
        "98": 4.011745,
        "99": 1.867632,
        "100": 5.810202,
        "101": 4.978989,
        "102": 2.690827,
        "103": 2.830222,
        "104": 4.555631,
        "105": 3.068004,
        "106": 4.61202,
        "107": 4.847223,
        "108": 3.882441,
        "109": 2.353792,
        "110": 5.898692,
        "111": 2.761944,
        "112": 5.689507,
        "113": 4.000203,
        "114": 2.43647,
        "115": 5.967487,
        "116": 2.487566,
        "117": 3.036247,
        "118": 2.113196,
        "119": 0.901273,
        "120": 3.000854,
        "121": 2.565787,
        "122": 6.862637,
        "123": 2.751321,
        "124": 3.165414,
        "125": 3.610549,
        "126": 2.793323,
        "127": 3.697566,
        "128": 3.259429,
        "129": 3.95885,
        "130": 3.741632,
        "131": 3.331425,
        "132": 4.38371,
        "133": 2.176905,
        "134": 7.877955,
        "135": 3.5015,
        "136": 2.824404,
        "137": 3.994418,
        "138": 3.408157,
        "139": 5.861995,
        "140": 6.775156,
        "141": 6.900661,
        "142": 7.237436,
        "143": 8.299521,
        "144": 2.76423,
        "145": 6.400997,
        "146": 4.033644,
        "147": 2.782973,
        "148": 5.26635,
        "149": 6.081268,
        "150": 3.686895,
        "151": 4.785734,
        "152": 4.178546,
        "153": 3.545952
      }
    },
    "high": {
      "utilization_fraction": 0.8,
      "edge_latencies_ms": {
        "0": 4.17236,
        "1": 2.989153,
        "2": 2.505981,
        "3": 2.970115,
        "4": 2.678663,
        "5": 3.830953,
        "6": 2.443921,
        "7": 3.570772,
        "8": 6.166227,
        "9": 2.203404,