{
  "topology_id": 58,
  "load_conditions": {
    "low": {
      "utilization_fraction": 0.2,
      "edge_latencies_ms": {
        "0": 4.812504,
        "1": 5.903906,
        "2": 3.383408,
        "3": 3.353608,
        "4": 4.727319,
        "5": 2.375106,
        "6": 1.328691,
        "7": 3.460254,
        "8": 4.1707,
        "9": 2.983364,
        "10": 8.942594,
        "11": 11.481653,
        "12": 4.503332,
        "13": 2.899342,
        "14": 2.166112,
        "15": 4.898952,
        "16": 6.588208,
        "17": 6.724882,
        "18": 11.726163,
        "19": 1.640322,
        "20": 3.264736,
        "21": 4.739321,
        "22": 4.189304,
        "23": 6.233527,
        "24": 2.332626,
        "25": 5.321548,
        "26": 6.403851,
        "27": 3.125425,
        "28": 6.689191,
        "29": 2.354416,
        "30": 7.225679,
        "31": 1.319504,
        "32": 6.050706,
        "33": 3.073044,
        "34": 5.603035,
        "35": 3.115449,
        "36": 6.175473,
        "37": 2.004219,
        "38": 5.633872,
        "39": 6.185714,
        "40": 5.951969,
        "41": 6.33706,
        "42": 6.428512,
        "43": 5.475501,
        "44": 6.241331,
        "45": 4.851851,
        "46": 3.82812,
        "47": 3.029454,
        "48": 3.403225,
        "49": 2.946239,
        "50": 1.854359,
        "51": 4.302423,
        "52": 3.444804,
        "53": 4.969658,
        "54": 3.042453,
        "55": 1.528815,
        "56": 5.122505,
        "57": 4.256474,
        "58": 4.117628,
        "59": 4.653047,
        "60": 1.545345,
        "61": 7.77651,
        "62": 4.862173,
        "63": 4.005213,
        "64": 5.779969,
        "65": 4.492025,
        "66": 2.389794,
        "67": 5.467987,
        "68": 2.649348,
        "69": 3.308007,
        "70": 6.936283,
        "71": 3.81509,
        "72": 1.547097,
        "73": 1.25917
      }
    },
    "medium": {
      "utilization_fraction": 0.5,
      "edge_latencies_ms": {
        "0": 4.813626,
        "1": 5.904833,
        "2": 3.384714,
        "3": 3.35443,
        "4": 4.744449,
        "5": 2.376308,
        "6": 1.329463,
        "7": 3.461406,
        "8": 4.172263,
        "9": 2.985902,
        "10": 8.955247,
        "11": 11.489989,
        "12": 4.509371,
        "13": 2.9002,
        "14": 2.16711,
        "15": 4.906622,
        "16": 6.596606,
        "17": 6.72699,
        "18": 11.745056,
        "19": 1.641416,
        "20": 3.26667,
        "21": 4.741222,
        "22": 4.192255,
        "23": 6.235432,
        "24": 2.333408,
        "25": 5.322368,
        "26": 6.404846,
        "27": 3.126352,
        "28": 6.706518,
        "29": 2.355788,
        "30": 7.227816,
        "31": 1.320544,
        "32": 6.051977,
        "33": 3.075353,
        "34": 5.60381,
        "35": 3.116377,
        "36": 6.177257,
        "37": 2.009076,
        "38": 5.634767,
        "39": 6.186719,
        "40": 5.955595,
        "41": 6.340935,
        "42": 6.429724,
        "43": 5.476341,
        "44": 6.242407,
        "45": 4.85279,
        "46": 3.83021,
        "47": 3.031149,
        "48": 3.404624,
        "49": 2.947,
        "50": 1.855125,
        "51": 4.303276,
        "52": 3.445857,
        "53": 4.970426,
        "54": 3.043238,
        "55": 1.553486,
        "56": 5.14272,
        "57": 4.258167,
        "58": 4.121759,
        "59": 4.655355,
        "60": 1.547641,
        "61": 7.777872,
        "62": 4.863838,
        "63": 4.006461,
        "64": 5.780875,
        "65": 4.493471,
        "66": 2.390969,
        "67": 5.469744,
        "68": 2.650233,
        "69": 3.308865,
        "70": 6.937953,
        "71": 3.815993,
        "72": 1.547988,
        "73": 1.260911
      }
    },
    "high": {
      "utilization_fraction": 0.8,
      "edge_latencies_ms": {
        "0": 4.818118,
        "1": 5.908543,
        "2": 3.389937,
        "3": 3.357717,
        "4": 4.812969,
        "5": 2.381113,
        "6": 1.332551,
        "7": 3.466015,
        "8": 4.178514,
        "9": 2.996056,
        "10": 9.005862,
        "11": 11.523335,
        "12": 4.533524,
        "13": 2.903633,
        "14": 2.171103,
        "15": 4.937301,
        "16": 6.630199,
        "17": 6.735424,
        "18": 11.820628,
        "19": 1.645793,
        "20": 3.274404,
        "21": 4.748826,
        "22": 4.204062,
        "23": 6.24305,
        "24": 2.336534,
        "25": 5.325648,
        "26": 6.408826,
        "27": 3.13006,
        "28": 6.775823,
        "29": 2.361277,
        "30": 7.236365,
        "31": 1.324705,
        "32": 6.05706,
        "33": 3.08459,
        "34": 5.606909,
        "35": 3.120087,
        "36": 6.184395,
        "37": 2.028505,
        "38": 5.638343,
        "39": 6.190736,
        "40": 5.970098,
        "41": 6.356436,
        "42": 6.434573,
        "43": 5.479703,
        "44": 6.246708,
        "45": 4.856547,
        "46": 3.838568,
        "47": 3.037932,
        "48": 3.410221,
        "49": 2.950046,
        "50": 1.858191,
        "51": 4.306686,
        "52": 3.450071,
        "53": 4.973497,
        "54": 3.046378,
        "55": 1.652173,
        "56": 5.223581,
        "57": 4.264938,
        "58": 4.138285,
        "59": 4.664589,
        "60": 1.556824,
        "61": 7.783323,
        "62": 4.870498,
        "63": 4.011454,
        "64": 5.784502,
        "65": 4.499253,
        "66": 2.39567,
        "67": 5.47677,
        "68": 2.653774,
        "69": 3.312294,
        "70": 6.944632,
        "71": 3.819607,
        "72": 1.551553,
        "73": 1.267875
      }
    },
    "flash": {
      "utilization_fraction": 0.95,
      "edge_latencies_ms": {
        "0": 4.840576,
        "1": 5.927094,
        "2": 3.416055,
        "3": 3.374155,
        "4": 5.155568,
        "5": 2.405142,
        "6": 1.347994,
        "7": 3.48906,
        "8": 4.20977,
        "9": 3.046822,
        "10": 9.258938,
        "11": 11.690063,
        "12": 4.65429,
        "13": 2.920797,
        "14": 2.191068,
        "15": 5.090699,
        "16": 6.798162,
        "17": 6.777593,
        "18": 12.198488,
        "19": 1.667679,
        "20": 3.313074,
        "21": 4.786846,
        "22": 4.263093,
        "23": 6.28114,
        "24": 2.352166,
        "25": 5.342048,
        "26": 6.428725,
        "27": 3.148604,
        "28": 7.12235,
        "29": 2.388721,
        "30": 7.279109,
        "31": 1.345511,
        "32": 6.082478,
        "33": 3.130774,
        "34": 5.622405,
        "35": 3.13864,
        "36": 6.220083,
        "37": 2.12565,
        "38": 5.656224,
        "39": 6.210825,
        "40": 6.042615,
        "41": 6.433941,
        "42": 6.458818,
        "43": 5.496509,
        "44": 6.268215,
        "45": 4.87533,
        "46": 3.880359,
        "47": 3.071844,
        "48": 3.438208,
        "49": 2.965275,
        "50": 1.873518,
        "51": 4.323736,
        "52": 3.471142,
        "53": 4.988852,
        "54": 3.062077,
        "55": 2.145606,
        "56": 5.627882,
        "57": 4.298791,
        "58": 4.220914,
        "59": 4.710756,
        "60": 1.602739,
        "61": 7.810578,
        "62": 4.903797,
        "63": 4.036416,
        "64": 5.802636,
        "65": 4.528165,
        "66": 2.419174,
        "67": 5.511901,
        "68": 2.671475,
        "69": 3.32944,
        "70": 6.978029,
        "71": 3.837675,
        "72": 1.569377,
        "73": 1.302691
      }
    }
  }
}