{
  "topology_id": 467,
  "load_conditions": {
    "low": {
      "utilization_fraction": 0.2,
      "edge_latencies_ms": {
        "0": 3.160444,
        "1": 14.988384,
        "2": 4.910717,
        "3": 3.470308,
        "4": 5.849622,
        "5": 7.924941,
        "6": 3.519437,
        "7": 3.824754,
        "8": 2.932447,
        "9": 2.472579,
        "10": 5.144366,
        "11": 5.99406,
        "12": 3.91985,
        "13": 2.530035,
        "14": 1.644027,
        "15": 4.999405,
        "16": 4.147033,
        "17": 2.942263,
        "18": 0.928892,
        "19": 4.919463,
        "20": 4.547277,
        "21": 2.678883,
        "22": 1.268436,
        "23": 3.105738,
        "24": 3.241238,
        "25": 0.885857,
        "26": 2.557563,
        "27": 6.127449,
        "28": 2.566942,
        "29": 7.060426,
        "30": 2.789315,
        "31": 7.815628,
        "32": 1.420331,
        "33": 4.299158,
        "34": 2.11298,
        "35": 3.960842,
        "36": 4.997094,
        "37": 2.50495,
        "38": 5.689495,
        "39": 3.881564,
        "40": 2.994867,
        "41": 7.731676,
        "42": 3.889974,
        "43": 8.028237,
        "44": 5.666917,
        "45": 9.256071,
        "46": 4.680668,
        "47": 7.979078,
        "48": 6.856609,
        "49": 6.898737,
        "50": 6.037392,
        "51": 5.98388,
        "52": 4.485718,
        "53": 12.237311,
        "54": 1.821191,
        "55": 1.844546,
        "56": 4.08756,
        "57": 3.763769,
        "58": 2.384048,
        "59": 4.012502,
        "60": 5.667205,
        "61": 14.32985,
        "62": 4.592024,
        "63": 2.826516,
        "64": 2.893307,
        "65": 5.296255,
        "66": 1.871289,
        "67": 3.074217,
        "68": 4.03099,
        "69": 0.906411,
        "70": 3.369111,
        "71": 2.277879,
        "72": 3.030415,
        "73": 1.054201
      }
    },
    "medium": {
      "utilization_fraction": 0.5,
      "edge_latencies_ms": {
        "0": 3.162341,
        "1": 14.995949,
        "2": 4.914688,
        "3": 3.472324,
        "4": 5.8504,
        "5": 7.925857,
        "6": 3.520962,
        "7": 3.82562,
        "8": 2.933252,
        "9": 2.473838,
        "10": 5.145409,
        "11": 5.995466,
        "12": 3.920936,
        "13": 2.530798,
        "14": 1.645875,
        "15": 5.000365,
        "16": 4.152848,
        "17": 2.943425,
        "18": 0.931043,
        "19": 4.921557,
        "20": 4.548783,
        "21": 2.67991,
        "22": 1.269224,
        "23": 3.107576,
        "24": 3.243179,
        "25": 0.887208,
        "26": 2.558419,
        "27": 6.162111,
        "28": 2.56884,
        "29": 7.101441,
        "30": 2.790216,
        "31": 7.825269,
        "32": 1.421429,
        "33": 4.300845,
        "34": 2.114548,
        "35": 3.964372,
        "36": 4.998011,
        "37": 2.505751,
        "38": 5.691053,
        "39": 3.882879,
        "40": 2.996373,
        "41": 7.739528,
        "42": 3.891509,
        "43": 8.038994,
        "44": 5.668448,
        "45": 9.268829,
        "46": 4.682323,
        "47": 7.980856,
        "48": 6.862093,
        "49": 6.899737,
        "50": 6.038749,
        "51": 5.985016,
        "52": 4.486813,
        "53": 12.249157,
        "54": 1.825334,
        "55": 1.845349,
        "56": 4.08949,
        "57": 3.764844,
        "58": 2.387988,
        "59": 4.015362,
        "60": 5.668686,
        "61": 14.34062,
        "62": 4.593163,
        "63": 2.828753,
        "64": 2.89422,
        "65": 5.297633,
        "66": 1.872183,
        "67": 3.076825,
        "68": 4.03238,
        "69": 0.907197,
        "70": 3.371174,
        "71": 2.280312,
        "72": 3.031195,
        "73": 1.055032
      }
    },
    "high": {
      "utilization_fraction": 0.8,
      "edge_latencies_ms": {
        "0": 3.169928,
        "1": 15.026209,
        "2": 4.930573,
        "3": 3.48039,
        "4": 5.853513,
        "5": 7.929521,
        "6": 3.527059,
        "7": 3.829084,
        "8": 2.936473,
        "9": 2.478876,
        "10": 5.149583,
        "11": 6.001089,
        "12": 3.925281,
        "13": 2.533851,
        "14": 1.653263,
        "15": 5.004202,
        "16": 4.176109,
        "17": 2.948074,
        "18": 0.939646,
        "19": 4.929932,
        "20": 4.55481,
        "21": 2.684019,
        "22": 1.272376,
        "23": 3.114925,
        "24": 3.250941,
        "25": 0.892612,
        "26": 2.561843,
        "27": 6.300761,
        "28": 2.576431,
        "29": 7.265501,
        "30": 2.79382,
        "31": 7.863834,
        "32": 1.425818,
        "33": 4.30759,
        "34": 2.120817,
        "35": 3.978492,
        "36": 5.001679,
        "37": 2.508958,
        "38": 5.697283,
        "39": 3.888138,
        "40": 3.002397,
        "41": 7.770936,
        "42": 3.897649,
        "43": 8.082022,
        "44": 5.674571,
        "45": 9.319862,
        "46": 4.688942,
        "47": 7.987965,
        "48": 6.884032,
        "49": 6.903739,
        "50": 6.044179,
        "51": 5.989563,
        "52": 4.491195,
        "53": 12.296539,
        "54": 1.841906,
        "55": 1.848563,
        "56": 4.097208,
        "57": 3.769145,
        "58": 2.403746,
        "59": 4.026803,
        "60": 5.674609,
        "61": 14.383699,
        "62": 4.59772,
        "63": 2.837702,
        "64": 2.897871,
        "65": 5.303145,
        "66": 1.875757,
        "67": 3.087256,
        "68": 4.037937,
        "69": 0.91034,
        "70": 3.379425,
        "71": 2.290045,
        "72": 3.034316,
        "73": 1.058359
      }
    },
    "flash": {
      "utilization_fraction": 0.95,
      "edge_latencies_ms": {
        "0": 3.207863,
        "1": 15.17751,
        "2": 5.009999,
        "3": 3.520718,
        "4": 5.869079,
        "5": 7.94784,
        "6": 3.557544,
        "7": 3.846404,
        "8": 2.95258,
        "9": 2.504065,
        "10": 5.170448,
        "11": 6.029204,
        "12": 3.947004,
        "13": 2.549114,
        "14": 1.690207,
        "15": 5.023387,
        "16": 4.292409,
        "17": 2.971316,
        "18": 0.982662,
        "19": 4.97181,
        "20": 4.584946,
        "21": 2.704559,
        "22": 1.288138,
        "23": 3.151672,
        "24": 3.289751,
        "25": 0.919633,
        "26": 2.578965,
        "27": 6.994012,
        "28": 2.614391,
        "29": 8.085799,
        "30": 2.811843,
        "31": 8.056658,
        "32": 1.447764,
        "33": 4.341314,
        "34": 2.152167,
        "35": 4.049093,
        "36": 5.020018,
        "37": 2.524991,
        "38": 5.728435,
        "39": 3.914434,
        "40": 3.032514,
        "41": 7.92798,
        "42": 3.928353,
        "43": 8.297164,
        "44": 5.705187,
        "45": 9.575022,
        "46": 4.722037,
        "47": 8.023512,
        "48": 6.993726,
        "49": 6.923747,
        "50": 6.071328,
        "51": 6.012297,
        "52": 4.513102,
        "53": 12.533451,
        "54": 1.924768,
        "55": 1.864633,
        "56": 4.135799,
        "57": 3.790651,
        "58": 2.482537,
        "59": 4.084007,
        "60": 5.704222,
        "61": 14.599094,
        "62": 4.620501,
        "63": 2.882445,
        "64": 2.91613,
        "65": 5.330703,
        "66": 1.893629,
        "67": 3.139409,
        "68": 4.065724,
        "69": 0.926054,
        "70": 3.420683,
        "71": 2.338709,
        "72": 3.049923,
        "73": 1.074991
      }
    }
  }
}