{
  "topology_id": 198,
  "load_conditions": {
    "low": {
      "utilization_fraction": 0.2,
      "edge_latencies_ms": {
        "0": 4.203764,
        "1": 5.44407,
        "2": 3.752356,
        "3": 3.950878,
        "4": 6.45931,
        "5": 5.061472,
        "6": 4.96508,
        "7": 5.086763,
        "8": 4.226084,
        "9": 5.811088,
        "10": 2.044773,
        "11": 3.300897,
        "12": 3.628068,
        "13": 3.049268,
        "14": 4.05332,
        "15": 3.766753,
        "16": 3.108919,
        "17": 3.107612,
        "18": 7.115579,
        "19": 5.876415,
        "20": 2.07357,
        "21": 8.858915,
        "22": 3.682785,
        "23": 5.119127,
        "24": 12.503312,
        "25": 2.282754,
        "26": 8.606961,
        "27": 2.214146,
        "28": 4.383932,
        "29": 5.148861,
        "30": 3.590624,
        "31": 4.192101,
        "32": 6.47186,
        "33": 1.929747,
        "34": 4.882964,
        "35": 5.85257,
        "36": 11.112255,
        "37": 2.809871,
        "38": 1.37944,
        "39": 1.104626,
        "40": 3.413939,
        "41": 1.472746,
        "42": 3.290312,
        "43": 2.298827,
        "44": 5.030897,
        "45": 2.638372,
        "46": 5.957785,
        "47": 3.464836,
        "48": 4.858978,
        "49": 4.912658,
        "50": 2.669066,
        "51": 2.955557,
        "52": 0.694324,
        "53": 2.921925,
        "54": 4.024337,
        "55": 6.553521,
        "56": 2.581235,
        "57": 1.72012,
        "58": 2.267737,
        "59": 3.053174,
        "60": 3.128296,
        "61": 2.883267,
        "62": 2.057649,
        "63": 5.318746,
        "64": 2.5233,
        "65": 2.09725,
        "66": 5.363504,
        "67": 2.947095,
        "68": 2.95472,
        "69": 1.761498,
        "70": 2.384503,
        "71": 3.750738,
        "72": 2.388807,
        "73": 6.428406,
        "74": 3.361437,
        "75": 5.014527,
        "76": 5.036135,
        "77": 3.751401,
        "78": 7.122122,
        "79": 3.974037,
        "80": 18.570656,
        "81": 3.423222,
        "82": 5.194865,
        "83": 11.781979,
        "84": 4.42762,
        "85": 4.742754,
        "86": 4.962191,
        "87": 6.582172,
        "88": 6.841496,
        "89": 7.377952,
        "90": 3.400566,
        "91": 3.844321,
        "92": 7.515114,
        "93": 3.636753,
        "94": 2.396701,
        "95": 3.791373,
        "96": 4.062094,
        "97": 16.067881,
        "98": 4.219732,
        "99": 3.592004,
        "100": 3.576409,
        "101": 4.631804,
        "102": 2.228568,
        "103": 3.668007,
        "104": 5.107953,
        "105": 6.851063,
        "106": 5.100559,
        "107": 4.488244,
        "108": 3.796678,
        "109": 2.45583,
        "110": 6.920343,
        "111": 5.230102,
        "112": 5.347145,
        "113": 1.972543,
        "114": 3.456399,
        "115": 4.471055,
        "116": 3.272934,
        "117": 3.109154,
        "118": 2.256691,
        "119": 4.098373,
        "120": 1.683735,
        "121": 4.100296,
        "122": 6.279671,
        "123": 5.534499,
        "124": 3.583007,
        "125": 2.062466,
        "126": 4.540553,
        "127": 3.782417,
        "128": 5.170332,
        "129": 2.784393,
        "130": 4.611482,
        "131": 5.923038,
        "132": 3.220879,
        "133": 7.625786,
        "134": 3.79184,
        "135": 1.733459,
        "136": 8.968443,
        "137": 3.165914,
        "138": 13.570849,
        "139": 4.344074,
        "140": 8.8063,
        "141": 3.40159,
        "142": 3.636002,
        "143": 2.589895,
        "144": 4.193305,
        "145": 3.844894,
        "146": 2.697579,
        "147": 0.828076,
        "148": 3.932606,
        "149": 4.488149,
        "150": 5.791474,
        "151": 6.752027,
        "152": 3.666466,
        "153": 3.951789,
        "154": 2.306217,
        "155": 4.810472,
        "156": 3.677204,
        "157": 5.315658,
        "158": 1.707003
      }
    },
    "medium": {
      "utilization_fraction": 0.5,
      "edge_latencies_ms": {
        "0": 4.208425,
        "1": 5.445,
        "2": 3.753456,
        "3": 3.95379,
        "4": 6.463005,
        "5": 5.063472,
        "6": 4.966443,
        "7": 5.08758,
        "8": 4.227063,
        "9": 5.817966,
        "10": 2.04659,
        "11": 3.301865,
        "12": 3.634083,
        "13": 3.05172,
        "14": 4.054948,
        "15": 3.767609,
        "16": 3.110418,
        "17": 3.109514,
        "18": 7.119299,
        "19": 5.877288,
        "20": 2.074471,
        "21": 8.8606,
        "22": 3.683703,
        "23": 5.122565,
        "24": 12.52745,
        "25": 2.283545,
        "26": 8.608136,
        "27": 2.215401,
        "28": 4.385227,
        "29": 5.156409,
        "30": 3.594064,
        "31": 4.193108,
        "32": 6.473114,
        "33": 1.931951,
        "34": 4.884078,
        "35": 5.882096,
        "36": 11.125163,
        "37": 2.810653,
        "38": 1.381464,
        "39": 1.105804,
        "40": 3.414736,
        "41": 1.473565,
        "42": 3.291447,
        "43": 2.299744,
        "44": 5.031724,
        "45": 2.639364,
        "46": 5.962513,
        "47": 3.4658,
        "48": 4.861777,
        "49": 4.913684,
        "50": 2.669899,
        "51": 2.958858,
        "52": 0.695237,
        "53": 2.922762,
        "54": 4.029079,
        "55": 6.554565,
        "56": 2.582302,
        "57": 1.727336,
        "58": 2.269025,
        "59": 3.059963,
        "60": 3.129762,
        "61": 2.885967,
        "62": 2.058468,
        "63": 5.321549,
        "64": 2.525667,
        "65": 2.09844,
        "66": 5.364418,
        "67": 2.948773,
        "68": 2.95602,
        "69": 1.762329,
        "70": 2.385702,
        "71": 3.751681,
        "72": 2.392861,
        "73": 6.429266,
        "74": 3.36297,
        "75": 5.015325,
        "76": 5.039189,
        "77": 3.752288,
        "78": 7.123438,
        "79": 3.974895,
        "80": 18.580157,
        "81": 3.424693,
        "82": 5.19789,
        "83": 11.794833,
        "84": 4.450492,
        "85": 4.744285,
        "86": 4.963587,
        "87": 6.588579,
        "88": 6.845267,
        "89": 7.378721,
        "90": 3.401772,
        "91": 3.846709,
        "92": 7.516452,
        "93": 3.638353,
        "94": 2.39752,
        "95": 3.7926,
        "96": 4.063836,
        "97": 16.08314,
        "98": 4.22062,
        "99": 3.592766,
        "100": 3.579748,
        "101": 4.633739,
        "102": 2.22934,
        "103": 3.669324,
        "104": 5.109137,
        "105": 6.852695,
        "106": 5.10256,
        "107": 4.489331,
        "108": 3.797533,
        "109": 2.458942,
        "110": 6.923725,
        "111": 5.232103,
        "112": 5.349308,
        "113": 1.973501,
        "114": 3.458987,
        "115": 4.471962,
        "116": 3.27413,
        "117": 3.112711,
        "118": 2.260241,
        "119": 4.101866,
        "120": 1.684872,
        "121": 4.101115,
        "122": 6.2809,
        "123": 5.536459,
        "124": 3.584401,
        "125": 2.130361,
        "126": 4.543262,
        "127": 3.784146,
        "128": 5.171218,
        "129": 2.788754,
        "130": 4.61354,
        "131": 5.924271,
        "132": 3.222661,
        "133": 7.627361,
        "134": 3.794866,
        "135": 1.734564,
        "136": 8.970906,
        "137": 3.166776,
        "138": 13.58455,
        "139": 4.345718,
        "140": 8.808098,
        "141": 3.402777,
        "142": 3.637105,
        "143": 2.591226,
        "144": 4.194664,
        "145": 3.847484,
        "146": 2.698914,
        "147": 0.829778,
        "148": 3.933693,
        "149": 4.490429,
        "150": 5.792354,
        "151": 6.755032,
        "152": 3.668628,
        "153": 3.952852,
        "154": 2.307562,
        "155": 4.81428,
        "156": 3.678836,
        "157": 5.317224,
        "158": 1.709491
      }
    },
    "high": {
      "utilization_fraction": 0.8,