{
  "topology_id": 319,
  "load_conditions": {
    "low": {
      "utilization_fraction": 0.2,
      "edge_latencies_ms": {
        "0": 4.756064,
        "1": 1.840377,
        "2": 10.38828,
        "3": 4.634432,
        "4": 3.177638,
        "5": 7.023108,
        "6": 2.063652,
        "7": 8.744338,
        "8": 2.287521,
        "9": 6.416793,
        "10": 2.664022,
        "11": 3.076757,
        "12": 3.449204,
        "13": 1.847702,
        "14": 2.52865,
        "15": 2.735422,
        "16": 4.110165,
        "17": 3.124808,
        "18": 2.294332,
        "19": 6.338929,
        "20": 5.704471,
        "21": 2.075867,
        "22": 5.464577,
        "23": 1.83453,
        "24": 3.035988,
        "25": 6.847731,
        "26": 8.481951,
        "27": 5.670316
      }
    },
    "medium": {
      "utilization_fraction": 0.5,
      "edge_latencies_ms": {
        "0": 4.760151,
        "1": 1.8436,
        "2": 10.396295,
        "3": 4.635465,
        "4": 3.179545,
        "5": 7.03409,
        "6": 2.064413,
        "7": 8.752625,
        "8": 2.289755,
        "9": 6.428406,
        "10": 2.665108,
        "11": 3.078024,
        "12": 3.45256,
        "13": 1.849219,
        "14": 2.53098,
        "15": 2.736445,
        "16": 4.113414,
        "17": 3.127557,
        "18": 2.296177,
        "19": 6.342538,
        "20": 5.705277,
        "21": 2.07671,
        "22": 5.466967,
        "23": 1.836663,
        "24": 3.037614,
        "25": 6.848699,
        "26": 8.482807,
        "27": 5.671923
      }
    },
    "high": {
      "utilization_fraction": 0.8,
      "edge_latencies_ms": {
        "0": 4.776497,
        "1": 1.856492,
        "2": 10.428357,
        "3": 4.639598,
        "4": 3.187171,
        "5": 7.078016,
        "6": 2.067457,
        "7": 8.785776,
        "8": 2.298691,
        "9": 6.474857,
        "10": 2.669453,
        "11": 3.083094,
        "12": 3.465985,
        "13": 1.855288,
        "14": 2.5403,
        "15": 2.740539,
        "16": 4.126409,
        "17": 3.138551,
        "18": 2.303557,
        "19": 6.356977,
        "20": 5.7085,
        "21": 2.080082,
        "22": 5.476526,
        "23": 1.845193,
        "24": 3.044119,
        "25": 6.852571,
        "26": 8.486231,
        "27": 5.678348
      }
    },
    "flash": {
      "utilization_fraction": 0.95,
      "edge_latencies_ms": {
        "0": 4.858227,
        "1": 1.920955,
        "2": 10.588666,
        "3": 4.66026,
        "4": 3.225303,
        "5": 7.297646,
        "6": 2.082677,
        "7": 8.95153,
        "8": 2.343373,
        "9": 6.70711,
        "10": 2.69118,
        "11": 3.108441,
        "12": 3.53311,
        "13": 1.885634,
        "14": 2.586902,
        "15": 2.761008,
        "16": 4.191383,
        "17": 3.193521,
        "18": 2.340458,
        "19": 6.429168,
        "20": 5.724616,
        "21": 2.096945,
        "22": 5.52432,
        "23": 1.887845,
        "24": 3.076644,
        "25": 6.871933,
        "26": 8.503349,
        "27": 5.710477
      }
    }
  }
}