{
  "topology_id": 116,
  "load_conditions": {
    "low": {
      "utilization_fraction": 0.2,
      "edge_latencies_ms": {
        "0": 1.254173,
        "1": 2.894471,
        "2": 5.51483,
        "3": 5.894541,
        "4": 6.281329,
        "5": 3.424569,
        "6": 11.482474,
        "7": 4.195676,
        "8": 3.776439,
        "9": 3.783755,
        "10": 18.617766,
        "11": 5.921851,
        "12": 1.714991,
        "13": 2.585117,
        "14": 4.740296,
        "15": 3.814456,
        "16": 5.537391,
        "17": 7.435227,
        "18": 5.50288,
        "19": 1.575105,
        "20": 6.095889,
        "21": 5.92261,
        "22": 11.809845,
        "23": 12.858572,
        "24": 2.362268,
        "25": 3.524381,
        "26": 3.16167,
        "27": 0.992325,
        "28": 2.318738,
        "29": 5.282489,
        "30": 1.854737,
        "31": 3.259934,
        "32": 2.540104,
        "33": 2.915098,
        "34": 3.143856,
        "35": 2.67579,
        "36": 3.675547,
        "37": 3.372611,
        "38": 1.601444,
        "39": 4.037237,
        "40": 4.41363,
        "41": 2.398052,
        "42": 4.452745,
        "43": 3.707551,
        "44": 0.902351,
        "45": 3.673885,
        "46": 3.99916,
        "47": 4.909159,
        "48": 3.090403,
        "49": 3.086442,
        "50": 2.396021,
        "51": 4.730527,
        "52": 3.597125,
        "53": 3.877823,
        "54": 3.810332,
        "55": 2.420041,
        "56": 1.97351,
        "57": 1.339335,
        "58": 3.924024,
        "59": 2.770889,
        "60": 3.865958,
        "61": 3.439771,
        "62": 6.830303,
        "63": 1.923009,
        "64": 2.122422,
        "65": 3.539992,
        "66": 2.292642,
        "67": 5.367785,
        "68": 4.112288,
        "69": 5.829634
      }
    },
    "medium": {
      "utilization_fraction": 0.5,
      "edge_latencies_ms": {
        "0": 1.257928,
        "1": 2.895305,
        "2": 5.518171,
        "3": 5.895558,
        "4": 6.282308,
        "5": 3.425705,
        "6": 11.494519,
        "7": 4.196429,
        "8": 3.78325,
        "9": 3.784534,
        "10": 18.649243,
        "11": 5.923976,
        "12": 1.717174,
        "13": 2.586646,
        "14": 4.741308,
        "15": 3.816494,
        "16": 5.540589,
        "17": 7.436095,
        "18": 5.503803,
        "19": 1.575873,
        "20": 6.100007,
        "21": 5.925442,
        "22": 11.818697,
        "23": 12.876195,
        "24": 2.363952,
        "25": 3.530229,
        "26": 3.164042,
        "27": 1.022188,
        "28": 2.322209,
        "29": 5.283364,
        "30": 1.856119,
        "31": 3.260947,
        "32": 2.540919,
        "33": 2.916089,
        "34": 3.147104,
        "35": 2.689459,
        "36": 3.676529,
        "37": 3.374029,
        "38": 1.605034,
        "39": 4.039303,
        "40": 4.414531,
        "41": 2.399241,
        "42": 4.453532,
        "43": 3.708412,
        "44": 0.903163,
        "45": 3.712595,
        "46": 4.003782,
        "47": 4.910133,
        "48": 3.091429,
        "49": 3.087198,
        "50": 2.396882,
        "51": 4.731862,
        "52": 3.603278,
        "53": 3.878779,
        "54": 3.811082,
        "55": 2.420801,
        "56": 1.974463,
        "57": 1.341602,
        "58": 3.924884,
        "59": 2.772676,
        "60": 3.866818,
        "61": 3.441454,
        "62": 6.831141,
        "63": 1.925664,
        "64": 2.123385,
        "65": 3.540837,
        "66": 2.294653,
        "67": 5.370668,
        "68": 4.113942,
        "69": 5.830948
      }
    },
    "high": {
      "utilization_fraction": 0.8,
      "edge_latencies_ms": {
        "0": 1.272947,
        "1": 2.898644,
        "2": 5.531537,
        "3": 5.899625,
        "4": 6.286223,
        "5": 3.430247,
        "6": 11.542698,
        "7": 4.19944,
        "8": 3.810496,
        "9": 3.787649,
        "10": 18.775152,
        "11": 5.932478,
        "12": 1.725907,
        "13": 2.592765,
        "14": 4.745353,
        "15": 3.824646,
        "16": 5.553379,
        "17": 7.439566,
        "18": 5.507496,
        "19": 1.578944,
        "20": 6.116478,
        "21": 5.936769,
        "22": 11.854105,
        "23": 12.946688,
        "24": 2.370687,
        "25": 3.553621,
        "26": 3.173531,
        "27": 1.141637,
        "28": 2.336092,
        "29": 5.28686,
        "30": 1.861648,
        "31": 3.264996,
        "32": 2.544177,
        "33": 2.920054,
        "34": 3.160097,
        "35": 2.744133,
        "36": 3.680456,
        "37": 3.3797,
        "38": 1.619397,
        "39": 4.04757,
        "40": 4.418138,
        "41": 2.403999,
        "42": 4.456679,
        "43": 3.711857,
        "44": 0.906411,
        "45": 3.867436,
        "46": 4.022273,
        "47": 4.914027,
        "48": 3.095534,
        "49": 3.090225,
        "50": 2.400326,
        "51": 4.737202,
        "52": 3.627892,
        "53": 3.8826,
        "54": 3.814083,
        "55": 2.423842,
        "56": 1.978271,
        "57": 1.350672,
        "58": 3.928323,
        "59": 2.779827,
        "60": 3.870256,
        "61": 3.448188,
        "62": 6.834491,
        "63": 1.936282,
        "64": 2.127237,
        "65": 3.544219,
        "66": 2.3027,
        "67": 5.382198,
        "68": 4.120559,
        "69": 5.836203
      }
    },
    "flash": {
      "utilization_fraction": 0.95,
      "edge_latencies_ms": {
        "0": 1.348042,
        "1": 2.915337,
        "2": 5.598366,
        "3": 5.919961,
        "4": 6.305798,
        "5": 3.452959,
        "6": 11.783593,
        "7": 4.214496,
        "8": 3.946725,
        "9": 3.803225,
        "10": 19.404698,
        "11": 5.974989,
        "12": 1.76957,
        "13": 2.623359,
        "14": 4.76558,
        "15": 3.865403,
        "16": 5.61733,
        "17": 7.456925,
        "18": 5.52596,
        "19": 1.594301,
        "20": 6.198836,
        "21": 5.993402,
        "22": 12.031145,
        "23": 13.299148,
        "24": 2.404364,
        "25": 3.670579,
        "26": 3.220972,
        "27": 1.738883,
        "28": 2.405506,
        "29": 5.304342,
        "30": 1.889292,
        "31": 3.285245,
        "32": 2.560467,
        "33": 2.939875,
        "34": 3.225059,
        "35": 3.017504,
        "36": 3.700095,
        "37": 3.408056,
        "38": 1.691212,
        "39": 4.088903,
        "40": 4.436174,
        "41": 2.427786,
        "42": 4.472417,
        "43": 3.729083,
        "44": 0.922654,
        "45": 4.641642,
        "46": 4.114726,
        "47": 4.933496,
        "48": 3.116056,
        "49": 3.105359,
        "50": 2.417545,
        "51": 4.763903,
        "52": 3.750959,
        "53": 3.901709,
        "54": 3.829088,
        "55": 2.439044,
        "56": 1.997311,
        "57": 1.396019,
        "58": 3.945517,
        "59": 2.815578,
        "60": 3.887444,
        "61": 3.481855,
        "62": 6.851245,
        "63": 1.989372,
        "64": 2.146495,
        "65": 3.561126,
        "66": 2.342935,
        "67": 5.43985,
        "68": 4.153643,
        "69": 5.862479
      }
    }
  }
}