{
  "topology_id": 486,
  "load_conditions": {
    "low": {
      "utilization_fraction": 0.2,
      "edge_latencies_ms": {
        "0": 2.756052,
        "1": 2.276599,
        "2": 6.517483,
        "3": 3.559814,
        "4": 5.929707,
        "5": 2.03683,
        "6": 3.329831,
        "7": 8.956858,
        "8": 2.848594,
        "9": 4.715216,
        "10": 7.133409,
        "11": 6.810541,
        "12": 2.558315,
        "13": 4.994779,
        "14": 6.123422,
        "15": 6.36405,
        "16": 2.192948,
        "17": 2.991753,
        "18": 5.106078,
        "19": 2.748488,
        "20": 2.740991,
        "21": 2.374193,
        "22": 4.373925,
        "23": 1.648073,
        "24": 2.881449,
        "25": 4.851366,
        "26": 3.878166,
        "27": 6.442543,
        "28": 7.245085,
        "29": 2.237853,
        "30": 2.875917,
        "31": 6.757524,
        "32": 7.270826,
        "33": 2.981506,
        "34": 4.584967,
        "35": 6.703591,
        "36": 2.521138,
        "37": 4.380801,
        "38": 4.848159,
        "39": 1.877192,
        "40": 3.09101,
        "41": 1.233775,
        "42": 4.657457,
        "43": 3.492107,
        "44": 1.717087,
        "45": 3.591828
      }
    },
    "medium": {
      "utilization_fraction": 0.5,
      "edge_latencies_ms": {
        "0": 2.756878,
        "1": 2.279043,
        "2": 6.519577,
        "3": 3.561705,
        "4": 5.939481,
        "5": 2.040197,
        "6": 3.330593,
        "7": 8.965155,
        "8": 2.849543,
        "9": 4.717641,
        "10": 7.156424,
        "11": 6.811771,
        "12": 2.561465,
        "13": 5.001385,
        "14": 6.124199,
        "15": 6.379647,
        "16": 2.194238,
        "17": 2.992545,
        "18": 5.117688,
        "19": 2.749476,
        "20": 2.743365,
        "21": 2.375515,
        "22": 4.408801,
        "23": 1.650299,
        "24": 2.882652,
        "25": 4.85212,
        "26": 3.882733,
        "27": 6.445535,
        "28": 7.245944,
        "29": 2.238866,
        "30": 2.877902,
        "31": 6.758653,
        "32": 7.273858,
        "33": 2.982351,
        "34": 4.586104,
        "35": 6.705315,
        "36": 2.521943,
        "37": 4.381585,
        "38": 4.850643,
        "39": 1.878939,
        "40": 3.091859,
        "41": 1.234791,
        "42": 4.658694,
        "43": 3.493177,
        "44": 1.718152,
        "45": 3.592598
      }
    },
    "high": {
      "utilization_fraction": 0.8,
      "edge_latencies_ms": {
        "0": 2.760182,
        "1": 2.288819,
        "2": 6.527955,
        "3": 3.569265,
        "4": 5.978576,
        "5": 2.053662,
        "6": 3.33364,
        "7": 8.998344,
        "8": 2.85334,
        "9": 4.727343,
        "10": 7.248485,
        "11": 6.81669,
        "12": 2.574067,
        "13": 5.027808,
        "14": 6.127309,
        "15": 6.442037,
        "16": 2.199398,
        "17": 2.995713,
        "18": 5.164128,
        "19": 2.75343,
        "20": 2.752862,
        "21": 2.380803,
        "22": 4.548306,
        "23": 1.659201,
        "24": 2.887464,
        "25": 4.855138,
        "26": 3.901002,
        "27": 6.457503,
        "28": 7.24938,
        "29": 2.242922,
        "30": 2.88584,
        "31": 6.763169,
        "32": 7.285989,
        "33": 2.985729,
        "34": 4.590655,
        "35": 6.712207,
        "36": 2.525163,
        "37": 4.384719,
        "38": 4.860581,
        "39": 1.885927,
        "40": 3.095258,
        "41": 1.238855,
        "42": 4.663641,
        "43": 3.497459,
        "44": 1.722409,
        "45": 3.595678
      }
    },
    "flash": {
      "utilization_fraction": 0.95,
      "edge_latencies_ms": {
        "0": 2.776702,
        "1": 2.337697,
        "2": 6.569846,
        "3": 3.60707,
        "4": 6.174049,
        "5": 2.120991,
        "6": 3.348874,
        "7": 9.164287,
        "8": 2.872323,
        "9": 4.77585,
        "10": 7.70879,
        "11": 6.841285,
        "12": 2.637076,
        "13": 5.159924,
        "14": 6.14286,
        "15": 6.753986,
        "16": 2.225197,
        "17": 3.011552,
        "18": 5.396324,
        "19": 2.773202,
        "20": 2.800348,
        "21": 2.407243,
        "22": 5.245827,
        "23": 1.703711,
        "24": 2.911521,
        "25": 4.870226,
        "26": 3.992345,
        "27": 6.517344,
        "28": 7.266563,
        "29": 2.263198,
        "30": 2.925529,
        "31": 6.785747,
        "32": 7.346642,
        "33": 3.002623,
        "34": 4.613406,
        "35": 6.746669,
        "36": 2.541263,
        "37": 4.400391,
        "38": 4.910271,
        "39": 1.92087,
        "40": 3.112252,
        "41": 1.259174,
        "42": 4.688378,
        "43": 3.51887,
        "44": 1.743699,
        "45": 3.611075
      }
    }
  }
}