{
  "topology_id": 414,
  "load_conditions": {
    "low": {
      "utilization_fraction": 0.2,
      "edge_latencies_ms": {
        "0": 3.974346,
        "1": 6.800649,
        "2": 6.118656,
        "3": 2.890678,
        "4": 2.308124,
        "5": 12.344988,
        "6": 9.663279,
        "7": 4.453472,
        "8": 5.602328,
        "9": 9.072818,
        "10": 3.35938,
        "11": 3.304826,
        "12": 6.691605,
        "13": 4.18846,
        "14": 1.056849,
        "15": 5.626037,
        "16": 2.823935,
        "17": 1.449166,
        "18": 3.954581,
        "19": 4.132958,
        "20": 2.656292,
        "21": 4.126386,
        "22": 4.866066,
        "23": 11.604412,
        "24": 5.700988,
        "25": 3.865561,
        "26": 8.021393,
        "27": 2.15733,
        "28": 4.169222,
        "29": 5.254374,
        "30": 5.844816,
        "31": 2.979493,
        "32": 2.40754,
        "33": 4.478788,
        "34": 12.673648,
        "35": 4.82735,
        "36": 4.130306,
        "37": 1.645066,
        "38": 2.547183,
        "39": 5.96314,
        "40": 6.443487,
        "41": 3.783255,
        "42": 2.23981,
        "43": 2.515564,
        "44": 2.435342,
        "45": 3.284565,
        "46": 5.543842,
        "47": 4.484729,
        "48": 3.650313,
        "49": 0.41746,
        "50": 4.757956,
        "51": 4.609677,
        "52": 2.339908,
        "53": 5.677933
      }
    },
    "medium": {
      "utilization_fraction": 0.5,
      "edge_latencies_ms": {
        "0": 3.975954,
        "1": 6.805169,
        "2": 6.12719,
        "3": 2.891436,
        "4": 2.309416,
        "5": 12.381037,
        "6": 9.674559,
        "7": 4.454296,
        "8": 5.603476,
        "9": 9.091536,
        "10": 3.360252,
        "11": 3.306651,
        "12": 6.702326,
        "13": 4.189264,
        "14": 1.058246,
        "15": 5.644043,
        "16": 2.825047,
        "17": 1.453895,
        "18": 3.95541,
        "19": 4.146217,
        "20": 2.660092,
        "21": 4.127602,
        "22": 4.867739,
        "23": 11.629618,
        "24": 5.701787,
        "25": 3.866563,
        "26": 8.03147,
        "27": 2.159517,
        "28": 4.170116,
        "29": 5.255187,
        "30": 5.846501,
        "31": 2.982288,
        "32": 2.409002,
        "33": 4.47959,
        "34": 12.686331,
        "35": 4.828525,
        "36": 4.13451,
        "37": 1.646006,
        "38": 2.548594,
        "39": 5.96517,
        "40": 6.446086,
        "41": 3.784078,
        "42": 2.240594,
        "43": 2.516902,
        "44": 2.438931,
        "45": 3.285724,
        "46": 5.544606,
        "47": 4.485982,
        "48": 3.654055,
        "49": 0.418647,
        "50": 4.762616,
        "51": 4.612355,
        "52": 2.341018,
        "53": 5.678918
      }
    },
    "high": {
      "utilization_fraction": 0.8,
      "edge_latencies_ms": {
        "0": 3.982384,
        "1": 6.82325,
        "2": 6.161326,
        "3": 2.894467,
        "4": 2.314581,
        "5": 12.525232,
        "6": 9.719681,
        "7": 4.457589,
        "8": 5.608068,
        "9": 9.166411,
        "10": 3.363736,
        "11": 3.313952,
        "12": 6.745213,
        "13": 4.192483,
        "14": 1.063833,
        "15": 5.71607,
        "16": 2.829493,
        "17": 1.472811,
        "18": 3.958723,
        "19": 4.199251,
        "20": 2.675293,
        "21": 4.132465,
        "22": 4.874432,
        "23": 11.730441,
        "24": 5.704982,
        "25": 3.87057,
        "26": 8.071778,
        "27": 2.168263,
        "28": 4.17369,
        "29": 5.258439,
        "30": 5.853243,
        "31": 2.993472,
        "32": 2.414849,
        "33": 4.482798,
        "34": 12.737063,
        "35": 4.833226,
        "36": 4.151327,
        "37": 1.649766,
        "38": 2.554236,
        "39": 5.973291,
        "40": 6.45648,
        "41": 3.787368,
        "42": 2.243733,
        "43": 2.522254,
        "44": 2.453284,
        "45": 3.290361,
        "46": 5.547659,
        "47": 4.490995,
        "48": 3.66902,
        "49": 0.423395,
        "50": 4.781258,
        "51": 4.623066,
        "52": 2.345458,
        "53": 5.682858
      }
    },
    "flash": {
      "utilization_fraction": 0.95,
      "edge_latencies_ms": {
        "0": 4.014538,
        "1": 6.913654,
        "2": 6.332006,
        "3": 2.909622,
        "4": 2.340408,
        "5": 13.246208,
        "6": 9.945291,
        "7": 4.474056,
        "8": 5.631028,
        "9": 9.540785,
        "10": 3.381161,
        "11": 3.350458,
        "12": 6.959645,
        "13": 4.208577,
        "14": 1.091771,
        "15": 6.076202,
        "16": 2.851723,
        "17": 1.567391,
        "18": 3.975292,
        "19": 4.464424,
        "20": 2.751298,
        "21": 4.156783,
        "22": 4.907899,
        "23": 12.234555,
        "24": 5.720959,
        "25": 3.890604,
        "26": 8.273318,
        "27": 2.211993,
        "28": 4.19156,
        "29": 5.274701,
        "30": 5.886949,
        "31": 3.049388,
        "32": 2.444083,
        "33": 4.498836,
        "34": 12.990724,
        "35": 4.856728,
        "36": 4.23541,
        "37": 1.668565,
        "38": 2.582444,
        "39": 6.013899,
        "40": 6.508448,
        "41": 3.80382,
        "42": 2.259428,
        "43": 2.549013,
        "44": 2.525051,
        "45": 3.313543,
        "46": 5.562923,
        "47": 4.516059,
        "48": 3.743847,
        "49": 0.447136,
        "50": 4.874469,
        "51": 4.676621,
        "52": 2.367658,
        "53": 5.702556
      }
    }
  }
}