{
  "summary": {
    "gcn": {
      "mae_ms": 0.04213916976004839,
      "rmse_ms": 0.07036645524203777,
      "r2": 0.9992282837629318,
      "mape_pct": 1.3877583742141724,
      "spearman_rho": 0.9997568645787143,
      "max_ae_ms": 1.0774965286254883,
      "param_count": 16484,
      "ckpt_mb": 0.070022,
      "ms_per_graph": 5.249425001238706
    },
    "gat": {
      "mae_ms": 0.03275897819548845,
      "rmse_ms": 0.06440598051995039,
      "r2": 0.9993407428264618,
      "mape_pct": 1.4777138233184814,
      "spearman_rho": 0.9997400383735814,
      "max_ae_ms": 1.1370372772216797,
      "param_count": 26692,
      "ckpt_mb": 0.111998,
      "ms_per_graph": 7.095925000612624
    },
    "mpnn": {
      "mae_ms": 0.1648770458996296,
      "rmse_ms": 0.3323586583137512,
      "r2": 0.983044221997261,
      "mape_pct": 4.267390727996826,
      "spearman_rho": 0.9929252505556586,
      "max_ae_ms": 4.831177711486816,
      "param_count": 308068,
      "ckpt_mb": 1.238668,
      "ms_per_graph": 5.888475003303029
    },
    "routenet": {
      "mae_ms": 0.015961822355166078,
      "rmse_ms": 0.02359622484073043,
      "r2": 0.9999072998762131,
      "mape_pct": 0.5024603605270386,
      "spearman_rho": 0.9999478269347765,
      "max_ae_ms": 0.701263427734375,
      "param_count": 66340,
      "ckpt_mb": 0.273008,
      "ms_per_graph": 18.640898000157904
    },
    "custom": {
      "mae_ms": 0.0655297813937068,
      "rmse_ms": 0.10726917907595634,
      "r2": 0.9982312768697739,
      "mape_pct": 1.9355614185333252,
      "spearman_rho": 0.9989804945890833,
      "max_ae_ms": 1.2738590240478516,
      "param_count": 42021,
      "ckpt_mb": 0.174456,
      "ms_per_graph": 7.587000000057742
    },
    "tgnn": {
      "mae_ms": 2.974807024002075,
      "rmse_ms": 6.584587097167969,
      "r2": 0.7272303700447083,
      "mape_pct": 63.04497146606445,
      "spearman_rho": 0.4690336092029135,
      "max_ae_ms": 139.83316040039062,
      "param_count": 50433,
      "ckpt_mb": 0.2098,
      "ms_per_graph": 14.86767733333217
    }
  },
  "per_topology_type_mae": {
    "gcn": {
      "random": 0.04643350504338741,
      "scale_free": 0.04028824767605825,
      "mesh": 0.05588403317545142,
      "ring": 0.05027909241616726,
      "hybrid": 0.041649671643972395
    },
    "gat": {
      "random": 0.032859564572572705,
      "scale_free": 0.033131134950301865,
      "mesh": 0.045952586590179374,
      "ring": 0.0400560287758708,
      "hybrid": 0.03382167704403401
    },
    "mpnn": {
      "random": 0.19802773967385293,
      "scale_free": 0.15318866751410745,
      "mesh": 0.22934527375868388,
      "ring": 0.28886617720127106,
      "hybrid": 0.20058282166719438
    },
    "routenet": {
      "random": 0.016215943079441787,
      "scale_free": 0.01594419345598329,
      "mesh": 0.01911598290981991,
      "ring": 0.021593392826616764,
      "hybrid": 0.01698303371667862
    },
    "custom": {
      "random": 0.07124120555818081,
      "scale_free": 0.06738404929637909,
      "mesh": 0.08789813811225551,
      "ring": 0.08830264918506145,
      "hybrid": 0.07232085913419724
    },
    "tgnn": {
      "random": 2.672797732306765,
      "scale_free": 2.7546514419336168,
      "mesh": 3.0154139651792256,
      "ring": 4.135525743998782,
      "hybrid": 4.504629932845813
    }
  },
  "wilcoxon_vs_gcn": {
    "gat": {
      "statistic": 37.0,
      "p_value": 1.0192735544478637e-11,
      "direction": "better"
    },
    "mpnn": {
      "statistic": 0.0,
      "p_value": 1.7763568394002505e-15,
      "direction": "worse"
    },
    "routenet": {
      "statistic": 0.0,
      "p_value": 1.7763568394002505e-15,
      "direction": "better"
    },
    "custom": {
      "statistic": 0.0,
      "p_value": 1.7763568394002505e-15,
      "direction": "worse"
    },
    "tgnn": {
      "statistic": 0.0,
      "p_value": 1.7763568394002505e-15,
      "direction": "worse"
    }
  },
  "per_condition_full": {
    "gcn": {
      "per_condition": {
        "low": {
          "mae_ms": 0.0404394157230854,
          "rmse_ms": 0.06507784873247147,
          "r2": 0.9993404150009155
        },
        "medium": {
          "mae_ms": 0.03954467922449112,
          "rmse_ms": 0.06391313672065735,
          "r2": 0.9993652105331421
        },
        "high": {
          "mae_ms": 0.03955507278442383,
          "rmse_ms": 0.06291070580482483,
          "r2": 0.999390184879303
        },
        "flash": {
          "mae_ms": 0.04901751130819321,
          "rmse_ms": 0.08956412971019745,
          "r2": 0.9988173246383667
        }
      },
      "average": {
        "mae_ms": 0.04213916976004839,
        "rmse_ms": 0.07036645524203777,
        "r2": 0.9992282837629318
      }
    },
    "gat": {
      "per_condition": {
        "low": {
          "mae_ms": 0.030291803181171417,
          "rmse_ms": 0.05759305879473686,
          "r2": 0.9994834065437317
        },
        "medium": {
          "mae_ms": 0.027191344648599625,
          "rmse_ms": 0.0546749047935009,
          "r2": 0.9995354413986206
        },
        "high": {
          "mae_ms": 0.029790684580802917,
          "rmse_ms": 0.056503329426050186,
          "r2": 0.9995080828666687
        },
        "flash": {
          "mae_ms": 0.04376208037137985,
          "rmse_ms": 0.08885262906551361,
          "r2": 0.9988360404968262
        }
      },
      "average": {
        "mae_ms": 0.03275897819548845,
        "rmse_ms": 0.06440598051995039,
        "r2": 0.9993407428264618
      }
    },
    "mpnn": {
      "per_condition": {
        "low": {
          "mae_ms": 0.1677902340888977,
          "rmse_ms": 0.3412324786186218,
          "r2": 0.9818663597106934
        },
        "medium": {
          "mae_ms": 0.1647883504629135,
          "rmse_ms": 0.3379807770252228,
          "r2": 0.9822480082511902
        },
        "high": {
          "mae_ms": 0.1658991575241089,
          "rmse_ms": 0.33463254570961,
          "r2": 0.9827461242675781
        },
        "flash": {
          "mae_ms": 0.16103044152259827,
          "rmse_ms": 0.3155888319015503,
          "r2": 0.9853163957595825
        }
      },
      "average": {
        "mae_ms": 0.1648770458996296,
        "rmse_ms": 0.3323586583137512,
        "r2": 0.983044221997261
      }
    },
    "routenet": {
      "per_condition": {
        "low": {
          "mae_ms": 0.014689483679831028,
          "rmse_ms": 0.01981215737760067,
          "r2": 0.9999388456344604
        },
        "medium": {
          "mae_ms": 0.014098082669079304,
          "rmse_ms": 0.018979370594024658,
          "r2": 0.9999440312385559
        },
        "high": {
          "mae_ms": 0.013701018877327442,
          "rmse_ms": 0.018874485045671463,
          "r2": 0.9999451041221619
        },
        "flash": {
          "mae_ms": 0.021358704194426537,
          "rmse_ms": 0.036718886345624924,
          "r2": 0.9998012185096741
        }
      },
      "average": {
        "mae_ms": 0.015961822355166078,
        "rmse_ms": 0.02359622484073043,
        "r2": 0.9999072998762131
      }
    },
    "custom": {
      "per_condition": {
        "low": {
          "mae_ms": 0.06210323050618172,
          "rmse_ms": 0.10286682844161987,
          "r2": 0.9983521103858948
        },
        "medium": {
          "mae_ms": 0.06149442493915558,
          "rmse_ms": 0.1018279492855072,
          "r2": 0.9983886480331421
        },
        "high": {
          "mae_ms": 0.061753131449222565,
          "rmse_ms": 0.10109388828277588,
          "r2": 0.998425304889679
        },
        "flash": {
          "mae_ms": 0.07676833868026733,
          "rmse_ms": 0.12328805029392242,
          "r2": 0.9977590441703796
        }
      },
      "average": {
        "mae_ms": 0.0655297813937068,
        "rmse_ms": 0.10726917907595634,
        "r2": 0.9982312768697739
      }
    },
    "tgnn": {
      "per_condition": {
        "next_step": {
          "mae_ms": 2.974807024002075,