model,label,mae_ms,rmse_ms,r2,mape_pct,spearman_rho,max_ae_ms,param_count,ckpt_mb,ms_per_graph,mae_topo_random,mae_topo_scale_free,mae_topo_mesh,mae_topo_ring,mae_topo_hybrid,wilcoxon_p,significant_vs_gcn
gcn,GCN,0.04213916976004839,0.07036645524203777,0.9992282837629318,1.3877583742141724,0.9997568645787143,1.0774965286254883,16484,0.070022,5.249425001238706,0.04643350504338741,0.04028824767605825,0.05588403317545142,0.05027909241616726,0.041649671643972395,,
gat,GAT,0.03275897819548845,0.06440598051995039,0.9993407428264618,1.4777138233184814,0.9997400383735814,1.1370372772216797,26692,0.111998,7.095925000612624,0.032859564572572705,0.033131134950301865,0.045952586590179374,0.0400560287758708,0.03382167704403401,1.0192735544478637e-11,True
mpnn,MPNN,0.1648770458996296,0.3323586583137512,0.983044221997261,4.267390727996826,0.9929252505556586,4.831177711486816,308068,1.238668,5.888475003303029,0.19802773967385293,0.15318866751410745,0.22934527375868388,0.28886617720127106,0.20058282166719438,1.7763568394002505e-15,True
routenet,RouteNet,0.015961822355166078,0.02359622484073043,0.9999072998762131,0.5024603605270386,0.9999478269347765,0.701263427734375,66340,0.273008,18.640898000157904,0.016215943079441787,0.01594419345598329,0.01911598290981991,0.021593392826616764,0.01698303371667862,1.7763568394002505e-15,True
custom,EdgeGNN,0.0655297813937068,0.10726917907595634,0.9982312768697739,1.9355614185333252,0.9989804945890833,1.2738590240478516,42021,0.174456,7.587000000057742,0.07124120555818081,0.06738404929637909,0.08789813811225551,0.08830264918506145,0.07232085913419724,1.7763568394002505e-15,True
tgnn,ST-GNN,2.974807024002075,6.584587097167969,0.7272303700447083,63.04497146606445,0.4690336092029135,139.83316040039062,50433,0.2098,14.86767733333217,2.672797732306765,2.7546514419336168,3.0154139651792256,4.135525743998782,4.504629932845813,1.7763568394002505e-15,True
